Tipuri de structuri de primire turistica, Macroregiuni  regiuni de dezvoltare si judete, Ani, UM: Numar, Valoare
Total, TOTAL, Anul 1990, Numar, 3213
Total, TOTAL, Anul 1991, Numar, 3329
Total, TOTAL, Anul 1992, Numar, 3277
Total, TOTAL, Anul 1993, Numar, 2682
Total, TOTAL, Anul 1994, Numar, 2840
Total, TOTAL, Anul 1995, Numar, 2905
Total, TOTAL, Anul 1996, Numar, 2965
Total, TOTAL, Anul 1997, Numar, 3049
Total, TOTAL, Anul 1998, Numar, 3127
Total, TOTAL, Anul 1999, Numar, 3250
Total, TOTAL, Anul 2000, Numar, 3121
Total, TOTAL, Anul 2001, Numar, 3266
Total, TOTAL, Anul 2002, Numar, 3338
Total, TOTAL, Anul 2003, Numar, 3569
Total, TOTAL, Anul 2004, Numar, 3900
Total, TOTAL, Anul 2005, Numar, 4226
Total, TOTAL, Anul 2006, Numar, 4710
Total, TOTAL, Anul 2007, Numar, 4694
Total, TOTAL, Anul 2008, Numar, 4840
Total, TOTAL, Anul 2009, Numar, 5095
Total, TOTAL, Anul 2010, Numar, 5222
Total, TOTAL, Anul 2011, Numar, 5003
Total, TOTAL, Anul 2012, Numar, 5821
Total, TOTAL, Anul 2013, Numar, 6009
Total, TOTAL, Anul 2014, Numar, 6130
Total, TOTAL, Anul 2015, Numar, 6821
Total, TOTAL, Anul 2016, Numar, 6946
Total, TOTAL, Anul 2017, Numar, 7905
Total, TOTAL, Anul 2018, Numar, 8453
Total, TOTAL, Anul 2019, Numar, 8402
Total, TOTAL, Anul 2020, Numar, 8610
Total, TOTAL, Anul 2021, Numar, 11736
Total, TOTAL, Anul 2022, Numar, 12201
Total, TOTAL, Anul 2023, Numar, 12697
Total, TOTAL, Anul 2024, Numar, 13538
Total, TOTAL, Anul 2025, Numar, 14325
Total, MACROREGIUNEA UNU, Anul 1990, Numar, 1039
Total, MACROREGIUNEA UNU, Anul 1991, Numar, 851
Total, MACROREGIUNEA UNU, Anul 1992, Numar, 832
Total, MACROREGIUNEA UNU, Anul 1993, Numar, 811
Total, MACROREGIUNEA UNU, Anul 1994, Numar, 896
Total, MACROREGIUNEA UNU, Anul 1995, Numar, 900
Total, MACROREGIUNEA UNU, Anul 1996, Numar, 934
Total, MACROREGIUNEA UNU, Anul 1997, Numar, 993
Total, MACROREGIUNEA UNU, Anul 1998, Numar, 1061
Total, MACROREGIUNEA UNU, Anul 1999, Numar, 1185
Total, MACROREGIUNEA UNU, Anul 2000, Numar, 1034
Total, MACROREGIUNEA UNU, Anul 2001, Numar, 1066
Total, MACROREGIUNEA UNU, Anul 2002, Numar, 1133
Total, MACROREGIUNEA UNU, Anul 2003, Numar, 1210
Total, MACROREGIUNEA UNU, Anul 2004, Numar, 1341
Total, MACROREGIUNEA UNU, Anul 2005, Numar, 1473
Total, MACROREGIUNEA UNU, Anul 2006, Numar, 1766
Total, MACROREGIUNEA UNU, Anul 2007, Numar, 1763
Total, MACROREGIUNEA UNU, Anul 2008, Numar, 1853
Total, MACROREGIUNEA UNU, Anul 2009, Numar, 1852
Total, MACROREGIUNEA UNU, Anul 2010, Numar, 1846
Total, MACROREGIUNEA UNU, Anul 2011, Numar, 1847
Total, MACROREGIUNEA UNU, Anul 2012, Numar, 2256
Total, MACROREGIUNEA UNU, Anul 2013, Numar, 2351
Total, MACROREGIUNEA UNU, Anul 2014, Numar, 2421
Total, MACROREGIUNEA UNU, Anul 2015, Numar, 2878
Total, MACROREGIUNEA UNU, Anul 2016, Numar, 2925
Total, MACROREGIUNEA UNU, Anul 2017, Numar, 3378
Total, MACROREGIUNEA UNU, Anul 2018, Numar, 3496
Total, MACROREGIUNEA UNU, Anul 2019, Numar, 3373
Total, MACROREGIUNEA UNU, Anul 2020, Numar, 3558
Total, MACROREGIUNEA UNU, Anul 2021, Numar, 4705
Total, MACROREGIUNEA UNU, Anul 2022, Numar, 5006
Total, MACROREGIUNEA UNU, Anul 2023, Numar, 5288
Total, MACROREGIUNEA UNU, Anul 2024, Numar, 5677
Total, MACROREGIUNEA UNU, Anul 2025, Numar, 5960
Total, Regiunea NORD-VEST, Anul 1990, Numar, 277
Total, Regiunea NORD-VEST, Anul 1991, Numar, 203
Total, Regiunea NORD-VEST, Anul 1992, Numar, 207
Total, Regiunea NORD-VEST, Anul 1993, Numar, 216
Total, Regiunea NORD-VEST, Anul 1994, Numar, 233
Total, Regiunea NORD-VEST, Anul 1995, Numar, 250
Total, Regiunea NORD-VEST, Anul 1996, Numar, 252
Total, Regiunea NORD-VEST, Anul 1997, Numar, 265
Total, Regiunea NORD-VEST, Anul 1998, Numar, 339
Total, Regiunea NORD-VEST, Anul 1999, Numar, 390
Total, Regiunea NORD-VEST, Anul 2000, Numar, 292
Total, Regiunea NORD-VEST, Anul 2001, Numar, 322
Total, Regiunea NORD-VEST, Anul 2002, Numar, 342
Total, Regiunea NORD-VEST, Anul 2003, Numar, 368
Total, Regiunea NORD-VEST, Anul 2004, Numar, 427
Total, Regiunea NORD-VEST, Anul 2005, Numar, 480
Total, Regiunea NORD-VEST, Anul 2006, Numar, 543
Total, Regiunea NORD-VEST, Anul 2007, Numar, 554
Total, Regiunea NORD-VEST, Anul 2008, Numar, 585
Total, Regiunea NORD-VEST, Anul 2009, Numar, 645
Total, Regiunea NORD-VEST, Anul 2010, Numar, 658
Total, Regiunea NORD-VEST, Anul 2011, Numar, 650
Total, Regiunea NORD-VEST, Anul 2012, Numar, 730
Total, Regiunea NORD-VEST, Anul 2013, Numar, 709
Total, Regiunea NORD-VEST, Anul 2014, Numar, 676
Total, Regiunea NORD-VEST, Anul 2015, Numar, 771
Total, Regiunea NORD-VEST, Anul 2016, Numar, 831
Total, Regiunea NORD-VEST, Anul 2017, Numar, 1019
Total, Regiunea NORD-VEST, Anul 2018, Numar, 1127
Total, Regiunea NORD-VEST, Anul 2019, Numar, 1124
Total, Regiunea NORD-VEST, Anul 2020, Numar, 1225
Total, Regiunea NORD-VEST, Anul 2021, Numar, 1732
Total, Regiunea NORD-VEST, Anul 2022, Numar, 1952
Total, Regiunea NORD-VEST, Anul 2023, Numar, 2119
Total, Regiunea NORD-VEST, Anul 2024, Numar, 2307
Total, Regiunea NORD-VEST, Anul 2025, Numar, 2416
Total, Bihor, Anul 1990, Numar, 72
Total, Bihor, Anul 1991, Numar, 56
Total, Bihor, Anul 1992, Numar, 53
Total, Bihor, Anul 1993, Numar, 53
Total, Bihor, Anul 1994, Numar, 54
Total, Bihor, Anul 1995, Numar, 59
Total, Bihor, Anul 1996, Numar, 59
Total, Bihor, Anul 1997, Numar, 59
Total, Bihor, Anul 1998, Numar, 59
Total, Bihor, Anul 1999, Numar, 60
Total, Bihor, Anul 2000, Numar, 60
Total, Bihor, Anul 2001, Numar, 59
Total, Bihor, Anul 2002, Numar, 62
Total, Bihor, Anul 2003, Numar, 71
Total, Bihor, Anul 2004, Numar, 85
Total, Bihor, Anul 2005, Numar, 85
Total, Bihor, Anul 2006, Numar, 86
Total, Bihor, Anul 2007, Numar, 85
Total, Bihor, Anul 2008, Numar, 83
Total, Bihor, Anul 2009, Numar, 100
Total, Bihor, Anul 2010, Numar, 110
Total, Bihor, Anul 2011, Numar, 128
Total, Bihor, Anul 2012, Numar, 145
Total, Bihor, Anul 2013, Numar, 139
Total, Bihor, Anul 2014, Numar, 149
Total, Bihor, Anul 2015, Numar, 179
Total, Bihor, Anul 2016, Numar, 199
Total, Bihor, Anul 2017, Numar, 216
Total, Bihor, Anul 2018, Numar, 267
Total, Bihor, Anul 2019, Numar, 256
Total, Bihor, Anul 2020, Numar, 283
Total, Bihor, Anul 2021, Numar, 336
Total, Bihor, Anul 2022, Numar, 472
Total, Bihor, Anul 2023, Numar, 495
Total, Bihor, Anul 2024, Numar, 542
Total, Bihor, Anul 2025, Numar, 569
Total, Bistrita-Nasaud, Anul 1990, Numar, 27
Total, Bistrita-Nasaud, Anul 1991, Numar, 20
Total, Bistrita-Nasaud, Anul 1992, Numar, 22
Total, Bistrita-Nasaud, Anul 1993, Numar, 25
Total, Bistrita-Nasaud, Anul 1994, Numar, 25
Total, Bistrita-Nasaud, Anul 1995, Numar, 28
Total, Bistrita-Nasaud, Anul 1996, Numar, 24
Total, Bistrita-Nasaud, Anul 1997, Numar, 24
Total, Bistrita-Nasaud, Anul 1998, Numar, 25
Total, Bistrita-Nasaud, Anul 1999, Numar, 24
Total, Bistrita-Nasaud, Anul 2000, Numar, 23
Total, Bistrita-Nasaud, Anul 2001, Numar, 21
Total, Bistrita-Nasaud, Anul 2002, Numar, 22
Total, Bistrita-Nasaud, Anul 2003, Numar, 22
Total, Bistrita-Nasaud, Anul 2004, Numar, 24
Total, Bistrita-Nasaud, Anul 2005, Numar, 24
Total, Bistrita-Nasaud, Anul 2006, Numar, 25
Total, Bistrita-Nasaud, Anul 2007, Numar, 25
Total, Bistrita-Nasaud, Anul 2008, Numar, 25
Total, Bistrita-Nasaud, Anul 2009, Numar, 25
Total, Bistrita-Nasaud, Anul 2010, Numar, 27
Total, Bistrita-Nasaud, Anul 2011, Numar, 38
Total, Bistrita-Nasaud, Anul 2012, Numar, 49
Total, Bistrita-Nasaud, Anul 2013, Numar, 49
Total, Bistrita-Nasaud, Anul 2014, Numar, 45
Total, Bistrita-Nasaud, Anul 2015, Numar, 44
Total, Bistrita-Nasaud, Anul 2016, Numar, 43
Total, Bistrita-Nasaud, Anul 2017, Numar, 87
Total, Bistrita-Nasaud, Anul 2018, Numar, 94
Total, Bistrita-Nasaud, Anul 2019, Numar, 95
Total, Bistrita-Nasaud, Anul 2020, Numar, 110
Total, Bistrita-Nasaud, Anul 2021, Numar, 143
Total, Bistrita-Nasaud, Anul 2022, Numar, 184
Total, Bistrita-Nasaud, Anul 2023, Numar, 191
Total, Bistrita-Nasaud, Anul 2024, Numar, 199
Total, Bistrita-Nasaud, Anul 2025, Numar, 213
Total, Cluj, Anul 1990, Numar, 77
Total, Cluj, Anul 1991, Numar, 42
Total, Cluj, Anul 1992, Numar, 49
Total, Cluj, Anul 1993, Numar, 59
Total, Cluj, Anul 1994, Numar, 62
Total, Cluj, Anul 1995, Numar, 66
Total, Cluj, Anul 1996, Numar, 69
Total, Cluj, Anul 1997, Numar, 69
Total, Cluj, Anul 1998, Numar, 118
Total, Cluj, Anul 1999, Numar, 123
Total, Cluj, Anul 2000, Numar, 87
Total, Cluj, Anul 2001, Numar, 103
Total, Cluj, Anul 2002, Numar, 106
Total, Cluj, Anul 2003, Numar, 111
Total, Cluj, Anul 2004, Numar, 143
Total, Cluj, Anul 2005, Numar, 181
Total, Cluj, Anul 2006, Numar, 205
Total, Cluj, Anul 2007, Numar, 211
Total, Cluj, Anul 2008, Numar, 206
Total, Cluj, Anul 2009, Numar, 224
Total, Cluj, Anul 2010, Numar, 222
Total, Cluj, Anul 2011, Numar, 195
Total, Cluj, Anul 2012, Numar, 234
Total, Cluj, Anul 2013, Numar, 206
Total, Cluj, Anul 2014, Numar, 184
Total, Cluj, Anul 2015, Numar, 186
Total, Cluj, Anul 2016, Numar, 192
Total, Cluj, Anul 2017, Numar, 283
Total, Cluj, Anul 2018, Numar, 316
Total, Cluj, Anul 2019, Numar, 334
Total, Cluj, Anul 2020, Numar, 344
Total, Cluj, Anul 2021, Numar, 507
Total, Cluj, Anul 2022, Numar, 547
Total, Cluj, Anul 2023, Numar, 596
Total, Cluj, Anul 2024, Numar, 655
Total, Cluj, Anul 2025, Numar, 701
Total, Maramures, Anul 1990, Numar, 36
Total, Maramures, Anul 1991, Numar, 35
Total, Maramures, Anul 1992, Numar, 35
Total, Maramures, Anul 1993, Numar, 31
Total, Maramures, Anul 1994, Numar, 44
Total, Maramures, Anul 1995, Numar, 39
Total, Maramures, Anul 1996, Numar, 42
Total, Maramures, Anul 1997, Numar, 55
Total, Maramures, Anul 1998, Numar, 76
Total, Maramures, Anul 1999, Numar, 114
Total, Maramures, Anul 2000, Numar, 66
Total, Maramures, Anul 2001, Numar, 79
Total, Maramures, Anul 2002, Numar, 94
Total, Maramures, Anul 2003, Numar, 103
Total, Maramures, Anul 2004, Numar, 98
Total, Maramures, Anul 2005, Numar, 112
Total, Maramures, Anul 2006, Numar, 146
Total, Maramures, Anul 2007, Numar, 153
Total, Maramures, Anul 2008, Numar, 183
Total, Maramures, Anul 2009, Numar, 186
Total, Maramures, Anul 2010, Numar, 191
Total, Maramures, Anul 2011, Numar, 172
Total, Maramures, Anul 2012, Numar, 171
Total, Maramures, Anul 2013, Numar, 180
Total, Maramures, Anul 2014, Numar, 168
Total, Maramures, Anul 2015, Numar, 197
Total, Maramures, Anul 2016, Numar, 225
Total, Maramures, Anul 2017, Numar, 277
Total, Maramures, Anul 2018, Numar, 264
Total, Maramures, Anul 2019, Numar, 262
Total, Maramures, Anul 2020, Numar, 298
Total, Maramures, Anul 2021, Numar, 508
Total, Maramures, Anul 2022, Numar, 537
Total, Maramures, Anul 2023, Numar, 618
Total, Maramures, Anul 2024, Numar, 702
Total, Maramures, Anul 2025, Numar, 718
Total, Satu Mare, Anul 1990, Numar, 42
Total, Satu Mare, Anul 1991, Numar, 28
Total, Satu Mare, Anul 1992, Numar, 28
Total, Satu Mare, Anul 1993, Numar, 29
Total, Satu Mare, Anul 1994, Numar, 28
Total, Satu Mare, Anul 1995, Numar, 38
Total, Satu Mare, Anul 1996, Numar, 38
Total, Satu Mare, Anul 1997, Numar, 38
Total, Satu Mare, Anul 1998, Numar, 43
Total, Satu Mare, Anul 1999, Numar, 44
Total, Satu Mare, Anul 2000, Numar, 39
Total, Satu Mare, Anul 2001, Numar, 40
Total, Satu Mare, Anul 2002, Numar, 41
Total, Satu Mare, Anul 2003, Numar, 42
Total, Satu Mare, Anul 2004, Numar, 57
Total, Satu Mare, Anul 2005, Numar, 61
Total, Satu Mare, Anul 2006, Numar, 64
Total, Satu Mare, Anul 2007, Numar, 64
Total, Satu Mare, Anul 2008, Numar, 64
Total, Satu Mare, Anul 2009, Numar, 69
Total, Satu Mare, Anul 2010, Numar, 64
Total, Satu Mare, Anul 2011, Numar, 69
Total, Satu Mare, Anul 2012, Numar, 74
Total, Satu Mare, Anul 2013, Numar, 77
Total, Satu Mare, Anul 2014, Numar, 75
Total, Satu Mare, Anul 2015, Numar, 62
Total, Satu Mare, Anul 2016, Numar, 61
Total, Satu Mare, Anul 2017, Numar, 36
Total, Satu Mare, Anul 2018, Numar, 68
Total, Satu Mare, Anul 2019, Numar, 62
Total, Satu Mare, Anul 2020, Numar, 77
Total, Satu Mare, Anul 2021, Numar, 106
Total, Satu Mare, Anul 2022, Numar, 77
Total, Satu Mare, Anul 2023, Numar, 73
Total, Satu Mare, Anul 2024, Numar, 60
Total, Satu Mare, Anul 2025, Numar, 60
Total, Salaj, Anul 1990, Numar, 23
Total, Salaj, Anul 1991, Numar, 22
Total, Salaj, Anul 1992, Numar, 20
Total, Salaj, Anul 1993, Numar, 19
Total, Salaj, Anul 1994, Numar, 20
Total, Salaj, Anul 1995, Numar, 20
Total, Salaj, Anul 1996, Numar, 20
Total, Salaj, Anul 1997, Numar, 20
Total, Salaj, Anul 1998, Numar, 18
Total, Salaj, Anul 1999, Numar, 25
Total, Salaj, Anul 2000, Numar, 17
Total, Salaj, Anul 2001, Numar, 20
Total, Salaj, Anul 2002, Numar, 17
Total, Salaj, Anul 2003, Numar, 19
Total, Salaj, Anul 2004, Numar, 20
Total, Salaj, Anul 2005, Numar, 17
Total, Salaj, Anul 2006, Numar, 17
Total, Salaj, Anul 2007, Numar, 16
Total, Salaj, Anul 2008, Numar, 24
Total, Salaj, Anul 2009, Numar, 41
Total, Salaj, Anul 2010, Numar, 44
Total, Salaj, Anul 2011, Numar, 48
Total, Salaj, Anul 2012, Numar, 57
Total, Salaj, Anul 2013, Numar, 58
Total, Salaj, Anul 2014, Numar, 55
Total, Salaj, Anul 2015, Numar, 103
Total, Salaj, Anul 2016, Numar, 111
Total, Salaj, Anul 2017, Numar, 120
Total, Salaj, Anul 2018, Numar, 118
Total, Salaj, Anul 2019, Numar, 115
Total, Salaj, Anul 2020, Numar, 113
Total, Salaj, Anul 2021, Numar, 132
Total, Salaj, Anul 2022, Numar, 135
Total, Salaj, Anul 2023, Numar, 146
Total, Salaj, Anul 2024, Numar, 149
Total, Salaj, Anul 2025, Numar, 155
Total, Regiunea CENTRU, Anul 1990, Numar, 762
Total, Regiunea CENTRU, Anul 1991, Numar, 648
Total, Regiunea CENTRU, Anul 1992, Numar, 625
Total, Regiunea CENTRU, Anul 1993, Numar, 595
Total, Regiunea CENTRU, Anul 1994, Numar, 663
Total, Regiunea CENTRU, Anul 1995, Numar, 650
Total, Regiunea CENTRU, Anul 1996, Numar, 682
Total, Regiunea CENTRU, Anul 1997, Numar, 728
Total, Regiunea CENTRU, Anul 1998, Numar, 722
Total, Regiunea CENTRU, Anul 1999, Numar, 795
Total, Regiunea CENTRU, Anul 2000, Numar, 742
Total, Regiunea CENTRU, Anul 2001, Numar, 744
Total, Regiunea CENTRU, Anul 2002, Numar, 791
Total, Regiunea CENTRU, Anul 2003, Numar, 842
Total, Regiunea CENTRU, Anul 2004, Numar, 914
Total, Regiunea CENTRU, Anul 2005, Numar, 993
Total, Regiunea CENTRU, Anul 2006, Numar, 1223
Total, Regiunea CENTRU, Anul 2007, Numar, 1209
Total, Regiunea CENTRU, Anul 2008, Numar, 1268
Total, Regiunea CENTRU, Anul 2009, Numar, 1207
Total, Regiunea CENTRU, Anul 2010, Numar, 1188
Total, Regiunea CENTRU, Anul 2011, Numar, 1197
Total, Regiunea CENTRU, Anul 2012, Numar, 1526
Total, Regiunea CENTRU, Anul 2013, Numar, 1642
Total, Regiunea CENTRU, Anul 2014, Numar, 1745
Total, Regiunea CENTRU, Anul 2015, Numar, 2107
Total, Regiunea CENTRU, Anul 2016, Numar, 2094
Total, Regiunea CENTRU, Anul 2017, Numar, 2359
Total, Regiunea CENTRU, Anul 2018, Numar, 2369
Total, Regiunea CENTRU, Anul 2019, Numar, 2249
Total, Regiunea CENTRU, Anul 2020, Numar, 2333
Total, Regiunea CENTRU, Anul 2021, Numar, 2973
Total, Regiunea CENTRU, Anul 2022, Numar, 3054
Total, Regiunea CENTRU, Anul 2023, Numar, 3169
Total, Regiunea CENTRU, Anul 2024, Numar, 3370
Total, Regiunea CENTRU, Anul 2025, Numar, 3544
Total, Alba, Anul 1990, Numar, 38
Total, Alba, Anul 1991, Numar, 31
Total, Alba, Anul 1992, Numar, 31
Total, Alba, Anul 1993, Numar, 27
Total, Alba, Anul 1994, Numar, 27
Total, Alba, Anul 1995, Numar, 29
Total, Alba, Anul 1996, Numar, 26
Total, Alba, Anul 1997, Numar, 26
Total, Alba, Anul 1998, Numar, 33
Total, Alba, Anul 1999, Numar, 37
Total, Alba, Anul 2000, Numar, 30
Total, Alba, Anul 2001, Numar, 30
Total, Alba, Anul 2002, Numar, 31
Total, Alba, Anul 2003, Numar, 28
Total, Alba, Anul 2004, Numar, 29
Total, Alba, Anul 2005, Numar, 27
Total, Alba, Anul 2006, Numar, 41
Total, Alba, Anul 2007, Numar, 46
Total, Alba, Anul 2008, Numar, 50
Total, Alba, Anul 2009, Numar, 62
Total, Alba, Anul 2010, Numar, 67
Total, Alba, Anul 2011, Numar, 100
Total, Alba, Anul 2012, Numar, 113
Total, Alba, Anul 2013, Numar, 121
Total, Alba, Anul 2014, Numar, 140
Total, Alba, Anul 2015, Numar, 159
Total, Alba, Anul 2016, Numar, 159
Total, Alba, Anul 2017, Numar, 191
Total, Alba, Anul 2018, Numar, 204
Total, Alba, Anul 2019, Numar, 196
Total, Alba, Anul 2020, Numar, 227
Total, Alba, Anul 2021, Numar, 305
Total, Alba, Anul 2022, Numar, 333
Total, Alba, Anul 2023, Numar, 357
Total, Alba, Anul 2024, Numar, 399
Total, Alba, Anul 2025, Numar, 409
Total, Brasov, Anul 1990, Numar, 240
Total, Brasov, Anul 1991, Numar, 223
Total, Brasov, Anul 1992, Numar, 172
Total, Brasov, Anul 1993, Numar, 169
Total, Brasov, Anul 1994, Numar, 253
Total, Brasov, Anul 1995, Numar, 250
Total, Brasov, Anul 1996, Numar, 287
Total, Brasov, Anul 1997, Numar, 264
Total, Brasov, Anul 1998, Numar, 222
Total, Brasov, Anul 1999, Numar, 242
Total, Brasov, Anul 2000, Numar, 308
Total, Brasov, Anul 2001, Numar, 323
Total, Brasov, Anul 2002, Numar, 338
Total, Brasov, Anul 2003, Numar, 370
Total, Brasov, Anul 2004, Numar, 431
Total, Brasov, Anul 2005, Numar, 403
Total, Brasov, Anul 2006, Numar, 489
Total, Brasov, Anul 2007, Numar, 471
Total, Brasov, Anul 2008, Numar, 493
Total, Brasov, Anul 2009, Numar, 482
Total, Brasov, Anul 2010, Numar, 474
Total, Brasov, Anul 2011, Numar, 526
Total, Brasov, Anul 2012, Numar, 646
Total, Brasov, Anul 2013, Numar, 750
Total, Brasov, Anul 2014, Numar, 787
Total, Brasov, Anul 2015, Numar, 886
Total, Brasov, Anul 2016, Numar, 881
Total, Brasov, Anul 2017, Numar, 955
Total, Brasov, Anul 2018, Numar, 961
Total, Brasov, Anul 2019, Numar, 930
Total, Brasov, Anul 2020, Numar, 902
Total, Brasov, Anul 2021, Numar, 1207
Total, Brasov, Anul 2022, Numar, 1229
Total, Brasov, Anul 2023, Numar, 1253
Total, Brasov, Anul 2024, Numar, 1332
Total, Brasov, Anul 2025, Numar, 1395
Total, Covasna, Anul 1990, Numar, 55
Total, Covasna, Anul 1991, Numar, 50
Total, Covasna, Anul 1992, Numar, 50
Total, Covasna, Anul 1993, Numar, 39
Total, Covasna, Anul 1994, Numar, 44
Total, Covasna, Anul 1995, Numar, 30
Total, Covasna, Anul 1996, Numar, 30
Total, Covasna, Anul 1997, Numar, 33
Total, Covasna, Anul 1998, Numar, 34
Total, Covasna, Anul 1999, Numar, 34
Total, Covasna, Anul 2000, Numar, 36
Total, Covasna, Anul 2001, Numar, 37
Total, Covasna, Anul 2002, Numar, 60
Total, Covasna, Anul 2003, Numar, 64
Total, Covasna, Anul 2004, Numar, 64
Total, Covasna, Anul 2005, Numar, 47
Total, Covasna, Anul 2006, Numar, 52
Total, Covasna, Anul 2007, Numar, 38
Total, Covasna, Anul 2008, Numar, 37
Total, Covasna, Anul 2009, Numar, 68
Total, Covasna, Anul 2010, Numar, 76
Total, Covasna, Anul 2011, Numar, 91
Total, Covasna, Anul 2012, Numar, 100
Total, Covasna, Anul 2013, Numar, 102
Total, Covasna, Anul 2014, Numar, 105
Total, Covasna, Anul 2015, Numar, 108
Total, Covasna, Anul 2016, Numar, 97
Total, Covasna, Anul 2017, Numar, 104
Total, Covasna, Anul 2018, Numar, 105
Total, Covasna, Anul 2019, Numar, 93
Total, Covasna, Anul 2020, Numar, 115
Total, Covasna, Anul 2021, Numar, 145
Total, Covasna, Anul 2022, Numar, 149
Total, Covasna, Anul 2023, Numar, 162
Total, Covasna, Anul 2024, Numar, 176
Total, Covasna, Anul 2025, Numar, 171
Total, Harghita, Anul 1990, Numar, 238
Total, Harghita, Anul 1991, Numar, 200
Total, Harghita, Anul 1992, Numar, 203
Total, Harghita, Anul 1993, Numar, 194
Total, Harghita, Anul 1994, Numar, 178
Total, Harghita, Anul 1995, Numar, 175
Total, Harghita, Anul 1996, Numar, 168
Total, Harghita, Anul 1997, Numar, 204
Total, Harghita, Anul 1998, Numar, 221
Total, Harghita, Anul 1999, Numar, 266
Total, Harghita, Anul 2000, Numar, 171
Total, Harghita, Anul 2001, Numar, 146
Total, Harghita, Anul 2002, Numar, 159
Total, Harghita, Anul 2003, Numar, 169
Total, Harghita, Anul 2004, Numar, 180
Total, Harghita, Anul 2005, Numar, 301
Total, Harghita, Anul 2006, Numar, 402
Total, Harghita, Anul 2007, Numar, 397
Total, Harghita, Anul 2008, Numar, 415
Total, Harghita, Anul 2009, Numar, 316
Total, Harghita, Anul 2010, Numar, 281
Total, Harghita, Anul 2011, Numar, 229
Total, Harghita, Anul 2012, Numar, 344
Total, Harghita, Anul 2013, Numar, 322
Total, Harghita, Anul 2014, Numar, 321
Total, Harghita, Anul 2015, Numar, 357
Total, Harghita, Anul 2016, Numar, 371
Total, Harghita, Anul 2017, Numar, 409
Total, Harghita, Anul 2018, Numar, 434
Total, Harghita, Anul 2019, Numar, 420
Total, Harghita, Anul 2020, Numar, 408
Total, Harghita, Anul 2021, Numar, 458
Total, Harghita, Anul 2022, Numar, 494
Total, Harghita, Anul 2023, Numar, 545
Total, Harghita, Anul 2024, Numar, 524
Total, Harghita, Anul 2025, Numar, 568
Total, Mures, Anul 1990, Numar, 110
Total, Mures, Anul 1991, Numar, 98
Total, Mures, Anul 1992, Numar, 103
Total, Mures, Anul 1993, Numar, 104
Total, Mures, Anul 1994, Numar, 96
Total, Mures, Anul 1995, Numar, 94
Total, Mures, Anul 1996, Numar, 98
Total, Mures, Anul 1997, Numar, 103
Total, Mures, Anul 1998, Numar, 103
Total, Mures, Anul 1999, Numar, 105
Total, Mures, Anul 2000, Numar, 82
Total, Mures, Anul 2001, Numar, 89
Total, Mures, Anul 2002, Numar, 91
Total, Mures, Anul 2003, Numar, 94
Total, Mures, Anul 2004, Numar, 96
Total, Mures, Anul 2005, Numar, 104
Total, Mures, Anul 2006, Numar, 119
Total, Mures, Anul 2007, Numar, 120
Total, Mures, Anul 2008, Numar, 121
Total, Mures, Anul 2009, Numar, 107
Total, Mures, Anul 2010, Numar, 123
Total, Mures, Anul 2011, Numar, 142
Total, Mures, Anul 2012, Numar, 214
Total, Mures, Anul 2013, Numar, 235
Total, Mures, Anul 2014, Numar, 273
Total, Mures, Anul 2015, Numar, 282
Total, Mures, Anul 2016, Numar, 291
Total, Mures, Anul 2017, Numar, 362
Total, Mures, Anul 2018, Numar, 362
Total, Mures, Anul 2019, Numar, 337
Total, Mures, Anul 2020, Numar, 363
Total, Mures, Anul 2021, Numar, 430
Total, Mures, Anul 2022, Numar, 428
Total, Mures, Anul 2023, Numar, 434
Total, Mures, Anul 2024, Numar, 455
Total, Mures, Anul 2025, Numar, 482
Total, Sibiu, Anul 1990, Numar, 81
Total, Sibiu, Anul 1991, Numar, 46
Total, Sibiu, Anul 1992, Numar, 66
Total, Sibiu, Anul 1993, Numar, 62
Total, Sibiu, Anul 1994, Numar, 65
Total, Sibiu, Anul 1995, Numar, 72
Total, Sibiu, Anul 1996, Numar, 73
Total, Sibiu, Anul 1997, Numar, 98
Total, Sibiu, Anul 1998, Numar, 109
Total, Sibiu, Anul 1999, Numar, 111
Total, Sibiu, Anul 2000, Numar, 115
Total, Sibiu, Anul 2001, Numar, 119
Total, Sibiu, Anul 2002, Numar, 112
Total, Sibiu, Anul 2003, Numar, 117
Total, Sibiu, Anul 2004, Numar, 114
Total, Sibiu, Anul 2005, Numar, 111
Total, Sibiu, Anul 2006, Numar, 120
Total, Sibiu, Anul 2007, Numar, 137
Total, Sibiu, Anul 2008, Numar, 152
Total, Sibiu, Anul 2009, Numar, 172
Total, Sibiu, Anul 2010, Numar, 167
Total, Sibiu, Anul 2011, Numar, 109
Total, Sibiu, Anul 2012, Numar, 109
Total, Sibiu, Anul 2013, Numar, 112
Total, Sibiu, Anul 2014, Numar, 119
Total, Sibiu, Anul 2015, Numar, 315
Total, Sibiu, Anul 2016, Numar, 295
Total, Sibiu, Anul 2017, Numar, 338
Total, Sibiu, Anul 2018, Numar, 303
Total, Sibiu, Anul 2019, Numar, 273
Total, Sibiu, Anul 2020, Numar, 318
Total, Sibiu, Anul 2021, Numar, 428
Total, Sibiu, Anul 2022, Numar, 421
Total, Sibiu, Anul 2023, Numar, 418
Total, Sibiu, Anul 2024, Numar, 484
Total, Sibiu, Anul 2025, Numar, 519
Total, MACROREGIUNEA DOI, Anul 1990, Numar, 1173
Total, MACROREGIUNEA DOI, Anul 1991, Numar, 1651
Total, MACROREGIUNEA DOI, Anul 1992, Numar, 1621
Total, MACROREGIUNEA DOI, Anul 1993, Numar, 1085
Total, MACROREGIUNEA DOI, Anul 1994, Numar, 1107
Total, MACROREGIUNEA DOI, Anul 1995, Numar, 1129
Total, MACROREGIUNEA DOI, Anul 1996, Numar, 1166
Total, MACROREGIUNEA DOI, Anul 1997, Numar, 1177
Total, MACROREGIUNEA DOI, Anul 1998, Numar, 1192
Total, MACROREGIUNEA DOI, Anul 1999, Numar, 1247
Total, MACROREGIUNEA DOI, Anul 2000, Numar, 1278
Total, MACROREGIUNEA DOI, Anul 2001, Numar, 1309
Total, MACROREGIUNEA DOI, Anul 2002, Numar, 1309
Total, MACROREGIUNEA DOI, Anul 2003, Numar, 1391
Total, MACROREGIUNEA DOI, Anul 2004, Numar, 1494
Total, MACROREGIUNEA DOI, Anul 2005, Numar, 1630
Total, MACROREGIUNEA DOI, Anul 2006, Numar, 1713
Total, MACROREGIUNEA DOI, Anul 2007, Numar, 1706
Total, MACROREGIUNEA DOI, Anul 2008, Numar, 1721
Total, MACROREGIUNEA DOI, Anul 2009, Numar, 1859
Total, MACROREGIUNEA DOI, Anul 2010, Numar, 1939
Total, MACROREGIUNEA DOI, Anul 2011, Numar, 1578
Total, MACROREGIUNEA DOI, Anul 2012, Numar, 1769
Total, MACROREGIUNEA DOI, Anul 2013, Numar, 1815
Total, MACROREGIUNEA DOI, Anul 2014, Numar, 1846
Total, MACROREGIUNEA DOI, Anul 2015, Numar, 1941
Total, MACROREGIUNEA DOI, Anul 2016, Numar, 1987
Total, MACROREGIUNEA DOI, Anul 2017, Numar, 2193
Total, MACROREGIUNEA DOI, Anul 2018, Numar, 2491
Total, MACROREGIUNEA DOI, Anul 2019, Numar, 2533
Total, MACROREGIUNEA DOI, Anul 2020, Numar, 2562
Total, MACROREGIUNEA DOI, Anul 2021, Numar, 3822
Total, MACROREGIUNEA DOI, Anul 2022, Numar, 3896
Total, MACROREGIUNEA DOI, Anul 2023, Numar, 4007
Total, MACROREGIUNEA DOI, Anul 2024, Numar, 4196
Total, MACROREGIUNEA DOI, Anul 2025, Numar, 4441
Total, Regiunea NORD-EST, Anul 1990, Numar, 237
Total, Regiunea NORD-EST, Anul 1991, Numar, 226
Total, Regiunea NORD-EST, Anul 1992, Numar, 207
Total, Regiunea NORD-EST, Anul 1993, Numar, 195
Total, Regiunea NORD-EST, Anul 1994, Numar, 202
Total, Regiunea NORD-EST, Anul 1995, Numar, 195
Total, Regiunea NORD-EST, Anul 1996, Numar, 228
Total, Regiunea NORD-EST, Anul 1997, Numar, 244
Total, Regiunea NORD-EST, Anul 1998, Numar, 254
Total, Regiunea NORD-EST, Anul 1999, Numar, 264
Total, Regiunea NORD-EST, Anul 2000, Numar, 250
Total, Regiunea NORD-EST, Anul 2001, Numar, 262
Total, Regiunea NORD-EST, Anul 2002, Numar, 295
Total, Regiunea NORD-EST, Anul 2003, Numar, 310
Total, Regiunea NORD-EST, Anul 2004, Numar, 342
Total, Regiunea NORD-EST, Anul 2005, Numar, 402
Total, Regiunea NORD-EST, Anul 2006, Numar, 435
Total, Regiunea NORD-EST, Anul 2007, Numar, 459
Total, Regiunea NORD-EST, Anul 2008, Numar, 463
Total, Regiunea NORD-EST, Anul 2009, Numar, 548
Total, Regiunea NORD-EST, Anul 2010, Numar, 554
Total, Regiunea NORD-EST, Anul 2011, Numar, 604
Total, Regiunea NORD-EST, Anul 2012, Numar, 690
Total, Regiunea NORD-EST, Anul 2013, Numar, 725
Total, Regiunea NORD-EST, Anul 2014, Numar, 745
Total, Regiunea NORD-EST, Anul 2015, Numar, 830
Total, Regiunea NORD-EST, Anul 2016, Numar, 858
Total, Regiunea NORD-EST, Anul 2017, Numar, 985
Total, Regiunea NORD-EST, Anul 2018, Numar, 1057
Total, Regiunea NORD-EST, Anul 2019, Numar, 1029
Total, Regiunea NORD-EST, Anul 2020, Numar, 1103
Total, Regiunea NORD-EST, Anul 2021, Numar, 1429
Total, Regiunea NORD-EST, Anul 2022, Numar, 1478
Total, Regiunea NORD-EST, Anul 2023, Numar, 1541
Total, Regiunea NORD-EST, Anul 2024, Numar, 1584
Total, Regiunea NORD-EST, Anul 2025, Numar, 1639
Total, Bacau, Anul 1990, Numar, 64
Total, Bacau, Anul 1991, Numar, 63
Total, Bacau, Anul 1992, Numar, 51
Total, Bacau, Anul 1993, Numar, 44
Total, Bacau, Anul 1994, Numar, 48
Total, Bacau, Anul 1995, Numar, 44
Total, Bacau, Anul 1996, Numar, 45
Total, Bacau, Anul 1997, Numar, 45
Total, Bacau, Anul 1998, Numar, 45
Total, Bacau, Anul 1999, Numar, 45
Total, Bacau, Anul 2000, Numar, 38
Total, Bacau, Anul 2001, Numar, 37
Total, Bacau, Anul 2002, Numar, 39
Total, Bacau, Anul 2003, Numar, 37
Total, Bacau, Anul 2004, Numar, 40
Total, Bacau, Anul 2005, Numar, 41
Total, Bacau, Anul 2006, Numar, 38
Total, Bacau, Anul 2007, Numar, 35
Total, Bacau, Anul 2008, Numar, 34
Total, Bacau, Anul 2009, Numar, 34
Total, Bacau, Anul 2010, Numar, 34
Total, Bacau, Anul 2011, Numar, 47
Total, Bacau, Anul 2012, Numar, 76
Total, Bacau, Anul 2013, Numar, 85
Total, Bacau, Anul 2014, Numar, 84
Total, Bacau, Anul 2015, Numar, 129
Total, Bacau, Anul 2016, Numar, 126
Total, Bacau, Anul 2017, Numar, 147
Total, Bacau, Anul 2018, Numar, 151
Total, Bacau, Anul 2019, Numar, 155
Total, Bacau, Anul 2020, Numar, 157
Total, Bacau, Anul 2021, Numar, 198
Total, Bacau, Anul 2022, Numar, 197
Total, Bacau, Anul 2023, Numar, 208
Total, Bacau, Anul 2024, Numar, 220
Total, Bacau, Anul 2025, Numar, 227
Total, Botosani, Anul 1990, Numar, 13
Total, Botosani, Anul 1991, Numar, 10
Total, Botosani, Anul 1992, Numar, 9
Total, Botosani, Anul 1993, Numar, 9
Total, Botosani, Anul 1994, Numar, 6
Total, Botosani, Anul 1995, Numar, 6
Total, Botosani, Anul 1996, Numar, 6
Total, Botosani, Anul 1997, Numar, 6
Total, Botosani, Anul 1998, Numar, 5
Total, Botosani, Anul 1999, Numar, 6
Total, Botosani, Anul 2000, Numar, 7
Total, Botosani, Anul 2001, Numar, 7
Total, Botosani, Anul 2002, Numar, 7
Total, Botosani, Anul 2003, Numar, 7
Total, Botosani, Anul 2004, Numar, 10
Total, Botosani, Anul 2005, Numar, 11
Total, Botosani, Anul 2006, Numar, 11
Total, Botosani, Anul 2007, Numar, 11
Total, Botosani, Anul 2008, Numar, 12
Total, Botosani, Anul 2009, Numar, 12
Total, Botosani, Anul 2010, Numar, 15
Total, Botosani, Anul 2011, Numar, 17
Total, Botosani, Anul 2012, Numar, 18
Total, Botosani, Anul 2013, Numar, 18
Total, Botosani, Anul 2014, Numar, 16
Total, Botosani, Anul 2015, Numar, 15
Total, Botosani, Anul 2016, Numar, 15
Total, Botosani, Anul 2017, Numar, 19
Total, Botosani, Anul 2018, Numar, 19
Total, Botosani, Anul 2019, Numar, 19
Total, Botosani, Anul 2020, Numar, 20
Total, Botosani, Anul 2021, Numar, 20
Total, Botosani, Anul 2022, Numar, 20
Total, Botosani, Anul 2023, Numar, 21
Total, Botosani, Anul 2024, Numar, 23
Total, Botosani, Anul 2025, Numar, 24
Total, Iasi, Anul 1990, Numar, 34
Total, Iasi, Anul 1991, Numar, 33
Total, Iasi, Anul 1992, Numar, 33
Total, Iasi, Anul 1993, Numar, 36
Total, Iasi, Anul 1994, Numar, 38
Total, Iasi, Anul 1995, Numar, 45
Total, Iasi, Anul 1996, Numar, 46
Total, Iasi, Anul 1997, Numar, 45
Total, Iasi, Anul 1998, Numar, 48
Total, Iasi, Anul 1999, Numar, 49
Total, Iasi, Anul 2000, Numar, 49
Total, Iasi, Anul 2001, Numar, 51
Total, Iasi, Anul 2002, Numar, 58
Total, Iasi, Anul 2003, Numar, 60
Total, Iasi, Anul 2004, Numar, 63
Total, Iasi, Anul 2005, Numar, 68
Total, Iasi, Anul 2006, Numar, 54
Total, Iasi, Anul 2007, Numar, 54
Total, Iasi, Anul 2008, Numar, 53
Total, Iasi, Anul 2009, Numar, 74
Total, Iasi, Anul 2010, Numar, 66
Total, Iasi, Anul 2011, Numar, 67
Total, Iasi, Anul 2012, Numar, 78
Total, Iasi, Anul 2013, Numar, 72
Total, Iasi, Anul 2014, Numar, 81
Total, Iasi, Anul 2015, Numar, 99
Total, Iasi, Anul 2016, Numar, 96
Total, Iasi, Anul 2017, Numar, 85
Total, Iasi, Anul 2018, Numar, 82
Total, Iasi, Anul 2019, Numar, 84
Total, Iasi, Anul 2020, Numar, 86
Total, Iasi, Anul 2021, Numar, 99
Total, Iasi, Anul 2022, Numar, 90
Total, Iasi, Anul 2023, Numar, 91
Total, Iasi, Anul 2024, Numar, 84
Total, Iasi, Anul 2025, Numar, 91
Total, Neamt, Anul 1990, Numar, 51
Total, Neamt, Anul 1991, Numar, 43
Total, Neamt, Anul 1992, Numar, 39
Total, Neamt, Anul 1993, Numar, 31
Total, Neamt, Anul 1994, Numar, 34
Total, Neamt, Anul 1995, Numar, 35
Total, Neamt, Anul 1996, Numar, 31
Total, Neamt, Anul 1997, Numar, 37
Total, Neamt, Anul 1998, Numar, 43
Total, Neamt, Anul 1999, Numar, 42
Total, Neamt, Anul 2000, Numar, 55
Total, Neamt, Anul 2001, Numar, 63
Total, Neamt, Anul 2002, Numar, 64
Total, Neamt, Anul 2003, Numar, 76
Total, Neamt, Anul 2004, Numar, 78
Total, Neamt, Anul 2005, Numar, 94
Total, Neamt, Anul 2006, Numar, 103
Total, Neamt, Anul 2007, Numar, 112
Total, Neamt, Anul 2008, Numar, 120
Total, Neamt, Anul 2009, Numar, 181
Total, Neamt, Anul 2010, Numar, 179
Total, Neamt, Anul 2011, Numar, 161
Total, Neamt, Anul 2012, Numar, 177
Total, Neamt, Anul 2013, Numar, 213
Total, Neamt, Anul 2014, Numar, 225
Total, Neamt, Anul 2015, Numar, 234
Total, Neamt, Anul 2016, Numar, 235
Total, Neamt, Anul 2017, Numar, 267
Total, Neamt, Anul 2018, Numar, 318
Total, Neamt, Anul 2019, Numar, 277
Total, Neamt, Anul 2020, Numar, 306
Total, Neamt, Anul 2021, Numar, 369
Total, Neamt, Anul 2022, Numar, 375
Total, Neamt, Anul 2023, Numar, 380
Total, Neamt, Anul 2024, Numar, 397
Total, Neamt, Anul 2025, Numar, 405
Total, Suceava, Anul 1990, Numar, 63
Total, Suceava, Anul 1991, Numar, 65
Total, Suceava, Anul 1992, Numar, 64
Total, Suceava, Anul 1993, Numar, 65
Total, Suceava, Anul 1994, Numar, 62
Total, Suceava, Anul 1995, Numar, 53
Total, Suceava, Anul 1996, Numar, 87
Total, Suceava, Anul 1997, Numar, 98
Total, Suceava, Anul 1998, Numar, 101
Total, Suceava, Anul 1999, Numar, 111
Total, Suceava, Anul 2000, Numar, 93
Total, Suceava, Anul 2001, Numar, 96
Total, Suceava, Anul 2002, Numar, 119
Total, Suceava, Anul 2003, Numar, 122
Total, Suceava, Anul 2004, Numar, 143
Total, Suceava, Anul 2005, Numar, 179
Total, Suceava, Anul 2006, Numar, 220
Total, Suceava, Anul 2007, Numar, 236
Total, Suceava, Anul 2008, Numar, 233
Total, Suceava, Anul 2009, Numar, 235
Total, Suceava, Anul 2010, Numar, 245
Total, Suceava, Anul 2011, Numar, 271
Total, Suceava, Anul 2012, Numar, 296
Total, Suceava, Anul 2013, Numar, 295
Total, Suceava, Anul 2014, Numar, 296
Total, Suceava, Anul 2015, Numar, 310
Total, Suceava, Anul 2016, Numar, 343
Total, Suceava, Anul 2017, Numar, 441
Total, Suceava, Anul 2018, Numar, 460
Total, Suceava, Anul 2019, Numar, 469
Total, Suceava, Anul 2020, Numar, 496
Total, Suceava, Anul 2021, Numar, 721
Total, Suceava, Anul 2022, Numar, 767
Total, Suceava, Anul 2023, Numar, 810
Total, Suceava, Anul 2024, Numar, 831
Total, Suceava, Anul 2025, Numar, 866
Total, Vaslui, Anul 1990, Numar, 12
Total, Vaslui, Anul 1991, Numar, 12
Total, Vaslui, Anul 1992, Numar, 11
Total, Vaslui, Anul 1993, Numar, 10
Total, Vaslui, Anul 1994, Numar, 14
Total, Vaslui, Anul 1995, Numar, 12
Total, Vaslui, Anul 1996, Numar, 13
Total, Vaslui, Anul 1997, Numar, 13
Total, Vaslui, Anul 1998, Numar, 12
Total, Vaslui, Anul 1999, Numar, 11
Total, Vaslui, Anul 2000, Numar, 8
Total, Vaslui, Anul 2001, Numar, 8
Total, Vaslui, Anul 2002, Numar, 8
Total, Vaslui, Anul 2003, Numar, 8
Total, Vaslui, Anul 2004, Numar, 8
Total, Vaslui, Anul 2005, Numar, 9
Total, Vaslui, Anul 2006, Numar, 9
Total, Vaslui, Anul 2007, Numar, 11
Total, Vaslui, Anul 2008, Numar, 11
Total, Vaslui, Anul 2009, Numar, 12
Total, Vaslui, Anul 2010, Numar, 15
Total, Vaslui, Anul 2011, Numar, 41
Total, Vaslui, Anul 2012, Numar, 45
Total, Vaslui, Anul 2013, Numar, 42
Total, Vaslui, Anul 2014, Numar, 43
Total, Vaslui, Anul 2015, Numar, 43
Total, Vaslui, Anul 2016, Numar, 43
Total, Vaslui, Anul 2017, Numar, 26
Total, Vaslui, Anul 2018, Numar, 27
Total, Vaslui, Anul 2019, Numar, 25
Total, Vaslui, Anul 2020, Numar, 38
Total, Vaslui, Anul 2021, Numar, 22
Total, Vaslui, Anul 2022, Numar, 29
Total, Vaslui, Anul 2023, Numar, 31
Total, Vaslui, Anul 2024, Numar, 29
Total, Vaslui, Anul 2025, Numar, 26
Total, Regiunea SUD-EST, Anul 1990, Numar, 936
Total, Regiunea SUD-EST, Anul 1991, Numar, 1425
Total, Regiunea SUD-EST, Anul 1992, Numar, 1414
Total, Regiunea SUD-EST, Anul 1993, Numar, 890
Total, Regiunea SUD-EST, Anul 1994, Numar, 905
Total, Regiunea SUD-EST, Anul 1995, Numar, 934
Total, Regiunea SUD-EST, Anul 1996, Numar, 938
Total, Regiunea SUD-EST, Anul 1997, Numar, 933
Total, Regiunea SUD-EST, Anul 1998, Numar, 938
Total, Regiunea SUD-EST, Anul 1999, Numar, 983
Total, Regiunea SUD-EST, Anul 2000, Numar, 1028
Total, Regiunea SUD-EST, Anul 2001, Numar, 1047
Total, Regiunea SUD-EST, Anul 2002, Numar, 1014
Total, Regiunea SUD-EST, Anul 2003, Numar, 1081
Total, Regiunea SUD-EST, Anul 2004, Numar, 1152
Total, Regiunea SUD-EST, Anul 2005, Numar, 1228
Total, Regiunea SUD-EST, Anul 2006, Numar, 1278
Total, Regiunea SUD-EST, Anul 2007, Numar, 1247
Total, Regiunea SUD-EST, Anul 2008, Numar, 1258
Total, Regiunea SUD-EST, Anul 2009, Numar, 1311
Total, Regiunea SUD-EST, Anul 2010, Numar, 1385
Total, Regiunea SUD-EST, Anul 2011, Numar, 974
Total, Regiunea SUD-EST, Anul 2012, Numar, 1079
Total, Regiunea SUD-EST, Anul 2013, Numar, 1090
Total, Regiunea SUD-EST, Anul 2014, Numar, 1101
Total, Regiunea SUD-EST, Anul 2015, Numar, 1111
Total, Regiunea SUD-EST, Anul 2016, Numar, 1129
Total, Regiunea SUD-EST, Anul 2017, Numar, 1208
Total, Regiunea SUD-EST, Anul 2018, Numar, 1434
Total, Regiunea SUD-EST, Anul 2019, Numar, 1504
Total, Regiunea SUD-EST, Anul 2020, Numar, 1459
Total, Regiunea SUD-EST, Anul 2021, Numar, 2393
Total, Regiunea SUD-EST, Anul 2022, Numar, 2418
Total, Regiunea SUD-EST, Anul 2023, Numar, 2466
Total, Regiunea SUD-EST, Anul 2024, Numar, 2612
Total, Regiunea SUD-EST, Anul 2025, Numar, 2802
Total, Braila, Anul 1990, Numar, 37
Total, Braila, Anul 1991, Numar, 51
Total, Braila, Anul 1992, Numar, 50
Total, Braila, Anul 1993, Numar, 48
Total, Braila, Anul 1994, Numar, 46
Total, Braila, Anul 1995, Numar, 48
Total, Braila, Anul 1996, Numar, 47
Total, Braila, Anul 1997, Numar, 48
Total, Braila, Anul 1998, Numar, 48
Total, Braila, Anul 1999, Numar, 49
Total, Braila, Anul 2000, Numar, 49
Total, Braila, Anul 2001, Numar, 51
Total, Braila, Anul 2002, Numar, 22
Total, Braila, Anul 2003, Numar, 22
Total, Braila, Anul 2004, Numar, 24
Total, Braila, Anul 2005, Numar, 23
Total, Braila, Anul 2006, Numar, 24
Total, Braila, Anul 2007, Numar, 24
Total, Braila, Anul 2008, Numar, 23
Total, Braila, Anul 2009, Numar, 22
Total, Braila, Anul 2010, Numar, 24
Total, Braila, Anul 2011, Numar, 31
Total, Braila, Anul 2012, Numar, 38
Total, Braila, Anul 2013, Numar, 40
Total, Braila, Anul 2014, Numar, 40
Total, Braila, Anul 2015, Numar, 42
Total, Braila, Anul 2016, Numar, 42
Total, Braila, Anul 2017, Numar, 43
Total, Braila, Anul 2018, Numar, 43
Total, Braila, Anul 2019, Numar, 43
Total, Braila, Anul 2020, Numar, 43
Total, Braila, Anul 2021, Numar, 50
Total, Braila, Anul 2022, Numar, 51
Total, Braila, Anul 2023, Numar, 53
Total, Braila, Anul 2024, Numar, 58
Total, Braila, Anul 2025, Numar, 60
Total, Buzau, Anul 1990, Numar, 26
Total, Buzau, Anul 1991, Numar, 27
Total, Buzau, Anul 1992, Numar, 27
Total, Buzau, Anul 1993, Numar, 21
Total, Buzau, Anul 1994, Numar, 27
Total, Buzau, Anul 1995, Numar, 28
Total, Buzau, Anul 1996, Numar, 30
Total, Buzau, Anul 1997, Numar, 25
Total, Buzau, Anul 1998, Numar, 27
Total, Buzau, Anul 1999, Numar, 30
Total, Buzau, Anul 2000, Numar, 34
Total, Buzau, Anul 2001, Numar, 34
Total, Buzau, Anul 2002, Numar, 36
Total, Buzau, Anul 2003, Numar, 38
Total, Buzau, Anul 2004, Numar, 30
Total, Buzau, Anul 2005, Numar, 49
Total, Buzau, Anul 2006, Numar, 55
Total, Buzau, Anul 2007, Numar, 57
Total, Buzau, Anul 2008, Numar, 60
Total, Buzau, Anul 2009, Numar, 66
Total, Buzau, Anul 2010, Numar, 71
Total, Buzau, Anul 2011, Numar, 71
Total, Buzau, Anul 2012, Numar, 85
Total, Buzau, Anul 2013, Numar, 88
Total, Buzau, Anul 2014, Numar, 90
Total, Buzau, Anul 2015, Numar, 89
Total, Buzau, Anul 2016, Numar, 91
Total, Buzau, Anul 2017, Numar, 103
Total, Buzau, Anul 2018, Numar, 109
Total, Buzau, Anul 2019, Numar, 109
Total, Buzau, Anul 2020, Numar, 117
Total, Buzau, Anul 2021, Numar, 156
Total, Buzau, Anul 2022, Numar, 161
Total, Buzau, Anul 2023, Numar, 170
Total, Buzau, Anul 2024, Numar, 184
Total, Buzau, Anul 2025, Numar, 193
Total, Constanta, Anul 1990, Numar, 795
Total, Constanta, Anul 1991, Numar, 1286
Total, Constanta, Anul 1992, Numar, 1277
Total, Constanta, Anul 1993, Numar, 758
Total, Constanta, Anul 1994, Numar, 726
Total, Constanta, Anul 1995, Numar, 739
Total, Constanta, Anul 1996, Numar, 745
Total, Constanta, Anul 1997, Numar, 740
Total, Constanta, Anul 1998, Numar, 745
Total, Constanta, Anul 1999, Numar, 781
Total, Constanta, Anul 2000, Numar, 814
Total, Constanta, Anul 2001, Numar, 818
Total, Constanta, Anul 2002, Numar, 809
Total, Constanta, Anul 2003, Numar, 851
Total, Constanta, Anul 2004, Numar, 897
Total, Constanta, Anul 2005, Numar, 958
Total, Constanta, Anul 2006, Numar, 988
Total, Constanta, Anul 2007, Numar, 998
Total, Constanta, Anul 2008, Numar, 1006
Total, Constanta, Anul 2009, Numar, 1013
Total, Constanta, Anul 2010, Numar, 1097
Total, Constanta, Anul 2011, Numar, 679
Total, Constanta, Anul 2012, Numar, 738
Total, Constanta, Anul 2013, Numar, 745
Total, Constanta, Anul 2014, Numar, 746
Total, Constanta, Anul 2015, Numar, 755
Total, Constanta, Anul 2016, Numar, 761
Total, Constanta, Anul 2017, Numar, 838
Total, Constanta, Anul 2018, Numar, 838
Total, Constanta, Anul 2019, Numar, 934
Total, Constanta, Anul 2020, Numar, 850
Total, Constanta, Anul 2021, Numar, 1359
Total, Constanta, Anul 2022, Numar, 1478
Total, Constanta, Anul 2023, Numar, 1498
Total, Constanta, Anul 2024, Numar, 1630
Total, Constanta, Anul 2025, Numar, 1752
Total, Galati, Anul 1990, Numar, 22
Total, Galati, Anul 1991, Numar, 11
Total, Galati, Anul 1992, Numar, 12
Total, Galati, Anul 1993, Numar, 17
Total, Galati, Anul 1994, Numar, 11
Total, Galati, Anul 1995, Numar, 18
Total, Galati, Anul 1996, Numar, 17
Total, Galati, Anul 1997, Numar, 16
Total, Galati, Anul 1998, Numar, 15
Total, Galati, Anul 1999, Numar, 16
Total, Galati, Anul 2000, Numar, 14
Total, Galati, Anul 2001, Numar, 16
Total, Galati, Anul 2002, Numar, 18
Total, Galati, Anul 2003, Numar, 18
Total, Galati, Anul 2004, Numar, 20
Total, Galati, Anul 2005, Numar, 21
Total, Galati, Anul 2006, Numar, 21
Total, Galati, Anul 2007, Numar, 21
Total, Galati, Anul 2008, Numar, 21
Total, Galati, Anul 2009, Numar, 21
Total, Galati, Anul 2010, Numar, 21
Total, Galati, Anul 2011, Numar, 35
Total, Galati, Anul 2012, Numar, 30
Total, Galati, Anul 2013, Numar, 30
Total, Galati, Anul 2014, Numar, 32
Total, Galati, Anul 2015, Numar, 40
Total, Galati, Anul 2016, Numar, 40
Total, Galati, Anul 2017, Numar, 42
Total, Galati, Anul 2018, Numar, 43
Total, Galati, Anul 2019, Numar, 43
Total, Galati, Anul 2020, Numar, 51
Total, Galati, Anul 2021, Numar, 55
Total, Galati, Anul 2022, Numar, 56
Total, Galati, Anul 2023, Numar, 58
Total, Galati, Anul 2024, Numar, 59
Total, Galati, Anul 2025, Numar, 67
Total, Tulcea, Anul 1990, Numar, 30
Total, Tulcea, Anul 1991, Numar, 30
Total, Tulcea, Anul 1992, Numar, 27
Total, Tulcea, Anul 1993, Numar, 28
Total, Tulcea, Anul 1994, Numar, 73
Total, Tulcea, Anul 1995, Numar, 77
Total, Tulcea, Anul 1996, Numar, 76
Total, Tulcea, Anul 1997, Numar, 75
Total, Tulcea, Anul 1998, Numar, 74
Total, Tulcea, Anul 1999, Numar, 77
Total, Tulcea, Anul 2000, Numar, 84
Total, Tulcea, Anul 2001, Numar, 85
Total, Tulcea, Anul 2002, Numar, 86
Total, Tulcea, Anul 2003, Numar, 107
Total, Tulcea, Anul 2004, Numar, 133
Total, Tulcea, Anul 2005, Numar, 128
Total, Tulcea, Anul 2006, Numar, 148
Total, Tulcea, Anul 2007, Numar, 103
Total, Tulcea, Anul 2008, Numar, 105
Total, Tulcea, Anul 2009, Numar, 144
Total, Tulcea, Anul 2010, Numar, 127
Total, Tulcea, Anul 2011, Numar, 111
Total, Tulcea, Anul 2012, Numar, 136
Total, Tulcea, Anul 2013, Numar, 138
Total, Tulcea, Anul 2014, Numar, 141
Total, Tulcea, Anul 2015, Numar, 140
Total, Tulcea, Anul 2016, Numar, 138
Total, Tulcea, Anul 2017, Numar, 127
Total, Tulcea, Anul 2018, Numar, 328
Total, Tulcea, Anul 2019, Numar, 298
Total, Tulcea, Anul 2020, Numar, 316
Total, Tulcea, Anul 2021, Numar, 662
Total, Tulcea, Anul 2022, Numar, 568
Total, Tulcea, Anul 2023, Numar, 579
Total, Tulcea, Anul 2024, Numar, 602
Total, Tulcea, Anul 2025, Numar, 648
Total, Vrancea, Anul 1990, Numar, 26
Total, Vrancea, Anul 1991, Numar, 20
Total, Vrancea, Anul 1992, Numar, 21
Total, Vrancea, Anul 1993, Numar, 18
Total, Vrancea, Anul 1994, Numar, 22
Total, Vrancea, Anul 1995, Numar, 24
Total, Vrancea, Anul 1996, Numar, 23
Total, Vrancea, Anul 1997, Numar, 29
Total, Vrancea, Anul 1998, Numar, 29
Total, Vrancea, Anul 1999, Numar, 30
Total, Vrancea, Anul 2000, Numar, 33
Total, Vrancea, Anul 2001, Numar, 43
Total, Vrancea, Anul 2002, Numar, 43
Total, Vrancea, Anul 2003, Numar, 45
Total, Vrancea, Anul 2004, Numar, 48
Total, Vrancea, Anul 2005, Numar, 49
Total, Vrancea, Anul 2006, Numar, 42
Total, Vrancea, Anul 2007, Numar, 44
Total, Vrancea, Anul 2008, Numar, 43
Total, Vrancea, Anul 2009, Numar, 45
Total, Vrancea, Anul 2010, Numar, 45
Total, Vrancea, Anul 2011, Numar, 47
Total, Vrancea, Anul 2012, Numar, 52
Total, Vrancea, Anul 2013, Numar, 49
Total, Vrancea, Anul 2014, Numar, 52
Total, Vrancea, Anul 2015, Numar, 45
Total, Vrancea, Anul 2016, Numar, 57
Total, Vrancea, Anul 2017, Numar, 55
Total, Vrancea, Anul 2018, Numar, 73
Total, Vrancea, Anul 2019, Numar, 77
Total, Vrancea, Anul 2020, Numar, 82
Total, Vrancea, Anul 2021, Numar, 111
Total, Vrancea, Anul 2022, Numar, 104
Total, Vrancea, Anul 2023, Numar, 108
Total, Vrancea, Anul 2024, Numar, 79
Total, Vrancea, Anul 2025, Numar, 82
Total, MACROREGIUNEA TREI, Anul 1990, Numar, 485
Total, MACROREGIUNEA TREI, Anul 1991, Numar, 409
Total, MACROREGIUNEA TREI, Anul 1992, Numar, 423
Total, MACROREGIUNEA TREI, Anul 1993, Numar, 402
Total, MACROREGIUNEA TREI, Anul 1994, Numar, 421
Total, MACROREGIUNEA TREI, Anul 1995, Numar, 453
Total, MACROREGIUNEA TREI, Anul 1996, Numar, 452
Total, MACROREGIUNEA TREI, Anul 1997, Numar, 449
Total, MACROREGIUNEA TREI, Anul 1998, Numar, 433
Total, MACROREGIUNEA TREI, Anul 1999, Numar, 411
Total, MACROREGIUNEA TREI, Anul 2000, Numar, 388
Total, MACROREGIUNEA TREI, Anul 2001, Numar, 422
Total, MACROREGIUNEA TREI, Anul 2002, Numar, 436
Total, MACROREGIUNEA TREI, Anul 2003, Numar, 459
Total, MACROREGIUNEA TREI, Anul 2004, Numar, 507
Total, MACROREGIUNEA TREI, Anul 2005, Numar, 531
Total, MACROREGIUNEA TREI, Anul 2006, Numar, 572
Total, MACROREGIUNEA TREI, Anul 2007, Numar, 577
Total, MACROREGIUNEA TREI, Anul 2008, Numar, 613
Total, MACROREGIUNEA TREI, Anul 2009, Numar, 611
Total, MACROREGIUNEA TREI, Anul 2010, Numar, 635
Total, MACROREGIUNEA TREI, Anul 2011, Numar, 688
Total, MACROREGIUNEA TREI, Anul 2012, Numar, 748
Total, MACROREGIUNEA TREI, Anul 2013, Numar, 811
Total, MACROREGIUNEA TREI, Anul 2014, Numar, 829
Total, MACROREGIUNEA TREI, Anul 2015, Numar, 922
Total, MACROREGIUNEA TREI, Anul 2016, Numar, 919
Total, MACROREGIUNEA TREI, Anul 2017, Numar, 1035
Total, MACROREGIUNEA TREI, Anul 2018, Numar, 1036
Total, MACROREGIUNEA TREI, Anul 2019, Numar, 1021
Total, MACROREGIUNEA TREI, Anul 2020, Numar, 967
Total, MACROREGIUNEA TREI, Anul 2021, Numar, 1390
Total, MACROREGIUNEA TREI, Anul 2022, Numar, 1404
Total, MACROREGIUNEA TREI, Anul 2023, Numar, 1418
Total, MACROREGIUNEA TREI, Anul 2024, Numar, 1553
Total, MACROREGIUNEA TREI, Anul 2025, Numar, 1672
Total, Regiunea SUD-MUNTENIA, Anul 1990, Numar, 346
Total, Regiunea SUD-MUNTENIA, Anul 1991, Numar, 350
Total, Regiunea SUD-MUNTENIA, Anul 1992, Numar, 299
Total, Regiunea SUD-MUNTENIA, Anul 1993, Numar, 288
Total, Regiunea SUD-MUNTENIA, Anul 1994, Numar, 299
Total, Regiunea SUD-MUNTENIA, Anul 1995, Numar, 331
Total, Regiunea SUD-MUNTENIA, Anul 1996, Numar, 324
Total, Regiunea SUD-MUNTENIA, Anul 1997, Numar, 324
Total, Regiunea SUD-MUNTENIA, Anul 1998, Numar, 314
Total, Regiunea SUD-MUNTENIA, Anul 1999, Numar, 295
Total, Regiunea SUD-MUNTENIA, Anul 2000, Numar, 321
Total, Regiunea SUD-MUNTENIA, Anul 2001, Numar, 336
Total, Regiunea SUD-MUNTENIA, Anul 2002, Numar, 344
Total, Regiunea SUD-MUNTENIA, Anul 2003, Numar, 365
Total, Regiunea SUD-MUNTENIA, Anul 2004, Numar, 394
Total, Regiunea SUD-MUNTENIA, Anul 2005, Numar, 409
Total, Regiunea SUD-MUNTENIA, Anul 2006, Numar, 433
Total, Regiunea SUD-MUNTENIA, Anul 2007, Numar, 426
Total, Regiunea SUD-MUNTENIA, Anul 2008, Numar, 449
Total, Regiunea SUD-MUNTENIA, Anul 2009, Numar, 457
Total, Regiunea SUD-MUNTENIA, Anul 2010, Numar, 472
Total, Regiunea SUD-MUNTENIA, Anul 2011, Numar, 533
Total, Regiunea SUD-MUNTENIA, Anul 2012, Numar, 581
Total, Regiunea SUD-MUNTENIA, Anul 2013, Numar, 638
Total, Regiunea SUD-MUNTENIA, Anul 2014, Numar, 656
Total, Regiunea SUD-MUNTENIA, Anul 2015, Numar, 740
Total, Regiunea SUD-MUNTENIA, Anul 2016, Numar, 734
Total, Regiunea SUD-MUNTENIA, Anul 2017, Numar, 826
Total, Regiunea SUD-MUNTENIA, Anul 2018, Numar, 816
Total, Regiunea SUD-MUNTENIA, Anul 2019, Numar, 811
Total, Regiunea SUD-MUNTENIA, Anul 2020, Numar, 773
Total, Regiunea SUD-MUNTENIA, Anul 2021, Numar, 1098
Total, Regiunea SUD-MUNTENIA, Anul 2022, Numar, 1104
Total, Regiunea SUD-MUNTENIA, Anul 2023, Numar, 1104
Total, Regiunea SUD-MUNTENIA, Anul 2024, Numar, 1195
Total, Regiunea SUD-MUNTENIA, Anul 2025, Numar, 1285
Total, Arges, Anul 1990, Numar, 36
Total, Arges, Anul 1991, Numar, 35
Total, Arges, Anul 1992, Numar, 36
Total, Arges, Anul 1993, Numar, 36
Total, Arges, Anul 1994, Numar, 37
Total, Arges, Anul 1995, Numar, 38
Total, Arges, Anul 1996, Numar, 39
Total, Arges, Anul 1997, Numar, 42
Total, Arges, Anul 1998, Numar, 40
Total, Arges, Anul 1999, Numar, 49
Total, Arges, Anul 2000, Numar, 58
Total, Arges, Anul 2001, Numar, 61
Total, Arges, Anul 2002, Numar, 79
Total, Arges, Anul 2003, Numar, 86
Total, Arges, Anul 2004, Numar, 102
Total, Arges, Anul 2005, Numar, 115
Total, Arges, Anul 2006, Numar, 123
Total, Arges, Anul 2007, Numar, 112
Total, Arges, Anul 2008, Numar, 116
Total, Arges, Anul 2009, Numar, 125
Total, Arges, Anul 2010, Numar, 126
Total, Arges, Anul 2011, Numar, 152
Total, Arges, Anul 2012, Numar, 187
Total, Arges, Anul 2013, Numar, 205
Total, Arges, Anul 2014, Numar, 223
Total, Arges, Anul 2015, Numar, 264
Total, Arges, Anul 2016, Numar, 266
Total, Arges, Anul 2017, Numar, 297
Total, Arges, Anul 2018, Numar, 286
Total, Arges, Anul 2019, Numar, 296
Total, Arges, Anul 2020, Numar, 295
Total, Arges, Anul 2021, Numar, 396
Total, Arges, Anul 2022, Numar, 387
Total, Arges, Anul 2023, Numar, 372
Total, Arges, Anul 2024, Numar, 410
Total, Arges, Anul 2025, Numar, 454
Total, Calarasi, Anul 1990, Numar, 9
Total, Calarasi, Anul 1991, Numar, 5
Total, Calarasi, Anul 1992, Numar, 4
Total, Calarasi, Anul 1993, Numar, 3
Total, Calarasi, Anul 1994, Numar, 3
Total, Calarasi, Anul 1995, Numar, 3
Total, Calarasi, Anul 1996, Numar, 3
Total, Calarasi, Anul 1997, Numar, 3
Total, Calarasi, Anul 1998, Numar, 4
Total, Calarasi, Anul 1999, Numar, 5
Total, Calarasi, Anul 2000, Numar, 5
Total, Calarasi, Anul 2001, Numar, 7
Total, Calarasi, Anul 2002, Numar, 7
Total, Calarasi, Anul 2003, Numar, 8
Total, Calarasi, Anul 2004, Numar, 8
Total, Calarasi, Anul 2005, Numar, 7
Total, Calarasi, Anul 2006, Numar, 9
Total, Calarasi, Anul 2007, Numar, 8
Total, Calarasi, Anul 2008, Numar, 8
Total, Calarasi, Anul 2009, Numar, 8
Total, Calarasi, Anul 2010, Numar, 11
Total, Calarasi, Anul 2011, Numar, 14
Total, Calarasi, Anul 2012, Numar, 16
Total, Calarasi, Anul 2013, Numar, 15
Total, Calarasi, Anul 2014, Numar, 17
Total, Calarasi, Anul 2015, Numar, 29
Total, Calarasi, Anul 2016, Numar, 17
Total, Calarasi, Anul 2017, Numar, 29
Total, Calarasi, Anul 2018, Numar, 29
Total, Calarasi, Anul 2019, Numar, 30
Total, Calarasi, Anul 2020, Numar, 27
Total, Calarasi, Anul 2021, Numar, 27
Total, Calarasi, Anul 2022, Numar, 42
Total, Calarasi, Anul 2023, Numar, 42
Total, Calarasi, Anul 2024, Numar, 43
Total, Calarasi, Anul 2025, Numar, 47
Total, Dambovita, Anul 1990, Numar, 47
Total, Dambovita, Anul 1991, Numar, 45
Total, Dambovita, Anul 1992, Numar, 43
Total, Dambovita, Anul 1993, Numar, 43
Total, Dambovita, Anul 1994, Numar, 43
Total, Dambovita, Anul 1995, Numar, 38
Total, Dambovita, Anul 1996, Numar, 34
Total, Dambovita, Anul 1997, Numar, 34
Total, Dambovita, Anul 1998, Numar, 33
Total, Dambovita, Anul 1999, Numar, 23
Total, Dambovita, Anul 2000, Numar, 30
Total, Dambovita, Anul 2001, Numar, 32
Total, Dambovita, Anul 2002, Numar, 33
Total, Dambovita, Anul 2003, Numar, 33
Total, Dambovita, Anul 2004, Numar, 41
Total, Dambovita, Anul 2005, Numar, 37
Total, Dambovita, Anul 2006, Numar, 38
Total, Dambovita, Anul 2007, Numar, 43
Total, Dambovita, Anul 2008, Numar, 47
Total, Dambovita, Anul 2009, Numar, 55
Total, Dambovita, Anul 2010, Numar, 58
Total, Dambovita, Anul 2011, Numar, 64
Total, Dambovita, Anul 2012, Numar, 66
Total, Dambovita, Anul 2013, Numar, 68
Total, Dambovita, Anul 2014, Numar, 73
Total, Dambovita, Anul 2015, Numar, 74
Total, Dambovita, Anul 2016, Numar, 80
Total, Dambovita, Anul 2017, Numar, 81
Total, Dambovita, Anul 2018, Numar, 84
Total, Dambovita, Anul 2019, Numar, 85
Total, Dambovita, Anul 2020, Numar, 89
Total, Dambovita, Anul 2021, Numar, 96
Total, Dambovita, Anul 2022, Numar, 96
Total, Dambovita, Anul 2023, Numar, 90
Total, Dambovita, Anul 2024, Numar, 102
Total, Dambovita, Anul 2025, Numar, 114
Total, Giurgiu, Anul 1990, Numar, 5
Total, Giurgiu, Anul 1991, Numar, 5
Total, Giurgiu, Anul 1992, Numar, 4
Total, Giurgiu, Anul 1993, Numar, 5
Total, Giurgiu, Anul 1994, Numar, 5
Total, Giurgiu, Anul 1995, Numar, 6
Total, Giurgiu, Anul 1996, Numar, 6
Total, Giurgiu, Anul 1997, Numar, 8
Total, Giurgiu, Anul 1998, Numar, 8
Total, Giurgiu, Anul 1999, Numar, 8
Total, Giurgiu, Anul 2000, Numar, 10
Total, Giurgiu, Anul 2001, Numar, 10
Total, Giurgiu, Anul 2002, Numar, 11
Total, Giurgiu, Anul 2003, Numar, 13
Total, Giurgiu, Anul 2004, Numar, 15
Total, Giurgiu, Anul 2005, Numar, 15
Total, Giurgiu, Anul 2006, Numar, 15
Total, Giurgiu, Anul 2007, Numar, 15
Total, Giurgiu, Anul 2008, Numar, 12
Total, Giurgiu, Anul 2009, Numar, 12
Total, Giurgiu, Anul 2010, Numar, 12
Total, Giurgiu, Anul 2011, Numar, 11
Total, Giurgiu, Anul 2012, Numar, 12
Total, Giurgiu, Anul 2013, Numar, 13
Total, Giurgiu, Anul 2014, Numar, 11
Total, Giurgiu, Anul 2015, Numar, 12
Total, Giurgiu, Anul 2016, Numar, 13
Total, Giurgiu, Anul 2017, Numar, 17
Total, Giurgiu, Anul 2018, Numar, 17
Total, Giurgiu, Anul 2019, Numar, 18
Total, Giurgiu, Anul 2020, Numar, 27
Total, Giurgiu, Anul 2021, Numar, 27
Total, Giurgiu, Anul 2022, Numar, 30
Total, Giurgiu, Anul 2023, Numar, 34
Total, Giurgiu, Anul 2024, Numar, 38
Total, Giurgiu, Anul 2025, Numar, 40
Total, Ialomita, Anul 1990, Numar, 20
Total, Ialomita, Anul 1991, Numar, 18
Total, Ialomita, Anul 1992, Numar, 17
Total, Ialomita, Anul 1993, Numar, 15
Total, Ialomita, Anul 1994, Numar, 15
Total, Ialomita, Anul 1995, Numar, 14
Total, Ialomita, Anul 1996, Numar, 19
Total, Ialomita, Anul 1997, Numar, 19
Total, Ialomita, Anul 1998, Numar, 18
Total, Ialomita, Anul 1999, Numar, 20
Total, Ialomita, Anul 2000, Numar, 21
Total, Ialomita, Anul 2001, Numar, 22
Total, Ialomita, Anul 2002, Numar, 22
Total, Ialomita, Anul 2003, Numar, 22
Total, Ialomita, Anul 2004, Numar, 20
Total, Ialomita, Anul 2005, Numar, 19
Total, Ialomita, Anul 2006, Numar, 17
Total, Ialomita, Anul 2007, Numar, 16
Total, Ialomita, Anul 2008, Numar, 17
Total, Ialomita, Anul 2009, Numar, 17
Total, Ialomita, Anul 2010, Numar, 22
Total, Ialomita, Anul 2011, Numar, 22
Total, Ialomita, Anul 2012, Numar, 24
Total, Ialomita, Anul 2013, Numar, 27
Total, Ialomita, Anul 2014, Numar, 27
Total, Ialomita, Anul 2015, Numar, 27
Total, Ialomita, Anul 2016, Numar, 27
Total, Ialomita, Anul 2017, Numar, 28
Total, Ialomita, Anul 2018, Numar, 29
Total, Ialomita, Anul 2019, Numar, 29
Total, Ialomita, Anul 2020, Numar, 29
Total, Ialomita, Anul 2021, Numar, 29
Total, Ialomita, Anul 2022, Numar, 29
Total, Ialomita, Anul 2023, Numar, 31
Total, Ialomita, Anul 2024, Numar, 33
Total, Ialomita, Anul 2025, Numar, 34
Total, Prahova, Anul 1990, Numar, 211
Total, Prahova, Anul 1991, Numar, 230
Total, Prahova, Anul 1992, Numar, 185
Total, Prahova, Anul 1993, Numar, 176
Total, Prahova, Anul 1994, Numar, 184
Total, Prahova, Anul 1995, Numar, 221
Total, Prahova, Anul 1996, Numar, 212
Total, Prahova, Anul 1997, Numar, 207
Total, Prahova, Anul 1998, Numar, 200
Total, Prahova, Anul 1999, Numar, 179
Total, Prahova, Anul 2000, Numar, 186
Total, Prahova, Anul 2001, Numar, 193
Total, Prahova, Anul 2002, Numar, 180
Total, Prahova, Anul 2003, Numar, 191
Total, Prahova, Anul 2004, Numar, 195
Total, Prahova, Anul 2005, Numar, 203
Total, Prahova, Anul 2006, Numar, 222
Total, Prahova, Anul 2007, Numar, 223
Total, Prahova, Anul 2008, Numar, 240
Total, Prahova, Anul 2009, Numar, 230
Total, Prahova, Anul 2010, Numar, 233
Total, Prahova, Anul 2011, Numar, 257
Total, Prahova, Anul 2012, Numar, 262
Total, Prahova, Anul 2013, Numar, 293
Total, Prahova, Anul 2014, Numar, 286
Total, Prahova, Anul 2015, Numar, 314
Total, Prahova, Anul 2016, Numar, 306
Total, Prahova, Anul 2017, Numar, 347
Total, Prahova, Anul 2018, Numar, 345
Total, Prahova, Anul 2019, Numar, 330
Total, Prahova, Anul 2020, Numar, 286
Total, Prahova, Anul 2021, Numar, 503
Total, Prahova, Anul 2022, Numar, 495
Total, Prahova, Anul 2023, Numar, 516
Total, Prahova, Anul 2024, Numar, 549
Total, Prahova, Anul 2025, Numar, 576
Total, Teleorman, Anul 1990, Numar, 18
Total, Teleorman, Anul 1991, Numar, 12
Total, Teleorman, Anul 1992, Numar, 10
Total, Teleorman, Anul 1993, Numar, 10
Total, Teleorman, Anul 1994, Numar, 12
Total, Teleorman, Anul 1995, Numar, 11
Total, Teleorman, Anul 1996, Numar, 11
Total, Teleorman, Anul 1997, Numar, 11
Total, Teleorman, Anul 1998, Numar, 11
Total, Teleorman, Anul 1999, Numar, 11
Total, Teleorman, Anul 2000, Numar, 11
Total, Teleorman, Anul 2001, Numar, 11
Total, Teleorman, Anul 2002, Numar, 12
Total, Teleorman, Anul 2003, Numar, 12
Total, Teleorman, Anul 2004, Numar, 13
Total, Teleorman, Anul 2005, Numar, 13
Total, Teleorman, Anul 2006, Numar, 9
Total, Teleorman, Anul 2007, Numar, 9
Total, Teleorman, Anul 2008, Numar, 9
Total, Teleorman, Anul 2009, Numar, 10
Total, Teleorman, Anul 2010, Numar, 10
Total, Teleorman, Anul 2011, Numar, 13
Total, Teleorman, Anul 2012, Numar, 14
Total, Teleorman, Anul 2013, Numar, 17
Total, Teleorman, Anul 2014, Numar, 19
Total, Teleorman, Anul 2015, Numar, 20
Total, Teleorman, Anul 2016, Numar, 25
Total, Teleorman, Anul 2017, Numar, 27
Total, Teleorman, Anul 2018, Numar, 26
Total, Teleorman, Anul 2019, Numar, 23
Total, Teleorman, Anul 2020, Numar, 20
Total, Teleorman, Anul 2021, Numar, 20
Total, Teleorman, Anul 2022, Numar, 25
Total, Teleorman, Anul 2023, Numar, 19
Total, Teleorman, Anul 2024, Numar, 20
Total, Teleorman, Anul 2025, Numar, 20
Total, Regiunea BUCURESTI - ILFOV, Anul 1990, Numar, 139
Total, Regiunea BUCURESTI - ILFOV, Anul 1991, Numar, 59
Total, Regiunea BUCURESTI - ILFOV, Anul 1992, Numar, 124
Total, Regiunea BUCURESTI - ILFOV, Anul 1993, Numar, 114
Total, Regiunea BUCURESTI - ILFOV, Anul 1994, Numar, 122
Total, Regiunea BUCURESTI - ILFOV, Anul 1995, Numar, 122
Total, Regiunea BUCURESTI - ILFOV, Anul 1996, Numar, 128
Total, Regiunea BUCURESTI - ILFOV, Anul 1997, Numar, 125
Total, Regiunea BUCURESTI - ILFOV, Anul 1998, Numar, 119
Total, Regiunea BUCURESTI - ILFOV, Anul 1999, Numar, 116
Total, Regiunea BUCURESTI - ILFOV, Anul 2000, Numar, 67
Total, Regiunea BUCURESTI - ILFOV, Anul 2001, Numar, 86
Total, Regiunea BUCURESTI - ILFOV, Anul 2002, Numar, 92
Total, Regiunea BUCURESTI - ILFOV, Anul 2003, Numar, 94
Total, Regiunea BUCURESTI - ILFOV, Anul 2004, Numar, 113
Total, Regiunea BUCURESTI - ILFOV, Anul 2005, Numar, 122
Total, Regiunea BUCURESTI - ILFOV, Anul 2006, Numar, 139
Total, Regiunea BUCURESTI - ILFOV, Anul 2007, Numar, 151
Total, Regiunea BUCURESTI - ILFOV, Anul 2008, Numar, 164
Total, Regiunea BUCURESTI - ILFOV, Anul 2009, Numar, 154
Total, Regiunea BUCURESTI - ILFOV, Anul 2010, Numar, 163
Total, Regiunea BUCURESTI - ILFOV, Anul 2011, Numar, 155
Total, Regiunea BUCURESTI - ILFOV, Anul 2012, Numar, 167
Total, Regiunea BUCURESTI - ILFOV, Anul 2013, Numar, 173
Total, Regiunea BUCURESTI - ILFOV, Anul 2014, Numar, 173
Total, Regiunea BUCURESTI - ILFOV, Anul 2015, Numar, 182
Total, Regiunea BUCURESTI - ILFOV, Anul 2016, Numar, 185
Total, Regiunea BUCURESTI - ILFOV, Anul 2017, Numar, 209
Total, Regiunea BUCURESTI - ILFOV, Anul 2018, Numar, 220
Total, Regiunea BUCURESTI - ILFOV, Anul 2019, Numar, 210
Total, Regiunea BUCURESTI - ILFOV, Anul 2020, Numar, 194
Total, Regiunea BUCURESTI - ILFOV, Anul 2021, Numar, 292
Total, Regiunea BUCURESTI - ILFOV, Anul 2022, Numar, 300
Total, Regiunea BUCURESTI - ILFOV, Anul 2023, Numar, 314
Total, Regiunea BUCURESTI - ILFOV, Anul 2024, Numar, 358
Total, Regiunea BUCURESTI - ILFOV, Anul 2025, Numar, 387
Total, Ilfov, Anul 1996, Numar, 78
Total, Ilfov, Anul 1997, Numar, 78
Total, Ilfov, Anul 1998, Numar, 74
Total, Ilfov, Anul 1999, Numar, 68
Total, Ilfov, Anul 2000, Numar, 16
Total, Ilfov, Anul 2001, Numar, 21
Total, Ilfov, Anul 2002, Numar, 22
Total, Ilfov, Anul 2003, Numar, 23
Total, Ilfov, Anul 2004, Numar, 30
Total, Ilfov, Anul 2005, Numar, 32
Total, Ilfov, Anul 2006, Numar, 37
Total, Ilfov, Anul 2007, Numar, 37
Total, Ilfov, Anul 2008, Numar, 41
Total, Ilfov, Anul 2009, Numar, 43
Total, Ilfov, Anul 2010, Numar, 37
Total, Ilfov, Anul 2011, Numar, 27
Total, Ilfov, Anul 2012, Numar, 36
Total, Ilfov, Anul 2013, Numar, 37
Total, Ilfov, Anul 2014, Numar, 36
Total, Ilfov, Anul 2015, Numar, 33
Total, Ilfov, Anul 2016, Numar, 36
Total, Ilfov, Anul 2017, Numar, 37
Total, Ilfov, Anul 2018, Numar, 39
Total, Ilfov, Anul 2019, Numar, 34
Total, Ilfov, Anul 2020, Numar, 16
Total, Ilfov, Anul 2021, Numar, 21
Total, Ilfov, Anul 2022, Numar, 19
Total, Ilfov, Anul 2023, Numar, 19
Total, Ilfov, Anul 2024, Numar, 19
Total, Ilfov, Anul 2025, Numar, 21
Total, Municipiul Bucuresti, Anul 1996, Numar, 50
Total, Municipiul Bucuresti, Anul 1997, Numar, 47
Total, Municipiul Bucuresti, Anul 1998, Numar, 45
Total, Municipiul Bucuresti, Anul 1999, Numar, 48
Total, Municipiul Bucuresti, Anul 2000, Numar, 51
Total, Municipiul Bucuresti, Anul 2001, Numar, 65
Total, Municipiul Bucuresti, Anul 2002, Numar, 70
Total, Municipiul Bucuresti, Anul 2003, Numar, 71
Total, Municipiul Bucuresti, Anul 2004, Numar, 83
Total, Municipiul Bucuresti, Anul 2005, Numar, 90
Total, Municipiul Bucuresti, Anul 2006, Numar, 102
Total, Municipiul Bucuresti, Anul 2007, Numar, 114
Total, Municipiul Bucuresti, Anul 2008, Numar, 123
Total, Municipiul Bucuresti, Anul 2009, Numar, 111
Total, Municipiul Bucuresti, Anul 2010, Numar, 126
Total, Municipiul Bucuresti, Anul 2011, Numar, 128
Total, Municipiul Bucuresti, Anul 2012, Numar, 131
Total, Municipiul Bucuresti, Anul 2013, Numar, 136
Total, Municipiul Bucuresti, Anul 2014, Numar, 137
Total, Municipiul Bucuresti, Anul 2015, Numar, 149
Total, Municipiul Bucuresti, Anul 2016, Numar, 149
Total, Municipiul Bucuresti, Anul 2017, Numar, 172
Total, Municipiul Bucuresti, Anul 2018, Numar, 181
Total, Municipiul Bucuresti, Anul 2019, Numar, 176
Total, Municipiul Bucuresti, Anul 2020, Numar, 178
Total, Municipiul Bucuresti, Anul 2021, Numar, 271
Total, Municipiul Bucuresti, Anul 2022, Numar, 281
Total, Municipiul Bucuresti, Anul 2023, Numar, 295
Total, Municipiul Bucuresti, Anul 2024, Numar, 339
Total, Municipiul Bucuresti, Anul 2025, Numar, 366
Total, Mun. Bucuresti -incl. SAI, Anul 1990, Numar, 139
Total, Mun. Bucuresti -incl. SAI, Anul 1991, Numar, 59
Total, Mun. Bucuresti -incl. SAI, Anul 1992, Numar, 124
Total, Mun. Bucuresti -incl. SAI, Anul 1993, Numar, 114
Total, Mun. Bucuresti -incl. SAI, Anul 1994, Numar, 122
Total, Mun. Bucuresti -incl. SAI, Anul 1995, Numar, 122
Total, MACROREGIUNEA PATRU, Anul 1990, Numar, 516
Total, MACROREGIUNEA PATRU, Anul 1991, Numar, 418
Total, MACROREGIUNEA PATRU, Anul 1992, Numar, 401
Total, MACROREGIUNEA PATRU, Anul 1993, Numar, 384
Total, MACROREGIUNEA PATRU, Anul 1994, Numar, 416
Total, MACROREGIUNEA PATRU, Anul 1995, Numar, 423
Total, MACROREGIUNEA PATRU, Anul 1996, Numar, 413
Total, MACROREGIUNEA PATRU, Anul 1997, Numar, 430
Total, MACROREGIUNEA PATRU, Anul 1998, Numar, 441
Total, MACROREGIUNEA PATRU, Anul 1999, Numar, 407
Total, MACROREGIUNEA PATRU, Anul 2000, Numar, 421
Total, MACROREGIUNEA PATRU, Anul 2001, Numar, 469
Total, MACROREGIUNEA PATRU, Anul 2002, Numar, 460
Total, MACROREGIUNEA PATRU, Anul 2003, Numar, 509
Total, MACROREGIUNEA PATRU, Anul 2004, Numar, 558
Total, MACROREGIUNEA PATRU, Anul 2005, Numar, 592
Total, MACROREGIUNEA PATRU, Anul 2006, Numar, 659
Total, MACROREGIUNEA PATRU, Anul 2007, Numar, 648
Total, MACROREGIUNEA PATRU, Anul 2008, Numar, 653
Total, MACROREGIUNEA PATRU, Anul 2009, Numar, 773
Total, MACROREGIUNEA PATRU, Anul 2010, Numar, 802
Total, MACROREGIUNEA PATRU, Anul 2011, Numar, 890
Total, MACROREGIUNEA PATRU, Anul 2012, Numar, 1048
Total, MACROREGIUNEA PATRU, Anul 2013, Numar, 1032
Total, MACROREGIUNEA PATRU, Anul 2014, Numar, 1034
Total, MACROREGIUNEA PATRU, Anul 2015, Numar, 1080
Total, MACROREGIUNEA PATRU, Anul 2016, Numar, 1115
Total, MACROREGIUNEA PATRU, Anul 2017, Numar, 1299
Total, MACROREGIUNEA PATRU, Anul 2018, Numar, 1430
Total, MACROREGIUNEA PATRU, Anul 2019, Numar, 1475
Total, MACROREGIUNEA PATRU, Anul 2020, Numar, 1523
Total, MACROREGIUNEA PATRU, Anul 2021, Numar, 1819
Total, MACROREGIUNEA PATRU, Anul 2022, Numar, 1895
Total, MACROREGIUNEA PATRU, Anul 2023, Numar, 1984
Total, MACROREGIUNEA PATRU, Anul 2024, Numar, 2112
Total, MACROREGIUNEA PATRU, Anul 2025, Numar, 2252
Total, Regiunea SUD-VEST OLTENIA, Anul 1990, Numar, 263
Total, Regiunea SUD-VEST OLTENIA, Anul 1991, Numar, 212
Total, Regiunea SUD-VEST OLTENIA, Anul 1992, Numar, 191
Total, Regiunea SUD-VEST OLTENIA, Anul 1993, Numar, 180
Total, Regiunea SUD-VEST OLTENIA, Anul 1994, Numar, 199
Total, Regiunea SUD-VEST OLTENIA, Anul 1995, Numar, 191
Total, Regiunea SUD-VEST OLTENIA, Anul 1996, Numar, 182
Total, Regiunea SUD-VEST OLTENIA, Anul 1997, Numar, 187
Total, Regiunea SUD-VEST OLTENIA, Anul 1998, Numar, 186
Total, Regiunea SUD-VEST OLTENIA, Anul 1999, Numar, 157
Total, Regiunea SUD-VEST OLTENIA, Anul 2000, Numar, 162
Total, Regiunea SUD-VEST OLTENIA, Anul 2001, Numar, 164
Total, Regiunea SUD-VEST OLTENIA, Anul 2002, Numar, 158
Total, Regiunea SUD-VEST OLTENIA, Anul 2003, Numar, 183
Total, Regiunea SUD-VEST OLTENIA, Anul 2004, Numar, 189
Total, Regiunea SUD-VEST OLTENIA, Anul 2005, Numar, 227
Total, Regiunea SUD-VEST OLTENIA, Anul 2006, Numar, 250
Total, Regiunea SUD-VEST OLTENIA, Anul 2007, Numar, 259
Total, Regiunea SUD-VEST OLTENIA, Anul 2008, Numar, 255
Total, Regiunea SUD-VEST OLTENIA, Anul 2009, Numar, 299
Total, Regiunea SUD-VEST OLTENIA, Anul 2010, Numar, 305
Total, Regiunea SUD-VEST OLTENIA, Anul 2011, Numar, 377
Total, Regiunea SUD-VEST OLTENIA, Anul 2012, Numar, 448
Total, Regiunea SUD-VEST OLTENIA, Anul 2013, Numar, 421
Total, Regiunea SUD-VEST OLTENIA, Anul 2014, Numar, 436
Total, Regiunea SUD-VEST OLTENIA, Anul 2015, Numar, 428
Total, Regiunea SUD-VEST OLTENIA, Anul 2016, Numar, 453
Total, Regiunea SUD-VEST OLTENIA, Anul 2017, Numar, 529
Total, Regiunea SUD-VEST OLTENIA, Anul 2018, Numar, 598
Total, Regiunea SUD-VEST OLTENIA, Anul 2019, Numar, 631
Total, Regiunea SUD-VEST OLTENIA, Anul 2020, Numar, 635
Total, Regiunea SUD-VEST OLTENIA, Anul 2021, Numar, 807
Total, Regiunea SUD-VEST OLTENIA, Anul 2022, Numar, 836
Total, Regiunea SUD-VEST OLTENIA, Anul 2023, Numar, 911
Total, Regiunea SUD-VEST OLTENIA, Anul 2024, Numar, 924
Total, Regiunea SUD-VEST OLTENIA, Anul 2025, Numar, 1012
Total, Dolj, Anul 1990, Numar, 25
Total, Dolj, Anul 1991, Numar, 21
Total, Dolj, Anul 1992, Numar, 17
Total, Dolj, Anul 1993, Numar, 14
Total, Dolj, Anul 1994, Numar, 28
Total, Dolj, Anul 1995, Numar, 24
Total, Dolj, Anul 1996, Numar, 14
Total, Dolj, Anul 1997, Numar, 15
Total, Dolj, Anul 1998, Numar, 14
Total, Dolj, Anul 1999, Numar, 15
Total, Dolj, Anul 2000, Numar, 16
Total, Dolj, Anul 2001, Numar, 16
Total, Dolj, Anul 2002, Numar, 18
Total, Dolj, Anul 2003, Numar, 19
Total, Dolj, Anul 2004, Numar, 17
Total, Dolj, Anul 2005, Numar, 19
Total, Dolj, Anul 2006, Numar, 20
Total, Dolj, Anul 2007, Numar, 26
Total, Dolj, Anul 2008, Numar, 22
Total, Dolj, Anul 2009, Numar, 24
Total, Dolj, Anul 2010, Numar, 27
Total, Dolj, Anul 2011, Numar, 47
Total, Dolj, Anul 2012, Numar, 49
Total, Dolj, Anul 2013, Numar, 51
Total, Dolj, Anul 2014, Numar, 52
Total, Dolj, Anul 2015, Numar, 52
Total, Dolj, Anul 2016, Numar, 57
Total, Dolj, Anul 2017, Numar, 71
Total, Dolj, Anul 2018, Numar, 70
Total, Dolj, Anul 2019, Numar, 68
Total, Dolj, Anul 2020, Numar, 62
Total, Dolj, Anul 2021, Numar, 62
Total, Dolj, Anul 2022, Numar, 59
Total, Dolj, Anul 2023, Numar, 61
Total, Dolj, Anul 2024, Numar, 61
Total, Dolj, Anul 2025, Numar, 58
Total, Gorj, Anul 1990, Numar, 46
Total, Gorj, Anul 1991, Numar, 41
Total, Gorj, Anul 1992, Numar, 36
Total, Gorj, Anul 1993, Numar, 32
Total, Gorj, Anul 1994, Numar, 39
Total, Gorj, Anul 1995, Numar, 36
Total, Gorj, Anul 1996, Numar, 34
Total, Gorj, Anul 1997, Numar, 35
Total, Gorj, Anul 1998, Numar, 35
Total, Gorj, Anul 1999, Numar, 31
Total, Gorj, Anul 2000, Numar, 32
Total, Gorj, Anul 2001, Numar, 28
Total, Gorj, Anul 2002, Numar, 17
Total, Gorj, Anul 2003, Numar, 21
Total, Gorj, Anul 2004, Numar, 24
Total, Gorj, Anul 2005, Numar, 36
Total, Gorj, Anul 2006, Numar, 41
Total, Gorj, Anul 2007, Numar, 40
Total, Gorj, Anul 2008, Numar, 40
Total, Gorj, Anul 2009, Numar, 61
Total, Gorj, Anul 2010, Numar, 61
Total, Gorj, Anul 2011, Numar, 69
Total, Gorj, Anul 2012, Numar, 79
Total, Gorj, Anul 2013, Numar, 79
Total, Gorj, Anul 2014, Numar, 87
Total, Gorj, Anul 2015, Numar, 85
Total, Gorj, Anul 2016, Numar, 87
Total, Gorj, Anul 2017, Numar, 102
Total, Gorj, Anul 2018, Numar, 144
Total, Gorj, Anul 2019, Numar, 160
Total, Gorj, Anul 2020, Numar, 176
Total, Gorj, Anul 2021, Numar, 207
Total, Gorj, Anul 2022, Numar, 202
Total, Gorj, Anul 2023, Numar, 233
Total, Gorj, Anul 2024, Numar, 230
Total, Gorj, Anul 2025, Numar, 317
Total, Mehedinti, Anul 1990, Numar, 22
Total, Mehedinti, Anul 1991, Numar, 22
Total, Mehedinti, Anul 1992, Numar, 19
Total, Mehedinti, Anul 1993, Numar, 20
Total, Mehedinti, Anul 1994, Numar, 17
Total, Mehedinti, Anul 1995, Numar, 16
Total, Mehedinti, Anul 1996, Numar, 15
Total, Mehedinti, Anul 1997, Numar, 17
Total, Mehedinti, Anul 1998, Numar, 16
Total, Mehedinti, Anul 1999, Numar, 14
Total, Mehedinti, Anul 2000, Numar, 18
Total, Mehedinti, Anul 2001, Numar, 13
Total, Mehedinti, Anul 2002, Numar, 13
Total, Mehedinti, Anul 2003, Numar, 13
Total, Mehedinti, Anul 2004, Numar, 13
Total, Mehedinti, Anul 2005, Numar, 15
Total, Mehedinti, Anul 2006, Numar, 18
Total, Mehedinti, Anul 2007, Numar, 19
Total, Mehedinti, Anul 2008, Numar, 19
Total, Mehedinti, Anul 2009, Numar, 30
Total, Mehedinti, Anul 2010, Numar, 27
Total, Mehedinti, Anul 2011, Numar, 35
Total, Mehedinti, Anul 2012, Numar, 42
Total, Mehedinti, Anul 2013, Numar, 42
Total, Mehedinti, Anul 2014, Numar, 45
Total, Mehedinti, Anul 2015, Numar, 55
Total, Mehedinti, Anul 2016, Numar, 59
Total, Mehedinti, Anul 2017, Numar, 71
Total, Mehedinti, Anul 2018, Numar, 70
Total, Mehedinti, Anul 2019, Numar, 83
Total, Mehedinti, Anul 2020, Numar, 96
Total, Mehedinti, Anul 2021, Numar, 146
Total, Mehedinti, Anul 2022, Numar, 165
Total, Mehedinti, Anul 2023, Numar, 170
Total, Mehedinti, Anul 2024, Numar, 182
Total, Mehedinti, Anul 2025, Numar, 182
Total, Olt, Anul 1990, Numar, 19
Total, Olt, Anul 1991, Numar, 19
Total, Olt, Anul 1992, Numar, 19
Total, Olt, Anul 1993, Numar, 14
Total, Olt, Anul 1994, Numar, 14
Total, Olt, Anul 1995, Numar, 14
Total, Olt, Anul 1996, Numar, 16
Total, Olt, Anul 1997, Numar, 12
Total, Olt, Anul 1998, Numar, 13
Total, Olt, Anul 1999, Numar, 11
Total, Olt, Anul 2000, Numar, 11
Total, Olt, Anul 2001, Numar, 10
Total, Olt, Anul 2002, Numar, 10
Total, Olt, Anul 2003, Numar, 11
Total, Olt, Anul 2004, Numar, 11
Total, Olt, Anul 2005, Numar, 10
Total, Olt, Anul 2006, Numar, 8
Total, Olt, Anul 2007, Numar, 6
Total, Olt, Anul 2008, Numar, 9
Total, Olt, Anul 2009, Numar, 11
Total, Olt, Anul 2010, Numar, 11
Total, Olt, Anul 2011, Numar, 15
Total, Olt, Anul 2012, Numar, 18
Total, Olt, Anul 2013, Numar, 19
Total, Olt, Anul 2014, Numar, 19
Total, Olt, Anul 2015, Numar, 19
Total, Olt, Anul 2016, Numar, 19
Total, Olt, Anul 2017, Numar, 25
Total, Olt, Anul 2018, Numar, 28
Total, Olt, Anul 2019, Numar, 25
Total, Olt, Anul 2020, Numar, 26
Total, Olt, Anul 2021, Numar, 28
Total, Olt, Anul 2022, Numar, 32
Total, Olt, Anul 2023, Numar, 33
Total, Olt, Anul 2024, Numar, 30
Total, Olt, Anul 2025, Numar, 37
Total, Valcea, Anul 1990, Numar, 151
Total, Valcea, Anul 1991, Numar, 109
Total, Valcea, Anul 1992, Numar, 100
Total, Valcea, Anul 1993, Numar, 100
Total, Valcea, Anul 1994, Numar, 101
Total, Valcea, Anul 1995, Numar, 101
Total, Valcea, Anul 1996, Numar, 103
Total, Valcea, Anul 1997, Numar, 108
Total, Valcea, Anul 1998, Numar, 108
Total, Valcea, Anul 1999, Numar, 86
Total, Valcea, Anul 2000, Numar, 85
Total, Valcea, Anul 2001, Numar, 97
Total, Valcea, Anul 2002, Numar, 100
Total, Valcea, Anul 2003, Numar, 119
Total, Valcea, Anul 2004, Numar, 124
Total, Valcea, Anul 2005, Numar, 147
Total, Valcea, Anul 2006, Numar, 163
Total, Valcea, Anul 2007, Numar, 168
Total, Valcea, Anul 2008, Numar, 165
Total, Valcea, Anul 2009, Numar, 173
Total, Valcea, Anul 2010, Numar, 179
Total, Valcea, Anul 2011, Numar, 211
Total, Valcea, Anul 2012, Numar, 260
Total, Valcea, Anul 2013, Numar, 230
Total, Valcea, Anul 2014, Numar, 233
Total, Valcea, Anul 2015, Numar, 217
Total, Valcea, Anul 2016, Numar, 231
Total, Valcea, Anul 2017, Numar, 260
Total, Valcea, Anul 2018, Numar, 286
Total, Valcea, Anul 2019, Numar, 295
Total, Valcea, Anul 2020, Numar, 275
Total, Valcea, Anul 2021, Numar, 364
Total, Valcea, Anul 2022, Numar, 378
Total, Valcea, Anul 2023, Numar, 414
Total, Valcea, Anul 2024, Numar, 421
Total, Valcea, Anul 2025, Numar, 418
Total, Regiunea VEST, Anul 1990, Numar, 253
Total, Regiunea VEST, Anul 1991, Numar, 206
Total, Regiunea VEST, Anul 1992, Numar, 210
Total, Regiunea VEST, Anul 1993, Numar, 204
Total, Regiunea VEST, Anul 1994, Numar, 217
Total, Regiunea VEST, Anul 1995, Numar, 232
Total, Regiunea VEST, Anul 1996, Numar, 231
Total, Regiunea VEST, Anul 1997, Numar, 243
Total, Regiunea VEST, Anul 1998, Numar, 255
Total, Regiunea VEST, Anul 1999, Numar, 250
Total, Regiunea VEST, Anul 2000, Numar, 259
Total, Regiunea VEST, Anul 2001, Numar, 305
Total, Regiunea VEST, Anul 2002, Numar, 302
Total, Regiunea VEST, Anul 2003, Numar, 326
Total, Regiunea VEST, Anul 2004, Numar, 369
Total, Regiunea VEST, Anul 2005, Numar, 365
Total, Regiunea VEST, Anul 2006, Numar, 409
Total, Regiunea VEST, Anul 2007, Numar, 389
Total, Regiunea VEST, Anul 2008, Numar, 398
Total, Regiunea VEST, Anul 2009, Numar, 474
Total, Regiunea VEST, Anul 2010, Numar, 497
Total, Regiunea VEST, Anul 2011, Numar, 513
Total, Regiunea VEST, Anul 2012, Numar, 600
Total, Regiunea VEST, Anul 2013, Numar, 611
Total, Regiunea VEST, Anul 2014, Numar, 598
Total, Regiunea VEST, Anul 2015, Numar, 652
Total, Regiunea VEST, Anul 2016, Numar, 662
Total, Regiunea VEST, Anul 2017, Numar, 770
Total, Regiunea VEST, Anul 2018, Numar, 832
Total, Regiunea VEST, Anul 2019, Numar, 844
Total, Regiunea VEST, Anul 2020, Numar, 888
Total, Regiunea VEST, Anul 2021, Numar, 1012
Total, Regiunea VEST, Anul 2022, Numar, 1059
Total, Regiunea VEST, Anul 2023, Numar, 1073
Total, Regiunea VEST, Anul 2024, Numar, 1188
Total, Regiunea VEST, Anul 2025, Numar, 1240
Total, Arad, Anul 1990, Numar, 54
Total, Arad, Anul 1991, Numar, 42
Total, Arad, Anul 1992, Numar, 40
Total, Arad, Anul 1993, Numar, 29
Total, Arad, Anul 1994, Numar, 35
Total, Arad, Anul 1995, Numar, 47
Total, Arad, Anul 1996, Numar, 51
Total, Arad, Anul 1997, Numar, 54
Total, Arad, Anul 1998, Numar, 57
Total, Arad, Anul 1999, Numar, 57
Total, Arad, Anul 2000, Numar, 63
Total, Arad, Anul 2001, Numar, 66
Total, Arad, Anul 2002, Numar, 66
Total, Arad, Anul 2003, Numar, 68
Total, Arad, Anul 2004, Numar, 81
Total, Arad, Anul 2005, Numar, 85
Total, Arad, Anul 2006, Numar, 87
Total, Arad, Anul 2007, Numar, 88
Total, Arad, Anul 2008, Numar, 89
Total, Arad, Anul 2009, Numar, 122
Total, Arad, Anul 2010, Numar, 138
Total, Arad, Anul 2011, Numar, 139
Total, Arad, Anul 2012, Numar, 170
Total, Arad, Anul 2013, Numar, 169
Total, Arad, Anul 2014, Numar, 160
Total, Arad, Anul 2015, Numar, 145
Total, Arad, Anul 2016, Numar, 145
Total, Arad, Anul 2017, Numar, 140
Total, Arad, Anul 2018, Numar, 167
Total, Arad, Anul 2019, Numar, 157
Total, Arad, Anul 2020, Numar, 156
Total, Arad, Anul 2021, Numar, 162
Total, Arad, Anul 2022, Numar, 172
Total, Arad, Anul 2023, Numar, 167
Total, Arad, Anul 2024, Numar, 165
Total, Arad, Anul 2025, Numar, 187
Total, Caras-Severin, Anul 1990, Numar, 63
Total, Caras-Severin, Anul 1991, Numar, 46
Total, Caras-Severin, Anul 1992, Numar, 48
Total, Caras-Severin, Anul 1993, Numar, 50
Total, Caras-Severin, Anul 1994, Numar, 53
Total, Caras-Severin, Anul 1995, Numar, 55
Total, Caras-Severin, Anul 1996, Numar, 55
Total, Caras-Severin, Anul 1997, Numar, 58
Total, Caras-Severin, Anul 1998, Numar, 60
Total, Caras-Severin, Anul 1999, Numar, 67
Total, Caras-Severin, Anul 2000, Numar, 78
Total, Caras-Severin, Anul 2001, Numar, 86
Total, Caras-Severin, Anul 2002, Numar, 74
Total, Caras-Severin, Anul 2003, Numar, 78
Total, Caras-Severin, Anul 2004, Numar, 95
Total, Caras-Severin, Anul 2005, Numar, 102
Total, Caras-Severin, Anul 2006, Numar, 115
Total, Caras-Severin, Anul 2007, Numar, 118
Total, Caras-Severin, Anul 2008, Numar, 118
Total, Caras-Severin, Anul 2009, Numar, 144
Total, Caras-Severin, Anul 2010, Numar, 143
Total, Caras-Severin, Anul 2011, Numar, 149
Total, Caras-Severin, Anul 2012, Numar, 181
Total, Caras-Severin, Anul 2013, Numar, 186
Total, Caras-Severin, Anul 2014, Numar, 188
Total, Caras-Severin, Anul 2015, Numar, 231
Total, Caras-Severin, Anul 2016, Numar, 235
Total, Caras-Severin, Anul 2017, Numar, 241
Total, Caras-Severin, Anul 2018, Numar, 247
Total, Caras-Severin, Anul 2019, Numar, 244
Total, Caras-Severin, Anul 2020, Numar, 258
Total, Caras-Severin, Anul 2021, Numar, 316
Total, Caras-Severin, Anul 2022, Numar, 334
Total, Caras-Severin, Anul 2023, Numar, 337
Total, Caras-Severin, Anul 2024, Numar, 353
Total, Caras-Severin, Anul 2025, Numar, 354
Total, Hunedoara, Anul 1990, Numar, 71
Total, Hunedoara, Anul 1991, Numar, 62
Total, Hunedoara, Anul 1992, Numar, 76
Total, Hunedoara, Anul 1993, Numar, 67
Total, Hunedoara, Anul 1994, Numar, 67
Total, Hunedoara, Anul 1995, Numar, 66
Total, Hunedoara, Anul 1996, Numar, 65
Total, Hunedoara, Anul 1997, Numar, 68
Total, Hunedoara, Anul 1998, Numar, 71
Total, Hunedoara, Anul 1999, Numar, 70
Total, Hunedoara, Anul 2000, Numar, 68
Total, Hunedoara, Anul 2001, Numar, 72
Total, Hunedoara, Anul 2002, Numar, 73
Total, Hunedoara, Anul 2003, Numar, 85
Total, Hunedoara, Anul 2004, Numar, 87
Total, Hunedoara, Anul 2005, Numar, 87
Total, Hunedoara, Anul 2006, Numar, 101
Total, Hunedoara, Anul 2007, Numar, 81
Total, Hunedoara, Anul 2008, Numar, 87
Total, Hunedoara, Anul 2009, Numar, 93
Total, Hunedoara, Anul 2010, Numar, 94
Total, Hunedoara, Anul 2011, Numar, 94
Total, Hunedoara, Anul 2012, Numar, 96
Total, Hunedoara, Anul 2013, Numar, 93
Total, Hunedoara, Anul 2014, Numar, 99
Total, Hunedoara, Anul 2015, Numar, 108
Total, Hunedoara, Anul 2016, Numar, 125
Total, Hunedoara, Anul 2017, Numar, 217
Total, Hunedoara, Anul 2018, Numar, 243
Total, Hunedoara, Anul 2019, Numar, 274
Total, Hunedoara, Anul 2020, Numar, 313
Total, Hunedoara, Anul 2021, Numar, 371
Total, Hunedoara, Anul 2022, Numar, 403
Total, Hunedoara, Anul 2023, Numar, 424
Total, Hunedoara, Anul 2024, Numar, 473
Total, Hunedoara, Anul 2025, Numar, 521
Total, Timis, Anul 1990, Numar, 65
Total, Timis, Anul 1991, Numar, 56
Total, Timis, Anul 1992, Numar, 46
Total, Timis, Anul 1993, Numar, 58
Total, Timis, Anul 1994, Numar, 62
Total, Timis, Anul 1995, Numar, 64
Total, Timis, Anul 1996, Numar, 60
Total, Timis, Anul 1997, Numar, 63
Total, Timis, Anul 1998, Numar, 67
Total, Timis, Anul 1999, Numar, 56
Total, Timis, Anul 2000, Numar, 50
Total, Timis, Anul 2001, Numar, 81
Total, Timis, Anul 2002, Numar, 89
Total, Timis, Anul 2003, Numar, 95
Total, Timis, Anul 2004, Numar, 106
Total, Timis, Anul 2005, Numar, 91
Total, Timis, Anul 2006, Numar, 106
Total, Timis, Anul 2007, Numar, 102
Total, Timis, Anul 2008, Numar, 104
Total, Timis, Anul 2009, Numar, 115
Total, Timis, Anul 2010, Numar, 122
Total, Timis, Anul 2011, Numar, 131
Total, Timis, Anul 2012, Numar, 153
Total, Timis, Anul 2013, Numar, 163
Total, Timis, Anul 2014, Numar, 151
Total, Timis, Anul 2015, Numar, 168
Total, Timis, Anul 2016, Numar, 157
Total, Timis, Anul 2017, Numar, 172
Total, Timis, Anul 2018, Numar, 175
Total, Timis, Anul 2019, Numar, 169
Total, Timis, Anul 2020, Numar, 161
Total, Timis, Anul 2021, Numar, 163
Total, Timis, Anul 2022, Numar, 150
Total, Timis, Anul 2023, Numar, 145
Total, Timis, Anul 2024, Numar, 197
Total, Timis, Anul 2025, Numar, 178
