Categorii de unitati sanitare, Forme de proprietate , Macroregiuni  regiuni de dezvoltare si judete, Ani, UM: Numar, Valoare
Spitale, Total, TOTAL, Anul 1990, Numar, 423
Spitale, Total, TOTAL, Anul 1991, Numar, 427
Spitale, Total, TOTAL, Anul 1992, Numar, 430
Spitale, Total, TOTAL, Anul 1993, Numar, 433
Spitale, Total, TOTAL, Anul 1994, Numar, 415
Spitale, Total, TOTAL, Anul 1995, Numar, 412
Spitale, Total, TOTAL, Anul 1996, Numar, 413
Spitale, Total, TOTAL, Anul 1997, Numar, 418
Spitale, Total, TOTAL, Anul 1998, Numar, 416
Spitale, Total, TOTAL, Anul 1999, Numar, 428
Spitale, Total, TOTAL, Anul 2000, Numar, 442
Spitale, Total, TOTAL, Anul 2001, Numar, 446
Spitale, Total, TOTAL, Anul 2002, Numar, 447
Spitale, Total, TOTAL, Anul 2003, Numar, 427
Spitale, Total, TOTAL, Anul 2004, Numar, 425
Spitale, Total, TOTAL, Anul 2005, Numar, 433
Spitale, Total, TOTAL, Anul 2006, Numar, 436
Spitale, Total, TOTAL, Anul 2007, Numar, 447
Spitale, Total, TOTAL, Anul 2008, Numar, 458
Spitale, Total, TOTAL, Anul 2009, Numar, 474
Spitale, Total, TOTAL, Anul 2010, Numar, 503
Spitale, Total, TOTAL, Anul 2011, Numar, 464
Spitale, Total, TOTAL, Anul 2012, Numar, 473
Spitale, Total, TOTAL, Anul 2013, Numar, 499
Spitale, Total, TOTAL, Anul 2014, Numar, 527
Spitale, Total, TOTAL, Anul 2015, Numar, 554
Spitale, Total, TOTAL, Anul 2016, Numar, 567
Spitale, Total, TOTAL, Anul 2017, Numar, 576
Spitale, Total, TOTAL, Anul 2018, Numar, 515
Spitale, Total, TOTAL, Anul 2019, Numar, 523
Spitale, Total, TOTAL, Anul 2020, Numar, 527
Spitale, Total, TOTAL, Anul 2021, Numar, 535
Spitale, Total, TOTAL, Anul 2022, Numar, 544
Spitale, Total, TOTAL, Anul 2023, Numar, 554
Spitale, Total, TOTAL, Anul 2024, Numar, 558
Spitale, Total, MACROREGIUNEA UNU, Anul 1990, Numar, 109
Spitale, Total, MACROREGIUNEA UNU, Anul 1991, Numar, 109
Spitale, Total, MACROREGIUNEA UNU, Anul 1992, Numar, 109
Spitale, Total, MACROREGIUNEA UNU, Anul 1993, Numar, 109
Spitale, Total, MACROREGIUNEA UNU, Anul 1994, Numar, 106
Spitale, Total, MACROREGIUNEA UNU, Anul 1995, Numar, 103
Spitale, Total, MACROREGIUNEA UNU, Anul 1996, Numar, 105
Spitale, Total, MACROREGIUNEA UNU, Anul 1997, Numar, 107
Spitale, Total, MACROREGIUNEA UNU, Anul 1998, Numar, 107
Spitale, Total, MACROREGIUNEA UNU, Anul 1999, Numar, 109
Spitale, Total, MACROREGIUNEA UNU, Anul 2000, Numar, 115
Spitale, Total, MACROREGIUNEA UNU, Anul 2001, Numar, 116
Spitale, Total, MACROREGIUNEA UNU, Anul 2002, Numar, 116
Spitale, Total, MACROREGIUNEA UNU, Anul 2003, Numar, 110
Spitale, Total, MACROREGIUNEA UNU, Anul 2004, Numar, 110
Spitale, Total, MACROREGIUNEA UNU, Anul 2005, Numar, 112
Spitale, Total, MACROREGIUNEA UNU, Anul 2006, Numar, 113
Spitale, Total, MACROREGIUNEA UNU, Anul 2007, Numar, 117
Spitale, Total, MACROREGIUNEA UNU, Anul 2008, Numar, 124
Spitale, Total, MACROREGIUNEA UNU, Anul 2009, Numar, 129
Spitale, Total, MACROREGIUNEA UNU, Anul 2010, Numar, 134
Spitale, Total, MACROREGIUNEA UNU, Anul 2011, Numar, 127
Spitale, Total, MACROREGIUNEA UNU, Anul 2012, Numar, 129
Spitale, Total, MACROREGIUNEA UNU, Anul 2013, Numar, 139
Spitale, Total, MACROREGIUNEA UNU, Anul 2014, Numar, 147
Spitale, Total, MACROREGIUNEA UNU, Anul 2015, Numar, 152
Spitale, Total, MACROREGIUNEA UNU, Anul 2016, Numar, 153
Spitale, Total, MACROREGIUNEA UNU, Anul 2017, Numar, 154
Spitale, Total, MACROREGIUNEA UNU, Anul 2018, Numar, 148
Spitale, Total, MACROREGIUNEA UNU, Anul 2019, Numar, 148
Spitale, Total, MACROREGIUNEA UNU, Anul 2020, Numar, 149
Spitale, Total, MACROREGIUNEA UNU, Anul 2021, Numar, 151
Spitale, Total, MACROREGIUNEA UNU, Anul 2022, Numar, 154
Spitale, Total, MACROREGIUNEA UNU, Anul 2023, Numar, 159
Spitale, Total, MACROREGIUNEA UNU, Anul 2024, Numar, 161
Spitale, Total, Regiunea NORD-VEST, Anul 1990, Numar, 57
Spitale, Total, Regiunea NORD-VEST, Anul 1991, Numar, 57
Spitale, Total, Regiunea NORD-VEST, Anul 1992, Numar, 57
Spitale, Total, Regiunea NORD-VEST, Anul 1993, Numar, 57
Spitale, Total, Regiunea NORD-VEST, Anul 1994, Numar, 55
Spitale, Total, Regiunea NORD-VEST, Anul 1995, Numar, 54
Spitale, Total, Regiunea NORD-VEST, Anul 1996, Numar, 54
Spitale, Total, Regiunea NORD-VEST, Anul 1997, Numar, 54
Spitale, Total, Regiunea NORD-VEST, Anul 1998, Numar, 55
Spitale, Total, Regiunea NORD-VEST, Anul 1999, Numar, 55
Spitale, Total, Regiunea NORD-VEST, Anul 2000, Numar, 59
Spitale, Total, Regiunea NORD-VEST, Anul 2001, Numar, 60
Spitale, Total, Regiunea NORD-VEST, Anul 2002, Numar, 60
Spitale, Total, Regiunea NORD-VEST, Anul 2003, Numar, 60
Spitale, Total, Regiunea NORD-VEST, Anul 2004, Numar, 60
Spitale, Total, Regiunea NORD-VEST, Anul 2005, Numar, 61
Spitale, Total, Regiunea NORD-VEST, Anul 2006, Numar, 62
Spitale, Total, Regiunea NORD-VEST, Anul 2007, Numar, 64
Spitale, Total, Regiunea NORD-VEST, Anul 2008, Numar, 67
Spitale, Total, Regiunea NORD-VEST, Anul 2009, Numar, 69
Spitale, Total, Regiunea NORD-VEST, Anul 2010, Numar, 71
Spitale, Total, Regiunea NORD-VEST, Anul 2011, Numar, 69
Spitale, Total, Regiunea NORD-VEST, Anul 2012, Numar, 70
Spitale, Total, Regiunea NORD-VEST, Anul 2013, Numar, 74
Spitale, Total, Regiunea NORD-VEST, Anul 2014, Numar, 78
Spitale, Total, Regiunea NORD-VEST, Anul 2015, Numar, 81
Spitale, Total, Regiunea NORD-VEST, Anul 2016, Numar, 83
Spitale, Total, Regiunea NORD-VEST, Anul 2017, Numar, 84
Spitale, Total, Regiunea NORD-VEST, Anul 2018, Numar, 78
Spitale, Total, Regiunea NORD-VEST, Anul 2019, Numar, 79
Spitale, Total, Regiunea NORD-VEST, Anul 2020, Numar, 80
Spitale, Total, Regiunea NORD-VEST, Anul 2021, Numar, 79
Spitale, Total, Regiunea NORD-VEST, Anul 2022, Numar, 81
Spitale, Total, Regiunea NORD-VEST, Anul 2023, Numar, 85
Spitale, Total, Regiunea NORD-VEST, Anul 2024, Numar, 87
Spitale, Total, Bihor, Anul 1990, Numar, 17
Spitale, Total, Bihor, Anul 1991, Numar, 17
Spitale, Total, Bihor, Anul 1992, Numar, 16
Spitale, Total, Bihor, Anul 1993, Numar, 16
Spitale, Total, Bihor, Anul 1994, Numar, 16
Spitale, Total, Bihor, Anul 1995, Numar, 16
Spitale, Total, Bihor, Anul 1996, Numar, 16
Spitale, Total, Bihor, Anul 1997, Numar, 16
Spitale, Total, Bihor, Anul 1998, Numar, 16
Spitale, Total, Bihor, Anul 1999, Numar, 16
Spitale, Total, Bihor, Anul 2000, Numar, 17
Spitale, Total, Bihor, Anul 2001, Numar, 17
Spitale, Total, Bihor, Anul 2002, Numar, 17
Spitale, Total, Bihor, Anul 2003, Numar, 15
Spitale, Total, Bihor, Anul 2004, Numar, 15
Spitale, Total, Bihor, Anul 2005, Numar, 15
Spitale, Total, Bihor, Anul 2006, Numar, 15
Spitale, Total, Bihor, Anul 2007, Numar, 14
Spitale, Total, Bihor, Anul 2008, Numar, 15
Spitale, Total, Bihor, Anul 2009, Numar, 16
Spitale, Total, Bihor, Anul 2010, Numar, 16
Spitale, Total, Bihor, Anul 2011, Numar, 12
Spitale, Total, Bihor, Anul 2012, Numar, 13
Spitale, Total, Bihor, Anul 2013, Numar, 14
Spitale, Total, Bihor, Anul 2014, Numar, 14
Spitale, Total, Bihor, Anul 2015, Numar, 14
Spitale, Total, Bihor, Anul 2016, Numar, 14
Spitale, Total, Bihor, Anul 2017, Numar, 14
Spitale, Total, Bihor, Anul 2018, Numar, 14
Spitale, Total, Bihor, Anul 2019, Numar, 14
Spitale, Total, Bihor, Anul 2020, Numar, 14
Spitale, Total, Bihor, Anul 2021, Numar, 14
Spitale, Total, Bihor, Anul 2022, Numar, 13
Spitale, Total, Bihor, Anul 2023, Numar, 15
Spitale, Total, Bihor, Anul 2024, Numar, 16
Spitale, Total, Bistrita-Nasaud, Anul 1990, Numar, 3
Spitale, Total, Bistrita-Nasaud, Anul 1991, Numar, 3
Spitale, Total, Bistrita-Nasaud, Anul 1992, Numar, 3
Spitale, Total, Bistrita-Nasaud, Anul 1993, Numar, 3
Spitale, Total, Bistrita-Nasaud, Anul 1994, Numar, 3
Spitale, Total, Bistrita-Nasaud, Anul 1995, Numar, 3
Spitale, Total, Bistrita-Nasaud, Anul 1996, Numar, 3
Spitale, Total, Bistrita-Nasaud, Anul 1997, Numar, 3
Spitale, Total, Bistrita-Nasaud, Anul 1998, Numar, 3
Spitale, Total, Bistrita-Nasaud, Anul 1999, Numar, 3
Spitale, Total, Bistrita-Nasaud, Anul 2000, Numar, 3
Spitale, Total, Bistrita-Nasaud, Anul 2001, Numar, 3
Spitale, Total, Bistrita-Nasaud, Anul 2002, Numar, 3
Spitale, Total, Bistrita-Nasaud, Anul 2003, Numar, 3
Spitale, Total, Bistrita-Nasaud, Anul 2004, Numar, 3
Spitale, Total, Bistrita-Nasaud, Anul 2005, Numar, 3
Spitale, Total, Bistrita-Nasaud, Anul 2006, Numar, 3
Spitale, Total, Bistrita-Nasaud, Anul 2007, Numar, 4
Spitale, Total, Bistrita-Nasaud, Anul 2008, Numar, 4
Spitale, Total, Bistrita-Nasaud, Anul 2009, Numar, 4
Spitale, Total, Bistrita-Nasaud, Anul 2010, Numar, 4
Spitale, Total, Bistrita-Nasaud, Anul 2011, Numar, 4
Spitale, Total, Bistrita-Nasaud, Anul 2012, Numar, 4
Spitale, Total, Bistrita-Nasaud, Anul 2013, Numar, 4
Spitale, Total, Bistrita-Nasaud, Anul 2014, Numar, 4
Spitale, Total, Bistrita-Nasaud, Anul 2015, Numar, 4
Spitale, Total, Bistrita-Nasaud, Anul 2016, Numar, 4
Spitale, Total, Bistrita-Nasaud, Anul 2017, Numar, 4
Spitale, Total, Bistrita-Nasaud, Anul 2018, Numar, 4
Spitale, Total, Bistrita-Nasaud, Anul 2019, Numar, 4
Spitale, Total, Bistrita-Nasaud, Anul 2020, Numar, 4
Spitale, Total, Bistrita-Nasaud, Anul 2021, Numar, 4
Spitale, Total, Bistrita-Nasaud, Anul 2022, Numar, 4
Spitale, Total, Bistrita-Nasaud, Anul 2023, Numar, 4
Spitale, Total, Bistrita-Nasaud, Anul 2024, Numar, 4
Spitale, Total, Cluj, Anul 1990, Numar, 16
Spitale, Total, Cluj, Anul 1991, Numar, 16
Spitale, Total, Cluj, Anul 1992, Numar, 17
Spitale, Total, Cluj, Anul 1993, Numar, 17
Spitale, Total, Cluj, Anul 1994, Numar, 17
Spitale, Total, Cluj, Anul 1995, Numar, 16
Spitale, Total, Cluj, Anul 1996, Numar, 16
Spitale, Total, Cluj, Anul 1997, Numar, 16
Spitale, Total, Cluj, Anul 1998, Numar, 17
Spitale, Total, Cluj, Anul 1999, Numar, 17
Spitale, Total, Cluj, Anul 2000, Numar, 20
Spitale, Total, Cluj, Anul 2001, Numar, 21
Spitale, Total, Cluj, Anul 2002, Numar, 21
Spitale, Total, Cluj, Anul 2003, Numar, 22
Spitale, Total, Cluj, Anul 2004, Numar, 22
Spitale, Total, Cluj, Anul 2005, Numar, 23
Spitale, Total, Cluj, Anul 2006, Numar, 22
Spitale, Total, Cluj, Anul 2007, Numar, 24
Spitale, Total, Cluj, Anul 2008, Numar, 26
Spitale, Total, Cluj, Anul 2009, Numar, 26
Spitale, Total, Cluj, Anul 2010, Numar, 27
Spitale, Total, Cluj, Anul 2011, Numar, 32
Spitale, Total, Cluj, Anul 2012, Numar, 32
Spitale, Total, Cluj, Anul 2013, Numar, 34
Spitale, Total, Cluj, Anul 2014, Numar, 38
Spitale, Total, Cluj, Anul 2015, Numar, 40
Spitale, Total, Cluj, Anul 2016, Numar, 41
Spitale, Total, Cluj, Anul 2017, Numar, 42
Spitale, Total, Cluj, Anul 2018, Numar, 35
Spitale, Total, Cluj, Anul 2019, Numar, 36
Spitale, Total, Cluj, Anul 2020, Numar, 37
Spitale, Total, Cluj, Anul 2021, Numar, 36
Spitale, Total, Cluj, Anul 2022, Numar, 37
Spitale, Total, Cluj, Anul 2023, Numar, 38
Spitale, Total, Cluj, Anul 2024, Numar, 38
Spitale, Total, Maramures, Anul 1990, Numar, 10
Spitale, Total, Maramures, Anul 1991, Numar, 10
Spitale, Total, Maramures, Anul 1992, Numar, 10
Spitale, Total, Maramures, Anul 1993, Numar, 10
Spitale, Total, Maramures, Anul 1994, Numar, 9
Spitale, Total, Maramures, Anul 1995, Numar, 9
Spitale, Total, Maramures, Anul 1996, Numar, 9
Spitale, Total, Maramures, Anul 1997, Numar, 9
Spitale, Total, Maramures, Anul 1998, Numar, 9
Spitale, Total, Maramures, Anul 1999, Numar, 9
Spitale, Total, Maramures, Anul 2000, Numar, 9
Spitale, Total, Maramures, Anul 2001, Numar, 9
Spitale, Total, Maramures, Anul 2002, Numar, 9
Spitale, Total, Maramures, Anul 2003, Numar, 9
Spitale, Total, Maramures, Anul 2004, Numar, 9
Spitale, Total, Maramures, Anul 2005, Numar, 9
Spitale, Total, Maramures, Anul 2006, Numar, 11
Spitale, Total, Maramures, Anul 2007, Numar, 11
Spitale, Total, Maramures, Anul 2008, Numar, 11
Spitale, Total, Maramures, Anul 2009, Numar, 11
Spitale, Total, Maramures, Anul 2010, Numar, 11
Spitale, Total, Maramures, Anul 2011, Numar, 10
Spitale, Total, Maramures, Anul 2012, Numar, 10
Spitale, Total, Maramures, Anul 2013, Numar, 11
Spitale, Total, Maramures, Anul 2014, Numar, 11
Spitale, Total, Maramures, Anul 2015, Numar, 12
Spitale, Total, Maramures, Anul 2016, Numar, 12
Spitale, Total, Maramures, Anul 2017, Numar, 12
Spitale, Total, Maramures, Anul 2018, Numar, 13
Spitale, Total, Maramures, Anul 2019, Numar, 13
Spitale, Total, Maramures, Anul 2020, Numar, 13
Spitale, Total, Maramures, Anul 2021, Numar, 13
Spitale, Total, Maramures, Anul 2022, Numar, 15
Spitale, Total, Maramures, Anul 2023, Numar, 15
Spitale, Total, Maramures, Anul 2024, Numar, 16
Spitale, Total, Satu Mare, Anul 1990, Numar, 6
Spitale, Total, Satu Mare, Anul 1991, Numar, 6
Spitale, Total, Satu Mare, Anul 1992, Numar, 6
Spitale, Total, Satu Mare, Anul 1993, Numar, 6
Spitale, Total, Satu Mare, Anul 1994, Numar, 6
Spitale, Total, Satu Mare, Anul 1995, Numar, 6
Spitale, Total, Satu Mare, Anul 1996, Numar, 6
Spitale, Total, Satu Mare, Anul 1997, Numar, 6
Spitale, Total, Satu Mare, Anul 1998, Numar, 6
Spitale, Total, Satu Mare, Anul 1999, Numar, 6
Spitale, Total, Satu Mare, Anul 2000, Numar, 6
Spitale, Total, Satu Mare, Anul 2001, Numar, 6
Spitale, Total, Satu Mare, Anul 2002, Numar, 6
Spitale, Total, Satu Mare, Anul 2003, Numar, 6
Spitale, Total, Satu Mare, Anul 2004, Numar, 5
Spitale, Total, Satu Mare, Anul 2005, Numar, 5
Spitale, Total, Satu Mare, Anul 2006, Numar, 5
Spitale, Total, Satu Mare, Anul 2007, Numar, 5
Spitale, Total, Satu Mare, Anul 2008, Numar, 5
Spitale, Total, Satu Mare, Anul 2009, Numar, 5
Spitale, Total, Satu Mare, Anul 2010, Numar, 5
Spitale, Total, Satu Mare, Anul 2011, Numar, 5
Spitale, Total, Satu Mare, Anul 2012, Numar, 5
Spitale, Total, Satu Mare, Anul 2013, Numar, 5
Spitale, Total, Satu Mare, Anul 2014, Numar, 5
Spitale, Total, Satu Mare, Anul 2015, Numar, 5
Spitale, Total, Satu Mare, Anul 2016, Numar, 6
Spitale, Total, Satu Mare, Anul 2017, Numar, 6
Spitale, Total, Satu Mare, Anul 2018, Numar, 6
Spitale, Total, Satu Mare, Anul 2019, Numar, 6
Spitale, Total, Satu Mare, Anul 2020, Numar, 6
Spitale, Total, Satu Mare, Anul 2021, Numar, 6
Spitale, Total, Satu Mare, Anul 2022, Numar, 6
Spitale, Total, Satu Mare, Anul 2023, Numar, 7
Spitale, Total, Satu Mare, Anul 2024, Numar, 7
Spitale, Total, Salaj, Anul 1990, Numar, 5
Spitale, Total, Salaj, Anul 1991, Numar, 5
Spitale, Total, Salaj, Anul 1992, Numar, 5
Spitale, Total, Salaj, Anul 1993, Numar, 5
Spitale, Total, Salaj, Anul 1994, Numar, 4
Spitale, Total, Salaj, Anul 1995, Numar, 4
Spitale, Total, Salaj, Anul 1996, Numar, 4
Spitale, Total, Salaj, Anul 1997, Numar, 4
Spitale, Total, Salaj, Anul 1998, Numar, 4
Spitale, Total, Salaj, Anul 1999, Numar, 4
Spitale, Total, Salaj, Anul 2000, Numar, 4
Spitale, Total, Salaj, Anul 2001, Numar, 4
Spitale, Total, Salaj, Anul 2002, Numar, 4
Spitale, Total, Salaj, Anul 2003, Numar, 5
Spitale, Total, Salaj, Anul 2004, Numar, 6
Spitale, Total, Salaj, Anul 2005, Numar, 6
Spitale, Total, Salaj, Anul 2006, Numar, 6
Spitale, Total, Salaj, Anul 2007, Numar, 6
Spitale, Total, Salaj, Anul 2008, Numar, 6
Spitale, Total, Salaj, Anul 2009, Numar, 7
Spitale, Total, Salaj, Anul 2010, Numar, 8
Spitale, Total, Salaj, Anul 2011, Numar, 6
Spitale, Total, Salaj, Anul 2012, Numar, 6
Spitale, Total, Salaj, Anul 2013, Numar, 6
Spitale, Total, Salaj, Anul 2014, Numar, 6
Spitale, Total, Salaj, Anul 2015, Numar, 6
Spitale, Total, Salaj, Anul 2016, Numar, 6
Spitale, Total, Salaj, Anul 2017, Numar, 6
Spitale, Total, Salaj, Anul 2018, Numar, 6
Spitale, Total, Salaj, Anul 2019, Numar, 6
Spitale, Total, Salaj, Anul 2020, Numar, 6
Spitale, Total, Salaj, Anul 2021, Numar, 6
Spitale, Total, Salaj, Anul 2022, Numar, 6
Spitale, Total, Salaj, Anul 2023, Numar, 6
Spitale, Total, Salaj, Anul 2024, Numar, 6
Spitale, Total, Regiunea CENTRU, Anul 1990, Numar, 52
Spitale, Total, Regiunea CENTRU, Anul 1991, Numar, 52
Spitale, Total, Regiunea CENTRU, Anul 1992, Numar, 52
Spitale, Total, Regiunea CENTRU, Anul 1993, Numar, 52
Spitale, Total, Regiunea CENTRU, Anul 1994, Numar, 51
Spitale, Total, Regiunea CENTRU, Anul 1995, Numar, 49
Spitale, Total, Regiunea CENTRU, Anul 1996, Numar, 51
Spitale, Total, Regiunea CENTRU, Anul 1997, Numar, 53
Spitale, Total, Regiunea CENTRU, Anul 1998, Numar, 52
Spitale, Total, Regiunea CENTRU, Anul 1999, Numar, 54
Spitale, Total, Regiunea CENTRU, Anul 2000, Numar, 56
Spitale, Total, Regiunea CENTRU, Anul 2001, Numar, 56
Spitale, Total, Regiunea CENTRU, Anul 2002, Numar, 56
Spitale, Total, Regiunea CENTRU, Anul 2003, Numar, 50
Spitale, Total, Regiunea CENTRU, Anul 2004, Numar, 50
Spitale, Total, Regiunea CENTRU, Anul 2005, Numar, 51
Spitale, Total, Regiunea CENTRU, Anul 2006, Numar, 51
Spitale, Total, Regiunea CENTRU, Anul 2007, Numar, 53
Spitale, Total, Regiunea CENTRU, Anul 2008, Numar, 57
Spitale, Total, Regiunea CENTRU, Anul 2009, Numar, 60
Spitale, Total, Regiunea CENTRU, Anul 2010, Numar, 63
Spitale, Total, Regiunea CENTRU, Anul 2011, Numar, 58
Spitale, Total, Regiunea CENTRU, Anul 2012, Numar, 59
Spitale, Total, Regiunea CENTRU, Anul 2013, Numar, 65
Spitale, Total, Regiunea CENTRU, Anul 2014, Numar, 69
Spitale, Total, Regiunea CENTRU, Anul 2015, Numar, 71
Spitale, Total, Regiunea CENTRU, Anul 2016, Numar, 70
Spitale, Total, Regiunea CENTRU, Anul 2017, Numar, 70
Spitale, Total, Regiunea CENTRU, Anul 2018, Numar, 70
Spitale, Total, Regiunea CENTRU, Anul 2019, Numar, 69
Spitale, Total, Regiunea CENTRU, Anul 2020, Numar, 69
Spitale, Total, Regiunea CENTRU, Anul 2021, Numar, 72
Spitale, Total, Regiunea CENTRU, Anul 2022, Numar, 73
Spitale, Total, Regiunea CENTRU, Anul 2023, Numar, 74
Spitale, Total, Regiunea CENTRU, Anul 2024, Numar, 74
Spitale, Total, Alba, Anul 1990, Numar, 10
Spitale, Total, Alba, Anul 1991, Numar, 10
Spitale, Total, Alba, Anul 1992, Numar, 10
Spitale, Total, Alba, Anul 1993, Numar, 10
Spitale, Total, Alba, Anul 1994, Numar, 9
Spitale, Total, Alba, Anul 1995, Numar, 9
Spitale, Total, Alba, Anul 1996, Numar, 10
Spitale, Total, Alba, Anul 1997, Numar, 10
Spitale, Total, Alba, Anul 1998, Numar, 10
Spitale, Total, Alba, Anul 1999, Numar, 10
Spitale, Total, Alba, Anul 2000, Numar, 10
Spitale, Total, Alba, Anul 2001, Numar, 10
Spitale, Total, Alba, Anul 2002, Numar, 10
Spitale, Total, Alba, Anul 2003, Numar, 9
Spitale, Total, Alba, Anul 2004, Numar, 9
Spitale, Total, Alba, Anul 2005, Numar, 10
Spitale, Total, Alba, Anul 2006, Numar, 10
Spitale, Total, Alba, Anul 2007, Numar, 10
Spitale, Total, Alba, Anul 2008, Numar, 10
Spitale, Total, Alba, Anul 2009, Numar, 10
Spitale, Total, Alba, Anul 2010, Numar, 10
Spitale, Total, Alba, Anul 2011, Numar, 9
Spitale, Total, Alba, Anul 2012, Numar, 9
Spitale, Total, Alba, Anul 2013, Numar, 10
Spitale, Total, Alba, Anul 2014, Numar, 11
Spitale, Total, Alba, Anul 2015, Numar, 11
Spitale, Total, Alba, Anul 2016, Numar, 10
Spitale, Total, Alba, Anul 2017, Numar, 10
Spitale, Total, Alba, Anul 2018, Numar, 11
Spitale, Total, Alba, Anul 2019, Numar, 11
Spitale, Total, Alba, Anul 2020, Numar, 11
Spitale, Total, Alba, Anul 2021, Numar, 11
Spitale, Total, Alba, Anul 2022, Numar, 11
Spitale, Total, Alba, Anul 2023, Numar, 11
Spitale, Total, Alba, Anul 2024, Numar, 11
Spitale, Total, Brasov, Anul 1990, Numar, 13
Spitale, Total, Brasov, Anul 1991, Numar, 13
Spitale, Total, Brasov, Anul 1992, Numar, 13
Spitale, Total, Brasov, Anul 1993, Numar, 13
Spitale, Total, Brasov, Anul 1994, Numar, 13
Spitale, Total, Brasov, Anul 1995, Numar, 13
Spitale, Total, Brasov, Anul 1996, Numar, 13
Spitale, Total, Brasov, Anul 1997, Numar, 14
Spitale, Total, Brasov, Anul 1998, Numar, 14
Spitale, Total, Brasov, Anul 1999, Numar, 14
Spitale, Total, Brasov, Anul 2000, Numar, 15
Spitale, Total, Brasov, Anul 2001, Numar, 15
Spitale, Total, Brasov, Anul 2002, Numar, 15
Spitale, Total, Brasov, Anul 2003, Numar, 14
Spitale, Total, Brasov, Anul 2004, Numar, 14
Spitale, Total, Brasov, Anul 2005, Numar, 14
Spitale, Total, Brasov, Anul 2006, Numar, 14
Spitale, Total, Brasov, Anul 2007, Numar, 14
Spitale, Total, Brasov, Anul 2008, Numar, 17
Spitale, Total, Brasov, Anul 2009, Numar, 19
Spitale, Total, Brasov, Anul 2010, Numar, 17
Spitale, Total, Brasov, Anul 2011, Numar, 17
Spitale, Total, Brasov, Anul 2012, Numar, 17
Spitale, Total, Brasov, Anul 2013, Numar, 20
Spitale, Total, Brasov, Anul 2014, Numar, 23
Spitale, Total, Brasov, Anul 2015, Numar, 25
Spitale, Total, Brasov, Anul 2016, Numar, 25
Spitale, Total, Brasov, Anul 2017, Numar, 26
Spitale, Total, Brasov, Anul 2018, Numar, 25
Spitale, Total, Brasov, Anul 2019, Numar, 25
Spitale, Total, Brasov, Anul 2020, Numar, 24
Spitale, Total, Brasov, Anul 2021, Numar, 24
Spitale, Total, Brasov, Anul 2022, Numar, 23
Spitale, Total, Brasov, Anul 2023, Numar, 22
Spitale, Total, Brasov, Anul 2024, Numar, 21
Spitale, Total, Covasna, Anul 1990, Numar, 6
Spitale, Total, Covasna, Anul 1991, Numar, 6
Spitale, Total, Covasna, Anul 1992, Numar, 6
Spitale, Total, Covasna, Anul 1993, Numar, 6
Spitale, Total, Covasna, Anul 1994, Numar, 6
Spitale, Total, Covasna, Anul 1995, Numar, 6
Spitale, Total, Covasna, Anul 1996, Numar, 6
Spitale, Total, Covasna, Anul 1997, Numar, 6
Spitale, Total, Covasna, Anul 1998, Numar, 6
Spitale, Total, Covasna, Anul 1999, Numar, 7
Spitale, Total, Covasna, Anul 2000, Numar, 7
Spitale, Total, Covasna, Anul 2001, Numar, 7
Spitale, Total, Covasna, Anul 2002, Numar, 7
Spitale, Total, Covasna, Anul 2003, Numar, 6
Spitale, Total, Covasna, Anul 2004, Numar, 6
Spitale, Total, Covasna, Anul 2005, Numar, 6
Spitale, Total, Covasna, Anul 2006, Numar, 7
Spitale, Total, Covasna, Anul 2007, Numar, 7
Spitale, Total, Covasna, Anul 2008, Numar, 7
Spitale, Total, Covasna, Anul 2009, Numar, 7
Spitale, Total, Covasna, Anul 2010, Numar, 7
Spitale, Total, Covasna, Anul 2011, Numar, 5
Spitale, Total, Covasna, Anul 2012, Numar, 5
Spitale, Total, Covasna, Anul 2013, Numar, 5
Spitale, Total, Covasna, Anul 2014, Numar, 5
Spitale, Total, Covasna, Anul 2015, Numar, 5
Spitale, Total, Covasna, Anul 2016, Numar, 4
Spitale, Total, Covasna, Anul 2017, Numar, 4
Spitale, Total, Covasna, Anul 2018, Numar, 4
Spitale, Total, Covasna, Anul 2019, Numar, 4
Spitale, Total, Covasna, Anul 2020, Numar, 4
Spitale, Total, Covasna, Anul 2021, Numar, 4
Spitale, Total, Covasna, Anul 2022, Numar, 4
Spitale, Total, Covasna, Anul 2023, Numar, 4
Spitale, Total, Covasna, Anul 2024, Numar, 4
Spitale, Total, Harghita, Anul 1990, Numar, 7
Spitale, Total, Harghita, Anul 1991, Numar, 7
Spitale, Total, Harghita, Anul 1992, Numar, 7
Spitale, Total, Harghita, Anul 1993, Numar, 7
Spitale, Total, Harghita, Anul 1994, Numar, 7
Spitale, Total, Harghita, Anul 1995, Numar, 7
Spitale, Total, Harghita, Anul 1996, Numar, 7
Spitale, Total, Harghita, Anul 1997, Numar, 7
Spitale, Total, Harghita, Anul 1998, Numar, 7
Spitale, Total, Harghita, Anul 1999, Numar, 7
Spitale, Total, Harghita, Anul 2000, Numar, 7
Spitale, Total, Harghita, Anul 2001, Numar, 7
Spitale, Total, Harghita, Anul 2002, Numar, 7
Spitale, Total, Harghita, Anul 2003, Numar, 5
Spitale, Total, Harghita, Anul 2004, Numar, 5
Spitale, Total, Harghita, Anul 2005, Numar, 5
Spitale, Total, Harghita, Anul 2006, Numar, 5
Spitale, Total, Harghita, Anul 2007, Numar, 5
Spitale, Total, Harghita, Anul 2008, Numar, 5
Spitale, Total, Harghita, Anul 2009, Numar, 5
Spitale, Total, Harghita, Anul 2010, Numar, 5
Spitale, Total, Harghita, Anul 2011, Numar, 5
Spitale, Total, Harghita, Anul 2012, Numar, 5
Spitale, Total, Harghita, Anul 2013, Numar, 5
Spitale, Total, Harghita, Anul 2014, Numar, 5
Spitale, Total, Harghita, Anul 2015, Numar, 5
Spitale, Total, Harghita, Anul 2016, Numar, 5
Spitale, Total, Harghita, Anul 2017, Numar, 5
Spitale, Total, Harghita, Anul 2018, Numar, 5
Spitale, Total, Harghita, Anul 2019, Numar, 5
Spitale, Total, Harghita, Anul 2020, Numar, 5
Spitale, Total, Harghita, Anul 2021, Numar, 5
Spitale, Total, Harghita, Anul 2022, Numar, 7
Spitale, Total, Harghita, Anul 2023, Numar, 7
Spitale, Total, Harghita, Anul 2024, Numar, 7
Spitale, Total, Mures, Anul 1990, Numar, 8
Spitale, Total, Mures, Anul 1991, Numar, 8
Spitale, Total, Mures, Anul 1992, Numar, 8
Spitale, Total, Mures, Anul 1993, Numar, 8
Spitale, Total, Mures, Anul 1994, Numar, 8
Spitale, Total, Mures, Anul 1995, Numar, 6
Spitale, Total, Mures, Anul 1996, Numar, 7
Spitale, Total, Mures, Anul 1997, Numar, 8
Spitale, Total, Mures, Anul 1998, Numar, 7
Spitale, Total, Mures, Anul 1999, Numar, 7
Spitale, Total, Mures, Anul 2000, Numar, 7
Spitale, Total, Mures, Anul 2001, Numar, 7
Spitale, Total, Mures, Anul 2002, Numar, 7
Spitale, Total, Mures, Anul 2003, Numar, 6
Spitale, Total, Mures, Anul 2004, Numar, 6
Spitale, Total, Mures, Anul 2005, Numar, 6
Spitale, Total, Mures, Anul 2006, Numar, 6
Spitale, Total, Mures, Anul 2007, Numar, 8
Spitale, Total, Mures, Anul 2008, Numar, 9
Spitale, Total, Mures, Anul 2009, Numar, 9
Spitale, Total, Mures, Anul 2010, Numar, 14
Spitale, Total, Mures, Anul 2011, Numar, 13
Spitale, Total, Mures, Anul 2012, Numar, 13
Spitale, Total, Mures, Anul 2013, Numar, 15
Spitale, Total, Mures, Anul 2014, Numar, 15
Spitale, Total, Mures, Anul 2015, Numar, 15
Spitale, Total, Mures, Anul 2016, Numar, 16
Spitale, Total, Mures, Anul 2017, Numar, 15
Spitale, Total, Mures, Anul 2018, Numar, 15
Spitale, Total, Mures, Anul 2019, Numar, 14
Spitale, Total, Mures, Anul 2020, Numar, 15
Spitale, Total, Mures, Anul 2021, Numar, 16
Spitale, Total, Mures, Anul 2022, Numar, 16
Spitale, Total, Mures, Anul 2023, Numar, 18
Spitale, Total, Mures, Anul 2024, Numar, 19
Spitale, Total, Sibiu, Anul 1990, Numar, 8
Spitale, Total, Sibiu, Anul 1991, Numar, 8
Spitale, Total, Sibiu, Anul 1992, Numar, 8
Spitale, Total, Sibiu, Anul 1993, Numar, 8
Spitale, Total, Sibiu, Anul 1994, Numar, 8
Spitale, Total, Sibiu, Anul 1995, Numar, 8
Spitale, Total, Sibiu, Anul 1996, Numar, 8
Spitale, Total, Sibiu, Anul 1997, Numar, 8
Spitale, Total, Sibiu, Anul 1998, Numar, 8
Spitale, Total, Sibiu, Anul 1999, Numar, 9
Spitale, Total, Sibiu, Anul 2000, Numar, 10
Spitale, Total, Sibiu, Anul 2001, Numar, 10
Spitale, Total, Sibiu, Anul 2002, Numar, 10
Spitale, Total, Sibiu, Anul 2003, Numar, 10
Spitale, Total, Sibiu, Anul 2004, Numar, 10
Spitale, Total, Sibiu, Anul 2005, Numar, 10
Spitale, Total, Sibiu, Anul 2006, Numar, 9
Spitale, Total, Sibiu, Anul 2007, Numar, 9
Spitale, Total, Sibiu, Anul 2008, Numar, 9
Spitale, Total, Sibiu, Anul 2009, Numar, 10
Spitale, Total, Sibiu, Anul 2010, Numar, 10
Spitale, Total, Sibiu, Anul 2011, Numar, 9
Spitale, Total, Sibiu, Anul 2012, Numar, 10
Spitale, Total, Sibiu, Anul 2013, Numar, 10
Spitale, Total, Sibiu, Anul 2014, Numar, 10
Spitale, Total, Sibiu, Anul 2015, Numar, 10
Spitale, Total, Sibiu, Anul 2016, Numar, 10
Spitale, Total, Sibiu, Anul 2017, Numar, 10
Spitale, Total, Sibiu, Anul 2018, Numar, 10
Spitale, Total, Sibiu, Anul 2019, Numar, 10
Spitale, Total, Sibiu, Anul 2020, Numar, 10
Spitale, Total, Sibiu, Anul 2021, Numar, 12
Spitale, Total, Sibiu, Anul 2022, Numar, 12
Spitale, Total, Sibiu, Anul 2023, Numar, 12
Spitale, Total, Sibiu, Anul 2024, Numar, 12
Spitale, Total, MACROREGIUNEA DOI, Anul 1990, Numar, 107
Spitale, Total, MACROREGIUNEA DOI, Anul 1991, Numar, 108
Spitale, Total, MACROREGIUNEA DOI, Anul 1992, Numar, 108
Spitale, Total, MACROREGIUNEA DOI, Anul 1993, Numar, 108
Spitale, Total, MACROREGIUNEA DOI, Anul 1994, Numar, 104
Spitale, Total, MACROREGIUNEA DOI, Anul 1995, Numar, 105
Spitale, Total, MACROREGIUNEA DOI, Anul 1996, Numar, 104
Spitale, Total, MACROREGIUNEA DOI, Anul 1997, Numar, 106
Spitale, Total, MACROREGIUNEA DOI, Anul 1998, Numar, 106
Spitale, Total, MACROREGIUNEA DOI, Anul 1999, Numar, 111
Spitale, Total, MACROREGIUNEA DOI, Anul 2000, Numar, 113
Spitale, Total, MACROREGIUNEA DOI, Anul 2001, Numar, 114
Spitale, Total, MACROREGIUNEA DOI, Anul 2002, Numar, 114
Spitale, Total, MACROREGIUNEA DOI, Anul 2003, Numar, 112
Spitale, Total, MACROREGIUNEA DOI, Anul 2004, Numar, 111
Spitale, Total, MACROREGIUNEA DOI, Anul 2005, Numar, 113
Spitale, Total, MACROREGIUNEA DOI, Anul 2006, Numar, 114
Spitale, Total, MACROREGIUNEA DOI, Anul 2007, Numar, 115
Spitale, Total, MACROREGIUNEA DOI, Anul 2008, Numar, 118
Spitale, Total, MACROREGIUNEA DOI, Anul 2009, Numar, 121
Spitale, Total, MACROREGIUNEA DOI, Anul 2010, Numar, 126
Spitale, Total, MACROREGIUNEA DOI, Anul 2011, Numar, 113
Spitale, Total, MACROREGIUNEA DOI, Anul 2012, Numar, 116
Spitale, Total, MACROREGIUNEA DOI, Anul 2013, Numar, 125
Spitale, Total, MACROREGIUNEA DOI, Anul 2014, Numar, 138
Spitale, Total, MACROREGIUNEA DOI, Anul 2015, Numar, 148
Spitale, Total, MACROREGIUNEA DOI, Anul 2016, Numar, 152
Spitale, Total, MACROREGIUNEA DOI, Anul 2017, Numar, 152
Spitale, Total, MACROREGIUNEA DOI, Anul 2018, Numar, 124
Spitale, Total, MACROREGIUNEA DOI, Anul 2019, Numar, 125
Spitale, Total, MACROREGIUNEA DOI, Anul 2020, Numar, 127
Spitale, Total, MACROREGIUNEA DOI, Anul 2021, Numar, 130
Spitale, Total, MACROREGIUNEA DOI, Anul 2022, Numar, 130
Spitale, Total, MACROREGIUNEA DOI, Anul 2023, Numar, 131
Spitale, Total, MACROREGIUNEA DOI, Anul 2024, Numar, 133
Spitale, Total, Regiunea NORD-EST, Anul 1990, Numar, 59
Spitale, Total, Regiunea NORD-EST, Anul 1991, Numar, 60
Spitale, Total, Regiunea NORD-EST, Anul 1992, Numar, 60
Spitale, Total, Regiunea NORD-EST, Anul 1993, Numar, 61
Spitale, Total, Regiunea NORD-EST, Anul 1994, Numar, 60
Spitale, Total, Regiunea NORD-EST, Anul 1995, Numar, 61
Spitale, Total, Regiunea NORD-EST, Anul 1996, Numar, 60
Spitale, Total, Regiunea NORD-EST, Anul 1997, Numar, 61
Spitale, Total, Regiunea NORD-EST, Anul 1998, Numar, 61
Spitale, Total, Regiunea NORD-EST, Anul 1999, Numar, 63
Spitale, Total, Regiunea NORD-EST, Anul 2000, Numar, 63
Spitale, Total, Regiunea NORD-EST, Anul 2001, Numar, 64
Spitale, Total, Regiunea NORD-EST, Anul 2002, Numar, 64
Spitale, Total, Regiunea NORD-EST, Anul 2003, Numar, 65
Spitale, Total, Regiunea NORD-EST, Anul 2004, Numar, 64
Spitale, Total, Regiunea NORD-EST, Anul 2005, Numar, 66
Spitale, Total, Regiunea NORD-EST, Anul 2006, Numar, 67
Spitale, Total, Regiunea NORD-EST, Anul 2007, Numar, 67
Spitale, Total, Regiunea NORD-EST, Anul 2008, Numar, 67
Spitale, Total, Regiunea NORD-EST, Anul 2009, Numar, 68
Spitale, Total, Regiunea NORD-EST, Anul 2010, Numar, 72
Spitale, Total, Regiunea NORD-EST, Anul 2011, Numar, 64
Spitale, Total, Regiunea NORD-EST, Anul 2012, Numar, 66
Spitale, Total, Regiunea NORD-EST, Anul 2013, Numar, 73
Spitale, Total, Regiunea NORD-EST, Anul 2014, Numar, 81
Spitale, Total, Regiunea NORD-EST, Anul 2015, Numar, 87
Spitale, Total, Regiunea NORD-EST, Anul 2016, Numar, 89
Spitale, Total, Regiunea NORD-EST, Anul 2017, Numar, 86
Spitale, Total, Regiunea NORD-EST, Anul 2018, Numar, 69
Spitale, Total, Regiunea NORD-EST, Anul 2019, Numar, 70
Spitale, Total, Regiunea NORD-EST, Anul 2020, Numar, 72
Spitale, Total, Regiunea NORD-EST, Anul 2021, Numar, 74
Spitale, Total, Regiunea NORD-EST, Anul 2022, Numar, 75
Spitale, Total, Regiunea NORD-EST, Anul 2023, Numar, 76
Spitale, Total, Regiunea NORD-EST, Anul 2024, Numar, 78
Spitale, Total, Bacau, Anul 1990, Numar, 8
Spitale, Total, Bacau, Anul 1991, Numar, 8
Spitale, Total, Bacau, Anul 1992, Numar, 8
Spitale, Total, Bacau, Anul 1993, Numar, 8
Spitale, Total, Bacau, Anul 1994, Numar, 7
Spitale, Total, Bacau, Anul 1995, Numar, 8
Spitale, Total, Bacau, Anul 1996, Numar, 8
Spitale, Total, Bacau, Anul 1997, Numar, 8
Spitale, Total, Bacau, Anul 1998, Numar, 8
Spitale, Total, Bacau, Anul 1999, Numar, 8
Spitale, Total, Bacau, Anul 2000, Numar, 8
Spitale, Total, Bacau, Anul 2001, Numar, 10
Spitale, Total, Bacau, Anul 2002, Numar, 10
Spitale, Total, Bacau, Anul 2003, Numar, 10
Spitale, Total, Bacau, Anul 2004, Numar, 10
Spitale, Total, Bacau, Anul 2005, Numar, 10
Spitale, Total, Bacau, Anul 2006, Numar, 12
Spitale, Total, Bacau, Anul 2007, Numar, 12
Spitale, Total, Bacau, Anul 2008, Numar, 12
Spitale, Total, Bacau, Anul 2009, Numar, 12
Spitale, Total, Bacau, Anul 2010, Numar, 13
Spitale, Total, Bacau, Anul 2011, Numar, 13
Spitale, Total, Bacau, Anul 2012, Numar, 13
Spitale, Total, Bacau, Anul 2013, Numar, 17
Spitale, Total, Bacau, Anul 2014, Numar, 21
Spitale, Total, Bacau, Anul 2015, Numar, 25
Spitale, Total, Bacau, Anul 2016, Numar, 28
Spitale, Total, Bacau, Anul 2017, Numar, 25
Spitale, Total, Bacau, Anul 2018, Numar, 14
Spitale, Total, Bacau, Anul 2019, Numar, 14
Spitale, Total, Bacau, Anul 2020, Numar, 16
Spitale, Total, Bacau, Anul 2021, Numar, 16
Spitale, Total, Bacau, Anul 2022, Numar, 16
Spitale, Total, Bacau, Anul 2023, Numar, 16
Spitale, Total, Bacau, Anul 2024, Numar, 17
Spitale, Total, Botosani, Anul 1990, Numar, 7
Spitale, Total, Botosani, Anul 1991, Numar, 7
Spitale, Total, Botosani, Anul 1992, Numar, 7
Spitale, Total, Botosani, Anul 1993, Numar, 9
Spitale, Total, Botosani, Anul 1994, Numar, 10
Spitale, Total, Botosani, Anul 1995, Numar, 10
Spitale, Total, Botosani, Anul 1996, Numar, 10
Spitale, Total, Botosani, Anul 1997, Numar, 10
Spitale, Total, Botosani, Anul 1998, Numar, 10
Spitale, Total, Botosani, Anul 1999, Numar, 10
Spitale, Total, Botosani, Anul 2000, Numar, 10
Spitale, Total, Botosani, Anul 2001, Numar, 10
Spitale, Total, Botosani, Anul 2002, Numar, 11
Spitale, Total, Botosani, Anul 2003, Numar, 11
Spitale, Total, Botosani, Anul 2004, Numar, 11
Spitale, Total, Botosani, Anul 2005, Numar, 11
Spitale, Total, Botosani, Anul 2006, Numar, 10
Spitale, Total, Botosani, Anul 2007, Numar, 10
Spitale, Total, Botosani, Anul 2008, Numar, 10
Spitale, Total, Botosani, Anul 2009, Numar, 10
Spitale, Total, Botosani, Anul 2010, Numar, 10
Spitale, Total, Botosani, Anul 2011, Numar, 7
Spitale, Total, Botosani, Anul 2012, Numar, 4
Spitale, Total, Botosani, Anul 2013, Numar, 4
Spitale, Total, Botosani, Anul 2014, Numar, 4
Spitale, Total, Botosani, Anul 2015, Numar, 4
Spitale, Total, Botosani, Anul 2016, Numar, 4
Spitale, Total, Botosani, Anul 2017, Numar, 4
Spitale, Total, Botosani, Anul 2018, Numar, 4
Spitale, Total, Botosani, Anul 2019, Numar, 4
Spitale, Total, Botosani, Anul 2020, Numar, 4
Spitale, Total, Botosani, Anul 2021, Numar, 4
Spitale, Total, Botosani, Anul 2022, Numar, 4
Spitale, Total, Botosani, Anul 2023, Numar, 4
Spitale, Total, Botosani, Anul 2024, Numar, 5
Spitale, Total, Iasi, Anul 1990, Numar, 20
Spitale, Total, Iasi, Anul 1991, Numar, 21
Spitale, Total, Iasi, Anul 1992, Numar, 21
Spitale, Total, Iasi, Anul 1993, Numar, 21
Spitale, Total, Iasi, Anul 1994, Numar, 21
Spitale, Total, Iasi, Anul 1995, Numar, 20
Spitale, Total, Iasi, Anul 1996, Numar, 19
Spitale, Total, Iasi, Anul 1997, Numar, 20
Spitale, Total, Iasi, Anul 1998, Numar, 20
Spitale, Total, Iasi, Anul 1999, Numar, 21
Spitale, Total, Iasi, Anul 2000, Numar, 22
Spitale, Total, Iasi, Anul 2001, Numar, 21
Spitale, Total, Iasi, Anul 2002, Numar, 20
Spitale, Total, Iasi, Anul 2003, Numar, 20
Spitale, Total, Iasi, Anul 2004, Numar, 20
Spitale, Total, Iasi, Anul 2005, Numar, 20
Spitale, Total, Iasi, Anul 2006, Numar, 20
Spitale, Total, Iasi, Anul 2007, Numar, 20
Spitale, Total, Iasi, Anul 2008, Numar, 20
Spitale, Total, Iasi, Anul 2009, Numar, 21
Spitale, Total, Iasi, Anul 2010, Numar, 24
Spitale, Total, Iasi, Anul 2011, Numar, 25
Spitale, Total, Iasi, Anul 2012, Numar, 30
Spitale, Total, Iasi, Anul 2013, Numar, 33
Spitale, Total, Iasi, Anul 2014, Numar, 36
Spitale, Total, Iasi, Anul 2015, Numar, 36
Spitale, Total, Iasi, Anul 2016, Numar, 35
Spitale, Total, Iasi, Anul 2017, Numar, 35
Spitale, Total, Iasi, Anul 2018, Numar, 27
Spitale, Total, Iasi, Anul 2019, Numar, 27
Spitale, Total, Iasi, Anul 2020, Numar, 27
Spitale, Total, Iasi, Anul 2021, Numar, 29
Spitale, Total, Iasi, Anul 2022, Numar, 29
Spitale, Total, Iasi, Anul 2023, Numar, 30
Spitale, Total, Iasi, Anul 2024, Numar, 30
Spitale, Total, Neamt, Anul 1990, Numar, 6
Spitale, Total, Neamt, Anul 1991, Numar, 6
Spitale, Total, Neamt, Anul 1992, Numar, 6
Spitale, Total, Neamt, Anul 1993, Numar, 6
Spitale, Total, Neamt, Anul 1994, Numar, 5
Spitale, Total, Neamt, Anul 1995, Numar, 5
Spitale, Total, Neamt, Anul 1996, Numar, 5
Spitale, Total, Neamt, Anul 1997, Numar, 5
Spitale, Total, Neamt, Anul 1998, Numar, 5
Spitale, Total, Neamt, Anul 1999, Numar, 5
Spitale, Total, Neamt, Anul 2000, Numar, 5
Spitale, Total, Neamt, Anul 2001, Numar, 5
Spitale, Total, Neamt, Anul 2002, Numar, 5
Spitale, Total, Neamt, Anul 2003, Numar, 5
Spitale, Total, Neamt, Anul 2004, Numar, 6
Spitale, Total, Neamt, Anul 2005, Numar, 7
Spitale, Total, Neamt, Anul 2006, Numar, 7
Spitale, Total, Neamt, Anul 2007, Numar, 7
Spitale, Total, Neamt, Anul 2008, Numar, 7
Spitale, Total, Neamt, Anul 2009, Numar, 7
Spitale, Total, Neamt, Anul 2010, Numar, 7
Spitale, Total, Neamt, Anul 2011, Numar, 5
Spitale, Total, Neamt, Anul 2012, Numar, 5
Spitale, Total, Neamt, Anul 2013, Numar, 5
Spitale, Total, Neamt, Anul 2014, Numar, 5
Spitale, Total, Neamt, Anul 2015, Numar, 5
Spitale, Total, Neamt, Anul 2016, Numar, 5
Spitale, Total, Neamt, Anul 2017, Numar, 5
Spitale, Total, Neamt, Anul 2018, Numar, 7
Spitale, Total, Neamt, Anul 2019, Numar, 7
Spitale, Total, Neamt, Anul 2020, Numar, 7
Spitale, Total, Neamt, Anul 2021, Numar, 7
Spitale, Total, Neamt, Anul 2022, Numar, 7
Spitale, Total, Neamt, Anul 2023, Numar, 7
Spitale, Total, Neamt, Anul 2024, Numar, 7
Spitale, Total, Suceava, Anul 1990, Numar, 8
Spitale, Total, Suceava, Anul 1991, Numar, 8
Spitale, Total, Suceava, Anul 1992, Numar, 8
Spitale, Total, Suceava, Anul 1993, Numar, 8
Spitale, Total, Suceava, Anul 1994, Numar, 8
Spitale, Total, Suceava, Anul 1995, Numar, 9
Spitale, Total, Suceava, Anul 1996, Numar, 9
Spitale, Total, Suceava, Anul 1997, Numar, 9
Spitale, Total, Suceava, Anul 1998, Numar, 9
Spitale, Total, Suceava, Anul 1999, Numar, 10
Spitale, Total, Suceava, Anul 2000, Numar, 9
Spitale, Total, Suceava, Anul 2001, Numar, 9
Spitale, Total, Suceava, Anul 2002, Numar, 9
Spitale, Total, Suceava, Anul 2003, Numar, 10
Spitale, Total, Suceava, Anul 2004, Numar, 10
Spitale, Total, Suceava, Anul 2005, Numar, 11
Spitale, Total, Suceava, Anul 2006, Numar, 11
Spitale, Total, Suceava, Anul 2007, Numar, 11
Spitale, Total, Suceava, Anul 2008, Numar, 11
Spitale, Total, Suceava, Anul 2009, Numar, 11
Spitale, Total, Suceava, Anul 2010, Numar, 11
Spitale, Total, Suceava, Anul 2011, Numar, 10
Spitale, Total, Suceava, Anul 2012, Numar, 10
Spitale, Total, Suceava, Anul 2013, Numar, 10
Spitale, Total, Suceava, Anul 2014, Numar, 10
Spitale, Total, Suceava, Anul 2015, Numar, 12
Spitale, Total, Suceava, Anul 2016, Numar, 12
Spitale, Total, Suceava, Anul 2017, Numar, 12
Spitale, Total, Suceava, Anul 2018, Numar, 12
Spitale, Total, Suceava, Anul 2019, Numar, 13
Spitale, Total, Suceava, Anul 2020, Numar, 13
Spitale, Total, Suceava, Anul 2021, Numar, 13
Spitale, Total, Suceava, Anul 2022, Numar, 14
Spitale, Total, Suceava, Anul 2023, Numar, 14
Spitale, Total, Suceava, Anul 2024, Numar, 14
Spitale, Total, Vaslui, Anul 1990, Numar, 10
Spitale, Total, Vaslui, Anul 1991, Numar, 10
Spitale, Total, Vaslui, Anul 1992, Numar, 10
Spitale, Total, Vaslui, Anul 1993, Numar, 9
Spitale, Total, Vaslui, Anul 1994, Numar, 9
Spitale, Total, Vaslui, Anul 1995, Numar, 9
Spitale, Total, Vaslui, Anul 1996, Numar, 9
Spitale, Total, Vaslui, Anul 1997, Numar, 9
Spitale, Total, Vaslui, Anul 1998, Numar, 9
Spitale, Total, Vaslui, Anul 1999, Numar, 9
Spitale, Total, Vaslui, Anul 2000, Numar, 9
Spitale, Total, Vaslui, Anul 2001, Numar, 9
Spitale, Total, Vaslui, Anul 2002, Numar, 9
Spitale, Total, Vaslui, Anul 2003, Numar, 9
Spitale, Total, Vaslui, Anul 2004, Numar, 7
Spitale, Total, Vaslui, Anul 2005, Numar, 7
Spitale, Total, Vaslui, Anul 2006, Numar, 7
Spitale, Total, Vaslui, Anul 2007, Numar, 7
Spitale, Total, Vaslui, Anul 2008, Numar, 7
Spitale, Total, Vaslui, Anul 2009, Numar, 7
Spitale, Total, Vaslui, Anul 2010, Numar, 7
Spitale, Total, Vaslui, Anul 2011, Numar, 4
Spitale, Total, Vaslui, Anul 2012, Numar, 4
Spitale, Total, Vaslui, Anul 2013, Numar, 4
Spitale, Total, Vaslui, Anul 2014, Numar, 5
Spitale, Total, Vaslui, Anul 2015, Numar, 5
Spitale, Total, Vaslui, Anul 2016, Numar, 5
Spitale, Total, Vaslui, Anul 2017, Numar, 5
Spitale, Total, Vaslui, Anul 2018, Numar, 5
Spitale, Total, Vaslui, Anul 2019, Numar, 5
Spitale, Total, Vaslui, Anul 2020, Numar, 5
Spitale, Total, Vaslui, Anul 2021, Numar, 5
Spitale, Total, Vaslui, Anul 2022, Numar, 5
Spitale, Total, Vaslui, Anul 2023, Numar, 5
Spitale, Total, Vaslui, Anul 2024, Numar, 5
Spitale, Total, Regiunea SUD-EST, Anul 1990, Numar, 48
Spitale, Total, Regiunea SUD-EST, Anul 1991, Numar, 48
Spitale, Total, Regiunea SUD-EST, Anul 1992, Numar, 48
Spitale, Total, Regiunea SUD-EST, Anul 1993, Numar, 47
Spitale, Total, Regiunea SUD-EST, Anul 1994, Numar, 44
Spitale, Total, Regiunea SUD-EST, Anul 1995, Numar, 44
Spitale, Total, Regiunea SUD-EST, Anul 1996, Numar, 44
Spitale, Total, Regiunea SUD-EST, Anul 1997, Numar, 45
Spitale, Total, Regiunea SUD-EST, Anul 1998, Numar, 45
Spitale, Total, Regiunea SUD-EST, Anul 1999, Numar, 48
Spitale, Total, Regiunea SUD-EST, Anul 2000, Numar, 50
Spitale, Total, Regiunea SUD-EST, Anul 2001, Numar, 50
Spitale, Total, Regiunea SUD-EST, Anul 2002, Numar, 50
Spitale, Total, Regiunea SUD-EST, Anul 2003, Numar, 47
Spitale, Total, Regiunea SUD-EST, Anul 2004, Numar, 47
Spitale, Total, Regiunea SUD-EST, Anul 2005, Numar, 47
Spitale, Total, Regiunea SUD-EST, Anul 2006, Numar, 47
Spitale, Total, Regiunea SUD-EST, Anul 2007, Numar, 48
Spitale, Total, Regiunea SUD-EST, Anul 2008, Numar, 51
Spitale, Total, Regiunea SUD-EST, Anul 2009, Numar, 53
Spitale, Total, Regiunea SUD-EST, Anul 2010, Numar, 54
Spitale, Total, Regiunea SUD-EST, Anul 2011, Numar, 49
Spitale, Total, Regiunea SUD-EST, Anul 2012, Numar, 50
Spitale, Total, Regiunea SUD-EST, Anul 2013, Numar, 52
Spitale, Total, Regiunea SUD-EST, Anul 2014, Numar, 57
Spitale, Total, Regiunea SUD-EST, Anul 2015, Numar, 61
Spitale, Total, Regiunea SUD-EST, Anul 2016, Numar, 63
Spitale, Total, Regiunea SUD-EST, Anul 2017, Numar, 66
Spitale, Total, Regiunea SUD-EST, Anul 2018, Numar, 55
Spitale, Total, Regiunea SUD-EST, Anul 2019, Numar, 55
Spitale, Total, Regiunea SUD-EST, Anul 2020, Numar, 55
Spitale, Total, Regiunea SUD-EST, Anul 2021, Numar, 56
Spitale, Total, Regiunea SUD-EST, Anul 2022, Numar, 55
Spitale, Total, Regiunea SUD-EST, Anul 2023, Numar, 55
Spitale, Total, Regiunea SUD-EST, Anul 2024, Numar, 55
Spitale, Total, Braila, Anul 1990, Numar, 5
Spitale, Total, Braila, Anul 1991, Numar, 5
Spitale, Total, Braila, Anul 1992, Numar, 5
Spitale, Total, Braila, Anul 1993, Numar, 5
Spitale, Total, Braila, Anul 1994, Numar, 5
Spitale, Total, Braila, Anul 1995, Numar, 5
Spitale, Total, Braila, Anul 1996, Numar, 5
Spitale, Total, Braila, Anul 1997, Numar, 5
Spitale, Total, Braila, Anul 1998, Numar, 5
Spitale, Total, Braila, Anul 1999, Numar, 8
Spitale, Total, Braila, Anul 2000, Numar, 7
Spitale, Total, Braila, Anul 2001, Numar, 7
Spitale, Total, Braila, Anul 2002, Numar, 6
Spitale, Total, Braila, Anul 2003, Numar, 5
Spitale, Total, Braila, Anul 2004, Numar, 5
Spitale, Total, Braila, Anul 2005, Numar, 5
Spitale, Total, Braila, Anul 2006, Numar, 5
Spitale, Total, Braila, Anul 2007, Numar, 5
Spitale, Total, Braila, Anul 2008, Numar, 5
Spitale, Total, Braila, Anul 2009, Numar, 5
Spitale, Total, Braila, Anul 2010, Numar, 5
Spitale, Total, Braila, Anul 2011, Numar, 4
Spitale, Total, Braila, Anul 2012, Numar, 4
Spitale, Total, Braila, Anul 2013, Numar, 5
Spitale, Total, Braila, Anul 2014, Numar, 5
Spitale, Total, Braila, Anul 2015, Numar, 5
Spitale, Total, Braila, Anul 2016, Numar, 5
Spitale, Total, Braila, Anul 2017, Numar, 5
Spitale, Total, Braila, Anul 2018, Numar, 5
Spitale, Total, Braila, Anul 2019, Numar, 5
Spitale, Total, Braila, Anul 2020, Numar, 5
Spitale, Total, Braila, Anul 2021, Numar, 5
Spitale, Total, Braila, Anul 2022, Numar, 5
Spitale, Total, Braila, Anul 2023, Numar, 5
Spitale, Total, Braila, Anul 2024, Numar, 5
Spitale, Total, Buzau, Anul 1990, Numar, 9
Spitale, Total, Buzau, Anul 1991, Numar, 9
Spitale, Total, Buzau, Anul 1992, Numar, 9
Spitale, Total, Buzau, Anul 1993, Numar, 9
Spitale, Total, Buzau, Anul 1994, Numar, 8
Spitale, Total, Buzau, Anul 1995, Numar, 8
Spitale, Total, Buzau, Anul 1996, Numar, 8
Spitale, Total, Buzau, Anul 1997, Numar, 8
Spitale, Total, Buzau, Anul 1998, Numar, 8
Spitale, Total, Buzau, Anul 1999, Numar, 8
Spitale, Total, Buzau, Anul 2000, Numar, 8
Spitale, Total, Buzau, Anul 2001, Numar, 8
Spitale, Total, Buzau, Anul 2002, Numar, 7
Spitale, Total, Buzau, Anul 2003, Numar, 6
Spitale, Total, Buzau, Anul 2004, Numar, 6
Spitale, Total, Buzau, Anul 2005, Numar, 6
Spitale, Total, Buzau, Anul 2006, Numar, 6
Spitale, Total, Buzau, Anul 2007, Numar, 7
Spitale, Total, Buzau, Anul 2008, Numar, 8
Spitale, Total, Buzau, Anul 2009, Numar, 8
Spitale, Total, Buzau, Anul 2010, Numar, 9
Spitale, Total, Buzau, Anul 2011, Numar, 7
Spitale, Total, Buzau, Anul 2012, Numar, 7
Spitale, Total, Buzau, Anul 2013, Numar, 7
Spitale, Total, Buzau, Anul 2014, Numar, 7
Spitale, Total, Buzau, Anul 2015, Numar, 7
Spitale, Total, Buzau, Anul 2016, Numar, 7
Spitale, Total, Buzau, Anul 2017, Numar, 7
Spitale, Total, Buzau, Anul 2018, Numar, 8
Spitale, Total, Buzau, Anul 2019, Numar, 8
Spitale, Total, Buzau, Anul 2020, Numar, 8
Spitale, Total, Buzau, Anul 2021, Numar, 9
Spitale, Total, Buzau, Anul 2022, Numar, 9
Spitale, Total, Buzau, Anul 2023, Numar, 9
Spitale, Total, Buzau, Anul 2024, Numar, 9
Spitale, Total, Constanta, Anul 1990, Numar, 10
Spitale, Total, Constanta, Anul 1991, Numar, 10
Spitale, Total, Constanta, Anul 1992, Numar, 11
Spitale, Total, Constanta, Anul 1993, Numar, 10
Spitale, Total, Constanta, Anul 1994, Numar, 9
Spitale, Total, Constanta, Anul 1995, Numar, 9
Spitale, Total, Constanta, Anul 1996, Numar, 9
Spitale, Total, Constanta, Anul 1997, Numar, 9
Spitale, Total, Constanta, Anul 1998, Numar, 9
Spitale, Total, Constanta, Anul 1999, Numar, 9
Spitale, Total, Constanta, Anul 2000, Numar, 11
Spitale, Total, Constanta, Anul 2001, Numar, 11
Spitale, Total, Constanta, Anul 2002, Numar, 13
Spitale, Total, Constanta, Anul 2003, Numar, 13
Spitale, Total, Constanta, Anul 2004, Numar, 13
Spitale, Total, Constanta, Anul 2005, Numar, 13
Spitale, Total, Constanta, Anul 2006, Numar, 13
Spitale, Total, Constanta, Anul 2007, Numar, 13
Spitale, Total, Constanta, Anul 2008, Numar, 15
Spitale, Total, Constanta, Anul 2009, Numar, 17
Spitale, Total, Constanta, Anul 2010, Numar, 17
Spitale, Total, Constanta, Anul 2011, Numar, 18
Spitale, Total, Constanta, Anul 2012, Numar, 19
Spitale, Total, Constanta, Anul 2013, Numar, 20
Spitale, Total, Constanta, Anul 2014, Numar, 24
Spitale, Total, Constanta, Anul 2015, Numar, 28
Spitale, Total, Constanta, Anul 2016, Numar, 30
Spitale, Total, Constanta, Anul 2017, Numar, 32
Spitale, Total, Constanta, Anul 2018, Numar, 21
Spitale, Total, Constanta, Anul 2019, Numar, 21
Spitale, Total, Constanta, Anul 2020, Numar, 21
Spitale, Total, Constanta, Anul 2021, Numar, 21
Spitale, Total, Constanta, Anul 2022, Numar, 20
Spitale, Total, Constanta, Anul 2023, Numar, 20
Spitale, Total, Constanta, Anul 2024, Numar, 20
Spitale, Total, Galati, Anul 1990, Numar, 13
Spitale, Total, Galati, Anul 1991, Numar, 13
Spitale, Total, Galati, Anul 1992, Numar, 12
Spitale, Total, Galati, Anul 1993, Numar, 12
Spitale, Total, Galati, Anul 1994, Numar, 11
Spitale, Total, Galati, Anul 1995, Numar, 11
Spitale, Total, Galati, Anul 1996, Numar, 11
Spitale, Total, Galati, Anul 1997, Numar, 12
Spitale, Total, Galati, Anul 1998, Numar, 12
Spitale, Total, Galati, Anul 1999, Numar, 12
Spitale, Total, Galati, Anul 2000, Numar, 12
Spitale, Total, Galati, Anul 2001, Numar, 12
Spitale, Total, Galati, Anul 2002, Numar, 12
Spitale, Total, Galati, Anul 2003, Numar, 11
Spitale, Total, Galati, Anul 2004, Numar, 11
Spitale, Total, Galati, Anul 2005, Numar, 11
Spitale, Total, Galati, Anul 2006, Numar, 11
Spitale, Total, Galati, Anul 2007, Numar, 11
Spitale, Total, Galati, Anul 2008, Numar, 11
Spitale, Total, Galati, Anul 2009, Numar, 11
Spitale, Total, Galati, Anul 2010, Numar, 11
Spitale, Total, Galati, Anul 2011, Numar, 10
Spitale, Total, Galati, Anul 2012, Numar, 10
Spitale, Total, Galati, Anul 2013, Numar, 10
Spitale, Total, Galati, Anul 2014, Numar, 10
Spitale, Total, Galati, Anul 2015, Numar, 10
Spitale, Total, Galati, Anul 2016, Numar, 10
Spitale, Total, Galati, Anul 2017, Numar, 10
Spitale, Total, Galati, Anul 2018, Numar, 10
Spitale, Total, Galati, Anul 2019, Numar, 10
Spitale, Total, Galati, Anul 2020, Numar, 10
Spitale, Total, Galati, Anul 2021, Numar, 10
Spitale, Total, Galati, Anul 2022, Numar, 10
Spitale, Total, Galati, Anul 2023, Numar, 10
Spitale, Total, Galati, Anul 2024, Numar, 10
Spitale, Total, Tulcea, Anul 1990, Numar, 4
Spitale, Total, Tulcea, Anul 1991, Numar, 4
Spitale, Total, Tulcea, Anul 1992, Numar, 4
Spitale, Total, Tulcea, Anul 1993, Numar, 4
Spitale, Total, Tulcea, Anul 1994, Numar, 4
Spitale, Total, Tulcea, Anul 1995, Numar, 4
Spitale, Total, Tulcea, Anul 1996, Numar, 4
Spitale, Total, Tulcea, Anul 1997, Numar, 4
Spitale, Total, Tulcea, Anul 1998, Numar, 4
Spitale, Total, Tulcea, Anul 1999, Numar, 4
Spitale, Total, Tulcea, Anul 2000, Numar, 4
Spitale, Total, Tulcea, Anul 2001, Numar, 4
Spitale, Total, Tulcea, Anul 2002, Numar, 4
Spitale, Total, Tulcea, Anul 2003, Numar, 4
Spitale, Total, Tulcea, Anul 2004, Numar, 4
Spitale, Total, Tulcea, Anul 2005, Numar, 4
Spitale, Total, Tulcea, Anul 2006, Numar, 4
Spitale, Total, Tulcea, Anul 2007, Numar, 4
Spitale, Total, Tulcea, Anul 2008, Numar, 4
Spitale, Total, Tulcea, Anul 2009, Numar, 4
Spitale, Total, Tulcea, Anul 2010, Numar, 4
Spitale, Total, Tulcea, Anul 2011, Numar, 3
Spitale, Total, Tulcea, Anul 2012, Numar, 3
Spitale, Total, Tulcea, Anul 2013, Numar, 3
Spitale, Total, Tulcea, Anul 2014, Numar, 4
Spitale, Total, Tulcea, Anul 2015, Numar, 4
Spitale, Total, Tulcea, Anul 2016, Numar, 4
Spitale, Total, Tulcea, Anul 2017, Numar, 5
Spitale, Total, Tulcea, Anul 2018, Numar, 4
Spitale, Total, Tulcea, Anul 2019, Numar, 4
Spitale, Total, Tulcea, Anul 2020, Numar, 4
Spitale, Total, Tulcea, Anul 2021, Numar, 4
Spitale, Total, Tulcea, Anul 2022, Numar, 4
Spitale, Total, Tulcea, Anul 2023, Numar, 4
Spitale, Total, Tulcea, Anul 2024, Numar, 4
Spitale, Total, Vrancea, Anul 1990, Numar, 7
Spitale, Total, Vrancea, Anul 1991, Numar, 7
Spitale, Total, Vrancea, Anul 1992, Numar, 7
Spitale, Total, Vrancea, Anul 1993, Numar, 7
Spitale, Total, Vrancea, Anul 1994, Numar, 7
Spitale, Total, Vrancea, Anul 1995, Numar, 7
Spitale, Total, Vrancea, Anul 1996, Numar, 7
Spitale, Total, Vrancea, Anul 1997, Numar, 7
Spitale, Total, Vrancea, Anul 1998, Numar, 7
Spitale, Total, Vrancea, Anul 1999, Numar, 7
Spitale, Total, Vrancea, Anul 2000, Numar, 8
Spitale, Total, Vrancea, Anul 2001, Numar, 8
Spitale, Total, Vrancea, Anul 2002, Numar, 8
Spitale, Total, Vrancea, Anul 2003, Numar, 8
Spitale, Total, Vrancea, Anul 2004, Numar, 8
Spitale, Total, Vrancea, Anul 2005, Numar, 8
Spitale, Total, Vrancea, Anul 2006, Numar, 8
Spitale, Total, Vrancea, Anul 2007, Numar, 8
Spitale, Total, Vrancea, Anul 2008, Numar, 8
Spitale, Total, Vrancea, Anul 2009, Numar, 8
Spitale, Total, Vrancea, Anul 2010, Numar, 8
Spitale, Total, Vrancea, Anul 2011, Numar, 7
Spitale, Total, Vrancea, Anul 2012, Numar, 7
Spitale, Total, Vrancea, Anul 2013, Numar, 7
Spitale, Total, Vrancea, Anul 2014, Numar, 7
Spitale, Total, Vrancea, Anul 2015, Numar, 7
Spitale, Total, Vrancea, Anul 2016, Numar, 7
Spitale, Total, Vrancea, Anul 2017, Numar, 7
Spitale, Total, Vrancea, Anul 2018, Numar, 7
Spitale, Total, Vrancea, Anul 2019, Numar, 7
Spitale, Total, Vrancea, Anul 2020, Numar, 7
Spitale, Total, Vrancea, Anul 2021, Numar, 7
Spitale, Total, Vrancea, Anul 2022, Numar, 7
Spitale, Total, Vrancea, Anul 2023, Numar, 7
Spitale, Total, Vrancea, Anul 2024, Numar, 7
Spitale, Total, MACROREGIUNEA TREI, Anul 1990, Numar, 121
Spitale, Total, MACROREGIUNEA TREI, Anul 1991, Numar, 123
Spitale, Total, MACROREGIUNEA TREI, Anul 1992, Numar, 125
Spitale, Total, MACROREGIUNEA TREI, Anul 1993, Numar, 128
Spitale, Total, MACROREGIUNEA TREI, Anul 1994, Numar, 121
Spitale, Total, MACROREGIUNEA TREI, Anul 1995, Numar, 119
Spitale, Total, MACROREGIUNEA TREI, Anul 1996, Numar, 120
Spitale, Total, MACROREGIUNEA TREI, Anul 1997, Numar, 120
Spitale, Total, MACROREGIUNEA TREI, Anul 1998, Numar, 118
Spitale, Total, MACROREGIUNEA TREI, Anul 1999, Numar, 122
Spitale, Total, MACROREGIUNEA TREI, Anul 2000, Numar, 126
Spitale, Total, MACROREGIUNEA TREI, Anul 2001, Numar, 127
Spitale, Total, MACROREGIUNEA TREI, Anul 2002, Numar, 127
Spitale, Total, MACROREGIUNEA TREI, Anul 2003, Numar, 118
Spitale, Total, MACROREGIUNEA TREI, Anul 2004, Numar, 117
Spitale, Total, MACROREGIUNEA TREI, Anul 2005, Numar, 120
Spitale, Total, MACROREGIUNEA TREI, Anul 2006, Numar, 121
Spitale, Total, MACROREGIUNEA TREI, Anul 2007, Numar, 125
Spitale, Total, MACROREGIUNEA TREI, Anul 2008, Numar, 126
Spitale, Total, MACROREGIUNEA TREI, Anul 2009, Numar, 132
Spitale, Total, MACROREGIUNEA TREI, Anul 2010, Numar, 147
Spitale, Total, MACROREGIUNEA TREI, Anul 2011, Numar, 141
Spitale, Total, MACROREGIUNEA TREI, Anul 2012, Numar, 144
Spitale, Total, MACROREGIUNEA TREI, Anul 2013, Numar, 151
Spitale, Total, MACROREGIUNEA TREI, Anul 2014, Numar, 156
Spitale, Total, MACROREGIUNEA TREI, Anul 2015, Numar, 166
Spitale, Total, MACROREGIUNEA TREI, Anul 2016, Numar, 169
Spitale, Total, MACROREGIUNEA TREI, Anul 2017, Numar, 168
Spitale, Total, MACROREGIUNEA TREI, Anul 2018, Numar, 145
Spitale, Total, MACROREGIUNEA TREI, Anul 2019, Numar, 149
Spitale, Total, MACROREGIUNEA TREI, Anul 2020, Numar, 149
Spitale, Total, MACROREGIUNEA TREI, Anul 2021, Numar, 152
Spitale, Total, MACROREGIUNEA TREI, Anul 2022, Numar, 154
Spitale, Total, MACROREGIUNEA TREI, Anul 2023, Numar, 153
Spitale, Total, MACROREGIUNEA TREI, Anul 2024, Numar, 152
Spitale, Total, Regiunea SUD-MUNTENIA, Anul 1990, Numar, 71
Spitale, Total, Regiunea SUD-MUNTENIA, Anul 1991, Numar, 71
Spitale, Total, Regiunea SUD-MUNTENIA, Anul 1992, Numar, 72
Spitale, Total, Regiunea SUD-MUNTENIA, Anul 1993, Numar, 72
Spitale, Total, Regiunea SUD-MUNTENIA, Anul 1994, Numar, 66
Spitale, Total, Regiunea SUD-MUNTENIA, Anul 1995, Numar, 63
Spitale, Total, Regiunea SUD-MUNTENIA, Anul 1996, Numar, 64
Spitale, Total, Regiunea SUD-MUNTENIA, Anul 1997, Numar, 65
Spitale, Total, Regiunea SUD-MUNTENIA, Anul 1998, Numar, 64
Spitale, Total, Regiunea SUD-MUNTENIA, Anul 1999, Numar, 65
Spitale, Total, Regiunea SUD-MUNTENIA, Anul 2000, Numar, 67
Spitale, Total, Regiunea SUD-MUNTENIA, Anul 2001, Numar, 68
Spitale, Total, Regiunea SUD-MUNTENIA, Anul 2002, Numar, 69
Spitale, Total, Regiunea SUD-MUNTENIA, Anul 2003, Numar, 63
Spitale, Total, Regiunea SUD-MUNTENIA, Anul 2004, Numar, 61
Spitale, Total, Regiunea SUD-MUNTENIA, Anul 2005, Numar, 62
Spitale, Total, Regiunea SUD-MUNTENIA, Anul 2006, Numar, 62
Spitale, Total, Regiunea SUD-MUNTENIA, Anul 2007, Numar, 65
Spitale, Total, Regiunea SUD-MUNTENIA, Anul 2008, Numar, 65
Spitale, Total, Regiunea SUD-MUNTENIA, Anul 2009, Numar, 66
Spitale, Total, Regiunea SUD-MUNTENIA, Anul 2010, Numar, 64
Spitale, Total, Regiunea SUD-MUNTENIA, Anul 2011, Numar, 57
Spitale, Total, Regiunea SUD-MUNTENIA, Anul 2012, Numar, 58
Spitale, Total, Regiunea SUD-MUNTENIA, Anul 2013, Numar, 64
Spitale, Total, Regiunea SUD-MUNTENIA, Anul 2014, Numar, 65
Spitale, Total, Regiunea SUD-MUNTENIA, Anul 2015, Numar, 65
Spitale, Total, Regiunea SUD-MUNTENIA, Anul 2016, Numar, 67
Spitale, Total, Regiunea SUD-MUNTENIA, Anul 2017, Numar, 67
Spitale, Total, Regiunea SUD-MUNTENIA, Anul 2018, Numar, 66
Spitale, Total, Regiunea SUD-MUNTENIA, Anul 2019, Numar, 68
Spitale, Total, Regiunea SUD-MUNTENIA, Anul 2020, Numar, 68
Spitale, Total, Regiunea SUD-MUNTENIA, Anul 2021, Numar, 67
Spitale, Total, Regiunea SUD-MUNTENIA, Anul 2022, Numar, 67
Spitale, Total, Regiunea SUD-MUNTENIA, Anul 2023, Numar, 67
Spitale, Total, Regiunea SUD-MUNTENIA, Anul 2024, Numar, 67
Spitale, Total, Arges, Anul 1990, Numar, 16
Spitale, Total, Arges, Anul 1991, Numar, 16
Spitale, Total, Arges, Anul 1992, Numar, 16
Spitale, Total, Arges, Anul 1993, Numar, 16
Spitale, Total, Arges, Anul 1994, Numar, 14
Spitale, Total, Arges, Anul 1995, Numar, 14
Spitale, Total, Arges, Anul 1996, Numar, 15
Spitale, Total, Arges, Anul 1997, Numar, 15
Spitale, Total, Arges, Anul 1998, Numar, 15
Spitale, Total, Arges, Anul 1999, Numar, 15
Spitale, Total, Arges, Anul 2000, Numar, 16
Spitale, Total, Arges, Anul 2001, Numar, 17
Spitale, Total, Arges, Anul 2002, Numar, 17
Spitale, Total, Arges, Anul 2003, Numar, 17
Spitale, Total, Arges, Anul 2004, Numar, 17
Spitale, Total, Arges, Anul 2005, Numar, 17
Spitale, Total, Arges, Anul 2006, Numar, 17
Spitale, Total, Arges, Anul 2007, Numar, 19
Spitale, Total, Arges, Anul 2008, Numar, 19
Spitale, Total, Arges, Anul 2009, Numar, 19
Spitale, Total, Arges, Anul 2010, Numar, 20
Spitale, Total, Arges, Anul 2011, Numar, 17
Spitale, Total, Arges, Anul 2012, Numar, 17
Spitale, Total, Arges, Anul 2013, Numar, 20
Spitale, Total, Arges, Anul 2014, Numar, 20
Spitale, Total, Arges, Anul 2015, Numar, 20
Spitale, Total, Arges, Anul 2016, Numar, 20
Spitale, Total, Arges, Anul 2017, Numar, 20
Spitale, Total, Arges, Anul 2018, Numar, 18
Spitale, Total, Arges, Anul 2019, Numar, 18
Spitale, Total, Arges, Anul 2020, Numar, 17
Spitale, Total, Arges, Anul 2021, Numar, 17
Spitale, Total, Arges, Anul 2022, Numar, 17
Spitale, Total, Arges, Anul 2023, Numar, 17
Spitale, Total, Arges, Anul 2024, Numar, 17
Spitale, Total, Calarasi, Anul 1990, Numar, 7
Spitale, Total, Calarasi, Anul 1991, Numar, 7
Spitale, Total, Calarasi, Anul 1992, Numar, 7
Spitale, Total, Calarasi, Anul 1993, Numar, 7
Spitale, Total, Calarasi, Anul 1994, Numar, 7
Spitale, Total, Calarasi, Anul 1995, Numar, 7
Spitale, Total, Calarasi, Anul 1996, Numar, 7
Spitale, Total, Calarasi, Anul 1997, Numar, 7
Spitale, Total, Calarasi, Anul 1998, Numar, 7
Spitale, Total, Calarasi, Anul 1999, Numar, 7
Spitale, Total, Calarasi, Anul 2000, Numar, 7
Spitale, Total, Calarasi, Anul 2001, Numar, 7
Spitale, Total, Calarasi, Anul 2002, Numar, 7
Spitale, Total, Calarasi, Anul 2003, Numar, 6
Spitale, Total, Calarasi, Anul 2004, Numar, 6
Spitale, Total, Calarasi, Anul 2005, Numar, 6
Spitale, Total, Calarasi, Anul 2006, Numar, 6
Spitale, Total, Calarasi, Anul 2007, Numar, 6
Spitale, Total, Calarasi, Anul 2008, Numar, 6
Spitale, Total, Calarasi, Anul 2009, Numar, 6
Spitale, Total, Calarasi, Anul 2010, Numar, 6
Spitale, Total, Calarasi, Anul 2011, Numar, 5
Spitale, Total, Calarasi, Anul 2012, Numar, 5
Spitale, Total, Calarasi, Anul 2013, Numar, 5
Spitale, Total, Calarasi, Anul 2014, Numar, 5
Spitale, Total, Calarasi, Anul 2015, Numar, 5
Spitale, Total, Calarasi, Anul 2016, Numar, 5
Spitale, Total, Calarasi, Anul 2017, Numar, 5
Spitale, Total, Calarasi, Anul 2018, Numar, 5
Spitale, Total, Calarasi, Anul 2019, Numar, 6
Spitale, Total, Calarasi, Anul 2020, Numar, 6
Spitale, Total, Calarasi, Anul 2021, Numar, 6
Spitale, Total, Calarasi, Anul 2022, Numar, 6
Spitale, Total, Calarasi, Anul 2023, Numar, 6
Spitale, Total, Calarasi, Anul 2024, Numar, 6
Spitale, Total, Dambovita, Anul 1990, Numar, 9
Spitale, Total, Dambovita, Anul 1991, Numar, 9
Spitale, Total, Dambovita, Anul 1992, Numar, 10
Spitale, Total, Dambovita, Anul 1993, Numar, 10
Spitale, Total, Dambovita, Anul 1994, Numar, 7
Spitale, Total, Dambovita, Anul 1995, Numar, 7
Spitale, Total, Dambovita, Anul 1996, Numar, 7
Spitale, Total, Dambovita, Anul 1997, Numar, 8
Spitale, Total, Dambovita, Anul 1998, Numar, 8
Spitale, Total, Dambovita, Anul 1999, Numar, 8
Spitale, Total, Dambovita, Anul 2000, Numar, 8
Spitale, Total, Dambovita, Anul 2001, Numar, 8
Spitale, Total, Dambovita, Anul 2002, Numar, 9
Spitale, Total, Dambovita, Anul 2003, Numar, 7
Spitale, Total, Dambovita, Anul 2004, Numar, 7
Spitale, Total, Dambovita, Anul 2005, Numar, 7
Spitale, Total, Dambovita, Anul 2006, Numar, 7
Spitale, Total, Dambovita, Anul 2007, Numar, 7
Spitale, Total, Dambovita, Anul 2008, Numar, 7
Spitale, Total, Dambovita, Anul 2009, Numar, 8
Spitale, Total, Dambovita, Anul 2010, Numar, 5
Spitale, Total, Dambovita, Anul 2011, Numar, 4
Spitale, Total, Dambovita, Anul 2012, Numar, 4
Spitale, Total, Dambovita, Anul 2013, Numar, 4
Spitale, Total, Dambovita, Anul 2014, Numar, 4
Spitale, Total, Dambovita, Anul 2015, Numar, 4
Spitale, Total, Dambovita, Anul 2016, Numar, 4
Spitale, Total, Dambovita, Anul 2017, Numar, 4
Spitale, Total, Dambovita, Anul 2018, Numar, 4
Spitale, Total, Dambovita, Anul 2019, Numar, 4
Spitale, Total, Dambovita, Anul 2020, Numar, 4
Spitale, Total, Dambovita, Anul 2021, Numar, 4
Spitale, Total, Dambovita, Anul 2022, Numar, 4
Spitale, Total, Dambovita, Anul 2023, Numar, 4
Spitale, Total, Dambovita, Anul 2024, Numar, 4
Spitale, Total, Giurgiu, Anul 1990, Numar, 8
Spitale, Total, Giurgiu, Anul 1991, Numar, 8
Spitale, Total, Giurgiu, Anul 1992, Numar, 8
Spitale, Total, Giurgiu, Anul 1993, Numar, 8
Spitale, Total, Giurgiu, Anul 1994, Numar, 8
Spitale, Total, Giurgiu, Anul 1995, Numar, 5
Spitale, Total, Giurgiu, Anul 1996, Numar, 5
Spitale, Total, Giurgiu, Anul 1997, Numar, 5
Spitale, Total, Giurgiu, Anul 1998, Numar, 5
Spitale, Total, Giurgiu, Anul 1999, Numar, 5
Spitale, Total, Giurgiu, Anul 2000, Numar, 5
Spitale, Total, Giurgiu, Anul 2001, Numar, 5
Spitale, Total, Giurgiu, Anul 2002, Numar, 5
Spitale, Total, Giurgiu, Anul 2003, Numar, 5
Spitale, Total, Giurgiu, Anul 2004, Numar, 5
Spitale, Total, Giurgiu, Anul 2005, Numar, 5
Spitale, Total, Giurgiu, Anul 2006, Numar, 5
Spitale, Total, Giurgiu, Anul 2007, Numar, 5
Spitale, Total, Giurgiu, Anul 2008, Numar, 5
Spitale, Total, Giurgiu, Anul 2009, Numar, 5
Spitale, Total, Giurgiu, Anul 2010, Numar, 5
Spitale, Total, Giurgiu, Anul 2011, Numar, 4
Spitale, Total, Giurgiu, Anul 2012, Numar, 3
Spitale, Total, Giurgiu, Anul 2013, Numar, 3
Spitale, Total, Giurgiu, Anul 2014, Numar, 3
Spitale, Total, Giurgiu, Anul 2015, Numar, 3
Spitale, Total, Giurgiu, Anul 2016, Numar, 3
Spitale, Total, Giurgiu, Anul 2017, Numar, 3
Spitale, Total, Giurgiu, Anul 2018, Numar, 3
Spitale, Total, Giurgiu, Anul 2019, Numar, 3
Spitale, Total, Giurgiu, Anul 2020, Numar, 4
Spitale, Total, Giurgiu, Anul 2021, Numar, 4
Spitale, Total, Giurgiu, Anul 2022, Numar, 4
Spitale, Total, Giurgiu, Anul 2023, Numar, 4
Spitale, Total, Giurgiu, Anul 2024, Numar, 4
Spitale, Total, Ialomita, Anul 1990, Numar, 5
Spitale, Total, Ialomita, Anul 1991, Numar, 5
Spitale, Total, Ialomita, Anul 1992, Numar, 5
Spitale, Total, Ialomita, Anul 1993, Numar, 5
Spitale, Total, Ialomita, Anul 1994, Numar, 5
Spitale, Total, Ialomita, Anul 1995, Numar, 5
Spitale, Total, Ialomita, Anul 1996, Numar, 5
Spitale, Total, Ialomita, Anul 1997, Numar, 5
Spitale, Total, Ialomita, Anul 1998, Numar, 5
Spitale, Total, Ialomita, Anul 1999, Numar, 5
Spitale, Total, Ialomita, Anul 2000, Numar, 5
Spitale, Total, Ialomita, Anul 2001, Numar, 5
Spitale, Total, Ialomita, Anul 2002, Numar, 5
Spitale, Total, Ialomita, Anul 2003, Numar, 4
Spitale, Total, Ialomita, Anul 2004, Numar, 4
Spitale, Total, Ialomita, Anul 2005, Numar, 4
Spitale, Total, Ialomita, Anul 2006, Numar, 4
Spitale, Total, Ialomita, Anul 2007, Numar, 4
Spitale, Total, Ialomita, Anul 2008, Numar, 4
Spitale, Total, Ialomita, Anul 2009, Numar, 4
Spitale, Total, Ialomita, Anul 2010, Numar, 4
Spitale, Total, Ialomita, Anul 2011, Numar, 3
Spitale, Total, Ialomita, Anul 2012, Numar, 3
Spitale, Total, Ialomita, Anul 2013, Numar, 4
Spitale, Total, Ialomita, Anul 2014, Numar, 4
Spitale, Total, Ialomita, Anul 2015, Numar, 4
Spitale, Total, Ialomita, Anul 2016, Numar, 4
Spitale, Total, Ialomita, Anul 2017, Numar, 4
Spitale, Total, Ialomita, Anul 2018, Numar, 4
Spitale, Total, Ialomita, Anul 2019, Numar, 4
Spitale, Total, Ialomita, Anul 2020, Numar, 4
Spitale, Total, Ialomita, Anul 2021, Numar, 4
Spitale, Total, Ialomita, Anul 2022, Numar, 4
Spitale, Total, Ialomita, Anul 2023, Numar, 4
Spitale, Total, Ialomita, Anul 2024, Numar, 4
Spitale, Total, Prahova, Anul 1990, Numar, 16
Spitale, Total, Prahova, Anul 1991, Numar, 16
Spitale, Total, Prahova, Anul 1992, Numar, 16
Spitale, Total, Prahova, Anul 1993, Numar, 16
Spitale, Total, Prahova, Anul 1994, Numar, 16
Spitale, Total, Prahova, Anul 1995, Numar, 16
Spitale, Total, Prahova, Anul 1996, Numar, 16
Spitale, Total, Prahova, Anul 1997, Numar, 16
Spitale, Total, Prahova, Anul 1998, Numar, 16
Spitale, Total, Prahova, Anul 1999, Numar, 16
Spitale, Total, Prahova, Anul 2000, Numar, 17
Spitale, Total, Prahova, Anul 2001, Numar, 17
Spitale, Total, Prahova, Anul 2002, Numar, 18
Spitale, Total, Prahova, Anul 2003, Numar, 16
Spitale, Total, Prahova, Anul 2004, Numar, 14
Spitale, Total, Prahova, Anul 2005, Numar, 15
Spitale, Total, Prahova, Anul 2006, Numar, 15
Spitale, Total, Prahova, Anul 2007, Numar, 16
Spitale, Total, Prahova, Anul 2008, Numar, 16
Spitale, Total, Prahova, Anul 2009, Numar, 16
Spitale, Total, Prahova, Anul 2010, Numar, 16
Spitale, Total, Prahova, Anul 2011, Numar, 16
Spitale, Total, Prahova, Anul 2012, Numar, 18
Spitale, Total, Prahova, Anul 2013, Numar, 21
Spitale, Total, Prahova, Anul 2014, Numar, 22
Spitale, Total, Prahova, Anul 2015, Numar, 22
Spitale, Total, Prahova, Anul 2016, Numar, 24
Spitale, Total, Prahova, Anul 2017, Numar, 24
Spitale, Total, Prahova, Anul 2018, Numar, 25
Spitale, Total, Prahova, Anul 2019, Numar, 26
Spitale, Total, Prahova, Anul 2020, Numar, 26
Spitale, Total, Prahova, Anul 2021, Numar, 25
Spitale, Total, Prahova, Anul 2022, Numar, 25
Spitale, Total, Prahova, Anul 2023, Numar, 25
Spitale, Total, Prahova, Anul 2024, Numar, 25
Spitale, Total, Teleorman, Anul 1990, Numar, 10
Spitale, Total, Teleorman, Anul 1991, Numar, 10
Spitale, Total, Teleorman, Anul 1992, Numar, 10
Spitale, Total, Teleorman, Anul 1993, Numar, 10
Spitale, Total, Teleorman, Anul 1994, Numar, 9
Spitale, Total, Teleorman, Anul 1995, Numar, 9
Spitale, Total, Teleorman, Anul 1996, Numar, 9
Spitale, Total, Teleorman, Anul 1997, Numar, 9
Spitale, Total, Teleorman, Anul 1998, Numar, 8
Spitale, Total, Teleorman, Anul 1999, Numar, 9
Spitale, Total, Teleorman, Anul 2000, Numar, 9
Spitale, Total, Teleorman, Anul 2001, Numar, 9
Spitale, Total, Teleorman, Anul 2002, Numar, 8
Spitale, Total, Teleorman, Anul 2003, Numar, 8
Spitale, Total, Teleorman, Anul 2004, Numar, 8
Spitale, Total, Teleorman, Anul 2005, Numar, 8
Spitale, Total, Teleorman, Anul 2006, Numar, 8
Spitale, Total, Teleorman, Anul 2007, Numar, 8
Spitale, Total, Teleorman, Anul 2008, Numar, 8
Spitale, Total, Teleorman, Anul 2009, Numar, 8
Spitale, Total, Teleorman, Anul 2010, Numar, 8
Spitale, Total, Teleorman, Anul 2011, Numar, 8
Spitale, Total, Teleorman, Anul 2012, Numar, 8
Spitale, Total, Teleorman, Anul 2013, Numar, 7
Spitale, Total, Teleorman, Anul 2014, Numar, 7
Spitale, Total, Teleorman, Anul 2015, Numar, 7
Spitale, Total, Teleorman, Anul 2016, Numar, 7
Spitale, Total, Teleorman, Anul 2017, Numar, 7
Spitale, Total, Teleorman, Anul 2018, Numar, 7
Spitale, Total, Teleorman, Anul 2019, Numar, 7
Spitale, Total, Teleorman, Anul 2020, Numar, 7
Spitale, Total, Teleorman, Anul 2021, Numar, 7
Spitale, Total, Teleorman, Anul 2022, Numar, 7
Spitale, Total, Teleorman, Anul 2023, Numar, 7
Spitale, Total, Teleorman, Anul 2024, Numar, 7
Spitale, Total, Regiunea BUCURESTI - ILFOV, Anul 1990, Numar, 50
Spitale, Total, Regiunea BUCURESTI - ILFOV, Anul 1991, Numar, 52
Spitale, Total, Regiunea BUCURESTI - ILFOV, Anul 1992, Numar, 53
Spitale, Total, Regiunea BUCURESTI - ILFOV, Anul 1993, Numar, 56
Spitale, Total, Regiunea BUCURESTI - ILFOV, Anul 1994, Numar, 55
Spitale, Total, Regiunea BUCURESTI - ILFOV, Anul 1995, Numar, 56
Spitale, Total, Regiunea BUCURESTI - ILFOV, Anul 1996, Numar, 56
Spitale, Total, Regiunea BUCURESTI - ILFOV, Anul 1997, Numar, 55
Spitale, Total, Regiunea BUCURESTI - ILFOV, Anul 1998, Numar, 54
Spitale, Total, Regiunea BUCURESTI - ILFOV, Anul 1999, Numar, 57
Spitale, Total, Regiunea BUCURESTI - ILFOV, Anul 2000, Numar, 59
Spitale, Total, Regiunea BUCURESTI - ILFOV, Anul 2001, Numar, 59
Spitale, Total, Regiunea BUCURESTI - ILFOV, Anul 2002, Numar, 58
Spitale, Total, Regiunea BUCURESTI - ILFOV, Anul 2003, Numar, 55
Spitale, Total, Regiunea BUCURESTI - ILFOV, Anul 2004, Numar, 56
Spitale, Total, Regiunea BUCURESTI - ILFOV, Anul 2005, Numar, 58
Spitale, Total, Regiunea BUCURESTI - ILFOV, Anul 2006, Numar, 59
Spitale, Total, Regiunea BUCURESTI - ILFOV, Anul 2007, Numar, 60
Spitale, Total, Regiunea BUCURESTI - ILFOV, Anul 2008, Numar, 61
Spitale, Total, Regiunea BUCURESTI - ILFOV, Anul 2009, Numar, 66
Spitale, Total, Regiunea BUCURESTI - ILFOV, Anul 2010, Numar, 83
Spitale, Total, Regiunea BUCURESTI - ILFOV, Anul 2011, Numar, 84
Spitale, Total, Regiunea BUCURESTI - ILFOV, Anul 2012, Numar, 86
Spitale, Total, Regiunea BUCURESTI - ILFOV, Anul 2013, Numar, 87
Spitale, Total, Regiunea BUCURESTI - ILFOV, Anul 2014, Numar, 91
Spitale, Total, Regiunea BUCURESTI - ILFOV, Anul 2015, Numar, 101
Spitale, Total, Regiunea BUCURESTI - ILFOV, Anul 2016, Numar, 102
Spitale, Total, Regiunea BUCURESTI - ILFOV, Anul 2017, Numar, 101
Spitale, Total, Regiunea BUCURESTI - ILFOV, Anul 2018, Numar, 79
Spitale, Total, Regiunea BUCURESTI - ILFOV, Anul 2019, Numar, 81
Spitale, Total, Regiunea BUCURESTI - ILFOV, Anul 2020, Numar, 81
Spitale, Total, Regiunea BUCURESTI - ILFOV, Anul 2021, Numar, 85
Spitale, Total, Regiunea BUCURESTI - ILFOV, Anul 2022, Numar, 87
Spitale, Total, Regiunea BUCURESTI - ILFOV, Anul 2023, Numar, 86
Spitale, Total, Regiunea BUCURESTI - ILFOV, Anul 2024, Numar, 85
Spitale, Total, Ilfov, Anul 1994, Numar, 4
Spitale, Total, Ilfov, Anul 1995, Numar, 4
Spitale, Total, Ilfov, Anul 1996, Numar, 4
Spitale, Total, Ilfov, Anul 1997, Numar, 4
Spitale, Total, Ilfov, Anul 1998, Numar, 4
Spitale, Total, Ilfov, Anul 1999, Numar, 4
Spitale, Total, Ilfov, Anul 2000, Numar, 5
Spitale, Total, Ilfov, Anul 2001, Numar, 5
Spitale, Total, Ilfov, Anul 2002, Numar, 6
Spitale, Total, Ilfov, Anul 2003, Numar, 5
Spitale, Total, Ilfov, Anul 2004, Numar, 5
Spitale, Total, Ilfov, Anul 2005, Numar, 6
Spitale, Total, Ilfov, Anul 2006, Numar, 7
Spitale, Total, Ilfov, Anul 2007, Numar, 7
Spitale, Total, Ilfov, Anul 2008, Numar, 7
Spitale, Total, Ilfov, Anul 2009, Numar, 8
Spitale, Total, Ilfov, Anul 2010, Numar, 8
Spitale, Total, Ilfov, Anul 2011, Numar, 6
Spitale, Total, Ilfov, Anul 2012, Numar, 8
Spitale, Total, Ilfov, Anul 2013, Numar, 8
Spitale, Total, Ilfov, Anul 2014, Numar, 8
Spitale, Total, Ilfov, Anul 2015, Numar, 9
Spitale, Total, Ilfov, Anul 2016, Numar, 9
Spitale, Total, Ilfov, Anul 2017, Numar, 9
Spitale, Total, Ilfov, Anul 2018, Numar, 8
Spitale, Total, Ilfov, Anul 2019, Numar, 9
Spitale, Total, Ilfov, Anul 2020, Numar, 9
Spitale, Total, Ilfov, Anul 2021, Numar, 9
Spitale, Total, Ilfov, Anul 2022, Numar, 9
Spitale, Total, Ilfov, Anul 2023, Numar, 9
Spitale, Total, Ilfov, Anul 2024, Numar, 9
Spitale, Total, Municipiul Bucuresti, Anul 1994, Numar, 51
Spitale, Total, Municipiul Bucuresti, Anul 1995, Numar, 52
Spitale, Total, Municipiul Bucuresti, Anul 1996, Numar, 52
Spitale, Total, Municipiul Bucuresti, Anul 1997, Numar, 51
Spitale, Total, Municipiul Bucuresti, Anul 1998, Numar, 50
Spitale, Total, Municipiul Bucuresti, Anul 1999, Numar, 53
Spitale, Total, Municipiul Bucuresti, Anul 2000, Numar, 54
Spitale, Total, Municipiul Bucuresti, Anul 2001, Numar, 54
Spitale, Total, Municipiul Bucuresti, Anul 2002, Numar, 52
Spitale, Total, Municipiul Bucuresti, Anul 2003, Numar, 50
Spitale, Total, Municipiul Bucuresti, Anul 2004, Numar, 51
Spitale, Total, Municipiul Bucuresti, Anul 2005, Numar, 52
Spitale, Total, Municipiul Bucuresti, Anul 2006, Numar, 52
Spitale, Total, Municipiul Bucuresti, Anul 2007, Numar, 53
Spitale, Total, Municipiul Bucuresti, Anul 2008, Numar, 54
Spitale, Total, Municipiul Bucuresti, Anul 2009, Numar, 58
Spitale, Total, Municipiul Bucuresti, Anul 2010, Numar, 75
Spitale, Total, Municipiul Bucuresti, Anul 2011, Numar, 78
Spitale, Total, Municipiul Bucuresti, Anul 2012, Numar, 78
Spitale, Total, Municipiul Bucuresti, Anul 2013, Numar, 79
Spitale, Total, Municipiul Bucuresti, Anul 2014, Numar, 83
Spitale, Total, Municipiul Bucuresti, Anul 2015, Numar, 92
Spitale, Total, Municipiul Bucuresti, Anul 2016, Numar, 93
Spitale, Total, Municipiul Bucuresti, Anul 2017, Numar, 92
Spitale, Total, Municipiul Bucuresti, Anul 2018, Numar, 71
Spitale, Total, Municipiul Bucuresti, Anul 2019, Numar, 72
Spitale, Total, Municipiul Bucuresti, Anul 2020, Numar, 72
Spitale, Total, Municipiul Bucuresti, Anul 2021, Numar, 76
Spitale, Total, Municipiul Bucuresti, Anul 2022, Numar, 78
Spitale, Total, Municipiul Bucuresti, Anul 2023, Numar, 77
Spitale, Total, Municipiul Bucuresti, Anul 2024, Numar, 76
Spitale, Total, Mun. Bucuresti -incl. SAI, Anul 1990, Numar, 50
Spitale, Total, Mun. Bucuresti -incl. SAI, Anul 1991, Numar, 52
Spitale, Total, Mun. Bucuresti -incl. SAI, Anul 1992, Numar, 53
Spitale, Total, Mun. Bucuresti -incl. SAI, Anul 1993, Numar, 56
Spitale, Total, MACROREGIUNEA PATRU, Anul 1990, Numar, 86
Spitale, Total, MACROREGIUNEA PATRU, Anul 1991, Numar, 87
Spitale, Total, MACROREGIUNEA PATRU, Anul 1992, Numar, 88
Spitale, Total, MACROREGIUNEA PATRU, Anul 1993, Numar, 88
Spitale, Total, MACROREGIUNEA PATRU, Anul 1994, Numar, 84
Spitale, Total, MACROREGIUNEA PATRU, Anul 1995, Numar, 85
Spitale, Total, MACROREGIUNEA PATRU, Anul 1996, Numar, 84
Spitale, Total, MACROREGIUNEA PATRU, Anul 1997, Numar, 85
Spitale, Total, MACROREGIUNEA PATRU, Anul 1998, Numar, 85
Spitale, Total, MACROREGIUNEA PATRU, Anul 1999, Numar, 86
Spitale, Total, MACROREGIUNEA PATRU, Anul 2000, Numar, 88
Spitale, Total, MACROREGIUNEA PATRU, Anul 2001, Numar, 89
Spitale, Total, MACROREGIUNEA PATRU, Anul 2002, Numar, 90
Spitale, Total, MACROREGIUNEA PATRU, Anul 2003, Numar, 87
Spitale, Total, MACROREGIUNEA PATRU, Anul 2004, Numar, 87
Spitale, Total, MACROREGIUNEA PATRU, Anul 2005, Numar, 88
Spitale, Total, MACROREGIUNEA PATRU, Anul 2006, Numar, 88
Spitale, Total, MACROREGIUNEA PATRU, Anul 2007, Numar, 90
Spitale, Total, MACROREGIUNEA PATRU, Anul 2008, Numar, 90
Spitale, Total, MACROREGIUNEA PATRU, Anul 2009, Numar, 92
Spitale, Total, MACROREGIUNEA PATRU, Anul 2010, Numar, 96
Spitale, Total, MACROREGIUNEA PATRU, Anul 2011, Numar, 83
Spitale, Total, MACROREGIUNEA PATRU, Anul 2012, Numar, 84
Spitale, Total, MACROREGIUNEA PATRU, Anul 2013, Numar, 84
Spitale, Total, MACROREGIUNEA PATRU, Anul 2014, Numar, 86
Spitale, Total, MACROREGIUNEA PATRU, Anul 2015, Numar, 88
Spitale, Total, MACROREGIUNEA PATRU, Anul 2016, Numar, 93
Spitale, Total, MACROREGIUNEA PATRU, Anul 2017, Numar, 102
Spitale, Total, MACROREGIUNEA PATRU, Anul 2018, Numar, 98
Spitale, Total, MACROREGIUNEA PATRU, Anul 2019, Numar, 101
Spitale, Total, MACROREGIUNEA PATRU, Anul 2020, Numar, 102
Spitale, Total, MACROREGIUNEA PATRU, Anul 2021, Numar, 102
Spitale, Total, MACROREGIUNEA PATRU, Anul 2022, Numar, 106
Spitale, Total, MACROREGIUNEA PATRU, Anul 2023, Numar, 111
Spitale, Total, MACROREGIUNEA PATRU, Anul 2024, Numar, 112
Spitale, Total, Regiunea SUD-VEST OLTENIA, Anul 1990, Numar, 41
Spitale, Total, Regiunea SUD-VEST OLTENIA, Anul 1991, Numar, 41
Spitale, Total, Regiunea SUD-VEST OLTENIA, Anul 1992, Numar, 41
Spitale, Total, Regiunea SUD-VEST OLTENIA, Anul 1993, Numar, 42
Spitale, Total, Regiunea SUD-VEST OLTENIA, Anul 1994, Numar, 39
Spitale, Total, Regiunea SUD-VEST OLTENIA, Anul 1995, Numar, 38
Spitale, Total, Regiunea SUD-VEST OLTENIA, Anul 1996, Numar, 37
Spitale, Total, Regiunea SUD-VEST OLTENIA, Anul 1997, Numar, 37
Spitale, Total, Regiunea SUD-VEST OLTENIA, Anul 1998, Numar, 37
Spitale, Total, Regiunea SUD-VEST OLTENIA, Anul 1999, Numar, 37
Spitale, Total, Regiunea SUD-VEST OLTENIA, Anul 2000, Numar, 40
Spitale, Total, Regiunea SUD-VEST OLTENIA, Anul 2001, Numar, 41
Spitale, Total, Regiunea SUD-VEST OLTENIA, Anul 2002, Numar, 42
Spitale, Total, Regiunea SUD-VEST OLTENIA, Anul 2003, Numar, 41
Spitale, Total, Regiunea SUD-VEST OLTENIA, Anul 2004, Numar, 41
Spitale, Total, Regiunea SUD-VEST OLTENIA, Anul 2005, Numar, 42
Spitale, Total, Regiunea SUD-VEST OLTENIA, Anul 2006, Numar, 42
Spitale, Total, Regiunea SUD-VEST OLTENIA, Anul 2007, Numar, 43
Spitale, Total, Regiunea SUD-VEST OLTENIA, Anul 2008, Numar, 43
Spitale, Total, Regiunea SUD-VEST OLTENIA, Anul 2009, Numar, 43
Spitale, Total, Regiunea SUD-VEST OLTENIA, Anul 2010, Numar, 43
Spitale, Total, Regiunea SUD-VEST OLTENIA, Anul 2011, Numar, 39
Spitale, Total, Regiunea SUD-VEST OLTENIA, Anul 2012, Numar, 39
Spitale, Total, Regiunea SUD-VEST OLTENIA, Anul 2013, Numar, 39
Spitale, Total, Regiunea SUD-VEST OLTENIA, Anul 2014, Numar, 42
Spitale, Total, Regiunea SUD-VEST OLTENIA, Anul 2015, Numar, 43
Spitale, Total, Regiunea SUD-VEST OLTENIA, Anul 2016, Numar, 46
Spitale, Total, Regiunea SUD-VEST OLTENIA, Anul 2017, Numar, 48
Spitale, Total, Regiunea SUD-VEST OLTENIA, Anul 2018, Numar, 49
Spitale, Total, Regiunea SUD-VEST OLTENIA, Anul 2019, Numar, 52
Spitale, Total, Regiunea SUD-VEST OLTENIA, Anul 2020, Numar, 53
Spitale, Total, Regiunea SUD-VEST OLTENIA, Anul 2021, Numar, 53
Spitale, Total, Regiunea SUD-VEST OLTENIA, Anul 2022, Numar, 57
Spitale, Total, Regiunea SUD-VEST OLTENIA, Anul 2023, Numar, 61
Spitale, Total, Regiunea SUD-VEST OLTENIA, Anul 2024, Numar, 60
Spitale, Total, Dolj, Anul 1990, Numar, 12
Spitale, Total, Dolj, Anul 1991, Numar, 12
Spitale, Total, Dolj, Anul 1992, Numar, 12
Spitale, Total, Dolj, Anul 1993, Numar, 12
Spitale, Total, Dolj, Anul 1994, Numar, 9
Spitale, Total, Dolj, Anul 1995, Numar, 9
Spitale, Total, Dolj, Anul 1996, Numar, 9
Spitale, Total, Dolj, Anul 1997, Numar, 9
Spitale, Total, Dolj, Anul 1998, Numar, 9
Spitale, Total, Dolj, Anul 1999, Numar, 9
Spitale, Total, Dolj, Anul 2000, Numar, 12
Spitale, Total, Dolj, Anul 2001, Numar, 13
Spitale, Total, Dolj, Anul 2002, Numar, 13
Spitale, Total, Dolj, Anul 2003, Numar, 13
Spitale, Total, Dolj, Anul 2004, Numar, 13
Spitale, Total, Dolj, Anul 2005, Numar, 14
Spitale, Total, Dolj, Anul 2006, Numar, 14
Spitale, Total, Dolj, Anul 2007, Numar, 14
Spitale, Total, Dolj, Anul 2008, Numar, 14
Spitale, Total, Dolj, Anul 2009, Numar, 14
Spitale, Total, Dolj, Anul 2010, Numar, 14
Spitale, Total, Dolj, Anul 2011, Numar, 15
Spitale, Total, Dolj, Anul 2012, Numar, 15
Spitale, Total, Dolj, Anul 2013, Numar, 15
Spitale, Total, Dolj, Anul 2014, Numar, 18
Spitale, Total, Dolj, Anul 2015, Numar, 19
Spitale, Total, Dolj, Anul 2016, Numar, 20
Spitale, Total, Dolj, Anul 2017, Numar, 20
Spitale, Total, Dolj, Anul 2018, Numar, 21
Spitale, Total, Dolj, Anul 2019, Numar, 24
Spitale, Total, Dolj, Anul 2020, Numar, 24
Spitale, Total, Dolj, Anul 2021, Numar, 24
Spitale, Total, Dolj, Anul 2022, Numar, 24
Spitale, Total, Dolj, Anul 2023, Numar, 28
Spitale, Total, Dolj, Anul 2024, Numar, 28
Spitale, Total, Gorj, Anul 1990, Numar, 7
Spitale, Total, Gorj, Anul 1991, Numar, 7
Spitale, Total, Gorj, Anul 1992, Numar, 7
Spitale, Total, Gorj, Anul 1993, Numar, 7
Spitale, Total, Gorj, Anul 1994, Numar, 7
Spitale, Total, Gorj, Anul 1995, Numar, 7
Spitale, Total, Gorj, Anul 1996, Numar, 7
Spitale, Total, Gorj, Anul 1997, Numar, 7
Spitale, Total, Gorj, Anul 1998, Numar, 7
Spitale, Total, Gorj, Anul 1999, Numar, 7
Spitale, Total, Gorj, Anul 2000, Numar, 7
Spitale, Total, Gorj, Anul 2001, Numar, 7
Spitale, Total, Gorj, Anul 2002, Numar, 8
Spitale, Total, Gorj, Anul 2003, Numar, 8
Spitale, Total, Gorj, Anul 2004, Numar, 8
Spitale, Total, Gorj, Anul 2005, Numar, 8
Spitale, Total, Gorj, Anul 2006, Numar, 8
Spitale, Total, Gorj, Anul 2007, Numar, 8
Spitale, Total, Gorj, Anul 2008, Numar, 8
Spitale, Total, Gorj, Anul 2009, Numar, 8
Spitale, Total, Gorj, Anul 2010, Numar, 8
Spitale, Total, Gorj, Anul 2011, Numar, 7
Spitale, Total, Gorj, Anul 2012, Numar, 7
Spitale, Total, Gorj, Anul 2013, Numar, 8
Spitale, Total, Gorj, Anul 2014, Numar, 8
Spitale, Total, Gorj, Anul 2015, Numar, 8
Spitale, Total, Gorj, Anul 2016, Numar, 8
Spitale, Total, Gorj, Anul 2017, Numar, 10
Spitale, Total, Gorj, Anul 2018, Numar, 8
Spitale, Total, Gorj, Anul 2019, Numar, 8
Spitale, Total, Gorj, Anul 2020, Numar, 8
Spitale, Total, Gorj, Anul 2021, Numar, 8
Spitale, Total, Gorj, Anul 2022, Numar, 10
Spitale, Total, Gorj, Anul 2023, Numar, 10
Spitale, Total, Gorj, Anul 2024, Numar, 10
Spitale, Total, Mehedinti, Anul 1990, Numar, 7
Spitale, Total, Mehedinti, Anul 1991, Numar, 7
Spitale, Total, Mehedinti, Anul 1992, Numar, 7
Spitale, Total, Mehedinti, Anul 1993, Numar, 7
Spitale, Total, Mehedinti, Anul 1994, Numar, 7
Spitale, Total, Mehedinti, Anul 1995, Numar, 6
Spitale, Total, Mehedinti, Anul 1996, Numar, 6
Spitale, Total, Mehedinti, Anul 1997, Numar, 6
Spitale, Total, Mehedinti, Anul 1998, Numar, 6
Spitale, Total, Mehedinti, Anul 1999, Numar, 6
Spitale, Total, Mehedinti, Anul 2000, Numar, 6
Spitale, Total, Mehedinti, Anul 2001, Numar, 6
Spitale, Total, Mehedinti, Anul 2002, Numar, 6
Spitale, Total, Mehedinti, Anul 2003, Numar, 6
Spitale, Total, Mehedinti, Anul 2004, Numar, 6
Spitale, Total, Mehedinti, Anul 2005, Numar, 6
Spitale, Total, Mehedinti, Anul 2006, Numar, 6
Spitale, Total, Mehedinti, Anul 2007, Numar, 6
Spitale, Total, Mehedinti, Anul 2008, Numar, 6
Spitale, Total, Mehedinti, Anul 2009, Numar, 6
Spitale, Total, Mehedinti, Anul 2010, Numar, 6
Spitale, Total, Mehedinti, Anul 2011, Numar, 4
Spitale, Total, Mehedinti, Anul 2012, Numar, 4
Spitale, Total, Mehedinti, Anul 2013, Numar, 4
Spitale, Total, Mehedinti, Anul 2014, Numar, 4
Spitale, Total, Mehedinti, Anul 2015, Numar, 4
Spitale, Total, Mehedinti, Anul 2016, Numar, 4
Spitale, Total, Mehedinti, Anul 2017, Numar, 4
Spitale, Total, Mehedinti, Anul 2018, Numar, 4
Spitale, Total, Mehedinti, Anul 2019, Numar, 4
Spitale, Total, Mehedinti, Anul 2020, Numar, 4
Spitale, Total, Mehedinti, Anul 2021, Numar, 4
Spitale, Total, Mehedinti, Anul 2022, Numar, 5
Spitale, Total, Mehedinti, Anul 2023, Numar, 5
Spitale, Total, Mehedinti, Anul 2024, Numar, 5
Spitale, Total, Olt, Anul 1990, Numar, 8
Spitale, Total, Olt, Anul 1991, Numar, 8
Spitale, Total, Olt, Anul 1992, Numar, 8
Spitale, Total, Olt, Anul 1993, Numar, 8
Spitale, Total, Olt, Anul 1994, Numar, 8
Spitale, Total, Olt, Anul 1995, Numar, 8
Spitale, Total, Olt, Anul 1996, Numar, 7
Spitale, Total, Olt, Anul 1997, Numar, 7
Spitale, Total, Olt, Anul 1998, Numar, 7
Spitale, Total, Olt, Anul 1999, Numar, 7
Spitale, Total, Olt, Anul 2000, Numar, 7
Spitale, Total, Olt, Anul 2001, Numar, 7
Spitale, Total, Olt, Anul 2002, Numar, 7
Spitale, Total, Olt, Anul 2003, Numar, 6
Spitale, Total, Olt, Anul 2004, Numar, 6
Spitale, Total, Olt, Anul 2005, Numar, 6
Spitale, Total, Olt, Anul 2006, Numar, 6
Spitale, Total, Olt, Anul 2007, Numar, 6
Spitale, Total, Olt, Anul 2008, Numar, 6
Spitale, Total, Olt, Anul 2009, Numar, 6
Spitale, Total, Olt, Anul 2010, Numar, 6
Spitale, Total, Olt, Anul 2011, Numar, 6
Spitale, Total, Olt, Anul 2012, Numar, 6
Spitale, Total, Olt, Anul 2013, Numar, 5
Spitale, Total, Olt, Anul 2014, Numar, 5
Spitale, Total, Olt, Anul 2015, Numar, 5
Spitale, Total, Olt, Anul 2016, Numar, 5
Spitale, Total, Olt, Anul 2017, Numar, 5
Spitale, Total, Olt, Anul 2018, Numar, 5
Spitale, Total, Olt, Anul 2019, Numar, 5
Spitale, Total, Olt, Anul 2020, Numar, 6
Spitale, Total, Olt, Anul 2021, Numar, 6
Spitale, Total, Olt, Anul 2022, Numar, 6
Spitale, Total, Olt, Anul 2023, Numar, 6
Spitale, Total, Olt, Anul 2024, Numar, 6
Spitale, Total, Valcea, Anul 1990, Numar, 7
Spitale, Total, Valcea, Anul 1991, Numar, 7
Spitale, Total, Valcea, Anul 1992, Numar, 7
Spitale, Total, Valcea, Anul 1993, Numar, 8
Spitale, Total, Valcea, Anul 1994, Numar, 8
Spitale, Total, Valcea, Anul 1995, Numar, 8
Spitale, Total, Valcea, Anul 1996, Numar, 8
Spitale, Total, Valcea, Anul 1997, Numar, 8
Spitale, Total, Valcea, Anul 1998, Numar, 8
Spitale, Total, Valcea, Anul 1999, Numar, 8
Spitale, Total, Valcea, Anul 2000, Numar, 8
Spitale, Total, Valcea, Anul 2001, Numar, 8
Spitale, Total, Valcea, Anul 2002, Numar, 8
Spitale, Total, Valcea, Anul 2003, Numar, 8
Spitale, Total, Valcea, Anul 2004, Numar, 8
Spitale, Total, Valcea, Anul 2005, Numar, 8
Spitale, Total, Valcea, Anul 2006, Numar, 8
Spitale, Total, Valcea, Anul 2007, Numar, 9
Spitale, Total, Valcea, Anul 2008, Numar, 9
Spitale, Total, Valcea, Anul 2009, Numar, 9
Spitale, Total, Valcea, Anul 2010, Numar, 9
Spitale, Total, Valcea, Anul 2011, Numar, 7
Spitale, Total, Valcea, Anul 2012, Numar, 7
Spitale, Total, Valcea, Anul 2013, Numar, 7
Spitale, Total, Valcea, Anul 2014, Numar, 7
Spitale, Total, Valcea, Anul 2015, Numar, 7
Spitale, Total, Valcea, Anul 2016, Numar, 9
Spitale, Total, Valcea, Anul 2017, Numar, 9
Spitale, Total, Valcea, Anul 2018, Numar, 11
Spitale, Total, Valcea, Anul 2019, Numar, 11
Spitale, Total, Valcea, Anul 2020, Numar, 11
Spitale, Total, Valcea, Anul 2021, Numar, 11
Spitale, Total, Valcea, Anul 2022, Numar, 12
Spitale, Total, Valcea, Anul 2023, Numar, 12
Spitale, Total, Valcea, Anul 2024, Numar, 11
Spitale, Total, Regiunea VEST, Anul 1990, Numar, 45
Spitale, Total, Regiunea VEST, Anul 1991, Numar, 46
Spitale, Total, Regiunea VEST, Anul 1992, Numar, 47
Spitale, Total, Regiunea VEST, Anul 1993, Numar, 46
Spitale, Total, Regiunea VEST, Anul 1994, Numar, 45
Spitale, Total, Regiunea VEST, Anul 1995, Numar, 47
Spitale, Total, Regiunea VEST, Anul 1996, Numar, 47
Spitale, Total, Regiunea VEST, Anul 1997, Numar, 48
Spitale, Total, Regiunea VEST, Anul 1998, Numar, 48
Spitale, Total, Regiunea VEST, Anul 1999, Numar, 49
Spitale, Total, Regiunea VEST, Anul 2000, Numar, 48
Spitale, Total, Regiunea VEST, Anul 2001, Numar, 48
Spitale, Total, Regiunea VEST, Anul 2002, Numar, 48
Spitale, Total, Regiunea VEST, Anul 2003, Numar, 46
Spitale, Total, Regiunea VEST, Anul 2004, Numar, 46
Spitale, Total, Regiunea VEST, Anul 2005, Numar, 46
Spitale, Total, Regiunea VEST, Anul 2006, Numar, 46
Spitale, Total, Regiunea VEST, Anul 2007, Numar, 47
Spitale, Total, Regiunea VEST, Anul 2008, Numar, 47
Spitale, Total, Regiunea VEST, Anul 2009, Numar, 49
Spitale, Total, Regiunea VEST, Anul 2010, Numar, 53
Spitale, Total, Regiunea VEST, Anul 2011, Numar, 44
Spitale, Total, Regiunea VEST, Anul 2012, Numar, 45
Spitale, Total, Regiunea VEST, Anul 2013, Numar, 45
Spitale, Total, Regiunea VEST, Anul 2014, Numar, 44
Spitale, Total, Regiunea VEST, Anul 2015, Numar, 45
Spitale, Total, Regiunea VEST, Anul 2016, Numar, 47
Spitale, Total, Regiunea VEST, Anul 2017, Numar, 54
Spitale, Total, Regiunea VEST, Anul 2018, Numar, 49
Spitale, Total, Regiunea VEST, Anul 2019, Numar, 49
Spitale, Total, Regiunea VEST, Anul 2020, Numar, 49
Spitale, Total, Regiunea VEST, Anul 2021, Numar, 49
Spitale, Total, Regiunea VEST, Anul 2022, Numar, 49
Spitale, Total, Regiunea VEST, Anul 2023, Numar, 50
Spitale, Total, Regiunea VEST, Anul 2024, Numar, 52
Spitale, Total, Arad, Anul 1990, Numar, 10
Spitale, Total, Arad, Anul 1991, Numar, 10
Spitale, Total, Arad, Anul 1992, Numar, 11
Spitale, Total, Arad, Anul 1993, Numar, 11
Spitale, Total, Arad, Anul 1994, Numar, 11
Spitale, Total, Arad, Anul 1995, Numar, 11
Spitale, Total, Arad, Anul 1996, Numar, 11
Spitale, Total, Arad, Anul 1997, Numar, 11
Spitale, Total, Arad, Anul 1998, Numar, 11
Spitale, Total, Arad, Anul 1999, Numar, 11
Spitale, Total, Arad, Anul 2000, Numar, 11
Spitale, Total, Arad, Anul 2001, Numar, 11
Spitale, Total, Arad, Anul 2002, Numar, 11
Spitale, Total, Arad, Anul 2003, Numar, 11
Spitale, Total, Arad, Anul 2004, Numar, 11
Spitale, Total, Arad, Anul 2005, Numar, 11
Spitale, Total, Arad, Anul 2006, Numar, 11
Spitale, Total, Arad, Anul 2007, Numar, 12
Spitale, Total, Arad, Anul 2008, Numar, 12
Spitale, Total, Arad, Anul 2009, Numar, 14
Spitale, Total, Arad, Anul 2010, Numar, 14
Spitale, Total, Arad, Anul 2011, Numar, 10
Spitale, Total, Arad, Anul 2012, Numar, 11
Spitale, Total, Arad, Anul 2013, Numar, 11
Spitale, Total, Arad, Anul 2014, Numar, 10
Spitale, Total, Arad, Anul 2015, Numar, 11
Spitale, Total, Arad, Anul 2016, Numar, 11
Spitale, Total, Arad, Anul 2017, Numar, 11
Spitale, Total, Arad, Anul 2018, Numar, 11
Spitale, Total, Arad, Anul 2019, Numar, 11
Spitale, Total, Arad, Anul 2020, Numar, 12
Spitale, Total, Arad, Anul 2021, Numar, 12
Spitale, Total, Arad, Anul 2022, Numar, 12
Spitale, Total, Arad, Anul 2023, Numar, 12
Spitale, Total, Arad, Anul 2024, Numar, 11
Spitale, Total, Caras-Severin, Anul 1990, Numar, 8
Spitale, Total, Caras-Severin, Anul 1991, Numar, 8
Spitale, Total, Caras-Severin, Anul 1992, Numar, 8
Spitale, Total, Caras-Severin, Anul 1993, Numar, 8
Spitale, Total, Caras-Severin, Anul 1994, Numar, 8
Spitale, Total, Caras-Severin, Anul 1995, Numar, 8
Spitale, Total, Caras-Severin, Anul 1996, Numar, 8
Spitale, Total, Caras-Severin, Anul 1997, Numar, 8
Spitale, Total, Caras-Severin, Anul 1998, Numar, 8
Spitale, Total, Caras-Severin, Anul 1999, Numar, 8
Spitale, Total, Caras-Severin, Anul 2000, Numar, 8
Spitale, Total, Caras-Severin, Anul 2001, Numar, 8
Spitale, Total, Caras-Severin, Anul 2002, Numar, 8
Spitale, Total, Caras-Severin, Anul 2003, Numar, 8
Spitale, Total, Caras-Severin, Anul 2004, Numar, 8
Spitale, Total, Caras-Severin, Anul 2005, Numar, 8
Spitale, Total, Caras-Severin, Anul 2006, Numar, 8
Spitale, Total, Caras-Severin, Anul 2007, Numar, 8
Spitale, Total, Caras-Severin, Anul 2008, Numar, 8
Spitale, Total, Caras-Severin, Anul 2009, Numar, 8
Spitale, Total, Caras-Severin, Anul 2010, Numar, 9
Spitale, Total, Caras-Severin, Anul 2011, Numar, 6
Spitale, Total, Caras-Severin, Anul 2012, Numar, 6
Spitale, Total, Caras-Severin, Anul 2013, Numar, 6
Spitale, Total, Caras-Severin, Anul 2014, Numar, 6
Spitale, Total, Caras-Severin, Anul 2015, Numar, 6
Spitale, Total, Caras-Severin, Anul 2016, Numar, 6
Spitale, Total, Caras-Severin, Anul 2017, Numar, 6
Spitale, Total, Caras-Severin, Anul 2018, Numar, 6
Spitale, Total, Caras-Severin, Anul 2019, Numar, 6
Spitale, Total, Caras-Severin, Anul 2020, Numar, 6
Spitale, Total, Caras-Severin, Anul 2021, Numar, 6
Spitale, Total, Caras-Severin, Anul 2022, Numar, 6
Spitale, Total, Caras-Severin, Anul 2023, Numar, 6
Spitale, Total, Caras-Severin, Anul 2024, Numar, 6
Spitale, Total, Hunedoara, Anul 1990, Numar, 13
Spitale, Total, Hunedoara, Anul 1991, Numar, 14
Spitale, Total, Hunedoara, Anul 1992, Numar, 14
Spitale, Total, Hunedoara, Anul 1993, Numar, 13
Spitale, Total, Hunedoara, Anul 1994, Numar, 12
Spitale, Total, Hunedoara, Anul 1995, Numar, 13
Spitale, Total, Hunedoara, Anul 1996, Numar, 13
Spitale, Total, Hunedoara, Anul 1997, Numar, 14
Spitale, Total, Hunedoara, Anul 1998, Numar, 14
Spitale, Total, Hunedoara, Anul 1999, Numar, 14
Spitale, Total, Hunedoara, Anul 2000, Numar, 13
Spitale, Total, Hunedoara, Anul 2001, Numar, 13
Spitale, Total, Hunedoara, Anul 2002, Numar, 13
Spitale, Total, Hunedoara, Anul 2003, Numar, 11
Spitale, Total, Hunedoara, Anul 2004, Numar, 11
Spitale, Total, Hunedoara, Anul 2005, Numar, 11
Spitale, Total, Hunedoara, Anul 2006, Numar, 11
Spitale, Total, Hunedoara, Anul 2007, Numar, 11
Spitale, Total, Hunedoara, Anul 2008, Numar, 11
Spitale, Total, Hunedoara, Anul 2009, Numar, 11
Spitale, Total, Hunedoara, Anul 2010, Numar, 11
Spitale, Total, Hunedoara, Anul 2011, Numar, 10
Spitale, Total, Hunedoara, Anul 2012, Numar, 10
Spitale, Total, Hunedoara, Anul 2013, Numar, 10
Spitale, Total, Hunedoara, Anul 2014, Numar, 10
Spitale, Total, Hunedoara, Anul 2015, Numar, 10
Spitale, Total, Hunedoara, Anul 2016, Numar, 10
Spitale, Total, Hunedoara, Anul 2017, Numar, 11
Spitale, Total, Hunedoara, Anul 2018, Numar, 10
Spitale, Total, Hunedoara, Anul 2019, Numar, 10
Spitale, Total, Hunedoara, Anul 2020, Numar, 10
Spitale, Total, Hunedoara, Anul 2021, Numar, 10
Spitale, Total, Hunedoara, Anul 2022, Numar, 10
Spitale, Total, Hunedoara, Anul 2023, Numar, 10
Spitale, Total, Hunedoara, Anul 2024, Numar, 10
Spitale, Total, Timis, Anul 1990, Numar, 14
Spitale, Total, Timis, Anul 1991, Numar, 14
Spitale, Total, Timis, Anul 1992, Numar, 14
Spitale, Total, Timis, Anul 1993, Numar, 14
Spitale, Total, Timis, Anul 1994, Numar, 14
Spitale, Total, Timis, Anul 1995, Numar, 15
Spitale, Total, Timis, Anul 1996, Numar, 15
Spitale, Total, Timis, Anul 1997, Numar, 15
Spitale, Total, Timis, Anul 1998, Numar, 15
Spitale, Total, Timis, Anul 1999, Numar, 16
Spitale, Total, Timis, Anul 2000, Numar, 16
Spitale, Total, Timis, Anul 2001, Numar, 16
Spitale, Total, Timis, Anul 2002, Numar, 16
Spitale, Total, Timis, Anul 2003, Numar, 16
Spitale, Total, Timis, Anul 2004, Numar, 16
Spitale, Total, Timis, Anul 2005, Numar, 16
Spitale, Total, Timis, Anul 2006, Numar, 16
Spitale, Total, Timis, Anul 2007, Numar, 16
Spitale, Total, Timis, Anul 2008, Numar, 16
Spitale, Total, Timis, Anul 2009, Numar, 16
Spitale, Total, Timis, Anul 2010, Numar, 19
Spitale, Total, Timis, Anul 2011, Numar, 18
Spitale, Total, Timis, Anul 2012, Numar, 18
Spitale, Total, Timis, Anul 2013, Numar, 18
Spitale, Total, Timis, Anul 2014, Numar, 18
Spitale, Total, Timis, Anul 2015, Numar, 18
Spitale, Total, Timis, Anul 2016, Numar, 20
Spitale, Total, Timis, Anul 2017, Numar, 26
Spitale, Total, Timis, Anul 2018, Numar, 22
Spitale, Total, Timis, Anul 2019, Numar, 22
Spitale, Total, Timis, Anul 2020, Numar, 21
Spitale, Total, Timis, Anul 2021, Numar, 21
Spitale, Total, Timis, Anul 2022, Numar, 21
Spitale, Total, Timis, Anul 2023, Numar, 22
Spitale, Total, Timis, Anul 2024, Numar, 25
