Categorii de unitati de invatamant, Forme de proprietate , Macroregiuni  regiuni de dezvoltare si judete, Ani, UM: Numar, Valoare
Total, Total, MACROREGIUNEA UNU, Anul 1990, Numar, 7928
Total, Total, MACROREGIUNEA UNU, Anul 1991, Numar, 8086
Total, Total, MACROREGIUNEA UNU, Anul 1992, Numar, 8151
Total, Total, MACROREGIUNEA UNU, Anul 1993, Numar, 8252
Total, Total, MACROREGIUNEA UNU, Anul 1994, Numar, 8171
Total, Total, MACROREGIUNEA UNU, Anul 1995, Numar, 8209
Total, Total, MACROREGIUNEA UNU, Anul 1996, Numar, 8321
Total, Total, MACROREGIUNEA UNU, Anul 1997, Numar, 8181
Total, Total, MACROREGIUNEA UNU, Anul 1998, Numar, 8276
Total, Total, MACROREGIUNEA UNU, Anul 1999, Numar, 7725
Total, Total, MACROREGIUNEA UNU, Anul 2000, Numar, 6972
Total, Total, MACROREGIUNEA UNU, Anul 2001, Numar, 6923
Total, Total, MACROREGIUNEA UNU, Anul 2002, Numar, 6873
Total, Total, MACROREGIUNEA UNU, Anul 2003, Numar, 5103
Total, Total, MACROREGIUNEA UNU, Anul 2004, Numar, 4104
Total, Total, MACROREGIUNEA UNU, Anul 2005, Numar, 3357
Total, Total, MACROREGIUNEA UNU, Anul 2006, Numar, 2302
Total, Total, MACROREGIUNEA UNU, Anul 2007, Numar, 2209
Total, Total, MACROREGIUNEA UNU, Anul 2008, Numar, 2210
Total, Total, MACROREGIUNEA UNU, Anul 2009, Numar, 2255
Total, Total, MACROREGIUNEA UNU, Anul 2010, Numar, 2131
Total, Total, MACROREGIUNEA UNU, Anul 2011, Numar, 2050
Total, Total, MACROREGIUNEA UNU, Anul 2012, Numar, 1985
Total, Total, MACROREGIUNEA UNU, Anul 2013, Numar, 1959
Total, Total, MACROREGIUNEA UNU, Anul 2014, Numar, 1965
Total, Total, MACROREGIUNEA UNU, Anul 2015, Numar, 1973
Total, Total, MACROREGIUNEA UNU, Anul 2016, Numar, 1945
Total, Total, MACROREGIUNEA UNU, Anul 2017, Numar, 1944
Total, Total, MACROREGIUNEA UNU, Anul 2018, Numar, 1926
Total, Total, MACROREGIUNEA UNU, Anul 2019, Numar, 1919
Total, Total, MACROREGIUNEA UNU, Anul 2020, Numar, 1913
Total, Total, MACROREGIUNEA UNU, Anul 2021, Numar, 1923
Total, Total, MACROREGIUNEA UNU, Anul 2022, Numar, 1945
Total, Total, MACROREGIUNEA UNU, Anul 2023, Numar, 1958
Total, Total, MACROREGIUNEA UNU, Anul 2024, Numar, 1966
Total, Total, Regiunea NORD-VEST, Anul 1990, Numar, 4250
Total, Total, Regiunea NORD-VEST, Anul 1991, Numar, 4346
Total, Total, Regiunea NORD-VEST, Anul 1992, Numar, 4414
Total, Total, Regiunea NORD-VEST, Anul 1993, Numar, 4438
Total, Total, Regiunea NORD-VEST, Anul 1994, Numar, 4392
Total, Total, Regiunea NORD-VEST, Anul 1995, Numar, 4395
Total, Total, Regiunea NORD-VEST, Anul 1996, Numar, 4425
Total, Total, Regiunea NORD-VEST, Anul 1997, Numar, 4360
Total, Total, Regiunea NORD-VEST, Anul 1998, Numar, 4419
Total, Total, Regiunea NORD-VEST, Anul 1999, Numar, 4173
Total, Total, Regiunea NORD-VEST, Anul 2000, Numar, 3470
Total, Total, Regiunea NORD-VEST, Anul 2001, Numar, 3434
Total, Total, Regiunea NORD-VEST, Anul 2002, Numar, 3397
Total, Total, Regiunea NORD-VEST, Anul 2003, Numar, 2087
Total, Total, Regiunea NORD-VEST, Anul 2004, Numar, 1524
Total, Total, Regiunea NORD-VEST, Anul 2005, Numar, 1317
Total, Total, Regiunea NORD-VEST, Anul 2006, Numar, 1102
Total, Total, Regiunea NORD-VEST, Anul 2007, Numar, 1084
Total, Total, Regiunea NORD-VEST, Anul 2008, Numar, 1080
Total, Total, Regiunea NORD-VEST, Anul 2009, Numar, 1115
Total, Total, Regiunea NORD-VEST, Anul 2010, Numar, 1044
Total, Total, Regiunea NORD-VEST, Anul 2011, Numar, 1028
Total, Total, Regiunea NORD-VEST, Anul 2012, Numar, 1001
Total, Total, Regiunea NORD-VEST, Anul 2013, Numar, 1029
Total, Total, Regiunea NORD-VEST, Anul 2014, Numar, 1034
Total, Total, Regiunea NORD-VEST, Anul 2015, Numar, 1040
Total, Total, Regiunea NORD-VEST, Anul 2016, Numar, 1029
Total, Total, Regiunea NORD-VEST, Anul 2017, Numar, 1034
Total, Total, Regiunea NORD-VEST, Anul 2018, Numar, 1022
Total, Total, Regiunea NORD-VEST, Anul 2019, Numar, 1016
Total, Total, Regiunea NORD-VEST, Anul 2020, Numar, 1015
Total, Total, Regiunea NORD-VEST, Anul 2021, Numar, 1021
Total, Total, Regiunea NORD-VEST, Anul 2022, Numar, 1036
Total, Total, Regiunea NORD-VEST, Anul 2023, Numar, 1044
Total, Total, Regiunea NORD-VEST, Anul 2024, Numar, 1050
Total, Total, Bihor, Anul 1990, Numar, 1064
Total, Total, Bihor, Anul 1991, Numar, 1089
Total, Total, Bihor, Anul 1992, Numar, 1101
Total, Total, Bihor, Anul 1993, Numar, 1108
Total, Total, Bihor, Anul 1994, Numar, 1093
Total, Total, Bihor, Anul 1995, Numar, 1084
Total, Total, Bihor, Anul 1996, Numar, 1083
Total, Total, Bihor, Anul 1997, Numar, 1067
Total, Total, Bihor, Anul 1998, Numar, 1074
Total, Total, Bihor, Anul 1999, Numar, 1028
Total, Total, Bihor, Anul 2000, Numar, 1014
Total, Total, Bihor, Anul 2001, Numar, 1005
Total, Total, Bihor, Anul 2002, Numar, 1001
Total, Total, Bihor, Anul 2003, Numar, 349
Total, Total, Bihor, Anul 2004, Numar, 348
Total, Total, Bihor, Anul 2005, Numar, 345
Total, Total, Bihor, Anul 2006, Numar, 221
Total, Total, Bihor, Anul 2007, Numar, 225
Total, Total, Bihor, Anul 2008, Numar, 219
Total, Total, Bihor, Anul 2009, Numar, 228
Total, Total, Bihor, Anul 2010, Numar, 221
Total, Total, Bihor, Anul 2011, Numar, 220
Total, Total, Bihor, Anul 2012, Numar, 205
Total, Total, Bihor, Anul 2013, Numar, 207
Total, Total, Bihor, Anul 2014, Numar, 209
Total, Total, Bihor, Anul 2015, Numar, 216
Total, Total, Bihor, Anul 2016, Numar, 207
Total, Total, Bihor, Anul 2017, Numar, 206
Total, Total, Bihor, Anul 2018, Numar, 203
Total, Total, Bihor, Anul 2019, Numar, 204
Total, Total, Bihor, Anul 2020, Numar, 204
Total, Total, Bihor, Anul 2021, Numar, 206
Total, Total, Bihor, Anul 2022, Numar, 209
Total, Total, Bihor, Anul 2023, Numar, 212
Total, Total, Bihor, Anul 2024, Numar, 216
Total, Total, Bistrita-Nasaud, Anul 1990, Numar, 586
Total, Total, Bistrita-Nasaud, Anul 1991, Numar, 586
Total, Total, Bistrita-Nasaud, Anul 1992, Numar, 587
Total, Total, Bistrita-Nasaud, Anul 1993, Numar, 595
Total, Total, Bistrita-Nasaud, Anul 1994, Numar, 594
Total, Total, Bistrita-Nasaud, Anul 1995, Numar, 605
Total, Total, Bistrita-Nasaud, Anul 1996, Numar, 604
Total, Total, Bistrita-Nasaud, Anul 1997, Numar, 600
Total, Total, Bistrita-Nasaud, Anul 1998, Numar, 604
Total, Total, Bistrita-Nasaud, Anul 1999, Numar, 581
Total, Total, Bistrita-Nasaud, Anul 2000, Numar, 448
Total, Total, Bistrita-Nasaud, Anul 2001, Numar, 420
Total, Total, Bistrita-Nasaud, Anul 2002, Numar, 419
Total, Total, Bistrita-Nasaud, Anul 2003, Numar, 288
Total, Total, Bistrita-Nasaud, Anul 2004, Numar, 89
Total, Total, Bistrita-Nasaud, Anul 2005, Numar, 100
Total, Total, Bistrita-Nasaud, Anul 2006, Numar, 120
Total, Total, Bistrita-Nasaud, Anul 2007, Numar, 121
Total, Total, Bistrita-Nasaud, Anul 2008, Numar, 120
Total, Total, Bistrita-Nasaud, Anul 2009, Numar, 132
Total, Total, Bistrita-Nasaud, Anul 2010, Numar, 126
Total, Total, Bistrita-Nasaud, Anul 2011, Numar, 126
Total, Total, Bistrita-Nasaud, Anul 2012, Numar, 120
Total, Total, Bistrita-Nasaud, Anul 2013, Numar, 120
Total, Total, Bistrita-Nasaud, Anul 2014, Numar, 120
Total, Total, Bistrita-Nasaud, Anul 2015, Numar, 119
Total, Total, Bistrita-Nasaud, Anul 2016, Numar, 115
Total, Total, Bistrita-Nasaud, Anul 2017, Numar, 116
Total, Total, Bistrita-Nasaud, Anul 2018, Numar, 117
Total, Total, Bistrita-Nasaud, Anul 2019, Numar, 111
Total, Total, Bistrita-Nasaud, Anul 2020, Numar, 116
Total, Total, Bistrita-Nasaud, Anul 2021, Numar, 115
Total, Total, Bistrita-Nasaud, Anul 2022, Numar, 120
Total, Total, Bistrita-Nasaud, Anul 2023, Numar, 120
Total, Total, Bistrita-Nasaud, Anul 2024, Numar, 124
Total, Total, Cluj, Anul 1990, Numar, 859
Total, Total, Cluj, Anul 1991, Numar, 888
Total, Total, Cluj, Anul 1992, Numar, 892
Total, Total, Cluj, Anul 1993, Numar, 901
Total, Total, Cluj, Anul 1994, Numar, 886
Total, Total, Cluj, Anul 1995, Numar, 898
Total, Total, Cluj, Anul 1996, Numar, 916
Total, Total, Cluj, Anul 1997, Numar, 917
Total, Total, Cluj, Anul 1998, Numar, 931
Total, Total, Cluj, Anul 1999, Numar, 867
Total, Total, Cluj, Anul 2000, Numar, 624
Total, Total, Cluj, Anul 2001, Numar, 615
Total, Total, Cluj, Anul 2002, Numar, 599
Total, Total, Cluj, Anul 2003, Numar, 493
Total, Total, Cluj, Anul 2004, Numar, 395
Total, Total, Cluj, Anul 2005, Numar, 279
Total, Total, Cluj, Anul 2006, Numar, 268
Total, Total, Cluj, Anul 2007, Numar, 263
Total, Total, Cluj, Anul 2008, Numar, 259
Total, Total, Cluj, Anul 2009, Numar, 263
Total, Total, Cluj, Anul 2010, Numar, 252
Total, Total, Cluj, Anul 2011, Numar, 254
Total, Total, Cluj, Anul 2012, Numar, 257
Total, Total, Cluj, Anul 2013, Numar, 258
Total, Total, Cluj, Anul 2014, Numar, 258
Total, Total, Cluj, Anul 2015, Numar, 263
Total, Total, Cluj, Anul 2016, Numar, 265
Total, Total, Cluj, Anul 2017, Numar, 274
Total, Total, Cluj, Anul 2018, Numar, 271
Total, Total, Cluj, Anul 2019, Numar, 272
Total, Total, Cluj, Anul 2020, Numar, 271
Total, Total, Cluj, Anul 2021, Numar, 277
Total, Total, Cluj, Anul 2022, Numar, 286
Total, Total, Cluj, Anul 2023, Numar, 293
Total, Total, Cluj, Anul 2024, Numar, 285
Total, Total, Maramures, Anul 1990, Numar, 673
Total, Total, Maramures, Anul 1991, Numar, 684
Total, Total, Maramures, Anul 1992, Numar, 708
Total, Total, Maramures, Anul 1993, Numar, 703
Total, Total, Maramures, Anul 1994, Numar, 676
Total, Total, Maramures, Anul 1995, Numar, 670
Total, Total, Maramures, Anul 1996, Numar, 662
Total, Total, Maramures, Anul 1997, Numar, 659
Total, Total, Maramures, Anul 1998, Numar, 665
Total, Total, Maramures, Anul 1999, Numar, 623
Total, Total, Maramures, Anul 2000, Numar, 366
Total, Total, Maramures, Anul 2001, Numar, 365
Total, Total, Maramures, Anul 2002, Numar, 369
Total, Total, Maramures, Anul 2003, Numar, 291
Total, Total, Maramures, Anul 2004, Numar, 291
Total, Total, Maramures, Anul 2005, Numar, 291
Total, Total, Maramures, Anul 2006, Numar, 195
Total, Total, Maramures, Anul 2007, Numar, 199
Total, Total, Maramures, Anul 2008, Numar, 200
Total, Total, Maramures, Anul 2009, Numar, 205
Total, Total, Maramures, Anul 2010, Numar, 185
Total, Total, Maramures, Anul 2011, Numar, 177
Total, Total, Maramures, Anul 2012, Numar, 183
Total, Total, Maramures, Anul 2013, Numar, 191
Total, Total, Maramures, Anul 2014, Numar, 191
Total, Total, Maramures, Anul 2015, Numar, 185
Total, Total, Maramures, Anul 2016, Numar, 189
Total, Total, Maramures, Anul 2017, Numar, 191
Total, Total, Maramures, Anul 2018, Numar, 187
Total, Total, Maramures, Anul 2019, Numar, 187
Total, Total, Maramures, Anul 2020, Numar, 182
Total, Total, Maramures, Anul 2021, Numar, 183
Total, Total, Maramures, Anul 2022, Numar, 182
Total, Total, Maramures, Anul 2023, Numar, 181
Total, Total, Maramures, Anul 2024, Numar, 184
Total, Total, Satu Mare, Anul 1990, Numar, 566
Total, Total, Satu Mare, Anul 1991, Numar, 585
Total, Total, Satu Mare, Anul 1992, Numar, 605
Total, Total, Satu Mare, Anul 1993, Numar, 605
Total, Total, Satu Mare, Anul 1994, Numar, 606
Total, Total, Satu Mare, Anul 1995, Numar, 604
Total, Total, Satu Mare, Anul 1996, Numar, 622
Total, Total, Satu Mare, Anul 1997, Numar, 590
Total, Total, Satu Mare, Anul 1998, Numar, 605
Total, Total, Satu Mare, Anul 1999, Numar, 562
Total, Total, Satu Mare, Anul 2000, Numar, 512
Total, Total, Satu Mare, Anul 2001, Numar, 517
Total, Total, Satu Mare, Anul 2002, Numar, 501
Total, Total, Satu Mare, Anul 2003, Numar, 505
Total, Total, Satu Mare, Anul 2004, Numar, 241
Total, Total, Satu Mare, Anul 2005, Numar, 149
Total, Total, Satu Mare, Anul 2006, Numar, 145
Total, Total, Satu Mare, Anul 2007, Numar, 145
Total, Total, Satu Mare, Anul 2008, Numar, 147
Total, Total, Satu Mare, Anul 2009, Numar, 154
Total, Total, Satu Mare, Anul 2010, Numar, 141
Total, Total, Satu Mare, Anul 2011, Numar, 142
Total, Total, Satu Mare, Anul 2012, Numar, 139
Total, Total, Satu Mare, Anul 2013, Numar, 140
Total, Total, Satu Mare, Anul 2014, Numar, 143
Total, Total, Satu Mare, Anul 2015, Numar, 144
Total, Total, Satu Mare, Anul 2016, Numar, 139
Total, Total, Satu Mare, Anul 2017, Numar, 136
Total, Total, Satu Mare, Anul 2018, Numar, 133
Total, Total, Satu Mare, Anul 2019, Numar, 131
Total, Total, Satu Mare, Anul 2020, Numar, 131
Total, Total, Satu Mare, Anul 2021, Numar, 130
Total, Total, Satu Mare, Anul 2022, Numar, 129
Total, Total, Satu Mare, Anul 2023, Numar, 128
Total, Total, Satu Mare, Anul 2024, Numar, 132
Total, Total, Salaj, Anul 1990, Numar, 502
Total, Total, Salaj, Anul 1991, Numar, 514
Total, Total, Salaj, Anul 1992, Numar, 521
Total, Total, Salaj, Anul 1993, Numar, 526
Total, Total, Salaj, Anul 1994, Numar, 537
Total, Total, Salaj, Anul 1995, Numar, 534
Total, Total, Salaj, Anul 1996, Numar, 538
Total, Total, Salaj, Anul 1997, Numar, 527
Total, Total, Salaj, Anul 1998, Numar, 540
Total, Total, Salaj, Anul 1999, Numar, 512
Total, Total, Salaj, Anul 2000, Numar, 506
Total, Total, Salaj, Anul 2001, Numar, 512
Total, Total, Salaj, Anul 2002, Numar, 508
Total, Total, Salaj, Anul 2003, Numar, 161
Total, Total, Salaj, Anul 2004, Numar, 160
Total, Total, Salaj, Anul 2005, Numar, 153
Total, Total, Salaj, Anul 2006, Numar, 153
Total, Total, Salaj, Anul 2007, Numar, 131
Total, Total, Salaj, Anul 2008, Numar, 135
Total, Total, Salaj, Anul 2009, Numar, 133
Total, Total, Salaj, Anul 2010, Numar, 119
Total, Total, Salaj, Anul 2011, Numar, 109
Total, Total, Salaj, Anul 2012, Numar, 97
Total, Total, Salaj, Anul 2013, Numar, 113
Total, Total, Salaj, Anul 2014, Numar, 113
Total, Total, Salaj, Anul 2015, Numar, 113
Total, Total, Salaj, Anul 2016, Numar, 114
Total, Total, Salaj, Anul 2017, Numar, 111
Total, Total, Salaj, Anul 2018, Numar, 111
Total, Total, Salaj, Anul 2019, Numar, 111
Total, Total, Salaj, Anul 2020, Numar, 111
Total, Total, Salaj, Anul 2021, Numar, 110
Total, Total, Salaj, Anul 2022, Numar, 110
Total, Total, Salaj, Anul 2023, Numar, 110
Total, Total, Salaj, Anul 2024, Numar, 109
Total, Total, Regiunea CENTRU, Anul 1990, Numar, 3678
Total, Total, Regiunea CENTRU, Anul 1991, Numar, 3740
Total, Total, Regiunea CENTRU, Anul 1992, Numar, 3737
Total, Total, Regiunea CENTRU, Anul 1993, Numar, 3814
Total, Total, Regiunea CENTRU, Anul 1994, Numar, 3779
Total, Total, Regiunea CENTRU, Anul 1995, Numar, 3814
Total, Total, Regiunea CENTRU, Anul 1996, Numar, 3896
Total, Total, Regiunea CENTRU, Anul 1997, Numar, 3821
Total, Total, Regiunea CENTRU, Anul 1998, Numar, 3857
Total, Total, Regiunea CENTRU, Anul 1999, Numar, 3552
Total, Total, Regiunea CENTRU, Anul 2000, Numar, 3502
Total, Total, Regiunea CENTRU, Anul 2001, Numar, 3489
Total, Total, Regiunea CENTRU, Anul 2002, Numar, 3476
Total, Total, Regiunea CENTRU, Anul 2003, Numar, 3016
Total, Total, Regiunea CENTRU, Anul 2004, Numar, 2580
Total, Total, Regiunea CENTRU, Anul 2005, Numar, 2040
Total, Total, Regiunea CENTRU, Anul 2006, Numar, 1200
Total, Total, Regiunea CENTRU, Anul 2007, Numar, 1125
Total, Total, Regiunea CENTRU, Anul 2008, Numar, 1130
Total, Total, Regiunea CENTRU, Anul 2009, Numar, 1140
Total, Total, Regiunea CENTRU, Anul 2010, Numar, 1087
Total, Total, Regiunea CENTRU, Anul 2011, Numar, 1022
Total, Total, Regiunea CENTRU, Anul 2012, Numar, 984
Total, Total, Regiunea CENTRU, Anul 2013, Numar, 930
Total, Total, Regiunea CENTRU, Anul 2014, Numar, 931
Total, Total, Regiunea CENTRU, Anul 2015, Numar, 933
Total, Total, Regiunea CENTRU, Anul 2016, Numar, 916
Total, Total, Regiunea CENTRU, Anul 2017, Numar, 910
Total, Total, Regiunea CENTRU, Anul 2018, Numar, 904
Total, Total, Regiunea CENTRU, Anul 2019, Numar, 903
Total, Total, Regiunea CENTRU, Anul 2020, Numar, 898
Total, Total, Regiunea CENTRU, Anul 2021, Numar, 902
Total, Total, Regiunea CENTRU, Anul 2022, Numar, 909
Total, Total, Regiunea CENTRU, Anul 2023, Numar, 914
Total, Total, Regiunea CENTRU, Anul 2024, Numar, 916
Total, Total, Alba, Anul 1990, Numar, 750
Total, Total, Alba, Anul 1991, Numar, 768
Total, Total, Alba, Anul 1992, Numar, 782
Total, Total, Alba, Anul 1993, Numar, 803
Total, Total, Alba, Anul 1994, Numar, 775
Total, Total, Alba, Anul 1995, Numar, 774
Total, Total, Alba, Anul 1996, Numar, 780
Total, Total, Alba, Anul 1997, Numar, 752
Total, Total, Alba, Anul 1998, Numar, 766
Total, Total, Alba, Anul 1999, Numar, 715
Total, Total, Alba, Anul 2000, Numar, 706
Total, Total, Alba, Anul 2001, Numar, 704
Total, Total, Alba, Anul 2002, Numar, 704
Total, Total, Alba, Anul 2003, Numar, 494
Total, Total, Alba, Anul 2004, Numar, 494
Total, Total, Alba, Anul 2005, Numar, 491
Total, Total, Alba, Anul 2006, Numar, 184
Total, Total, Alba, Anul 2007, Numar, 181
Total, Total, Alba, Anul 2008, Numar, 179
Total, Total, Alba, Anul 2009, Numar, 181
Total, Total, Alba, Anul 2010, Numar, 174
Total, Total, Alba, Anul 2011, Numar, 151
Total, Total, Alba, Anul 2012, Numar, 143
Total, Total, Alba, Anul 2013, Numar, 144
Total, Total, Alba, Anul 2014, Numar, 141
Total, Total, Alba, Anul 2015, Numar, 141
Total, Total, Alba, Anul 2016, Numar, 140
Total, Total, Alba, Anul 2017, Numar, 140
Total, Total, Alba, Anul 2018, Numar, 140
Total, Total, Alba, Anul 2019, Numar, 141
Total, Total, Alba, Anul 2020, Numar, 140
Total, Total, Alba, Anul 2021, Numar, 140
Total, Total, Alba, Anul 2022, Numar, 145
Total, Total, Alba, Anul 2023, Numar, 145
Total, Total, Alba, Anul 2024, Numar, 141
Total, Total, Brasov, Anul 1990, Numar, 573
Total, Total, Brasov, Anul 1991, Numar, 560
Total, Total, Brasov, Anul 1992, Numar, 550
Total, Total, Brasov, Anul 1993, Numar, 566
Total, Total, Brasov, Anul 1994, Numar, 551
Total, Total, Brasov, Anul 1995, Numar, 568
Total, Total, Brasov, Anul 1996, Numar, 582
Total, Total, Brasov, Anul 1997, Numar, 561
Total, Total, Brasov, Anul 1998, Numar, 579
Total, Total, Brasov, Anul 1999, Numar, 501
Total, Total, Brasov, Anul 2000, Numar, 492
Total, Total, Brasov, Anul 2001, Numar, 482
Total, Total, Brasov, Anul 2002, Numar, 485
Total, Total, Brasov, Anul 2003, Numar, 465
Total, Total, Brasov, Anul 2004, Numar, 459
Total, Total, Brasov, Anul 2005, Numar, 384
Total, Total, Brasov, Anul 2006, Numar, 247
Total, Total, Brasov, Anul 2007, Numar, 246
Total, Total, Brasov, Anul 2008, Numar, 258
Total, Total, Brasov, Anul 2009, Numar, 256
Total, Total, Brasov, Anul 2010, Numar, 239
Total, Total, Brasov, Anul 2011, Numar, 243
Total, Total, Brasov, Anul 2012, Numar, 217
Total, Total, Brasov, Anul 2013, Numar, 202
Total, Total, Brasov, Anul 2014, Numar, 211
Total, Total, Brasov, Anul 2015, Numar, 211
Total, Total, Brasov, Anul 2016, Numar, 204
Total, Total, Brasov, Anul 2017, Numar, 196
Total, Total, Brasov, Anul 2018, Numar, 189
Total, Total, Brasov, Anul 2019, Numar, 186
Total, Total, Brasov, Anul 2020, Numar, 186
Total, Total, Brasov, Anul 2021, Numar, 191
Total, Total, Brasov, Anul 2022, Numar, 192
Total, Total, Brasov, Anul 2023, Numar, 195
Total, Total, Brasov, Anul 2024, Numar, 197
Total, Total, Covasna, Anul 1990, Numar, 362
Total, Total, Covasna, Anul 1991, Numar, 366
Total, Total, Covasna, Anul 1992, Numar, 361
Total, Total, Covasna, Anul 1993, Numar, 381
Total, Total, Covasna, Anul 1994, Numar, 377
Total, Total, Covasna, Anul 1995, Numar, 381
Total, Total, Covasna, Anul 1996, Numar, 380
Total, Total, Covasna, Anul 1997, Numar, 379
Total, Total, Covasna, Anul 1998, Numar, 376
Total, Total, Covasna, Anul 1999, Numar, 354
Total, Total, Covasna, Anul 2000, Numar, 341
Total, Total, Covasna, Anul 2001, Numar, 345
Total, Total, Covasna, Anul 2002, Numar, 343
Total, Total, Covasna, Anul 2003, Numar, 343
Total, Total, Covasna, Anul 2004, Numar, 119
Total, Total, Covasna, Anul 2005, Numar, 119
Total, Total, Covasna, Anul 2006, Numar, 115
Total, Total, Covasna, Anul 2007, Numar, 84
Total, Total, Covasna, Anul 2008, Numar, 85
Total, Total, Covasna, Anul 2009, Numar, 83
Total, Total, Covasna, Anul 2010, Numar, 85
Total, Total, Covasna, Anul 2011, Numar, 82
Total, Total, Covasna, Anul 2012, Numar, 80
Total, Total, Covasna, Anul 2013, Numar, 82
Total, Total, Covasna, Anul 2014, Numar, 81
Total, Total, Covasna, Anul 2015, Numar, 81
Total, Total, Covasna, Anul 2016, Numar, 81
Total, Total, Covasna, Anul 2017, Numar, 81
Total, Total, Covasna, Anul 2018, Numar, 81
Total, Total, Covasna, Anul 2019, Numar, 80
Total, Total, Covasna, Anul 2020, Numar, 79
Total, Total, Covasna, Anul 2021, Numar, 79
Total, Total, Covasna, Anul 2022, Numar, 80
Total, Total, Covasna, Anul 2023, Numar, 80
Total, Total, Covasna, Anul 2024, Numar, 79
Total, Total, Harghita, Anul 1990, Numar, 606
Total, Total, Harghita, Anul 1991, Numar, 611
Total, Total, Harghita, Anul 1992, Numar, 583
Total, Total, Harghita, Anul 1993, Numar, 599
Total, Total, Harghita, Anul 1994, Numar, 609
Total, Total, Harghita, Anul 1995, Numar, 606
Total, Total, Harghita, Anul 1996, Numar, 647
Total, Total, Harghita, Anul 1997, Numar, 644
Total, Total, Harghita, Anul 1998, Numar, 644
Total, Total, Harghita, Anul 1999, Numar, 608
Total, Total, Harghita, Anul 2000, Numar, 598
Total, Total, Harghita, Anul 2001, Numar, 588
Total, Total, Harghita, Anul 2002, Numar, 583
Total, Total, Harghita, Anul 2003, Numar, 569
Total, Total, Harghita, Anul 2004, Numar, 557
Total, Total, Harghita, Anul 2005, Numar, 160
Total, Total, Harghita, Anul 2006, Numar, 159
Total, Total, Harghita, Anul 2007, Numar, 162
Total, Total, Harghita, Anul 2008, Numar, 163
Total, Total, Harghita, Anul 2009, Numar, 164
Total, Total, Harghita, Anul 2010, Numar, 158
Total, Total, Harghita, Anul 2011, Numar, 152
Total, Total, Harghita, Anul 2012, Numar, 150
Total, Total, Harghita, Anul 2013, Numar, 131
Total, Total, Harghita, Anul 2014, Numar, 130
Total, Total, Harghita, Anul 2015, Numar, 132
Total, Total, Harghita, Anul 2016, Numar, 129
Total, Total, Harghita, Anul 2017, Numar, 128
Total, Total, Harghita, Anul 2018, Numar, 128
Total, Total, Harghita, Anul 2019, Numar, 129
Total, Total, Harghita, Anul 2020, Numar, 130
Total, Total, Harghita, Anul 2021, Numar, 130
Total, Total, Harghita, Anul 2022, Numar, 130
Total, Total, Harghita, Anul 2023, Numar, 130
Total, Total, Harghita, Anul 2024, Numar, 130
Total, Total, Mures, Anul 1990, Numar, 879
Total, Total, Mures, Anul 1991, Numar, 898
Total, Total, Mures, Anul 1992, Numar, 917
Total, Total, Mures, Anul 1993, Numar, 928
Total, Total, Mures, Anul 1994, Numar, 928
Total, Total, Mures, Anul 1995, Numar, 940
Total, Total, Mures, Anul 1996, Numar, 956
Total, Total, Mures, Anul 1997, Numar, 950
Total, Total, Mures, Anul 1998, Numar, 956
Total, Total, Mures, Anul 1999, Numar, 902
Total, Total, Mures, Anul 2000, Numar, 899
Total, Total, Mures, Anul 2001, Numar, 899
Total, Total, Mures, Anul 2002, Numar, 892
Total, Total, Mures, Anul 2003, Numar, 896
Total, Total, Mures, Anul 2004, Numar, 700
Total, Total, Mures, Anul 2005, Numar, 698
Total, Total, Mures, Anul 2006, Numar, 308
Total, Total, Mures, Anul 2007, Numar, 262
Total, Total, Mures, Anul 2008, Numar, 263
Total, Total, Mures, Anul 2009, Numar, 266
Total, Total, Mures, Anul 2010, Numar, 255
Total, Total, Mures, Anul 2011, Numar, 222
Total, Total, Mures, Anul 2012, Numar, 214
Total, Total, Mures, Anul 2013, Numar, 193
Total, Total, Mures, Anul 2014, Numar, 189
Total, Total, Mures, Anul 2015, Numar, 189
Total, Total, Mures, Anul 2016, Numar, 185
Total, Total, Mures, Anul 2017, Numar, 187
Total, Total, Mures, Anul 2018, Numar, 186
Total, Total, Mures, Anul 2019, Numar, 188
Total, Total, Mures, Anul 2020, Numar, 187
Total, Total, Mures, Anul 2021, Numar, 189
Total, Total, Mures, Anul 2022, Numar, 187
Total, Total, Mures, Anul 2023, Numar, 188
Total, Total, Mures, Anul 2024, Numar, 190
Total, Total, Sibiu, Anul 1990, Numar, 508
Total, Total, Sibiu, Anul 1991, Numar, 537
Total, Total, Sibiu, Anul 1992, Numar, 544
Total, Total, Sibiu, Anul 1993, Numar, 537
Total, Total, Sibiu, Anul 1994, Numar, 539
Total, Total, Sibiu, Anul 1995, Numar, 545
Total, Total, Sibiu, Anul 1996, Numar, 551
Total, Total, Sibiu, Anul 1997, Numar, 535
Total, Total, Sibiu, Anul 1998, Numar, 536
Total, Total, Sibiu, Anul 1999, Numar, 472
Total, Total, Sibiu, Anul 2000, Numar, 466
Total, Total, Sibiu, Anul 2001, Numar, 471
Total, Total, Sibiu, Anul 2002, Numar, 469
Total, Total, Sibiu, Anul 2003, Numar, 249
Total, Total, Sibiu, Anul 2004, Numar, 251
Total, Total, Sibiu, Anul 2005, Numar, 188
Total, Total, Sibiu, Anul 2006, Numar, 187
Total, Total, Sibiu, Anul 2007, Numar, 190
Total, Total, Sibiu, Anul 2008, Numar, 182
Total, Total, Sibiu, Anul 2009, Numar, 190
Total, Total, Sibiu, Anul 2010, Numar, 176
Total, Total, Sibiu, Anul 2011, Numar, 172
Total, Total, Sibiu, Anul 2012, Numar, 180
Total, Total, Sibiu, Anul 2013, Numar, 178
Total, Total, Sibiu, Anul 2014, Numar, 179
Total, Total, Sibiu, Anul 2015, Numar, 179
Total, Total, Sibiu, Anul 2016, Numar, 177
Total, Total, Sibiu, Anul 2017, Numar, 178
Total, Total, Sibiu, Anul 2018, Numar, 180
Total, Total, Sibiu, Anul 2019, Numar, 179
Total, Total, Sibiu, Anul 2020, Numar, 176
Total, Total, Sibiu, Anul 2021, Numar, 173
Total, Total, Sibiu, Anul 2022, Numar, 175
Total, Total, Sibiu, Anul 2023, Numar, 176
Total, Total, Sibiu, Anul 2024, Numar, 179
Total, Total, MACROREGIUNEA DOI, Anul 1990, Numar, 8656
Total, Total, MACROREGIUNEA DOI, Anul 1991, Numar, 8844
Total, Total, MACROREGIUNEA DOI, Anul 1992, Numar, 8927
Total, Total, MACROREGIUNEA DOI, Anul 1993, Numar, 9047
Total, Total, MACROREGIUNEA DOI, Anul 1994, Numar, 9086
Total, Total, MACROREGIUNEA DOI, Anul 1995, Numar, 9208
Total, Total, MACROREGIUNEA DOI, Anul 1996, Numar, 9279
Total, Total, MACROREGIUNEA DOI, Anul 1997, Numar, 8899
Total, Total, MACROREGIUNEA DOI, Anul 1998, Numar, 9115
Total, Total, MACROREGIUNEA DOI, Anul 1999, Numar, 8712
Total, Total, MACROREGIUNEA DOI, Anul 2000, Numar, 7284
Total, Total, MACROREGIUNEA DOI, Anul 2001, Numar, 7290
Total, Total, MACROREGIUNEA DOI, Anul 2002, Numar, 7082
Total, Total, MACROREGIUNEA DOI, Anul 2003, Numar, 6027
Total, Total, MACROREGIUNEA DOI, Anul 2004, Numar, 4781
Total, Total, MACROREGIUNEA DOI, Anul 2005, Numar, 3437
Total, Total, MACROREGIUNEA DOI, Anul 2006, Numar, 2462
Total, Total, MACROREGIUNEA DOI, Anul 2007, Numar, 2454
Total, Total, MACROREGIUNEA DOI, Anul 2008, Numar, 2447
Total, Total, MACROREGIUNEA DOI, Anul 2009, Numar, 2448
Total, Total, MACROREGIUNEA DOI, Anul 2010, Numar, 2210
Total, Total, MACROREGIUNEA DOI, Anul 2011, Numar, 2095
Total, Total, MACROREGIUNEA DOI, Anul 2012, Numar, 2002
Total, Total, MACROREGIUNEA DOI, Anul 2013, Numar, 2015
Total, Total, MACROREGIUNEA DOI, Anul 2014, Numar, 2044
Total, Total, MACROREGIUNEA DOI, Anul 2015, Numar, 2031
Total, Total, MACROREGIUNEA DOI, Anul 2016, Numar, 1984
Total, Total, MACROREGIUNEA DOI, Anul 2017, Numar, 1967
Total, Total, MACROREGIUNEA DOI, Anul 2018, Numar, 1963
Total, Total, MACROREGIUNEA DOI, Anul 2019, Numar, 1962
Total, Total, MACROREGIUNEA DOI, Anul 2020, Numar, 1961
Total, Total, MACROREGIUNEA DOI, Anul 2021, Numar, 1958
Total, Total, MACROREGIUNEA DOI, Anul 2022, Numar, 1958
Total, Total, MACROREGIUNEA DOI, Anul 2023, Numar, 1964
Total, Total, MACROREGIUNEA DOI, Anul 2024, Numar, 1986
Total, Total, Regiunea NORD-EST, Anul 1990, Numar, 5428
Total, Total, Regiunea NORD-EST, Anul 1991, Numar, 5543
Total, Total, Regiunea NORD-EST, Anul 1992, Numar, 5624
Total, Total, Regiunea NORD-EST, Anul 1993, Numar, 5679
Total, Total, Regiunea NORD-EST, Anul 1994, Numar, 5684
Total, Total, Regiunea NORD-EST, Anul 1995, Numar, 5767
Total, Total, Regiunea NORD-EST, Anul 1996, Numar, 5811
Total, Total, Regiunea NORD-EST, Anul 1997, Numar, 5493
Total, Total, Regiunea NORD-EST, Anul 1998, Numar, 5683
Total, Total, Regiunea NORD-EST, Anul 1999, Numar, 5473
Total, Total, Regiunea NORD-EST, Anul 2000, Numar, 4238
Total, Total, Regiunea NORD-EST, Anul 2001, Numar, 4239
Total, Total, Regiunea NORD-EST, Anul 2002, Numar, 4174
Total, Total, Regiunea NORD-EST, Anul 2003, Numar, 3286
Total, Total, Regiunea NORD-EST, Anul 2004, Numar, 2558
Total, Total, Regiunea NORD-EST, Anul 2005, Numar, 1664
Total, Total, Regiunea NORD-EST, Anul 2006, Numar, 1360
Total, Total, Regiunea NORD-EST, Anul 2007, Numar, 1334
Total, Total, Regiunea NORD-EST, Anul 2008, Numar, 1338
Total, Total, Regiunea NORD-EST, Anul 2009, Numar, 1345
Total, Total, Regiunea NORD-EST, Anul 2010, Numar, 1243
Total, Total, Regiunea NORD-EST, Anul 2011, Numar, 1159
Total, Total, Regiunea NORD-EST, Anul 2012, Numar, 1093
Total, Total, Regiunea NORD-EST, Anul 2013, Numar, 1113
Total, Total, Regiunea NORD-EST, Anul 2014, Numar, 1132
Total, Total, Regiunea NORD-EST, Anul 2015, Numar, 1130
Total, Total, Regiunea NORD-EST, Anul 2016, Numar, 1104
Total, Total, Regiunea NORD-EST, Anul 2017, Numar, 1100
Total, Total, Regiunea NORD-EST, Anul 2018, Numar, 1093
Total, Total, Regiunea NORD-EST, Anul 2019, Numar, 1092
Total, Total, Regiunea NORD-EST, Anul 2020, Numar, 1091
Total, Total, Regiunea NORD-EST, Anul 2021, Numar, 1093
Total, Total, Regiunea NORD-EST, Anul 2022, Numar, 1099
Total, Total, Regiunea NORD-EST, Anul 2023, Numar, 1102
Total, Total, Regiunea NORD-EST, Anul 2024, Numar, 1118
Total, Total, Bacau, Anul 1990, Numar, 1098
Total, Total, Bacau, Anul 1991, Numar, 1118
Total, Total, Bacau, Anul 1992, Numar, 1133
Total, Total, Bacau, Anul 1993, Numar, 1151
Total, Total, Bacau, Anul 1994, Numar, 1147
Total, Total, Bacau, Anul 1995, Numar, 1147
Total, Total, Bacau, Anul 1996, Numar, 1176
Total, Total, Bacau, Anul 1997, Numar, 1113
Total, Total, Bacau, Anul 1998, Numar, 1137
Total, Total, Bacau, Anul 1999, Numar, 1083
Total, Total, Bacau, Anul 2000, Numar, 672
Total, Total, Bacau, Anul 2001, Numar, 680
Total, Total, Bacau, Anul 2002, Numar, 666
Total, Total, Bacau, Anul 2003, Numar, 394
Total, Total, Bacau, Anul 2004, Numar, 392
Total, Total, Bacau, Anul 2005, Numar, 392
Total, Total, Bacau, Anul 2006, Numar, 308
Total, Total, Bacau, Anul 2007, Numar, 284
Total, Total, Bacau, Anul 2008, Numar, 282
Total, Total, Bacau, Anul 2009, Numar, 270
Total, Total, Bacau, Anul 2010, Numar, 217
Total, Total, Bacau, Anul 2011, Numar, 206
Total, Total, Bacau, Anul 2012, Numar, 187
Total, Total, Bacau, Anul 2013, Numar, 187
Total, Total, Bacau, Anul 2014, Numar, 184
Total, Total, Bacau, Anul 2015, Numar, 184
Total, Total, Bacau, Anul 2016, Numar, 184
Total, Total, Bacau, Anul 2017, Numar, 186
Total, Total, Bacau, Anul 2018, Numar, 186
Total, Total, Bacau, Anul 2019, Numar, 188
Total, Total, Bacau, Anul 2020, Numar, 187
Total, Total, Bacau, Anul 2021, Numar, 185
Total, Total, Bacau, Anul 2022, Numar, 184
Total, Total, Bacau, Anul 2023, Numar, 185
Total, Total, Bacau, Anul 2024, Numar, 185
Total, Total, Botosani, Anul 1990, Numar, 769
Total, Total, Botosani, Anul 1991, Numar, 786
Total, Total, Botosani, Anul 1992, Numar, 802
Total, Total, Botosani, Anul 1993, Numar, 809
Total, Total, Botosani, Anul 1994, Numar, 813
Total, Total, Botosani, Anul 1995, Numar, 815
Total, Total, Botosani, Anul 1996, Numar, 819
Total, Total, Botosani, Anul 1997, Numar, 802
Total, Total, Botosani, Anul 1998, Numar, 793
Total, Total, Botosani, Anul 1999, Numar, 766
Total, Total, Botosani, Anul 2000, Numar, 761
Total, Total, Botosani, Anul 2001, Numar, 758
Total, Total, Botosani, Anul 2002, Numar, 756
Total, Total, Botosani, Anul 2003, Numar, 587
Total, Total, Botosani, Anul 2004, Numar, 587
Total, Total, Botosani, Anul 2005, Numar, 271
Total, Total, Botosani, Anul 2006, Numar, 173
Total, Total, Botosani, Anul 2007, Numar, 168
Total, Total, Botosani, Anul 2008, Numar, 170
Total, Total, Botosani, Anul 2009, Numar, 147
Total, Total, Botosani, Anul 2010, Numar, 145
Total, Total, Botosani, Anul 2011, Numar, 127
Total, Total, Botosani, Anul 2012, Numar, 127
Total, Total, Botosani, Anul 2013, Numar, 129
Total, Total, Botosani, Anul 2014, Numar, 132
Total, Total, Botosani, Anul 2015, Numar, 132
Total, Total, Botosani, Anul 2016, Numar, 132
Total, Total, Botosani, Anul 2017, Numar, 132
Total, Total, Botosani, Anul 2018, Numar, 133
Total, Total, Botosani, Anul 2019, Numar, 134
Total, Total, Botosani, Anul 2020, Numar, 132
Total, Total, Botosani, Anul 2021, Numar, 131
Total, Total, Botosani, Anul 2022, Numar, 132
Total, Total, Botosani, Anul 2023, Numar, 132
Total, Total, Botosani, Anul 2024, Numar, 132
Total, Total, Iasi, Anul 1990, Numar, 1017
Total, Total, Iasi, Anul 1991, Numar, 1028
Total, Total, Iasi, Anul 1992, Numar, 1051
Total, Total, Iasi, Anul 1993, Numar, 1060
Total, Total, Iasi, Anul 1994, Numar, 1050
Total, Total, Iasi, Anul 1995, Numar, 1075
Total, Total, Iasi, Anul 1996, Numar, 1078
Total, Total, Iasi, Anul 1997, Numar, 998
Total, Total, Iasi, Anul 1998, Numar, 1051
Total, Total, Iasi, Anul 1999, Numar, 1021
Total, Total, Iasi, Anul 2000, Numar, 1002
Total, Total, Iasi, Anul 2001, Numar, 1011
Total, Total, Iasi, Anul 2002, Numar, 1000
Total, Total, Iasi, Anul 2003, Numar, 997
Total, Total, Iasi, Anul 2004, Numar, 365
Total, Total, Iasi, Anul 2005, Numar, 362
Total, Total, Iasi, Anul 2006, Numar, 362
Total, Total, Iasi, Anul 2007, Numar, 362
Total, Total, Iasi, Anul 2008, Numar, 366
Total, Total, Iasi, Anul 2009, Numar, 353
Total, Total, Iasi, Anul 2010, Numar, 316
Total, Total, Iasi, Anul 2011, Numar, 292
Total, Total, Iasi, Anul 2012, Numar, 248
Total, Total, Iasi, Anul 2013, Numar, 266
Total, Total, Iasi, Anul 2014, Numar, 273
Total, Total, Iasi, Anul 2015, Numar, 269
Total, Total, Iasi, Anul 2016, Numar, 262
Total, Total, Iasi, Anul 2017, Numar, 264
Total, Total, Iasi, Anul 2018, Numar, 261
Total, Total, Iasi, Anul 2019, Numar, 261
Total, Total, Iasi, Anul 2020, Numar, 260
Total, Total, Iasi, Anul 2021, Numar, 262
Total, Total, Iasi, Anul 2022, Numar, 270
Total, Total, Iasi, Anul 2023, Numar, 271
Total, Total, Iasi, Anul 2024, Numar, 285
Total, Total, Neamt, Anul 1990, Numar, 765
Total, Total, Neamt, Anul 1991, Numar, 791
Total, Total, Neamt, Anul 1992, Numar, 796
Total, Total, Neamt, Anul 1993, Numar, 807
Total, Total, Neamt, Anul 1994, Numar, 828
Total, Total, Neamt, Anul 1995, Numar, 833
Total, Total, Neamt, Anul 1996, Numar, 838
Total, Total, Neamt, Anul 1997, Numar, 755
Total, Total, Neamt, Anul 1998, Numar, 812
Total, Total, Neamt, Anul 1999, Numar, 773
Total, Total, Neamt, Anul 2000, Numar, 495
Total, Total, Neamt, Anul 2001, Numar, 481
Total, Total, Neamt, Anul 2002, Numar, 428
Total, Total, Neamt, Anul 2003, Numar, 249
Total, Total, Neamt, Anul 2004, Numar, 250
Total, Total, Neamt, Anul 2005, Numar, 231
Total, Total, Neamt, Anul 2006, Numar, 167
Total, Total, Neamt, Anul 2007, Numar, 164
Total, Total, Neamt, Anul 2008, Numar, 164
Total, Total, Neamt, Anul 2009, Numar, 179
Total, Total, Neamt, Anul 2010, Numar, 172
Total, Total, Neamt, Anul 2011, Numar, 157
Total, Total, Neamt, Anul 2012, Numar, 153
Total, Total, Neamt, Anul 2013, Numar, 149
Total, Total, Neamt, Anul 2014, Numar, 148
Total, Total, Neamt, Anul 2015, Numar, 147
Total, Total, Neamt, Anul 2016, Numar, 144
Total, Total, Neamt, Anul 2017, Numar, 138
Total, Total, Neamt, Anul 2018, Numar, 138
Total, Total, Neamt, Anul 2019, Numar, 138
Total, Total, Neamt, Anul 2020, Numar, 140
Total, Total, Neamt, Anul 2021, Numar, 143
Total, Total, Neamt, Anul 2022, Numar, 143
Total, Total, Neamt, Anul 2023, Numar, 144
Total, Total, Neamt, Anul 2024, Numar, 147
Total, Total, Suceava, Anul 1990, Numar, 1008
Total, Total, Suceava, Anul 1991, Numar, 1028
Total, Total, Suceava, Anul 1992, Numar, 1038
Total, Total, Suceava, Anul 1993, Numar, 1035
Total, Total, Suceava, Anul 1994, Numar, 1036
Total, Total, Suceava, Anul 1995, Numar, 1051
Total, Total, Suceava, Anul 1996, Numar, 1044
Total, Total, Suceava, Anul 1997, Numar, 1047
Total, Total, Suceava, Anul 1998, Numar, 1054
Total, Total, Suceava, Anul 1999, Numar, 991
Total, Total, Suceava, Anul 2000, Numar, 490
Total, Total, Suceava, Anul 2001, Numar, 485
Total, Total, Suceava, Anul 2002, Numar, 491
Total, Total, Suceava, Anul 2003, Numar, 365
Total, Total, Suceava, Anul 2004, Numar, 365
Total, Total, Suceava, Anul 2005, Numar, 240
Total, Total, Suceava, Anul 2006, Numar, 232
Total, Total, Suceava, Anul 2007, Numar, 237
Total, Total, Suceava, Anul 2008, Numar, 236
Total, Total, Suceava, Anul 2009, Numar, 238
Total, Total, Suceava, Anul 2010, Numar, 234
Total, Total, Suceava, Anul 2011, Numar, 225
Total, Total, Suceava, Anul 2012, Numar, 228
Total, Total, Suceava, Anul 2013, Numar, 232
Total, Total, Suceava, Anul 2014, Numar, 240
Total, Total, Suceava, Anul 2015, Numar, 235
Total, Total, Suceava, Anul 2016, Numar, 229
Total, Total, Suceava, Anul 2017, Numar, 226
Total, Total, Suceava, Anul 2018, Numar, 225
Total, Total, Suceava, Anul 2019, Numar, 223
Total, Total, Suceava, Anul 2020, Numar, 224
Total, Total, Suceava, Anul 2021, Numar, 223
Total, Total, Suceava, Anul 2022, Numar, 222
Total, Total, Suceava, Anul 2023, Numar, 224
Total, Total, Suceava, Anul 2024, Numar, 224
Total, Total, Vaslui, Anul 1990, Numar, 771
Total, Total, Vaslui, Anul 1991, Numar, 792
Total, Total, Vaslui, Anul 1992, Numar, 804
Total, Total, Vaslui, Anul 1993, Numar, 817
Total, Total, Vaslui, Anul 1994, Numar, 810
Total, Total, Vaslui, Anul 1995, Numar, 846
Total, Total, Vaslui, Anul 1996, Numar, 856
Total, Total, Vaslui, Anul 1997, Numar, 778
Total, Total, Vaslui, Anul 1998, Numar, 836
Total, Total, Vaslui, Anul 1999, Numar, 839
Total, Total, Vaslui, Anul 2000, Numar, 818
Total, Total, Vaslui, Anul 2001, Numar, 824
Total, Total, Vaslui, Anul 2002, Numar, 833
Total, Total, Vaslui, Anul 2003, Numar, 694
Total, Total, Vaslui, Anul 2004, Numar, 599
Total, Total, Vaslui, Anul 2005, Numar, 168
Total, Total, Vaslui, Anul 2006, Numar, 118
Total, Total, Vaslui, Anul 2007, Numar, 119
Total, Total, Vaslui, Anul 2008, Numar, 120
Total, Total, Vaslui, Anul 2009, Numar, 158
Total, Total, Vaslui, Anul 2010, Numar, 159
Total, Total, Vaslui, Anul 2011, Numar, 152
Total, Total, Vaslui, Anul 2012, Numar, 150
Total, Total, Vaslui, Anul 2013, Numar, 150
Total, Total, Vaslui, Anul 2014, Numar, 155
Total, Total, Vaslui, Anul 2015, Numar, 163
Total, Total, Vaslui, Anul 2016, Numar, 153
Total, Total, Vaslui, Anul 2017, Numar, 154
Total, Total, Vaslui, Anul 2018, Numar, 150
Total, Total, Vaslui, Anul 2019, Numar, 148
Total, Total, Vaslui, Anul 2020, Numar, 148
Total, Total, Vaslui, Anul 2021, Numar, 149
Total, Total, Vaslui, Anul 2022, Numar, 148
Total, Total, Vaslui, Anul 2023, Numar, 146
Total, Total, Vaslui, Anul 2024, Numar, 145
Total, Total, Regiunea SUD-EST, Anul 1990, Numar, 3228
Total, Total, Regiunea SUD-EST, Anul 1991, Numar, 3301
Total, Total, Regiunea SUD-EST, Anul 1992, Numar, 3303
Total, Total, Regiunea SUD-EST, Anul 1993, Numar, 3368
Total, Total, Regiunea SUD-EST, Anul 1994, Numar, 3402
Total, Total, Regiunea SUD-EST, Anul 1995, Numar, 3441
Total, Total, Regiunea SUD-EST, Anul 1996, Numar, 3468
Total, Total, Regiunea SUD-EST, Anul 1997, Numar, 3406
Total, Total, Regiunea SUD-EST, Anul 1998, Numar, 3432
Total, Total, Regiunea SUD-EST, Anul 1999, Numar, 3239
Total, Total, Regiunea SUD-EST, Anul 2000, Numar, 3046
Total, Total, Regiunea SUD-EST, Anul 2001, Numar, 3051
Total, Total, Regiunea SUD-EST, Anul 2002, Numar, 2908
Total, Total, Regiunea SUD-EST, Anul 2003, Numar, 2741
Total, Total, Regiunea SUD-EST, Anul 2004, Numar, 2223
Total, Total, Regiunea SUD-EST, Anul 2005, Numar, 1773
Total, Total, Regiunea SUD-EST, Anul 2006, Numar, 1102
Total, Total, Regiunea SUD-EST, Anul 2007, Numar, 1120
Total, Total, Regiunea SUD-EST, Anul 2008, Numar, 1109
Total, Total, Regiunea SUD-EST, Anul 2009, Numar, 1103
Total, Total, Regiunea SUD-EST, Anul 2010, Numar, 967
Total, Total, Regiunea SUD-EST, Anul 2011, Numar, 936
Total, Total, Regiunea SUD-EST, Anul 2012, Numar, 909
Total, Total, Regiunea SUD-EST, Anul 2013, Numar, 902
Total, Total, Regiunea SUD-EST, Anul 2014, Numar, 912
Total, Total, Regiunea SUD-EST, Anul 2015, Numar, 901
Total, Total, Regiunea SUD-EST, Anul 2016, Numar, 880
Total, Total, Regiunea SUD-EST, Anul 2017, Numar, 867
Total, Total, Regiunea SUD-EST, Anul 2018, Numar, 870
Total, Total, Regiunea SUD-EST, Anul 2019, Numar, 870
Total, Total, Regiunea SUD-EST, Anul 2020, Numar, 870
Total, Total, Regiunea SUD-EST, Anul 2021, Numar, 865
Total, Total, Regiunea SUD-EST, Anul 2022, Numar, 859
Total, Total, Regiunea SUD-EST, Anul 2023, Numar, 862
Total, Total, Regiunea SUD-EST, Anul 2024, Numar, 868
Total, Total, Braila, Anul 1990, Numar, 398
Total, Total, Braila, Anul 1991, Numar, 405
Total, Total, Braila, Anul 1992, Numar, 398
Total, Total, Braila, Anul 1993, Numar, 407
Total, Total, Braila, Anul 1994, Numar, 414
Total, Total, Braila, Anul 1995, Numar, 418
Total, Total, Braila, Anul 1996, Numar, 421
Total, Total, Braila, Anul 1997, Numar, 419
Total, Total, Braila, Anul 1998, Numar, 421
Total, Total, Braila, Anul 1999, Numar, 389
Total, Total, Braila, Anul 2000, Numar, 360
Total, Total, Braila, Anul 2001, Numar, 356
Total, Total, Braila, Anul 2002, Numar, 354
Total, Total, Braila, Anul 2003, Numar, 354
Total, Total, Braila, Anul 2004, Numar, 199
Total, Total, Braila, Anul 2005, Numar, 138
Total, Total, Braila, Anul 2006, Numar, 137
Total, Total, Braila, Anul 2007, Numar, 139
Total, Total, Braila, Anul 2008, Numar, 137
Total, Total, Braila, Anul 2009, Numar, 140
Total, Total, Braila, Anul 2010, Numar, 137
Total, Total, Braila, Anul 2011, Numar, 125
Total, Total, Braila, Anul 2012, Numar, 116
Total, Total, Braila, Anul 2013, Numar, 111
Total, Total, Braila, Anul 2014, Numar, 111
Total, Total, Braila, Anul 2015, Numar, 111
Total, Total, Braila, Anul 2016, Numar, 110
Total, Total, Braila, Anul 2017, Numar, 107
Total, Total, Braila, Anul 2018, Numar, 106
Total, Total, Braila, Anul 2019, Numar, 106
Total, Total, Braila, Anul 2020, Numar, 104
Total, Total, Braila, Anul 2021, Numar, 101
Total, Total, Braila, Anul 2022, Numar, 100
Total, Total, Braila, Anul 2023, Numar, 101
Total, Total, Braila, Anul 2024, Numar, 99
Total, Total, Buzau, Anul 1990, Numar, 753
Total, Total, Buzau, Anul 1991, Numar, 770
Total, Total, Buzau, Anul 1992, Numar, 789
Total, Total, Buzau, Anul 1993, Numar, 803
Total, Total, Buzau, Anul 1994, Numar, 823
Total, Total, Buzau, Anul 1995, Numar, 846
Total, Total, Buzau, Anul 1996, Numar, 862
Total, Total, Buzau, Anul 1997, Numar, 850
Total, Total, Buzau, Anul 1998, Numar, 852
Total, Total, Buzau, Anul 1999, Numar, 810
Total, Total, Buzau, Anul 2000, Numar, 767
Total, Total, Buzau, Anul 2001, Numar, 764
Total, Total, Buzau, Anul 2002, Numar, 762
Total, Total, Buzau, Anul 2003, Numar, 759
Total, Total, Buzau, Anul 2004, Numar, 749
Total, Total, Buzau, Anul 2005, Numar, 725
Total, Total, Buzau, Anul 2006, Numar, 198
Total, Total, Buzau, Anul 2007, Numar, 201
Total, Total, Buzau, Anul 2008, Numar, 203
Total, Total, Buzau, Anul 2009, Numar, 198
Total, Total, Buzau, Anul 2010, Numar, 165
Total, Total, Buzau, Anul 2011, Numar, 159
Total, Total, Buzau, Anul 2012, Numar, 157
Total, Total, Buzau, Anul 2013, Numar, 157
Total, Total, Buzau, Anul 2014, Numar, 155
Total, Total, Buzau, Anul 2015, Numar, 151
Total, Total, Buzau, Anul 2016, Numar, 148
Total, Total, Buzau, Anul 2017, Numar, 148
Total, Total, Buzau, Anul 2018, Numar, 149
Total, Total, Buzau, Anul 2019, Numar, 148
Total, Total, Buzau, Anul 2020, Numar, 150
Total, Total, Buzau, Anul 2021, Numar, 148
Total, Total, Buzau, Anul 2022, Numar, 148
Total, Total, Buzau, Anul 2023, Numar, 149
Total, Total, Buzau, Anul 2024, Numar, 148
Total, Total, Constanta, Anul 1990, Numar, 601
Total, Total, Constanta, Anul 1991, Numar, 612
Total, Total, Constanta, Anul 1992, Numar, 609
Total, Total, Constanta, Anul 1993, Numar, 614
Total, Total, Constanta, Anul 1994, Numar, 611
Total, Total, Constanta, Anul 1995, Numar, 616
Total, Total, Constanta, Anul 1996, Numar, 621
Total, Total, Constanta, Anul 1997, Numar, 605
Total, Total, Constanta, Anul 1998, Numar, 601
Total, Total, Constanta, Anul 1999, Numar, 564
Total, Total, Constanta, Anul 2000, Numar, 555
Total, Total, Constanta, Anul 2001, Numar, 556
Total, Total, Constanta, Anul 2002, Numar, 562
Total, Total, Constanta, Anul 2003, Numar, 563
Total, Total, Constanta, Anul 2004, Numar, 386
Total, Total, Constanta, Anul 2005, Numar, 300
Total, Total, Constanta, Anul 2006, Numar, 299
Total, Total, Constanta, Anul 2007, Numar, 299
Total, Total, Constanta, Anul 2008, Numar, 293
Total, Total, Constanta, Anul 2009, Numar, 289
Total, Total, Constanta, Anul 2010, Numar, 259
Total, Total, Constanta, Anul 2011, Numar, 245
Total, Total, Constanta, Anul 2012, Numar, 234
Total, Total, Constanta, Anul 2013, Numar, 236
Total, Total, Constanta, Anul 2014, Numar, 244
Total, Total, Constanta, Anul 2015, Numar, 242
Total, Total, Constanta, Anul 2016, Numar, 234
Total, Total, Constanta, Anul 2017, Numar, 230
Total, Total, Constanta, Anul 2018, Numar, 227
Total, Total, Constanta, Anul 2019, Numar, 228
Total, Total, Constanta, Anul 2020, Numar, 228
Total, Total, Constanta, Anul 2021, Numar, 227
Total, Total, Constanta, Anul 2022, Numar, 226
Total, Total, Constanta, Anul 2023, Numar, 226
Total, Total, Constanta, Anul 2024, Numar, 231
Total, Total, Galati, Anul 1990, Numar, 547
Total, Total, Galati, Anul 1991, Numar, 560
Total, Total, Galati, Anul 1992, Numar, 559
Total, Total, Galati, Anul 1993, Numar, 580
Total, Total, Galati, Anul 1994, Numar, 576
Total, Total, Galati, Anul 1995, Numar, 562
Total, Total, Galati, Anul 1996, Numar, 565
Total, Total, Galati, Anul 1997, Numar, 567
Total, Total, Galati, Anul 1998, Numar, 581
Total, Total, Galati, Anul 1999, Numar, 541
Total, Total, Galati, Anul 2000, Numar, 449
Total, Total, Galati, Anul 2001, Numar, 445
Total, Total, Galati, Anul 2002, Numar, 447
Total, Total, Galati, Anul 2003, Numar, 276
Total, Total, Galati, Anul 2004, Numar, 278
Total, Total, Galati, Anul 2005, Numar, 259
Total, Total, Galati, Anul 2006, Numar, 248
Total, Total, Galati, Anul 2007, Numar, 249
Total, Total, Galati, Anul 2008, Numar, 249
Total, Total, Galati, Anul 2009, Numar, 250
Total, Total, Galati, Anul 2010, Numar, 203
Total, Total, Galati, Anul 2011, Numar, 199
Total, Total, Galati, Anul 2012, Numar, 197
Total, Total, Galati, Anul 2013, Numar, 197
Total, Total, Galati, Anul 2014, Numar, 192
Total, Total, Galati, Anul 2015, Numar, 192
Total, Total, Galati, Anul 2016, Numar, 188
Total, Total, Galati, Anul 2017, Numar, 186
Total, Total, Galati, Anul 2018, Numar, 187
Total, Total, Galati, Anul 2019, Numar, 187
Total, Total, Galati, Anul 2020, Numar, 188
Total, Total, Galati, Anul 2021, Numar, 188
Total, Total, Galati, Anul 2022, Numar, 184
Total, Total, Galati, Anul 2023, Numar, 183
Total, Total, Galati, Anul 2024, Numar, 188
Total, Total, Tulcea, Anul 1990, Numar, 290
Total, Total, Tulcea, Anul 1991, Numar, 305
Total, Total, Tulcea, Anul 1992, Numar, 300
Total, Total, Tulcea, Anul 1993, Numar, 314
Total, Total, Tulcea, Anul 1994, Numar, 315
Total, Total, Tulcea, Anul 1995, Numar, 321
Total, Total, Tulcea, Anul 1996, Numar, 321
Total, Total, Tulcea, Anul 1997, Numar, 314
Total, Total, Tulcea, Anul 1998, Numar, 317
Total, Total, Tulcea, Anul 1999, Numar, 302
Total, Total, Tulcea, Anul 2000, Numar, 302
Total, Total, Tulcea, Anul 2001, Numar, 298
Total, Total, Tulcea, Anul 2002, Numar, 172
Total, Total, Tulcea, Anul 2003, Numar, 170
Total, Total, Tulcea, Anul 2004, Numar, 159
Total, Total, Tulcea, Anul 2005, Numar, 157
Total, Total, Tulcea, Anul 2006, Numar, 76
Total, Total, Tulcea, Anul 2007, Numar, 89
Total, Total, Tulcea, Anul 2008, Numar, 88
Total, Total, Tulcea, Anul 2009, Numar, 83
Total, Total, Tulcea, Anul 2010, Numar, 71
Total, Total, Tulcea, Anul 2011, Numar, 81
Total, Total, Tulcea, Anul 2012, Numar, 81
Total, Total, Tulcea, Anul 2013, Numar, 81
Total, Total, Tulcea, Anul 2014, Numar, 82
Total, Total, Tulcea, Anul 2015, Numar, 83
Total, Total, Tulcea, Anul 2016, Numar, 82
Total, Total, Tulcea, Anul 2017, Numar, 80
Total, Total, Tulcea, Anul 2018, Numar, 81
Total, Total, Tulcea, Anul 2019, Numar, 81
Total, Total, Tulcea, Anul 2020, Numar, 80
Total, Total, Tulcea, Anul 2021, Numar, 80
Total, Total, Tulcea, Anul 2022, Numar, 80
Total, Total, Tulcea, Anul 2023, Numar, 82
Total, Total, Tulcea, Anul 2024, Numar, 81
Total, Total, Vrancea, Anul 1990, Numar, 639
Total, Total, Vrancea, Anul 1991, Numar, 649
Total, Total, Vrancea, Anul 1992, Numar, 648
Total, Total, Vrancea, Anul 1993, Numar, 650
Total, Total, Vrancea, Anul 1994, Numar, 663
Total, Total, Vrancea, Anul 1995, Numar, 678
Total, Total, Vrancea, Anul 1996, Numar, 678
Total, Total, Vrancea, Anul 1997, Numar, 651
Total, Total, Vrancea, Anul 1998, Numar, 660
Total, Total, Vrancea, Anul 1999, Numar, 633
Total, Total, Vrancea, Anul 2000, Numar, 613
Total, Total, Vrancea, Anul 2001, Numar, 632
Total, Total, Vrancea, Anul 2002, Numar, 611
Total, Total, Vrancea, Anul 2003, Numar, 619
Total, Total, Vrancea, Anul 2004, Numar, 452
Total, Total, Vrancea, Anul 2005, Numar, 194
Total, Total, Vrancea, Anul 2006, Numar, 144
Total, Total, Vrancea, Anul 2007, Numar, 143
Total, Total, Vrancea, Anul 2008, Numar, 139
Total, Total, Vrancea, Anul 2009, Numar, 143
Total, Total, Vrancea, Anul 2010, Numar, 132
Total, Total, Vrancea, Anul 2011, Numar, 127
Total, Total, Vrancea, Anul 2012, Numar, 124
Total, Total, Vrancea, Anul 2013, Numar, 120
Total, Total, Vrancea, Anul 2014, Numar, 128
Total, Total, Vrancea, Anul 2015, Numar, 122
Total, Total, Vrancea, Anul 2016, Numar, 118
Total, Total, Vrancea, Anul 2017, Numar, 116
Total, Total, Vrancea, Anul 2018, Numar, 120
Total, Total, Vrancea, Anul 2019, Numar, 120
Total, Total, Vrancea, Anul 2020, Numar, 120
Total, Total, Vrancea, Anul 2021, Numar, 121
Total, Total, Vrancea, Anul 2022, Numar, 121
Total, Total, Vrancea, Anul 2023, Numar, 121
Total, Total, Vrancea, Anul 2024, Numar, 121
Total, Total, MACROREGIUNEA TREI, Anul 1990, Numar, 5213
Total, Total, MACROREGIUNEA TREI, Anul 1991, Numar, 5342
Total, Total, MACROREGIUNEA TREI, Anul 1992, Numar, 5378
Total, Total, MACROREGIUNEA TREI, Anul 1993, Numar, 5372
Total, Total, MACROREGIUNEA TREI, Anul 1994, Numar, 5357
Total, Total, MACROREGIUNEA TREI, Anul 1995, Numar, 5379
Total, Total, MACROREGIUNEA TREI, Anul 1996, Numar, 5385
Total, Total, MACROREGIUNEA TREI, Anul 1997, Numar, 5371
Total, Total, MACROREGIUNEA TREI, Anul 1998, Numar, 5311
Total, Total, MACROREGIUNEA TREI, Anul 1999, Numar, 4987
Total, Total, MACROREGIUNEA TREI, Anul 2000, Numar, 4717
Total, Total, MACROREGIUNEA TREI, Anul 2001, Numar, 4709
Total, Total, MACROREGIUNEA TREI, Anul 2002, Numar, 4650
Total, Total, MACROREGIUNEA TREI, Anul 2003, Numar, 3702
Total, Total, MACROREGIUNEA TREI, Anul 2004, Numar, 2573
Total, Total, MACROREGIUNEA TREI, Anul 2005, Numar, 2563
Total, Total, MACROREGIUNEA TREI, Anul 2006, Numar, 2000
Total, Total, MACROREGIUNEA TREI, Anul 2007, Numar, 1947
Total, Total, MACROREGIUNEA TREI, Anul 2008, Numar, 1938
Total, Total, MACROREGIUNEA TREI, Anul 2009, Numar, 1930
Total, Total, MACROREGIUNEA TREI, Anul 2010, Numar, 1795
Total, Total, MACROREGIUNEA TREI, Anul 2011, Numar, 1679
Total, Total, MACROREGIUNEA TREI, Anul 2012, Numar, 1662
Total, Total, MACROREGIUNEA TREI, Anul 2013, Numar, 1706
Total, Total, MACROREGIUNEA TREI, Anul 2014, Numar, 1748
Total, Total, MACROREGIUNEA TREI, Anul 2015, Numar, 1740
Total, Total, MACROREGIUNEA TREI, Anul 2016, Numar, 1734
Total, Total, MACROREGIUNEA TREI, Anul 2017, Numar, 1783
Total, Total, MACROREGIUNEA TREI, Anul 2018, Numar, 1769
Total, Total, MACROREGIUNEA TREI, Anul 2019, Numar, 1761
Total, Total, MACROREGIUNEA TREI, Anul 2020, Numar, 1747
Total, Total, MACROREGIUNEA TREI, Anul 2021, Numar, 1776
Total, Total, MACROREGIUNEA TREI, Anul 2022, Numar, 1813
Total, Total, MACROREGIUNEA TREI, Anul 2023, Numar, 1815
Total, Total, MACROREGIUNEA TREI, Anul 2024, Numar, 1849
Total, Total, Regiunea SUD-MUNTENIA, Anul 1990, Numar, 4326
Total, Total, Regiunea SUD-MUNTENIA, Anul 1991, Numar, 4376
Total, Total, Regiunea SUD-MUNTENIA, Anul 1992, Numar, 4449
Total, Total, Regiunea SUD-MUNTENIA, Anul 1993, Numar, 4433
Total, Total, Regiunea SUD-MUNTENIA, Anul 1994, Numar, 4435
Total, Total, Regiunea SUD-MUNTENIA, Anul 1995, Numar, 4447
Total, Total, Regiunea SUD-MUNTENIA, Anul 1996, Numar, 4454
Total, Total, Regiunea SUD-MUNTENIA, Anul 1997, Numar, 4419
Total, Total, Regiunea SUD-MUNTENIA, Anul 1998, Numar, 4394
Total, Total, Regiunea SUD-MUNTENIA, Anul 1999, Numar, 4156
Total, Total, Regiunea SUD-MUNTENIA, Anul 2000, Numar, 3944
Total, Total, Regiunea SUD-MUNTENIA, Anul 2001, Numar, 3933
Total, Total, Regiunea SUD-MUNTENIA, Anul 2002, Numar, 3874
Total, Total, Regiunea SUD-MUNTENIA, Anul 2003, Numar, 3021
Total, Total, Regiunea SUD-MUNTENIA, Anul 2004, Numar, 1892
Total, Total, Regiunea SUD-MUNTENIA, Anul 2005, Numar, 1901
Total, Total, Regiunea SUD-MUNTENIA, Anul 2006, Numar, 1341
Total, Total, Regiunea SUD-MUNTENIA, Anul 2007, Numar, 1273
Total, Total, Regiunea SUD-MUNTENIA, Anul 2008, Numar, 1271
Total, Total, Regiunea SUD-MUNTENIA, Anul 2009, Numar, 1277
Total, Total, Regiunea SUD-MUNTENIA, Anul 2010, Numar, 1151
Total, Total, Regiunea SUD-MUNTENIA, Anul 2011, Numar, 1056
Total, Total, Regiunea SUD-MUNTENIA, Anul 2012, Numar, 1023
Total, Total, Regiunea SUD-MUNTENIA, Anul 2013, Numar, 1034
Total, Total, Regiunea SUD-MUNTENIA, Anul 2014, Numar, 1040
Total, Total, Regiunea SUD-MUNTENIA, Anul 2015, Numar, 1042
Total, Total, Regiunea SUD-MUNTENIA, Anul 2016, Numar, 1034
Total, Total, Regiunea SUD-MUNTENIA, Anul 2017, Numar, 1020
Total, Total, Regiunea SUD-MUNTENIA, Anul 2018, Numar, 1016
Total, Total, Regiunea SUD-MUNTENIA, Anul 2019, Numar, 1013
Total, Total, Regiunea SUD-MUNTENIA, Anul 2020, Numar, 1018
Total, Total, Regiunea SUD-MUNTENIA, Anul 2021, Numar, 1017
Total, Total, Regiunea SUD-MUNTENIA, Anul 2022, Numar, 1018
Total, Total, Regiunea SUD-MUNTENIA, Anul 2023, Numar, 1009
Total, Total, Regiunea SUD-MUNTENIA, Anul 2024, Numar, 1018
Total, Total, Arges, Anul 1990, Numar, 1031
Total, Total, Arges, Anul 1991, Numar, 1045
Total, Total, Arges, Anul 1992, Numar, 1067
Total, Total, Arges, Anul 1993, Numar, 1063
Total, Total, Arges, Anul 1994, Numar, 1065
Total, Total, Arges, Anul 1995, Numar, 1075
Total, Total, Arges, Anul 1996, Numar, 1079
Total, Total, Arges, Anul 1997, Numar, 1082
Total, Total, Arges, Anul 1998, Numar, 1083
Total, Total, Arges, Anul 1999, Numar, 1012
Total, Total, Arges, Anul 2000, Numar, 1002
Total, Total, Arges, Anul 2001, Numar, 1000
Total, Total, Arges, Anul 2002, Numar, 1001
Total, Total, Arges, Anul 2003, Numar, 353
Total, Total, Arges, Anul 2004, Numar, 353
Total, Total, Arges, Anul 2005, Numar, 353
Total, Total, Arges, Anul 2006, Numar, 228
Total, Total, Arges, Anul 2007, Numar, 226
Total, Total, Arges, Anul 2008, Numar, 226
Total, Total, Arges, Anul 2009, Numar, 222
Total, Total, Arges, Anul 2010, Numar, 208
Total, Total, Arges, Anul 2011, Numar, 202
Total, Total, Arges, Anul 2012, Numar, 203
Total, Total, Arges, Anul 2013, Numar, 206
Total, Total, Arges, Anul 2014, Numar, 210
Total, Total, Arges, Anul 2015, Numar, 208
Total, Total, Arges, Anul 2016, Numar, 212
Total, Total, Arges, Anul 2017, Numar, 213
Total, Total, Arges, Anul 2018, Numar, 214
Total, Total, Arges, Anul 2019, Numar, 214
Total, Total, Arges, Anul 2020, Numar, 215
Total, Total, Arges, Anul 2021, Numar, 215
Total, Total, Arges, Anul 2022, Numar, 218
Total, Total, Arges, Anul 2023, Numar, 217
Total, Total, Arges, Anul 2024, Numar, 223
Total, Total, Calarasi, Anul 1990, Numar, 374
Total, Total, Calarasi, Anul 1991, Numar, 378
Total, Total, Calarasi, Anul 1992, Numar, 383
Total, Total, Calarasi, Anul 1993, Numar, 378
Total, Total, Calarasi, Anul 1994, Numar, 378
Total, Total, Calarasi, Anul 1995, Numar, 381
Total, Total, Calarasi, Anul 1996, Numar, 387
Total, Total, Calarasi, Anul 1997, Numar, 385
Total, Total, Calarasi, Anul 1998, Numar, 377
Total, Total, Calarasi, Anul 1999, Numar, 359
Total, Total, Calarasi, Anul 2000, Numar, 355
Total, Total, Calarasi, Anul 2001, Numar, 355
Total, Total, Calarasi, Anul 2002, Numar, 355
Total, Total, Calarasi, Anul 2003, Numar, 351
Total, Total, Calarasi, Anul 2004, Numar, 113
Total, Total, Calarasi, Anul 2005, Numar, 137
Total, Total, Calarasi, Anul 2006, Numar, 134
Total, Total, Calarasi, Anul 2007, Numar, 132
Total, Total, Calarasi, Anul 2008, Numar, 133
Total, Total, Calarasi, Anul 2009, Numar, 133
Total, Total, Calarasi, Anul 2010, Numar, 111
Total, Total, Calarasi, Anul 2011, Numar, 99
Total, Total, Calarasi, Anul 2012, Numar, 95
Total, Total, Calarasi, Anul 2013, Numar, 99
Total, Total, Calarasi, Anul 2014, Numar, 100
Total, Total, Calarasi, Anul 2015, Numar, 100
Total, Total, Calarasi, Anul 2016, Numar, 99
Total, Total, Calarasi, Anul 2017, Numar, 96
Total, Total, Calarasi, Anul 2018, Numar, 96
Total, Total, Calarasi, Anul 2019, Numar, 95
Total, Total, Calarasi, Anul 2020, Numar, 96
Total, Total, Calarasi, Anul 2021, Numar, 97
Total, Total, Calarasi, Anul 2022, Numar, 95
Total, Total, Calarasi, Anul 2023, Numar, 95
Total, Total, Calarasi, Anul 2024, Numar, 93
Total, Total, Dambovita, Anul 1990, Numar, 769
Total, Total, Dambovita, Anul 1991, Numar, 761
Total, Total, Dambovita, Anul 1992, Numar, 776
Total, Total, Dambovita, Anul 1993, Numar, 779
Total, Total, Dambovita, Anul 1994, Numar, 784
Total, Total, Dambovita, Anul 1995, Numar, 785
Total, Total, Dambovita, Anul 1996, Numar, 789
Total, Total, Dambovita, Anul 1997, Numar, 783
Total, Total, Dambovita, Anul 1998, Numar, 779
Total, Total, Dambovita, Anul 1999, Numar, 743
Total, Total, Dambovita, Anul 2000, Numar, 742
Total, Total, Dambovita, Anul 2001, Numar, 734
Total, Total, Dambovita, Anul 2002, Numar, 713
Total, Total, Dambovita, Anul 2003, Numar, 697
Total, Total, Dambovita, Anul 2004, Numar, 243
Total, Total, Dambovita, Anul 2005, Numar, 254
Total, Total, Dambovita, Anul 2006, Numar, 201
Total, Total, Dambovita, Anul 2007, Numar, 200
Total, Total, Dambovita, Anul 2008, Numar, 202
Total, Total, Dambovita, Anul 2009, Numar, 207
Total, Total, Dambovita, Anul 2010, Numar, 167
Total, Total, Dambovita, Anul 2011, Numar, 156
Total, Total, Dambovita, Anul 2012, Numar, 160
Total, Total, Dambovita, Anul 2013, Numar, 160
Total, Total, Dambovita, Anul 2014, Numar, 161
Total, Total, Dambovita, Anul 2015, Numar, 161
Total, Total, Dambovita, Anul 2016, Numar, 157
Total, Total, Dambovita, Anul 2017, Numar, 154
Total, Total, Dambovita, Anul 2018, Numar, 154
Total, Total, Dambovita, Anul 2019, Numar, 156
Total, Total, Dambovita, Anul 2020, Numar, 153
Total, Total, Dambovita, Anul 2021, Numar, 153
Total, Total, Dambovita, Anul 2022, Numar, 153
Total, Total, Dambovita, Anul 2023, Numar, 152
Total, Total, Dambovita, Anul 2024, Numar, 153
Total, Total, Giurgiu, Anul 1990, Numar, 372
Total, Total, Giurgiu, Anul 1991, Numar, 376
Total, Total, Giurgiu, Anul 1992, Numar, 377
Total, Total, Giurgiu, Anul 1993, Numar, 384
Total, Total, Giurgiu, Anul 1994, Numar, 381
Total, Total, Giurgiu, Anul 1995, Numar, 390
Total, Total, Giurgiu, Anul 1996, Numar, 394
Total, Total, Giurgiu, Anul 1997, Numar, 382
Total, Total, Giurgiu, Anul 1998, Numar, 386
Total, Total, Giurgiu, Anul 1999, Numar, 374
Total, Total, Giurgiu, Anul 2000, Numar, 222
Total, Total, Giurgiu, Anul 2001, Numar, 221
Total, Total, Giurgiu, Anul 2002, Numar, 219
Total, Total, Giurgiu, Anul 2003, Numar, 134
Total, Total, Giurgiu, Anul 2004, Numar, 129
Total, Total, Giurgiu, Anul 2005, Numar, 107
Total, Total, Giurgiu, Anul 2006, Numar, 109
Total, Total, Giurgiu, Anul 2007, Numar, 107
Total, Total, Giurgiu, Anul 2008, Numar, 107
Total, Total, Giurgiu, Anul 2009, Numar, 107
Total, Total, Giurgiu, Anul 2010, Numar, 109
Total, Total, Giurgiu, Anul 2011, Numar, 86
Total, Total, Giurgiu, Anul 2012, Numar, 85
Total, Total, Giurgiu, Anul 2013, Numar, 85
Total, Total, Giurgiu, Anul 2014, Numar, 85
Total, Total, Giurgiu, Anul 2015, Numar, 88
Total, Total, Giurgiu, Anul 2016, Numar, 90
Total, Total, Giurgiu, Anul 2017, Numar, 87
Total, Total, Giurgiu, Anul 2018, Numar, 87
Total, Total, Giurgiu, Anul 2019, Numar, 87
Total, Total, Giurgiu, Anul 2020, Numar, 87
Total, Total, Giurgiu, Anul 2021, Numar, 86
Total, Total, Giurgiu, Anul 2022, Numar, 85
Total, Total, Giurgiu, Anul 2023, Numar, 85
Total, Total, Giurgiu, Anul 2024, Numar, 86
Total, Total, Ialomita, Anul 1990, Numar, 322
Total, Total, Ialomita, Anul 1991, Numar, 327
Total, Total, Ialomita, Anul 1992, Numar, 341
Total, Total, Ialomita, Anul 1993, Numar, 332
Total, Total, Ialomita, Anul 1994, Numar, 336
Total, Total, Ialomita, Anul 1995, Numar, 336
Total, Total, Ialomita, Anul 1996, Numar, 330
Total, Total, Ialomita, Anul 1997, Numar, 327
Total, Total, Ialomita, Anul 1998, Numar, 324
Total, Total, Ialomita, Anul 1999, Numar, 304
Total, Total, Ialomita, Anul 2000, Numar, 265
Total, Total, Ialomita, Anul 2001, Numar, 262
Total, Total, Ialomita, Anul 2002, Numar, 244
Total, Total, Ialomita, Anul 2003, Numar, 151
Total, Total, Ialomita, Anul 2004, Numar, 118
Total, Total, Ialomita, Anul 2005, Numar, 118
Total, Total, Ialomita, Anul 2006, Numar, 115
Total, Total, Ialomita, Anul 2007, Numar, 115
Total, Total, Ialomita, Anul 2008, Numar, 114
Total, Total, Ialomita, Anul 2009, Numar, 125
Total, Total, Ialomita, Anul 2010, Numar, 127
Total, Total, Ialomita, Anul 2011, Numar, 123
Total, Total, Ialomita, Anul 2012, Numar, 92
Total, Total, Ialomita, Anul 2013, Numar, 95
Total, Total, Ialomita, Anul 2014, Numar, 98
Total, Total, Ialomita, Anul 2015, Numar, 98
Total, Total, Ialomita, Anul 2016, Numar, 95
Total, Total, Ialomita, Anul 2017, Numar, 93
Total, Total, Ialomita, Anul 2018, Numar, 91
Total, Total, Ialomita, Anul 2019, Numar, 90
Total, Total, Ialomita, Anul 2020, Numar, 91
Total, Total, Ialomita, Anul 2021, Numar, 92
Total, Total, Ialomita, Anul 2022, Numar, 90
Total, Total, Ialomita, Anul 2023, Numar, 90
Total, Total, Ialomita, Anul 2024, Numar, 89
Total, Total, Prahova, Anul 1990, Numar, 902
Total, Total, Prahova, Anul 1991, Numar, 925
Total, Total, Prahova, Anul 1992, Numar, 942
Total, Total, Prahova, Anul 1993, Numar, 943
Total, Total, Prahova, Anul 1994, Numar, 941
Total, Total, Prahova, Anul 1995, Numar, 937
Total, Total, Prahova, Anul 1996, Numar, 925
Total, Total, Prahova, Anul 1997, Numar, 913
Total, Total, Prahova, Anul 1998, Numar, 896
Total, Total, Prahova, Anul 1999, Numar, 833
Total, Total, Prahova, Anul 2000, Numar, 834
Total, Total, Prahova, Anul 2001, Numar, 834
Total, Total, Prahova, Anul 2002, Numar, 817
Total, Total, Prahova, Anul 2003, Numar, 810
Total, Total, Prahova, Anul 2004, Numar, 691
Total, Total, Prahova, Anul 2005, Numar, 685
Total, Total, Prahova, Anul 2006, Numar, 345
Total, Total, Prahova, Anul 2007, Numar, 298
Total, Total, Prahova, Anul 2008, Numar, 297
Total, Total, Prahova, Anul 2009, Numar, 292
Total, Total, Prahova, Anul 2010, Numar, 279
Total, Total, Prahova, Anul 2011, Numar, 240
Total, Total, Prahova, Anul 2012, Numar, 241
Total, Total, Prahova, Anul 2013, Numar, 240
Total, Total, Prahova, Anul 2014, Numar, 238
Total, Total, Prahova, Anul 2015, Numar, 239
Total, Total, Prahova, Anul 2016, Numar, 237
Total, Total, Prahova, Anul 2017, Numar, 236
Total, Total, Prahova, Anul 2018, Numar, 234
Total, Total, Prahova, Anul 2019, Numar, 232
Total, Total, Prahova, Anul 2020, Numar, 236
Total, Total, Prahova, Anul 2021, Numar, 235
Total, Total, Prahova, Anul 2022, Numar, 239
Total, Total, Prahova, Anul 2023, Numar, 235
Total, Total, Prahova, Anul 2024, Numar, 239
Total, Total, Teleorman, Anul 1990, Numar, 556
Total, Total, Teleorman, Anul 1991, Numar, 564
Total, Total, Teleorman, Anul 1992, Numar, 563
Total, Total, Teleorman, Anul 1993, Numar, 554
Total, Total, Teleorman, Anul 1994, Numar, 550
Total, Total, Teleorman, Anul 1995, Numar, 543
Total, Total, Teleorman, Anul 1996, Numar, 550
Total, Total, Teleorman, Anul 1997, Numar, 547
Total, Total, Teleorman, Anul 1998, Numar, 549
Total, Total, Teleorman, Anul 1999, Numar, 531
Total, Total, Teleorman, Anul 2000, Numar, 524
Total, Total, Teleorman, Anul 2001, Numar, 527
Total, Total, Teleorman, Anul 2002, Numar, 525
Total, Total, Teleorman, Anul 2003, Numar, 525
Total, Total, Teleorman, Anul 2004, Numar, 245
Total, Total, Teleorman, Anul 2005, Numar, 247
Total, Total, Teleorman, Anul 2006, Numar, 209
Total, Total, Teleorman, Anul 2007, Numar, 195
Total, Total, Teleorman, Anul 2008, Numar, 192
Total, Total, Teleorman, Anul 2009, Numar, 191
Total, Total, Teleorman, Anul 2010, Numar, 150
Total, Total, Teleorman, Anul 2011, Numar, 150
Total, Total, Teleorman, Anul 2012, Numar, 147
Total, Total, Teleorman, Anul 2013, Numar, 149
Total, Total, Teleorman, Anul 2014, Numar, 148
Total, Total, Teleorman, Anul 2015, Numar, 148
Total, Total, Teleorman, Anul 2016, Numar, 144
Total, Total, Teleorman, Anul 2017, Numar, 141
Total, Total, Teleorman, Anul 2018, Numar, 140
Total, Total, Teleorman, Anul 2019, Numar, 139
Total, Total, Teleorman, Anul 2020, Numar, 140
Total, Total, Teleorman, Anul 2021, Numar, 139
Total, Total, Teleorman, Anul 2022, Numar, 138
Total, Total, Teleorman, Anul 2023, Numar, 135
Total, Total, Teleorman, Anul 2024, Numar, 135
Total, Total, Regiunea BUCURESTI - ILFOV, Anul 1990, Numar, 887
Total, Total, Regiunea BUCURESTI - ILFOV, Anul 1991, Numar, 966
Total, Total, Regiunea BUCURESTI - ILFOV, Anul 1992, Numar, 929
Total, Total, Regiunea BUCURESTI - ILFOV, Anul 1993, Numar, 939
Total, Total, Regiunea BUCURESTI - ILFOV, Anul 1994, Numar, 922
Total, Total, Regiunea BUCURESTI - ILFOV, Anul 1995, Numar, 932
Total, Total, Regiunea BUCURESTI - ILFOV, Anul 1996, Numar, 931
Total, Total, Regiunea BUCURESTI - ILFOV, Anul 1997, Numar, 952
Total, Total, Regiunea BUCURESTI - ILFOV, Anul 1998, Numar, 917
Total, Total, Regiunea BUCURESTI - ILFOV, Anul 1999, Numar, 831
Total, Total, Regiunea BUCURESTI - ILFOV, Anul 2000, Numar, 773
Total, Total, Regiunea BUCURESTI - ILFOV, Anul 2001, Numar, 776
Total, Total, Regiunea BUCURESTI - ILFOV, Anul 2002, Numar, 776
Total, Total, Regiunea BUCURESTI - ILFOV, Anul 2003, Numar, 681
Total, Total, Regiunea BUCURESTI - ILFOV, Anul 2004, Numar, 681
Total, Total, Regiunea BUCURESTI - ILFOV, Anul 2005, Numar, 662
Total, Total, Regiunea BUCURESTI - ILFOV, Anul 2006, Numar, 659
Total, Total, Regiunea BUCURESTI - ILFOV, Anul 2007, Numar, 674
Total, Total, Regiunea BUCURESTI - ILFOV, Anul 2008, Numar, 667
Total, Total, Regiunea BUCURESTI - ILFOV, Anul 2009, Numar, 653
Total, Total, Regiunea BUCURESTI - ILFOV, Anul 2010, Numar, 644
Total, Total, Regiunea BUCURESTI - ILFOV, Anul 2011, Numar, 623
Total, Total, Regiunea BUCURESTI - ILFOV, Anul 2012, Numar, 639
Total, Total, Regiunea BUCURESTI - ILFOV, Anul 2013, Numar, 672
Total, Total, Regiunea BUCURESTI - ILFOV, Anul 2014, Numar, 708
Total, Total, Regiunea BUCURESTI - ILFOV, Anul 2015, Numar, 698
Total, Total, Regiunea BUCURESTI - ILFOV, Anul 2016, Numar, 700
Total, Total, Regiunea BUCURESTI - ILFOV, Anul 2017, Numar, 763
Total, Total, Regiunea BUCURESTI - ILFOV, Anul 2018, Numar, 753
Total, Total, Regiunea BUCURESTI - ILFOV, Anul 2019, Numar, 748
Total, Total, Regiunea BUCURESTI - ILFOV, Anul 2020, Numar, 729
Total, Total, Regiunea BUCURESTI - ILFOV, Anul 2021, Numar, 759
Total, Total, Regiunea BUCURESTI - ILFOV, Anul 2022, Numar, 795
Total, Total, Regiunea BUCURESTI - ILFOV, Anul 2023, Numar, 806
Total, Total, Regiunea BUCURESTI - ILFOV, Anul 2024, Numar, 831
Total, Total, Ilfov, Anul 1996, Numar, 264
Total, Total, Ilfov, Anul 1997, Numar, 267
Total, Total, Ilfov, Anul 1998, Numar, 264
Total, Total, Ilfov, Anul 1999, Numar, 261
Total, Total, Ilfov, Anul 2000, Numar, 241
Total, Total, Ilfov, Anul 2001, Numar, 246
Total, Total, Ilfov, Anul 2002, Numar, 242
Total, Total, Ilfov, Anul 2003, Numar, 128
Total, Total, Ilfov, Anul 2004, Numar, 125
Total, Total, Ilfov, Anul 2005, Numar, 103
Total, Total, Ilfov, Anul 2006, Numar, 102
Total, Total, Ilfov, Anul 2007, Numar, 105
Total, Total, Ilfov, Anul 2008, Numar, 103
Total, Total, Ilfov, Anul 2009, Numar, 97
Total, Total, Ilfov, Anul 2010, Numar, 91
Total, Total, Ilfov, Anul 2011, Numar, 77
Total, Total, Ilfov, Anul 2012, Numar, 83
Total, Total, Ilfov, Anul 2013, Numar, 119
Total, Total, Ilfov, Anul 2014, Numar, 129
Total, Total, Ilfov, Anul 2015, Numar, 128
Total, Total, Ilfov, Anul 2016, Numar, 132
Total, Total, Ilfov, Anul 2017, Numar, 137
Total, Total, Ilfov, Anul 2018, Numar, 132
Total, Total, Ilfov, Anul 2019, Numar, 132
Total, Total, Ilfov, Anul 2020, Numar, 132
Total, Total, Ilfov, Anul 2021, Numar, 136
Total, Total, Ilfov, Anul 2022, Numar, 137
Total, Total, Ilfov, Anul 2023, Numar, 137
Total, Total, Ilfov, Anul 2024, Numar, 155
Total, Total, Municipiul Bucuresti, Anul 1996, Numar, 667
Total, Total, Municipiul Bucuresti, Anul 1997, Numar, 685
Total, Total, Municipiul Bucuresti, Anul 1998, Numar, 653
Total, Total, Municipiul Bucuresti, Anul 1999, Numar, 570
Total, Total, Municipiul Bucuresti, Anul 2000, Numar, 532
Total, Total, Municipiul Bucuresti, Anul 2001, Numar, 530
Total, Total, Municipiul Bucuresti, Anul 2002, Numar, 534
Total, Total, Municipiul Bucuresti, Anul 2003, Numar, 553
Total, Total, Municipiul Bucuresti, Anul 2004, Numar, 556
Total, Total, Municipiul Bucuresti, Anul 2005, Numar, 559
Total, Total, Municipiul Bucuresti, Anul 2006, Numar, 557
Total, Total, Municipiul Bucuresti, Anul 2007, Numar, 569
Total, Total, Municipiul Bucuresti, Anul 2008, Numar, 564
Total, Total, Municipiul Bucuresti, Anul 2009, Numar, 556
Total, Total, Municipiul Bucuresti, Anul 2010, Numar, 553
Total, Total, Municipiul Bucuresti, Anul 2011, Numar, 546
Total, Total, Municipiul Bucuresti, Anul 2012, Numar, 556
Total, Total, Municipiul Bucuresti, Anul 2013, Numar, 553
Total, Total, Municipiul Bucuresti, Anul 2014, Numar, 579
Total, Total, Municipiul Bucuresti, Anul 2015, Numar, 570
Total, Total, Municipiul Bucuresti, Anul 2016, Numar, 568
Total, Total, Municipiul Bucuresti, Anul 2017, Numar, 626
Total, Total, Municipiul Bucuresti, Anul 2018, Numar, 621
Total, Total, Municipiul Bucuresti, Anul 2019, Numar, 616
Total, Total, Municipiul Bucuresti, Anul 2020, Numar, 597
Total, Total, Municipiul Bucuresti, Anul 2021, Numar, 623
Total, Total, Municipiul Bucuresti, Anul 2022, Numar, 658
Total, Total, Municipiul Bucuresti, Anul 2023, Numar, 669
Total, Total, Municipiul Bucuresti, Anul 2024, Numar, 676
Total, Total, Mun. Bucuresti -incl. SAI, Anul 1990, Numar, 887
Total, Total, Mun. Bucuresti -incl. SAI, Anul 1991, Numar, 966
Total, Total, Mun. Bucuresti -incl. SAI, Anul 1992, Numar, 929
Total, Total, Mun. Bucuresti -incl. SAI, Anul 1993, Numar, 939
Total, Total, Mun. Bucuresti -incl. SAI, Anul 1994, Numar, 922
Total, Total, Mun. Bucuresti -incl. SAI, Anul 1995, Numar, 932
Total, Total, MACROREGIUNEA PATRU, Anul 1990, Numar, 6506
Total, Total, MACROREGIUNEA PATRU, Anul 1991, Numar, 6679
Total, Total, MACROREGIUNEA PATRU, Anul 1992, Numar, 6673
Total, Total, MACROREGIUNEA PATRU, Anul 1993, Numar, 6705
Total, Total, MACROREGIUNEA PATRU, Anul 1994, Numar, 6713
Total, Total, MACROREGIUNEA PATRU, Anul 1995, Numar, 6740
Total, Total, MACROREGIUNEA PATRU, Anul 1996, Numar, 6830
Total, Total, MACROREGIUNEA PATRU, Anul 1997, Numar, 6633
Total, Total, MACROREGIUNEA PATRU, Anul 1998, Numar, 6707
Total, Total, MACROREGIUNEA PATRU, Anul 1999, Numar, 6209
Total, Total, MACROREGIUNEA PATRU, Anul 2000, Numar, 5508
Total, Total, MACROREGIUNEA PATRU, Anul 2001, Numar, 5382
Total, Total, MACROREGIUNEA PATRU, Anul 2002, Numar, 5074
Total, Total, MACROREGIUNEA PATRU, Anul 2003, Numar, 3180
Total, Total, MACROREGIUNEA PATRU, Anul 2004, Numar, 2938
Total, Total, MACROREGIUNEA PATRU, Anul 2005, Numar, 2508
Total, Total, MACROREGIUNEA PATRU, Anul 2006, Numar, 1720
Total, Total, MACROREGIUNEA PATRU, Anul 2007, Numar, 1620
Total, Total, MACROREGIUNEA PATRU, Anul 2008, Numar, 1626
Total, Total, MACROREGIUNEA PATRU, Anul 2009, Numar, 1611
Total, Total, MACROREGIUNEA PATRU, Anul 2010, Numar, 1452
Total, Total, MACROREGIUNEA PATRU, Anul 2011, Numar, 1380
Total, Total, MACROREGIUNEA PATRU, Anul 2012, Numar, 1420
Total, Total, MACROREGIUNEA PATRU, Anul 2013, Numar, 1394
Total, Total, MACROREGIUNEA PATRU, Anul 2014, Numar, 1370
Total, Total, MACROREGIUNEA PATRU, Anul 2015, Numar, 1364
Total, Total, MACROREGIUNEA PATRU, Anul 2016, Numar, 1347
Total, Total, MACROREGIUNEA PATRU, Anul 2017, Numar, 1353
Total, Total, MACROREGIUNEA PATRU, Anul 2018, Numar, 1362
Total, Total, MACROREGIUNEA PATRU, Anul 2019, Numar, 1359
Total, Total, MACROREGIUNEA PATRU, Anul 2020, Numar, 1349
Total, Total, MACROREGIUNEA PATRU, Anul 2021, Numar, 1358
Total, Total, MACROREGIUNEA PATRU, Anul 2022, Numar, 1356
Total, Total, MACROREGIUNEA PATRU, Anul 2023, Numar, 1365
Total, Total, MACROREGIUNEA PATRU, Anul 2024, Numar, 1370
Total, Total, Regiunea SUD-VEST OLTENIA, Anul 1990, Numar, 3781
Total, Total, Regiunea SUD-VEST OLTENIA, Anul 1991, Numar, 3843
Total, Total, Regiunea SUD-VEST OLTENIA, Anul 1992, Numar, 3844
Total, Total, Regiunea SUD-VEST OLTENIA, Anul 1993, Numar, 3864
Total, Total, Regiunea SUD-VEST OLTENIA, Anul 1994, Numar, 3892
Total, Total, Regiunea SUD-VEST OLTENIA, Anul 1995, Numar, 3902
Total, Total, Regiunea SUD-VEST OLTENIA, Anul 1996, Numar, 3911
Total, Total, Regiunea SUD-VEST OLTENIA, Anul 1997, Numar, 3782
Total, Total, Regiunea SUD-VEST OLTENIA, Anul 1998, Numar, 3827
Total, Total, Regiunea SUD-VEST OLTENIA, Anul 1999, Numar, 3567
Total, Total, Regiunea SUD-VEST OLTENIA, Anul 2000, Numar, 3146
Total, Total, Regiunea SUD-VEST OLTENIA, Anul 2001, Numar, 3023
Total, Total, Regiunea SUD-VEST OLTENIA, Anul 2002, Numar, 2747
Total, Total, Regiunea SUD-VEST OLTENIA, Anul 2003, Numar, 1515
Total, Total, Regiunea SUD-VEST OLTENIA, Anul 2004, Numar, 1436
Total, Total, Regiunea SUD-VEST OLTENIA, Anul 2005, Numar, 1263
Total, Total, Regiunea SUD-VEST OLTENIA, Anul 2006, Numar, 885
Total, Total, Regiunea SUD-VEST OLTENIA, Anul 2007, Numar, 836
Total, Total, Regiunea SUD-VEST OLTENIA, Anul 2008, Numar, 842
Total, Total, Regiunea SUD-VEST OLTENIA, Anul 2009, Numar, 836
Total, Total, Regiunea SUD-VEST OLTENIA, Anul 2010, Numar, 770
Total, Total, Regiunea SUD-VEST OLTENIA, Anul 2011, Numar, 744
Total, Total, Regiunea SUD-VEST OLTENIA, Anul 2012, Numar, 751
Total, Total, Regiunea SUD-VEST OLTENIA, Anul 2013, Numar, 761
Total, Total, Regiunea SUD-VEST OLTENIA, Anul 2014, Numar, 746
Total, Total, Regiunea SUD-VEST OLTENIA, Anul 2015, Numar, 737
Total, Total, Regiunea SUD-VEST OLTENIA, Anul 2016, Numar, 730
Total, Total, Regiunea SUD-VEST OLTENIA, Anul 2017, Numar, 731
Total, Total, Regiunea SUD-VEST OLTENIA, Anul 2018, Numar, 730
Total, Total, Regiunea SUD-VEST OLTENIA, Anul 2019, Numar, 729
Total, Total, Regiunea SUD-VEST OLTENIA, Anul 2020, Numar, 726
Total, Total, Regiunea SUD-VEST OLTENIA, Anul 2021, Numar, 729
Total, Total, Regiunea SUD-VEST OLTENIA, Anul 2022, Numar, 733
Total, Total, Regiunea SUD-VEST OLTENIA, Anul 2023, Numar, 739
Total, Total, Regiunea SUD-VEST OLTENIA, Anul 2024, Numar, 743
Total, Total, Dolj, Anul 1990, Numar, 797
Total, Total, Dolj, Anul 1991, Numar, 819
Total, Total, Dolj, Anul 1992, Numar, 819
Total, Total, Dolj, Anul 1993, Numar, 832
Total, Total, Dolj, Anul 1994, Numar, 851
Total, Total, Dolj, Anul 1995, Numar, 857
Total, Total, Dolj, Anul 1996, Numar, 875
Total, Total, Dolj, Anul 1997, Numar, 874
Total, Total, Dolj, Anul 1998, Numar, 876
Total, Total, Dolj, Anul 1999, Numar, 809
Total, Total, Dolj, Anul 2000, Numar, 632
Total, Total, Dolj, Anul 2001, Numar, 562
Total, Total, Dolj, Anul 2002, Numar, 566
Total, Total, Dolj, Anul 2003, Numar, 423
Total, Total, Dolj, Anul 2004, Numar, 412
Total, Total, Dolj, Anul 2005, Numar, 253
Total, Total, Dolj, Anul 2006, Numar, 249
Total, Total, Dolj, Anul 2007, Numar, 249
Total, Total, Dolj, Anul 2008, Numar, 249
Total, Total, Dolj, Anul 2009, Numar, 245
Total, Total, Dolj, Anul 2010, Numar, 210
Total, Total, Dolj, Anul 2011, Numar, 199
Total, Total, Dolj, Anul 2012, Numar, 203
Total, Total, Dolj, Anul 2013, Numar, 208
Total, Total, Dolj, Anul 2014, Numar, 211
Total, Total, Dolj, Anul 2015, Numar, 209
Total, Total, Dolj, Anul 2016, Numar, 210
Total, Total, Dolj, Anul 2017, Numar, 211
Total, Total, Dolj, Anul 2018, Numar, 214
Total, Total, Dolj, Anul 2019, Numar, 216
Total, Total, Dolj, Anul 2020, Numar, 214
Total, Total, Dolj, Anul 2021, Numar, 216
Total, Total, Dolj, Anul 2022, Numar, 216
Total, Total, Dolj, Anul 2023, Numar, 219
Total, Total, Dolj, Anul 2024, Numar, 221
Total, Total, Gorj, Anul 1990, Numar, 851
Total, Total, Gorj, Anul 1991, Numar, 833
Total, Total, Gorj, Anul 1992, Numar, 848
Total, Total, Gorj, Anul 1993, Numar, 857
Total, Total, Gorj, Anul 1994, Numar, 848
Total, Total, Gorj, Anul 1995, Numar, 851
Total, Total, Gorj, Anul 1996, Numar, 847
Total, Total, Gorj, Anul 1997, Numar, 830
Total, Total, Gorj, Anul 1998, Numar, 854
Total, Total, Gorj, Anul 1999, Numar, 809
Total, Total, Gorj, Anul 2000, Numar, 785
Total, Total, Gorj, Anul 2001, Numar, 780
Total, Total, Gorj, Anul 2002, Numar, 525
Total, Total, Gorj, Anul 2003, Numar, 219
Total, Total, Gorj, Anul 2004, Numar, 218
Total, Total, Gorj, Anul 2005, Numar, 185
Total, Total, Gorj, Anul 2006, Numar, 175
Total, Total, Gorj, Anul 2007, Numar, 119
Total, Total, Gorj, Anul 2008, Numar, 120
Total, Total, Gorj, Anul 2009, Numar, 116
Total, Total, Gorj, Anul 2010, Numar, 110
Total, Total, Gorj, Anul 2011, Numar, 110
Total, Total, Gorj, Anul 2012, Numar, 116
Total, Total, Gorj, Anul 2013, Numar, 116
Total, Total, Gorj, Anul 2014, Numar, 120
Total, Total, Gorj, Anul 2015, Numar, 120
Total, Total, Gorj, Anul 2016, Numar, 117
Total, Total, Gorj, Anul 2017, Numar, 117
Total, Total, Gorj, Anul 2018, Numar, 117
Total, Total, Gorj, Anul 2019, Numar, 116
Total, Total, Gorj, Anul 2020, Numar, 116
Total, Total, Gorj, Anul 2021, Numar, 116
Total, Total, Gorj, Anul 2022, Numar, 116
Total, Total, Gorj, Anul 2023, Numar, 118
Total, Total, Gorj, Anul 2024, Numar, 119
Total, Total, Mehedinti, Anul 1990, Numar, 550
Total, Total, Mehedinti, Anul 1991, Numar, 567
Total, Total, Mehedinti, Anul 1992, Numar, 572
Total, Total, Mehedinti, Anul 1993, Numar, 572
Total, Total, Mehedinti, Anul 1994, Numar, 566
Total, Total, Mehedinti, Anul 1995, Numar, 572
Total, Total, Mehedinti, Anul 1996, Numar, 570
Total, Total, Mehedinti, Anul 1997, Numar, 563
Total, Total, Mehedinti, Anul 1998, Numar, 564
Total, Total, Mehedinti, Anul 1999, Numar, 548
Total, Total, Mehedinti, Anul 2000, Numar, 460
Total, Total, Mehedinti, Anul 2001, Numar, 384
Total, Total, Mehedinti, Anul 2002, Numar, 375
Total, Total, Mehedinti, Anul 2003, Numar, 180
Total, Total, Mehedinti, Anul 2004, Numar, 136
Total, Total, Mehedinti, Anul 2005, Numar, 116
Total, Total, Mehedinti, Anul 2006, Numar, 118
Total, Total, Mehedinti, Anul 2007, Numar, 115
Total, Total, Mehedinti, Anul 2008, Numar, 116
Total, Total, Mehedinti, Anul 2009, Numar, 118
Total, Total, Mehedinti, Anul 2010, Numar, 116
Total, Total, Mehedinti, Anul 2011, Numar, 110
Total, Total, Mehedinti, Anul 2012, Numar, 108
Total, Total, Mehedinti, Anul 2013, Numar, 109
Total, Total, Mehedinti, Anul 2014, Numar, 110
Total, Total, Mehedinti, Anul 2015, Numar, 109
Total, Total, Mehedinti, Anul 2016, Numar, 107
Total, Total, Mehedinti, Anul 2017, Numar, 107
Total, Total, Mehedinti, Anul 2018, Numar, 107
Total, Total, Mehedinti, Anul 2019, Numar, 107
Total, Total, Mehedinti, Anul 2020, Numar, 106
Total, Total, Mehedinti, Anul 2021, Numar, 105
Total, Total, Mehedinti, Anul 2022, Numar, 104
Total, Total, Mehedinti, Anul 2023, Numar, 102
Total, Total, Mehedinti, Anul 2024, Numar, 103
Total, Total, Olt, Anul 1990, Numar, 764
Total, Total, Olt, Anul 1991, Numar, 780
Total, Total, Olt, Anul 1992, Numar, 764
Total, Total, Olt, Anul 1993, Numar, 766
Total, Total, Olt, Anul 1994, Numar, 777
Total, Total, Olt, Anul 1995, Numar, 781
Total, Total, Olt, Anul 1996, Numar, 785
Total, Total, Olt, Anul 1997, Numar, 759
Total, Total, Olt, Anul 1998, Numar, 761
Total, Total, Olt, Anul 1999, Numar, 646
Total, Total, Olt, Anul 2000, Numar, 549
Total, Total, Olt, Anul 2001, Numar, 560
Total, Total, Olt, Anul 2002, Numar, 557
Total, Total, Olt, Anul 2003, Numar, 465
Total, Total, Olt, Anul 2004, Numar, 442
Total, Total, Olt, Anul 2005, Numar, 480
Total, Total, Olt, Anul 2006, Numar, 176
Total, Total, Olt, Anul 2007, Numar, 185
Total, Total, Olt, Anul 2008, Numar, 189
Total, Total, Olt, Anul 2009, Numar, 187
Total, Total, Olt, Anul 2010, Numar, 187
Total, Total, Olt, Anul 2011, Numar, 176
Total, Total, Olt, Anul 2012, Numar, 176
Total, Total, Olt, Anul 2013, Numar, 175
Total, Total, Olt, Anul 2014, Numar, 167
Total, Total, Olt, Anul 2015, Numar, 165
Total, Total, Olt, Anul 2016, Numar, 165
Total, Total, Olt, Anul 2017, Numar, 163
Total, Total, Olt, Anul 2018, Numar, 162
Total, Total, Olt, Anul 2019, Numar, 161
Total, Total, Olt, Anul 2020, Numar, 161
Total, Total, Olt, Anul 2021, Numar, 162
Total, Total, Olt, Anul 2022, Numar, 167
Total, Total, Olt, Anul 2023, Numar, 169
Total, Total, Olt, Anul 2024, Numar, 168
Total, Total, Valcea, Anul 1990, Numar, 819
Total, Total, Valcea, Anul 1991, Numar, 844
Total, Total, Valcea, Anul 1992, Numar, 841
Total, Total, Valcea, Anul 1993, Numar, 837
Total, Total, Valcea, Anul 1994, Numar, 850
Total, Total, Valcea, Anul 1995, Numar, 841
Total, Total, Valcea, Anul 1996, Numar, 834
Total, Total, Valcea, Anul 1997, Numar, 756
Total, Total, Valcea, Anul 1998, Numar, 772
Total, Total, Valcea, Anul 1999, Numar, 755
Total, Total, Valcea, Anul 2000, Numar, 720
Total, Total, Valcea, Anul 2001, Numar, 737
Total, Total, Valcea, Anul 2002, Numar, 724
Total, Total, Valcea, Anul 2003, Numar, 228
Total, Total, Valcea, Anul 2004, Numar, 228
Total, Total, Valcea, Anul 2005, Numar, 229
Total, Total, Valcea, Anul 2006, Numar, 167
Total, Total, Valcea, Anul 2007, Numar, 168
Total, Total, Valcea, Anul 2008, Numar, 168
Total, Total, Valcea, Anul 2009, Numar, 170
Total, Total, Valcea, Anul 2010, Numar, 147
Total, Total, Valcea, Anul 2011, Numar, 149
Total, Total, Valcea, Anul 2012, Numar, 148
Total, Total, Valcea, Anul 2013, Numar, 153
Total, Total, Valcea, Anul 2014, Numar, 138
Total, Total, Valcea, Anul 2015, Numar, 134
Total, Total, Valcea, Anul 2016, Numar, 131
Total, Total, Valcea, Anul 2017, Numar, 133
Total, Total, Valcea, Anul 2018, Numar, 130
Total, Total, Valcea, Anul 2019, Numar, 129
Total, Total, Valcea, Anul 2020, Numar, 129
Total, Total, Valcea, Anul 2021, Numar, 130
Total, Total, Valcea, Anul 2022, Numar, 130
Total, Total, Valcea, Anul 2023, Numar, 131
Total, Total, Valcea, Anul 2024, Numar, 132
Total, Total, Regiunea VEST, Anul 1990, Numar, 2725
Total, Total, Regiunea VEST, Anul 1991, Numar, 2836
Total, Total, Regiunea VEST, Anul 1992, Numar, 2829
Total, Total, Regiunea VEST, Anul 1993, Numar, 2841
Total, Total, Regiunea VEST, Anul 1994, Numar, 2821
Total, Total, Regiunea VEST, Anul 1995, Numar, 2838
Total, Total, Regiunea VEST, Anul 1996, Numar, 2919
Total, Total, Regiunea VEST, Anul 1997, Numar, 2851
Total, Total, Regiunea VEST, Anul 1998, Numar, 2880
Total, Total, Regiunea VEST, Anul 1999, Numar, 2642
Total, Total, Regiunea VEST, Anul 2000, Numar, 2362
Total, Total, Regiunea VEST, Anul 2001, Numar, 2359
Total, Total, Regiunea VEST, Anul 2002, Numar, 2327
Total, Total, Regiunea VEST, Anul 2003, Numar, 1665
Total, Total, Regiunea VEST, Anul 2004, Numar, 1502
Total, Total, Regiunea VEST, Anul 2005, Numar, 1245
Total, Total, Regiunea VEST, Anul 2006, Numar, 835
Total, Total, Regiunea VEST, Anul 2007, Numar, 784
Total, Total, Regiunea VEST, Anul 2008, Numar, 784
Total, Total, Regiunea VEST, Anul 2009, Numar, 775
Total, Total, Regiunea VEST, Anul 2010, Numar, 682
Total, Total, Regiunea VEST, Anul 2011, Numar, 636
Total, Total, Regiunea VEST, Anul 2012, Numar, 669
Total, Total, Regiunea VEST, Anul 2013, Numar, 633
Total, Total, Regiunea VEST, Anul 2014, Numar, 624
Total, Total, Regiunea VEST, Anul 2015, Numar, 627
Total, Total, Regiunea VEST, Anul 2016, Numar, 617
Total, Total, Regiunea VEST, Anul 2017, Numar, 622
Total, Total, Regiunea VEST, Anul 2018, Numar, 632
Total, Total, Regiunea VEST, Anul 2019, Numar, 630
Total, Total, Regiunea VEST, Anul 2020, Numar, 623
Total, Total, Regiunea VEST, Anul 2021, Numar, 629
Total, Total, Regiunea VEST, Anul 2022, Numar, 623
Total, Total, Regiunea VEST, Anul 2023, Numar, 626
Total, Total, Regiunea VEST, Anul 2024, Numar, 627
Total, Total, Arad, Anul 1990, Numar, 620
Total, Total, Arad, Anul 1991, Numar, 655
Total, Total, Arad, Anul 1992, Numar, 643
Total, Total, Arad, Anul 1993, Numar, 658
Total, Total, Arad, Anul 1994, Numar, 651
Total, Total, Arad, Anul 1995, Numar, 646
Total, Total, Arad, Anul 1996, Numar, 687
Total, Total, Arad, Anul 1997, Numar, 678
Total, Total, Arad, Anul 1998, Numar, 676
Total, Total, Arad, Anul 1999, Numar, 621
Total, Total, Arad, Anul 2000, Numar, 604
Total, Total, Arad, Anul 2001, Numar, 588
Total, Total, Arad, Anul 2002, Numar, 578
Total, Total, Arad, Anul 2003, Numar, 431
Total, Total, Arad, Anul 2004, Numar, 266
Total, Total, Arad, Anul 2005, Numar, 258
Total, Total, Arad, Anul 2006, Numar, 182
Total, Total, Arad, Anul 2007, Numar, 183
Total, Total, Arad, Anul 2008, Numar, 181
Total, Total, Arad, Anul 2009, Numar, 178
Total, Total, Arad, Anul 2010, Numar, 163
Total, Total, Arad, Anul 2011, Numar, 130
Total, Total, Arad, Anul 2012, Numar, 176
Total, Total, Arad, Anul 2013, Numar, 166
Total, Total, Arad, Anul 2014, Numar, 163
Total, Total, Arad, Anul 2015, Numar, 165
Total, Total, Arad, Anul 2016, Numar, 156
Total, Total, Arad, Anul 2017, Numar, 156
Total, Total, Arad, Anul 2018, Numar, 156
Total, Total, Arad, Anul 2019, Numar, 156
Total, Total, Arad, Anul 2020, Numar, 154
Total, Total, Arad, Anul 2021, Numar, 158
Total, Total, Arad, Anul 2022, Numar, 162
Total, Total, Arad, Anul 2023, Numar, 163
Total, Total, Arad, Anul 2024, Numar, 164
Total, Total, Caras-Severin, Anul 1990, Numar, 590
Total, Total, Caras-Severin, Anul 1991, Numar, 589
Total, Total, Caras-Severin, Anul 1992, Numar, 608
Total, Total, Caras-Severin, Anul 1993, Numar, 603
Total, Total, Caras-Severin, Anul 1994, Numar, 598
Total, Total, Caras-Severin, Anul 1995, Numar, 602
Total, Total, Caras-Severin, Anul 1996, Numar, 628
Total, Total, Caras-Severin, Anul 1997, Numar, 613
Total, Total, Caras-Severin, Anul 1998, Numar, 610
Total, Total, Caras-Severin, Anul 1999, Numar, 559
Total, Total, Caras-Severin, Anul 2000, Numar, 548
Total, Total, Caras-Severin, Anul 2001, Numar, 545
Total, Total, Caras-Severin, Anul 2002, Numar, 541
Total, Total, Caras-Severin, Anul 2003, Numar, 424
Total, Total, Caras-Severin, Anul 2004, Numar, 423
Total, Total, Caras-Severin, Anul 2005, Numar, 186
Total, Total, Caras-Severin, Anul 2006, Numar, 178
Total, Total, Caras-Severin, Anul 2007, Numar, 146
Total, Total, Caras-Severin, Anul 2008, Numar, 146
Total, Total, Caras-Severin, Anul 2009, Numar, 143
Total, Total, Caras-Severin, Anul 2010, Numar, 138
Total, Total, Caras-Severin, Anul 2011, Numar, 129
Total, Total, Caras-Severin, Anul 2012, Numar, 127
Total, Total, Caras-Severin, Anul 2013, Numar, 124
Total, Total, Caras-Severin, Anul 2014, Numar, 123
Total, Total, Caras-Severin, Anul 2015, Numar, 123
Total, Total, Caras-Severin, Anul 2016, Numar, 122
Total, Total, Caras-Severin, Anul 2017, Numar, 123
Total, Total, Caras-Severin, Anul 2018, Numar, 123
Total, Total, Caras-Severin, Anul 2019, Numar, 122
Total, Total, Caras-Severin, Anul 2020, Numar, 120
Total, Total, Caras-Severin, Anul 2021, Numar, 120
Total, Total, Caras-Severin, Anul 2022, Numar, 119
Total, Total, Caras-Severin, Anul 2023, Numar, 119
Total, Total, Caras-Severin, Anul 2024, Numar, 119
Total, Total, Hunedoara, Anul 1990, Numar, 721
Total, Total, Hunedoara, Anul 1991, Numar, 748
Total, Total, Hunedoara, Anul 1992, Numar, 742
Total, Total, Hunedoara, Anul 1993, Numar, 753
Total, Total, Hunedoara, Anul 1994, Numar, 754
Total, Total, Hunedoara, Anul 1995, Numar, 766
Total, Total, Hunedoara, Anul 1996, Numar, 779
Total, Total, Hunedoara, Anul 1997, Numar, 758
Total, Total, Hunedoara, Anul 1998, Numar, 773
Total, Total, Hunedoara, Anul 1999, Numar, 687
Total, Total, Hunedoara, Anul 2000, Numar, 478
Total, Total, Hunedoara, Anul 2001, Numar, 470
Total, Total, Hunedoara, Anul 2002, Numar, 460
Total, Total, Hunedoara, Anul 2003, Numar, 207
Total, Total, Hunedoara, Anul 2004, Numar, 212
Total, Total, Hunedoara, Anul 2005, Numar, 210
Total, Total, Hunedoara, Anul 2006, Numar, 178
Total, Total, Hunedoara, Anul 2007, Numar, 176
Total, Total, Hunedoara, Anul 2008, Numar, 173
Total, Total, Hunedoara, Anul 2009, Numar, 169
Total, Total, Hunedoara, Anul 2010, Numar, 111
Total, Total, Hunedoara, Anul 2011, Numar, 111
Total, Total, Hunedoara, Anul 2012, Numar, 112
Total, Total, Hunedoara, Anul 2013, Numar, 120
Total, Total, Hunedoara, Anul 2014, Numar, 115
Total, Total, Hunedoara, Anul 2015, Numar, 113
Total, Total, Hunedoara, Anul 2016, Numar, 113
Total, Total, Hunedoara, Anul 2017, Numar, 112
Total, Total, Hunedoara, Anul 2018, Numar, 111
Total, Total, Hunedoara, Anul 2019, Numar, 111
Total, Total, Hunedoara, Anul 2020, Numar, 111
Total, Total, Hunedoara, Anul 2021, Numar, 111
Total, Total, Hunedoara, Anul 2022, Numar, 111
Total, Total, Hunedoara, Anul 2023, Numar, 115
Total, Total, Hunedoara, Anul 2024, Numar, 114
Total, Total, Timis, Anul 1990, Numar, 794
Total, Total, Timis, Anul 1991, Numar, 844
Total, Total, Timis, Anul 1992, Numar, 836
Total, Total, Timis, Anul 1993, Numar, 827
Total, Total, Timis, Anul 1994, Numar, 818
Total, Total, Timis, Anul 1995, Numar, 824
Total, Total, Timis, Anul 1996, Numar, 825
Total, Total, Timis, Anul 1997, Numar, 802
Total, Total, Timis, Anul 1998, Numar, 821
Total, Total, Timis, Anul 1999, Numar, 775
Total, Total, Timis, Anul 2000, Numar, 732
Total, Total, Timis, Anul 2001, Numar, 756
Total, Total, Timis, Anul 2002, Numar, 748
Total, Total, Timis, Anul 2003, Numar, 603
Total, Total, Timis, Anul 2004, Numar, 601
Total, Total, Timis, Anul 2005, Numar, 591
Total, Total, Timis, Anul 2006, Numar, 297
Total, Total, Timis, Anul 2007, Numar, 279
Total, Total, Timis, Anul 2008, Numar, 284
Total, Total, Timis, Anul 2009, Numar, 285
Total, Total, Timis, Anul 2010, Numar, 270
Total, Total, Timis, Anul 2011, Numar, 266
Total, Total, Timis, Anul 2012, Numar, 254
Total, Total, Timis, Anul 2013, Numar, 223
Total, Total, Timis, Anul 2014, Numar, 223
Total, Total, Timis, Anul 2015, Numar, 226
Total, Total, Timis, Anul 2016, Numar, 226
Total, Total, Timis, Anul 2017, Numar, 231
Total, Total, Timis, Anul 2018, Numar, 242
Total, Total, Timis, Anul 2019, Numar, 241
Total, Total, Timis, Anul 2020, Numar, 238
Total, Total, Timis, Anul 2021, Numar, 240
Total, Total, Timis, Anul 2022, Numar, 231
Total, Total, Timis, Anul 2023, Numar, 229
Total, Total, Timis, Anul 2024, Numar, 230
