category,reference,term,estimate,se,z,p,sig
t_AUR,t_OTHER,intercept,0.6364795704435464,0.07961071612197505,7.994898192705217,1.3322676295501878e-15,***
t_AUR,t_OTHER,z_grievance,-0.06476929779005512,0.14426474486110166,-0.448961372041486,0.6534595222474255,
t_AUR,t_OTHER,z_modernity,-0.1276635296420918,0.12245212158837816,-1.042558740396771,0.2971527068135389,
t_AUR,t_OTHER,z_magyari,-0.09003686003155943,0.14590509468009907,-0.6170919543897198,0.5371740751859573,
t_AUR,t_OTHER,z_deindustrial,-0.025540390823550273,0.08216937609406623,-0.31082615005269154,0.7559327888237302,
t_AUR,t_OTHER,z_demog,0.13406007886947152,0.08824681532815976,1.5191491995597564,0.12872494499322062,
t_AUR,t_OTHER,z_romi,0.15011557352113544,0.09973043987264603,1.5052131898027354,0.13226927518203935,
t_AUR,t_OTHER,z_ltu,-0.021520987371870453,0.10670355343816992,-0.20168950965949725,0.8401594641494199,
t_PSD,t_OTHER,intercept,0.9702962213512544,0.07833098292170676,12.387131951619745,0.0,***
t_PSD,t_OTHER,z_grievance,-0.1594006498812636,0.14000908192552486,-1.1385022149209842,0.2549108345275859,
t_PSD,t_OTHER,z_modernity,-0.2586032901843754,0.11565156061114992,-2.236055344327481,0.02534814609060243,*
t_PSD,t_OTHER,z_magyari,-0.22029386137652499,0.16362361422271438,-1.346345161870551,0.17819122742432736,
t_PSD,t_OTHER,z_deindustrial,0.04957445694266264,0.07714722050140008,0.6425955027344499,0.5204866020000558,
t_PSD,t_OTHER,z_demog,0.31216760323834014,0.0860388058751307,3.628218686477277,0.00028538348441964345,***
t_PSD,t_OTHER,z_romi,0.25754911018575005,0.09756830592831049,2.639680045023918,0.008298433104003244,**
t_PSD,t_OTHER,z_ltu,-0.02016855216596849,0.10295960968127636,-0.19588800140562523,0.8446978288235742,
t_PNL,t_OTHER,intercept,0.40508482466770285,0.0822440465718785,4.92539997182255,8.418796915155013e-07,***
t_PNL,t_OTHER,z_grievance,-0.08539855959753724,0.15089698477877908,-0.5659394700479595,0.5714349289600906,
t_PNL,t_OTHER,z_modernity,0.006658317083868768,0.13328189826744843,0.049956649555725416,0.9601569338020723,
t_PNL,t_OTHER,z_magyari,-0.028553897935333503,0.13905420763278115,-0.20534364562875768,0.8373036462444379,
t_PNL,t_OTHER,z_deindustrial,-0.04013633951960341,0.08672133445061338,-0.46281967146689273,0.6434936297380305,
t_PNL,t_OTHER,z_demog,0.02242880144677928,0.09078360498195569,0.24705784101917155,0.8048634604786196,
t_PNL,t_OTHER,z_romi,0.23647708826437552,0.10043897353411964,2.3544355337725853,0.018550861159051912,*
t_PNL,t_OTHER,z_ltu,-0.05021912723583386,0.1102306792803226,-0.4555821261712803,0.6486904985548223,
t_USR,t_OTHER,intercept,-0.020089103956906888,0.09003418519245808,-0.22312751444314396,0.8234362646767066,
t_USR,t_OTHER,z_grievance,0.006102190732968977,0.16456607897093375,0.037080489315460735,0.9704208285996248,
t_USR,t_OTHER,z_modernity,0.1645357963848573,0.1397925042681697,1.1770001349229822,0.23919545240034368,
t_USR,t_OTHER,z_magyari,-0.08069932510252514,0.14706233798386378,-0.548742296694479,0.5831823150191353,
t_USR,t_OTHER,z_deindustrial,0.011636124381327623,0.09258653866712258,0.12567836047055514,0.8999865318703815,
t_USR,t_OTHER,z_demog,-0.07386969000959388,0.09381257844314618,-0.7874177560780039,0.4310373558554179,
t_USR,t_OTHER,z_romi,-0.08334984669116594,0.11594831905058092,-0.7188534286107733,0.4722312337693797,
t_USR,t_OTHER,z_ltu,0.10216249637384427,0.11927967003760505,0.8564954643287973,0.39172378059352164,
t_UDMR,t_OTHER,intercept,-1.376058988670709,0.13797822788519032,-9.9730153790329,0.0,***
t_UDMR,t_OTHER,z_grievance,0.27718658022324083,0.2649251767840534,1.046282514889787,0.2954306157644573,
t_UDMR,t_OTHER,z_modernity,0.4269580427157831,0.30898612834306605,1.3818032706042171,0.1670321145547633,
t_UDMR,t_OTHER,z_magyari,1.2249936761699192,0.141274416277772,8.671022740319463,0.0,***
t_UDMR,t_OTHER,z_deindustrial,0.043103065672658106,0.14472454800005904,0.2978282970532444,0.7658342161430294,
t_UDMR,t_OTHER,z_demog,-0.05377366811919642,0.14893329217391685,-0.36105874874774285,0.7180555298107998,
t_UDMR,t_OTHER,z_romi,0.43878919008120615,0.11224680730510132,3.9091462876847842,9.262286529421182e-05,***
t_UDMR,t_OTHER,z_ltu,-0.4411095504938047,0.14248411359266572,-3.095850753964409,0.0019624911211650886,**
t_SOS,t_OTHER,intercept,-0.25556770153439595,0.09514137221947397,-2.6861889372884744,0.007227220815177127,**
t_SOS,t_OTHER,z_grievance,-0.06134749219361609,0.17963485111381577,-0.34151219439454217,0.7327180262941495,
t_SOS,t_OTHER,z_modernity,-0.1671477573032154,0.1477296558438007,-1.1314434894503922,0.2578684757459371,
t_SOS,t_OTHER,z_magyari,-0.014030336484690629,0.16749509839826318,-0.08376565415263587,0.9332427560290715,
t_SOS,t_OTHER,z_deindustrial,-0.014873902611796115,0.0991365616235982,-0.15003448140827563,0.880737410924143,
t_SOS,t_OTHER,z_demog,0.08749567320914432,0.10645095113000234,0.8219341610418394,0.4111143693343249,
t_SOS,t_OTHER,z_romi,0.08339542775033486,0.12073012610874663,0.6907590544154417,0.48971697090058863,
t_SOS,t_OTHER,z_ltu,0.003958126716140355,0.1307129435988475,0.03028106174617013,0.9758429001838085,
t_POT,t_OTHER,intercept,-1.7444117596434559,0.13280439035778702,-13.135196471621557,0.0,***
t_POT,t_OTHER,z_grievance,1.1019005918515141,0.21242625600867376,5.187214671836618,2.1346261847021708e-07,***
t_POT,t_OTHER,z_modernity,1.1110463953110017,0.21519963702868486,5.162863704844008,2.432002215169149e-07,***
t_POT,t_OTHER,z_magyari,-0.39617597998995424,0.18403621213634733,-2.1527066624064095,0.031341739564912485,*
t_POT,t_OTHER,z_deindustrial,0.3062770576949418,0.14934532025134453,2.050797823323054,0.04028663963141099,*
t_POT,t_OTHER,z_demog,-0.498600960461041,0.1344479962989222,-3.708504211193202,0.00020848719379884528,***
t_POT,t_OTHER,z_romi,-0.9421414157977437,0.19005705949099022,-4.957150333278762,7.153462580067327e-07,***
t_POT,t_OTHER,z_ltu,-0.4224168725938245,0.15706293940385857,-2.6894751505169334,0.007156447495674456,**
