party,term,estimate,se,p,r2,adj_r2,n
AUR,Intercept,0.0904,0.0055,0.0000,0.5846,0.4775,40
AUR,z_idx_grievance,-0.0129,0.0187,0.4925,0.5846,0.4775,40
AUR,z_idx_modernity,0.0007,0.0137,0.9595,0.5846,0.4775,40
AUR,z_idx_demographic_pressure,0.0163,0.0079,0.0387,0.5846,0.4775,40
AUR,z_pct_employment_agriculture,-0.0039,0.0082,0.6281,0.5846,0.4775,40
AUR,z_pct_maghiari,-0.0205,0.0060,0.0007,0.5846,0.4775,40
AUR,z_pct_romi,0.0018,0.0058,0.7548,0.5846,0.4775,40
AUR,z_gva_deindustrial_index,-0.0088,0.0083,0.2902,0.5846,0.4775,40
AUR,z_long_term_unemployment_rate,0.0125,0.0089,0.1576,0.5846,0.4775,40
PSD,Intercept,-0.0585,0.0083,0.0000,0.3152,0.1384,40
PSD,z_idx_grievance,0.0260,0.0175,0.1370,0.3152,0.1384,40
PSD,z_idx_modernity,0.0329,0.0209,0.1147,0.3152,0.1384,40
PSD,z_idx_demographic_pressure,-0.0136,0.0144,0.3450,0.3152,0.1384,40
PSD,z_pct_employment_agriculture,0.0144,0.0150,0.3348,0.3152,0.1384,40
PSD,z_pct_maghiari,0.0092,0.0093,0.3191,0.3152,0.1384,40
PSD,z_pct_romi,-0.0026,0.0092,0.7751,0.3152,0.1384,40
PSD,z_gva_deindustrial_index,-0.0043,0.0100,0.6630,0.3152,0.1384,40
PSD,z_long_term_unemployment_rate,-0.0174,0.0123,0.1564,0.3152,0.1384,40
PNL,Intercept,-0.1096,0.0085,0.0000,0.4090,0.2565,40
PNL,z_idx_grievance,-0.0259,0.0189,0.1703,0.4090,0.2565,40
PNL,z_idx_modernity,-0.0476,0.0229,0.0374,0.4090,0.2565,40
PNL,z_idx_demographic_pressure,-0.0001,0.0111,0.9924,0.4090,0.2565,40
PNL,z_pct_employment_agriculture,-0.0201,0.0130,0.1203,0.4090,0.2565,40
PNL,z_pct_maghiari,0.0388,0.0098,0.0001,0.4090,0.2565,40
PNL,z_pct_romi,0.0179,0.0104,0.0842,0.4090,0.2565,40
PNL,z_gva_deindustrial_index,-0.0001,0.0092,0.9881,0.4090,0.2565,40
PNL,z_long_term_unemployment_rate,-0.0080,0.0123,0.5164,0.4090,0.2565,40
USR,Intercept,-0.0294,0.0045,0.0000,0.5330,0.4125,40
USR,z_idx_grievance,-0.0068,0.0125,0.5855,0.5330,0.4125,40
USR,z_idx_modernity,0.0008,0.0109,0.9393,0.5330,0.4125,40
USR,z_idx_demographic_pressure,0.0128,0.0098,0.1897,0.5330,0.4125,40
USR,z_pct_employment_agriculture,0.0166,0.0062,0.0074,0.5330,0.4125,40
USR,z_pct_maghiari,0.0021,0.0067,0.7535,0.5330,0.4125,40
USR,z_pct_romi,0.0022,0.0052,0.6691,0.5330,0.4125,40
USR,z_gva_deindustrial_index,0.0022,0.0044,0.6145,0.5330,0.4125,40
USR,z_long_term_unemployment_rate,0.0061,0.0073,0.3980,0.5330,0.4125,40
OTHER,Intercept,-0.0224,0.0055,0.0000,0.2514,0.0582,40
OTHER,z_idx_grievance,0.0012,0.0144,0.9341,0.2514,0.0582,40
OTHER,z_idx_modernity,0.0040,0.0142,0.7813,0.2514,0.0582,40
OTHER,z_idx_demographic_pressure,-0.0049,0.0068,0.4741,0.2514,0.0582,40
OTHER,z_pct_employment_agriculture,-0.0064,0.0092,0.4866,0.2514,0.0582,40
OTHER,z_pct_maghiari,-0.0051,0.0061,0.4021,0.2514,0.0582,40
OTHER,z_pct_romi,-0.0048,0.0062,0.4409,0.2514,0.0582,40
OTHER,z_gva_deindustrial_index,0.0073,0.0070,0.2973,0.2514,0.0582,40
OTHER,z_long_term_unemployment_rate,0.0143,0.0082,0.0810,0.2514,0.0582,40
