judet,cluster_short,pop_18plus,TOTAL,2020 parl,2024 parl,2024 pres R1,2025 pres R2,ger_2020 parl,ger_2024 parl,ger_2024 pres R1,ger_2025 pres R2,ger,emigrants_permanent_rate,net_migration_rate,gdp_per_capita,idx_grievance
Vaslui,Moldova Profunda,285676.7036,368250.0000,428170.0000,438034.0000,426587.0000,426400.0000,0.3328,0.3478,0.3303,0.3300,0.3478,11.4535,29.0000,8800.0000,0.2004
Iași,Moldova Profunda,619926.9149,794752.0000,802963.0000,838139.0000,809588.0000,810595.0000,0.2280,0.2604,0.2343,0.2352,0.2604,11.5737,8353.0000,8800.0000,0.2004
Neamț,Moldova Profunda,348509.9977,432986.0000,472421.0000,466968.0000,453977.0000,452890.0000,0.2623,0.2537,0.2323,0.2305,0.2537,4.3789,481.0000,8800.0000,0.2004
Galați,Campia Uitata,401982.1104,495149.0000,532979.0000,537247.0000,521886.0000,520419.0000,0.2458,0.2518,0.2298,0.2276,0.2518,9.9474,1721.0000,11600.0000,0.7055
Bacău,Moldova Profunda,456907.2243,575580.0000,611643.0000,605508.0000,588351.0000,586834.0000,0.2530,0.2454,0.2234,0.2214,0.2454,6.4817,1218.0000,8800.0000,0.2004
Botoșani,Moldova Profunda,298323.0904,371805.0000,376576.0000,388027.0000,375747.0000,374762.0000,0.2078,0.2312,0.2061,0.2040,0.2312,4.2689,642.0000,8800.0000,0.2004
Suceava,Moldova Profunda,483082.9223,620092.0000,616358.0000,625278.0000,607742.0000,608321.0000,0.2162,0.2274,0.2051,0.2059,0.2274,3.3069,1405.0000,8800.0000,0.2004
Vrancea,Campia Uitata,252894.0973,314327.0000,318604.0000,316057.0000,303921.0000,303376.0000,0.2062,0.1998,0.1679,0.1664,0.1998,3.0640,822.0000,11600.0000,0.7055
Mehedinți,Campia Uitata,197553.3282,236460.0000,248457.0000,246375.0000,221479.0000,220555.0000,0.2049,0.1982,0.1080,0.1043,0.1982,2.4247,173.0000,11700.0000,0.2792
Bistrița-Năsăud,Arcul Identitar,217827.3288,276257.0000,268498.0000,270599.0000,260226.0000,260263.0000,0.1887,0.1950,0.1629,0.1630,0.1950,3.1291,1187.0000,13500.0000,-0.6293
Sibiu,Centrele Dinamice,319472.0754,400210.0000,389465.0000,395636.0000,382452.0000,382663.0000,0.1797,0.1925,0.1647,0.1651,0.1925,8.1510,3486.0000,13300.0000,0.5967
Tulcea,Campia Uitata,154824.4448,189707.0000,196278.0000,191076.0000,184878.0000,184226.0000,0.2112,0.1897,0.1626,0.1596,0.1897,4.3983,105.0000,11600.0000,0.7055
Brașov,Centrele Dinamice,441178.9912,553256.0000,528920.0000,540362.0000,523436.0000,524688.0000,0.1659,0.1835,0.1571,0.1592,0.1835,9.5924,5858.0000,13300.0000,0.5967
Hunedoara,Centrele Dinamice,309613.1507,373769.0000,391183.0000,379211.0000,363541.0000,362006.0000,0.2085,0.1835,0.1483,0.1447,0.1835,12.1786,266.0000,14800.0000,-0.8660
Municipiul București,Insula Capitalei,1476568.8936,1823526.0000,1822245.0000,1805672.0000,1784159.0000,1781554.0000,0.1897,0.1823,0.1724,0.1712,0.1823,4.2497,5872.0000,35900.0000,-2.4213
Satu Mare,Arcul Identitar,263430.6845,329272.0000,320097.0000,321901.0000,310277.0000,309998.0000,0.1770,0.1816,0.1510,0.1502,0.1816,3.2770,1598.0000,13500.0000,-0.6293
Sălaj,Arcul Identitar,167158.5213,209044.0000,203727.0000,202912.0000,191585.0000,191164.0000,0.1795,0.1762,0.1275,0.1256,0.1762,1.9460,296.0000,13500.0000,-0.6293
Alba,Centrele Dinamice,263341.0004,320917.0000,318792.0000,316957.0000,302724.0000,302142.0000,0.1739,0.1692,0.1301,0.1284,0.1692,4.1907,1914.0000,13300.0000,0.5967
Caraș-Severin,Centrele Dinamice,221222.1833,266283.0000,271471.0000,265150.0000,253066.0000,252083.0000,0.1851,0.1657,0.1258,0.1224,0.1657,8.3488,607.0000,14800.0000,-0.8660
Brăila,Campia Uitata,233319.0938,280679.0000,287373.0000,277516.0000,270590.0000,269308.0000,0.1881,0.1593,0.1377,0.1336,0.1593,5.9099,3641.0000,11600.0000,0.7055
Maramureș,Arcul Identitar,368026.0423,454870.0000,434155.0000,435681.0000,419926.0000,419547.0000,0.1523,0.1553,0.1236,0.1228,0.1553,4.5078,1992.0000,13500.0000,-0.6293
Gorj,Campia Uitata,257159.6052,307967.0000,308252.0000,303935.0000,287537.0000,286650.0000,0.1657,0.1539,0.1056,0.1029,0.1539,2.1240,549.0000,11700.0000,0.2792
Bihor,Arcul Identitar,448778.2782,557290.0000,521092.0000,528452.0000,497051.0000,496810.0000,0.1388,0.1508,0.0971,0.0967,0.1508,2.3509,4185.0000,13500.0000,-0.6293
Arad,Centrele Dinamice,336379.4293,413030.0000,397093.0000,395459.0000,379796.0000,379299.0000,0.1529,0.1494,0.1143,0.1132,0.1494,5.9536,2493.0000,14800.0000,-0.8660
Covasna,Arcul Identitar,159547.6029,200050.0000,184684.0000,187348.0000,179062.0000,178849.0000,0.1361,0.1484,0.1090,0.1079,0.1484,1.4639,696.0000,13300.0000,0.5967
Constanța,Centrele Dinamice,536963.5305,668065.0000,634100.0000,630509.0000,612893.0000,612444.0000,0.1532,0.1484,0.1239,0.1232,0.1484,6.9042,4202.0000,11600.0000,0.7055
Dolj,Campia Uitata,504918.0118,615962.0000,592750.0000,588559.0000,550660.0000,549255.0000,0.1482,0.1421,0.0831,0.0807,0.1421,3.0591,3977.0000,11700.0000,0.2792
Mureș,Arcul Identitar,424411.1482,529325.0000,488165.0000,490064.0000,469220.0000,468694.0000,0.1306,0.1340,0.0955,0.0945,0.1340,2.7270,2733.0000,13300.0000,0.5967
Harghita,Arcul Identitar,240041.4677,299075.0000,273620.0000,276545.0000,263633.0000,263522.0000,0.1227,0.1320,0.0895,0.0891,0.1320,1.1561,1178.0000,13300.0000,0.5967
Olt,Campia Uitata,322345.5328,385775.0000,379131.0000,371018.0000,346175.0000,344810.0000,0.1498,0.1312,0.0688,0.0652,0.1312,2.1266,388.0000,11700.0000,0.2792
Timiș,Centrele Dinamice,574578.1032,705500.0000,646429.0000,660538.0000,630642.0000,631449.0000,0.1112,0.1301,0.0889,0.0901,0.1301,7.5361,7707.0000,14800.0000,-0.8660
Buzău,Campia Uitata,332078.1711,403709.0000,389913.0000,381047.0000,364283.0000,362983.0000,0.1483,0.1285,0.0884,0.0851,0.1285,2.3508,541.0000,11600.0000,0.7055
Argeș,Campia Uitata,467968.7348,567678.0000,537907.0000,531414.0000,509751.0000,508415.0000,0.1300,0.1194,0.0820,0.0796,0.1194,2.2546,2481.0000,11400.0000,0.2387
Vâlcea,Campia Uitata,290426.6629,345914.0000,,329150.0000,314357.0000,313180.0000,,0.1176,0.0761,0.0727,0.1176,2.2404,414.0000,11700.0000,0.2792
Ialomița,Campia Uitata,200842.8835,251917.0000,232182.0000,226986.0000,220340.0000,219814.0000,0.1350,0.1152,0.0885,0.0863,0.1152,2.7356,772.0000,11400.0000,0.2387
Prahova,Campia Uitata,580350.7853,703368.0000,664189.0000,654630.0000,632065.0000,630657.0000,0.1262,0.1135,0.0818,0.0798,0.1135,3.1175,2587.0000,11400.0000,0.2387
Cluj,Centrele Dinamice,582941.0373,710284.0000,633359.0000,652377.0000,615924.0000,616314.0000,0.0796,0.1064,0.0536,0.0541,0.1064,4.6576,7861.0000,13500.0000,-0.6293
Călărași,Campia Uitata,223953.9660,277701.0000,255010.0000,248740.0000,238758.0000,238114.0000,0.1218,0.0996,0.0620,0.0595,0.0996,2.1935,602.0000,11400.0000,0.2387
Teleorman,Campia Uitata,271811.0821,324178.0000,320822.0000,301248.0000,284363.0000,282274.0000,0.1528,0.0977,0.0441,0.0371,0.0977,2.3768,3329.0000,11400.0000,0.2387
Ilfov,Insula Capitalei,402147.4539,503531.0000,380737.0000,438865.0000,426757.0000,433057.0000,-0.0562,0.0837,0.0577,0.0714,0.0837,1.9976,19187.0000,35900.0000,-2.4213
Dâmbovița,Campia Uitata,397207.4059,483102.0000,433391.0000,428941.0000,415713.0000,415033.0000,0.0835,0.0740,0.0445,0.0429,0.0740,2.1646,1529.0000,11400.0000,0.2387
Giurgiu,Campia Uitata,214641.3081,261050.0000,227953.0000,225261.0000,213372.0000,212800.0000,0.0584,0.0471,-0.0059,-0.0087,0.0471,1.6381,855.0000,11400.0000,0.2387
