judet,cluster_short,simion_r1,simion_r2,predicted_simion_r2,pred_q10,pred_q25,pred_q75,pred_q90,swing_score,bootstrap_width,composite_swing,swing_rank
Bistrița-Năsăud,Arcul Identitar,0.4439,0.5036,0.4974,0.4788,0.4887,0.5055,0.5128,0.0026,0.0341,0.0751,1
Buzău,Campia Uitata,0.4118,0.5042,0.4974,0.4841,0.4901,0.5060,0.5124,0.0026,0.0283,0.0921,2
Prahova,Campia Uitata,0.4168,0.4776,0.5039,0.4889,0.4957,0.5144,0.5249,0.0039,0.0360,0.1086,3
Constanța,Centrele Dinamice,0.4429,0.4953,0.4928,0.4790,0.4859,0.4993,0.5064,0.0072,0.0274,0.2641,4
Argeș,Campia Uitata,0.4332,0.5294,0.5094,0.4921,0.5014,0.5162,0.5215,0.0094,0.0293,0.3213,5
Maramureș,Arcul Identitar,0.4340,0.4879,0.4934,0.4831,0.4881,0.4980,0.5023,0.0066,0.0191,0.3467,6
Alba,Centrele Dinamice,0.4345,0.4830,0.5110,0.4991,0.5045,0.5190,0.5278,0.0110,0.0287,0.3849,7
Giurgiu,Campia Uitata,0.4175,0.5601,0.5177,0.5038,0.5105,0.5249,0.5317,0.0177,0.0280,0.6312,8
Vrancea,Campia Uitata,0.4476,0.5282,0.5154,0.5035,0.5095,0.5205,0.5245,0.0154,0.0210,0.7341,9
Mehedinți,Campia Uitata,0.4138,0.5600,0.5278,0.5074,0.5174,0.5373,0.5453,0.0278,0.0379,0.7345,10
Teleorman,Campia Uitata,0.4071,0.5352,0.5246,0.5076,0.5159,0.5320,0.5385,0.0246,0.0309,0.7962,11
Vaslui,Moldova Profunda,0.4445,0.5132,0.5339,0.5190,0.5258,0.5440,0.5543,0.0339,0.0353,0.9615,12
Dolj,Campia Uitata,0.3936,0.4899,0.4788,0.4679,0.4731,0.4842,0.4896,0.0212,0.0217,0.9793,13
Galați,Campia Uitata,0.4155,0.4804,0.4729,0.4596,0.4664,0.4793,0.4847,0.0271,0.0251,1.0789,14
Bacău,Moldova Profunda,0.4452,0.5113,0.5282,0.5161,0.5217,0.5350,0.5418,0.0282,0.0256,1.1017,15
Ilfov,Insula Capitalei,0.3612,0.4304,0.3992,0.3414,0.3643,0.4124,0.4193,0.1008,0.0778,1.2953,16
Hunedoara,Centrele Dinamice,0.4415,0.5357,0.5330,0.5193,0.5267,0.5388,0.5438,0.0330,0.0245,1.3472,17
Dâmbovița,Campia Uitata,0.4603,0.5430,0.5373,0.5230,0.5303,0.5436,0.5495,0.0373,0.0265,1.4076,18
Arad,Centrele Dinamice,0.4666,0.5226,0.5366,0.5251,0.5305,0.5435,0.5507,0.0366,0.0256,1.4298,19
Brăila,Campia Uitata,0.4526,0.5436,0.5387,0.5272,0.5325,0.5454,0.5510,0.0387,0.0237,1.6305,20
Sibiu,Centrele Dinamice,0.3934,0.4145,0.4365,0.4217,0.4279,0.4468,0.4587,0.0635,0.0370,1.7142,21
Botoșani,Moldova Profunda,0.4568,0.5439,0.5461,0.5353,0.5403,0.5526,0.5593,0.0461,0.0239,1.9260,22
Suceava,Moldova Profunda,0.4855,0.5763,0.5587,0.5424,0.5506,0.5657,0.5722,0.0587,0.0299,1.9654,23
Neamț,Moldova Profunda,0.4541,0.5247,0.5572,0.5451,0.5507,0.5643,0.5723,0.0572,0.0271,2.1072,24
Vâlcea,Campia Uitata,0.4439,0.5368,0.5517,0.5400,0.5456,0.5579,0.5638,0.0517,0.0238,2.1713,25
Ialomița,Campia Uitata,0.4723,0.5557,0.5724,0.5589,0.5649,0.5810,0.5911,0.0724,0.0321,2.2525,26
Olt,Campia Uitata,0.4430,0.5700,0.5517,0.5404,0.5460,0.5571,0.5619,0.0517,0.0215,2.3999,27
Municipiul București,Insula Capitalei,0.2480,0.3035,0.3253,0.3075,0.3138,0.3458,0.3784,0.1747,0.0709,2.4651,28
Călărași,Campia Uitata,0.4790,0.5812,0.5812,0.5686,0.5745,0.5891,0.5983,0.0812,0.0296,2.7394,29
Sălaj,Arcul Identitar,0.3421,0.3781,0.3997,0.3852,0.3918,0.4087,0.4183,0.1003,0.0331,3.0293,30
Iași,Moldova Profunda,0.3618,0.4125,0.4050,0.3877,0.3967,0.4120,0.4187,0.0950,0.0310,3.0676,31
Timiș,Centrele Dinamice,0.3799,0.4163,0.4237,0.4104,0.4166,0.4298,0.4346,0.0763,0.0242,3.1504,32
Caraș-Severin,Centrele Dinamice,0.4635,0.5759,0.5630,0.5523,0.5576,0.5679,0.5720,0.0630,0.0198,3.1908,33
Gorj,Campia Uitata,0.4954,0.6148,0.5917,0.5776,0.5844,0.5995,0.6058,0.0917,0.0282,3.2504,34
Mureș,Arcul Identitar,0.3193,0.3298,0.3497,0.3317,0.3405,0.3610,0.3732,0.1503,0.0416,3.6163,35
Brașov,Centrele Dinamice,0.3339,0.3731,0.3792,0.3657,0.3719,0.3878,0.3979,0.1208,0.0321,3.7582,36
Tulcea,Campia Uitata,0.5119,0.5833,0.5983,0.5857,0.5917,0.6050,0.6117,0.0983,0.0261,3.7725,37
Harghita,Arcul Identitar,0.0896,0.0922,0.0713,-0.0269,0.0471,0.0796,0.0844,0.4287,0.1113,3.8531,38
Covasna,Arcul Identitar,0.1616,0.1558,0.1605,0.0883,0.1458,0.1670,0.1730,0.3395,0.0847,4.0076,39
Satu Mare,Arcul Identitar,0.3389,0.3649,0.3691,0.3521,0.3621,0.3748,0.3807,0.1309,0.0286,4.5791,40
Bihor,Arcul Identitar,0.3162,0.3636,0.3508,0.3393,0.3446,0.3574,0.3648,0.1492,0.0255,5.8459,41
Cluj,Centrele Dinamice,0.2788,0.2984,0.3101,0.2995,0.3044,0.3171,0.3269,0.1899,0.0273,6.9498,42
