judet,cluster_short,simion_r1,dan_r1,simion_r2,dan_r2,dan_consol,sim_proj_median,sim_proj_q05,sim_proj_q25,sim_proj_q75,sim_proj_q95,uncertain
Alba,Centrele Dinamice,0.4345,0.1738,0.4830,0.5170,0.9143,0.5110,0.4964,0.5045,0.5190,0.5342,True
Arad,Centrele Dinamice,0.4666,0.1593,0.5226,0.4774,0.8950,0.5366,0.5220,0.5305,0.5435,0.5555,False
Argeș,Campia Uitata,0.4332,0.1424,0.5294,0.4706,0.8303,0.5094,0.4859,0.5014,0.5162,0.5245,True
Bacău,Moldova Profunda,0.4452,0.1594,0.5113,0.4887,0.8809,0.5282,0.5127,0.5217,0.5350,0.5461,False
Bihor,Arcul Identitar,0.3162,0.1404,0.3636,0.6364,0.9307,0.3508,0.3358,0.3446,0.3574,0.3694,False
Bistrița-Năsăud,Arcul Identitar,0.4439,0.1563,0.5036,0.4964,0.8926,0.4974,0.4721,0.4887,0.5055,0.5171,True
Botoșani,Moldova Profunda,0.4568,0.1161,0.5439,0.4561,0.8398,0.5461,0.5324,0.5403,0.5526,0.5650,False
Brașov,Centrele Dinamice,0.3339,0.3115,0.3731,0.6269,0.9410,0.3792,0.3623,0.3719,0.3878,0.4051,False
Brăila,Campia Uitata,0.4526,0.1346,0.5436,0.4564,0.8338,0.5387,0.5237,0.5325,0.5454,0.5542,False
Buzău,Campia Uitata,0.4118,0.1333,0.5042,0.4958,0.8429,0.4974,0.4806,0.4901,0.5060,0.5170,True
Caraș-Severin,Centrele Dinamice,0.4635,0.1136,0.5759,0.4241,0.7906,0.5630,0.5486,0.5576,0.5679,0.5750,False
Călărași,Campia Uitata,0.4790,0.1094,0.5812,0.4188,0.8038,0.5812,0.5650,0.5745,0.5891,0.6042,False
Cluj,Centrele Dinamice,0.2788,0.3549,0.2984,0.7016,0.9727,0.3101,0.2962,0.3044,0.3171,0.3345,False
Constanța,Centrele Dinamice,0.4429,0.2229,0.4953,0.5047,0.9060,0.4928,0.4735,0.4859,0.4993,0.5119,True
Covasna,Arcul Identitar,0.1616,0.1074,0.1558,0.8442,1.0068,0.1605,0.0481,0.1458,0.1670,0.1773,False
Dâmbovița,Campia Uitata,0.4603,0.1463,0.5430,0.4570,0.8469,0.5373,0.5178,0.5303,0.5436,0.5530,False
Dolj,Campia Uitata,0.3936,0.1440,0.4899,0.5101,0.8411,0.4788,0.4648,0.4731,0.4842,0.4927,False
Municipiul București,Insula Capitalei,0.2480,0.4059,0.3035,0.6965,0.9262,0.3253,0.3041,0.3138,0.3458,0.3943,False
Galați,Campia Uitata,0.4155,0.1780,0.4804,0.5196,0.8891,0.4729,0.4551,0.4664,0.4793,0.4880,False
Giurgiu,Campia Uitata,0.4175,0.0929,0.5601,0.4399,0.7552,0.5177,0.4992,0.5105,0.5249,0.5356,True
Gorj,Campia Uitata,0.4954,0.0990,0.6148,0.3852,0.7634,0.5917,0.5730,0.5844,0.5995,0.6096,False
Harghita,Arcul Identitar,0.0896,0.0792,0.0922,0.9078,0.9971,0.0713,0.0000,0.0471,0.0796,0.0865,False
Hunedoara,Centrele Dinamice,0.4415,0.1377,0.5357,0.4643,0.8313,0.5330,0.5136,0.5267,0.5388,0.5469,False
Ialomița,Campia Uitata,0.4723,0.1291,0.5557,0.4443,0.8419,0.5724,0.5548,0.5649,0.5810,0.5978,False
Iași,Moldova Profunda,0.3618,0.2851,0.4125,0.5875,0.9205,0.4050,0.3808,0.3967,0.4120,0.4232,False
Ilfov,Insula Capitalei,0.3612,0.2782,0.4304,0.5696,0.8917,0.3992,0.3320,0.3643,0.4124,0.4228,False
Maramureș,Arcul Identitar,0.4340,0.1835,0.4879,0.5121,0.9048,0.4934,0.4797,0.4881,0.4980,0.5052,True
Mehedinți,Campia Uitata,0.4138,0.0707,0.5600,0.4400,0.7507,0.5278,0.5014,0.5174,0.5373,0.5493,False
Mureș,Arcul Identitar,0.3193,0.1765,0.3298,0.6702,0.9846,0.3497,0.3259,0.3405,0.3610,0.3816,False
Neamț,Moldova Profunda,0.4541,0.1604,0.5247,0.4753,0.8707,0.5572,0.5423,0.5507,0.5643,0.5782,False
Olt,Campia Uitata,0.4430,0.0874,0.5700,0.4300,0.7720,0.5517,0.5364,0.5460,0.5571,0.5648,False
Prahova,Campia Uitata,0.4168,0.2017,0.4776,0.5224,0.8958,0.5039,0.4851,0.4957,0.5144,0.5330,True
Satu Mare,Arcul Identitar,0.3389,0.1238,0.3649,0.6351,0.9606,0.3691,0.3431,0.3621,0.3748,0.3847,False
Sălaj,Arcul Identitar,0.3421,0.1418,0.3781,0.6219,0.9453,0.3997,0.3812,0.3918,0.4087,0.4242,False
Sibiu,Centrele Dinamice,0.3934,0.2872,0.4145,0.5855,0.9652,0.4365,0.4184,0.4279,0.4468,0.4677,False
Suceava,Moldova Profunda,0.4855,0.1424,0.5763,0.4237,0.8236,0.5587,0.5365,0.5506,0.5657,0.5759,False
Teleorman,Campia Uitata,0.4071,0.0860,0.5352,0.4648,0.7840,0.5246,0.5020,0.5159,0.5320,0.5424,False
Timiș,Centrele Dinamice,0.3799,0.2868,0.4163,0.5837,0.9414,0.4237,0.4070,0.4166,0.4298,0.4380,False
Tulcea,Campia Uitata,0.5119,0.1475,0.5833,0.4167,0.8539,0.5983,0.5816,0.5917,0.6050,0.6156,False
Vaslui,Moldova Profunda,0.4445,0.1337,0.5132,0.4868,0.8763,0.5339,0.5154,0.5258,0.5440,0.5614,False
Vâlcea,Campia Uitata,0.4439,0.1364,0.5368,0.4632,0.8329,0.5517,0.5367,0.5456,0.5579,0.5674,False
Vrancea,Campia Uitata,0.4476,0.1424,0.5282,0.4718,0.8541,0.5154,0.4993,0.5095,0.5205,0.5271,True
