precinct_county_nce,precinct_county_name,precinct_name,precinct_nr,uat_name,uat_siruta,report_version,report_stage_code,report_type_scope_code,report_type_category_code,report_type_code,created_at,a,a1,a2,a3,b,b1,b2,b3,c,d,e,f,g,"ALIANȚA USR PLUS-voturi","UNIUNEA DEMOCRATĂ MAGHIARĂ DIN ROMÂNIA-voturi","PARTIDUL PRO ROMÂNIA-voturi","PARTIDUL NAȚIONAL LIBERAL-voturi","PARTIDUL SOCIAL DEMOCRAT-voturi","PARTIDUL MIȘCAREA POPULARĂ-voturi","PARTIDUL SOCIAL DEMOCRAT AL MUNCITORILOR-voturi","ALIANȚA PENTRU UNIREA ROMÂNILOR-voturi","PARTIDUL PUTERII UMANISTE (SOCIAL-LIBERAL)-voturi","PARTIDUL ECOLOGIST ROMÂN-voturi","PARTIDUL SOCIALIST ROMÂN-voturi","PARTIDUL ROMÂNIA MARE-voturi","PARTIDUL NOUA ROMÂNIE-voturi"
12,CĂLĂRAŞI,"SCOALA GIMNAZIALA CAROL I CALARASI",1,"MUNICIPIUL CĂLĂRAŞI",92569,2,PART,PRCNCT,S,S_SV,"2021-01-21 12:30:02",1404,1383,17,4,477,456,17,4,1500,1023,471,6,0,76,0,14,113,195,32,1,23,4,7,1,4,1
12,CĂLĂRAŞI,"SCOALA GIMNAZIALA CAROL I CALARASI",2,"MUNICIPIUL CĂLĂRAŞI",92569,1,PROV,PRCNCT,S,S_SV,"2021-01-21 12:30:02",635,627,8,0,228,220,8,0,800,572,222,6,0,40,2,10,63,81,15,0,8,1,0,0,1,1
12,CĂLĂRAŞI,"SCOALA GIMNAZIALA CAROL I CALARASI",3,"MUNICIPIUL CĂLĂRAŞI",92569,2,PART,PRCNCT,S,S_SV,"2021-01-21 12:30:02",1001,988,12,1,303,290,12,1,1100,797,300,2,1,48,0,12,62,131,13,1,22,0,3,3,5,0
12,CĂLĂRAŞI,"SCOALA GIMNAZIALA CAROL I CALARASI",4,"MUNICIPIUL CĂLĂRAŞI",92569,2,PART,PRCNCT,S,S_SV,"2021-01-21 12:30:02",818,766,12,40,316,264,12,40,900,584,312,2,2,45,0,12,85,135,11,0,14,3,3,0,3,1
12,CĂLĂRAŞI,"COLEGIUL NAŢIONAL ”BARBU ŞTIRBEI”",5,"MUNICIPIUL CĂLĂRAŞI",92569,1,PROV,PRCNCT,S,S_SV,"2021-01-21 12:30:02",1114,1088,14,12,380,354,14,12,1199,819,371,4,5,51,0,5,99,147,25,1,23,4,9,3,3,1
12,CĂLĂRAŞI,"COLEGIUL NAŢIONAL ”BARBU ŞTIRBEI”",6,"MUNICIPIUL CĂLĂRAŞI",92569,1,PROV,PRCNCT,S,S_SV,"2021-01-21 12:30:02",1009,994,15,0,246,231,15,0,1100,854,239,4,3,36,1,13,44,107,9,0,19,2,3,2,2,1
12,CĂLĂRAŞI,"GRĂDINIŢA CU PR.NORMAL NR.5 CALARASI",7,"MUNICIPIUL CĂLĂRAŞI",92569,1,PROV,PRCNCT,S,S_SV,"2021-01-21 12:30:02",1394,1379,13,2,384,369,13,2,1500,1116,371,10,3,34,1,13,91,162,12,1,37,3,6,1,9,1
12,CĂLĂRAŞI,"GRĂDINIŢA CU PR.NORMAL NR.4 CALARASI",8,"MUNICIPIUL CĂLĂRAŞI",92569,1,PROV,PRCNCT,S,S_SV,"2021-01-21 12:30:02",1518,1499,19,0,377,358,19,0,1600,1223,355,14,8,22,0,6,76,188,13,0,31,7,3,2,4,3
12,CĂLĂRAŞI,"GRĂDINIŢA CU PR. PREL.(MICRO6)",9,"MUNICIPIUL CĂLĂRAŞI",92569,1,PROV,PRCNCT,S,S_SV,"2021-01-21 12:30:02",1349,1341,8,0,397,389,8,0,1500,1103,374,17,6,36,0,20,71,181,9,1,46,4,6,0,0,0
12,CĂLĂRAŞI,"COLEGIUL AGRICOL ”SANDU ALDEA” CALARASI",10,"MUNICIPIUL CĂLĂRAŞI",92569,1,PROV,PRCNCT,S,S_SV,"2021-01-21 12:30:02",1188,1173,13,2,323,308,13,2,1300,977,313,8,2,35,0,11,70,127,19,0,23,11,7,6,3,1
12,CĂLĂRAŞI,"COLEGIUL AGRICOL ”SANDU ALDEA” CALARASI",11,"MUNICIPIUL CĂLĂRAŞI",92569,1,PROV,PRCNCT,S,S_SV,"2021-01-21 12:30:02",1025,1015,10,0,321,311,10,0,1100,779,306,14,1,47,2,14,76,123,18,0,7,4,6,0,8,1
12,CĂLĂRAŞI,"COLEGIUL AGRICOL ”SANDU ALDEA” CALARASI",12,"MUNICIPIUL CĂLĂRAŞI",92569,1,PROV,PRCNCT,S,S_SV,"2021-01-21 12:30:02",1020,1015,5,0,228,223,5,0,1100,872,222,4,2,16,0,6,59,83,12,0,32,3,0,6,2,3
12,CĂLĂRAŞI,"LIC. TEORETIC ”MIHAI EMINESCU”",13,"MUNICIPIUL CĂLĂRAŞI",92569,2,PART,PRCNCT,S,S_SV,"2021-01-21 12:30:02",1041,1032,9,0,324,315,9,0,1096,772,317,6,1,46,0,13,69,124,21,0,26,8,0,2,6,2
12,CĂLĂRAŞI,"LIC. TEORETIC ”MIHAI EMINESCU”",14,"MUNICIPIUL CĂLĂRAŞI",92569,1,PROV,PRCNCT,S,S_SV,"2021-01-21 12:30:02",1408,1391,17,0,384,367,17,0,1500,1116,376,6,2,56,1,16,78,162,19,0,24,1,9,3,7,0
12,CĂLĂRAŞI,"LIC. TEORETIC ”MIHAI EMINESCU”",15,"MUNICIPIUL CĂLĂRAŞI",92569,1,PROV,PRCNCT,S,S_SV,"2021-01-21 12:30:02",1277,1261,15,1,364,348,15,1,1400,1036,356,8,0,44,2,12,61,172,14,0,37,6,2,2,3,1
12,CĂLĂRAŞI,"ŞCOALA GIMNAZIALA MIHAI VITEAZUL CALARASI",16,"MUNICIPIUL CĂLĂRAŞI",92569,1,PROV,PRCNCT,S,S_SV,"2021-01-21 12:30:02",1302,1288,10,4,372,358,10,4,1407,1035,370,1,1,66,0,22,68,136,13,0,39,7,7,3,8,1
12,CĂLĂRAŞI,"ŞCOALA GIMNAZIALA MIHAI VITEAZUL CALARASI",17,"MUNICIPIUL CĂLĂRAŞI",92569,2,PART,PRCNCT,S,S_SV,"2021-01-21 12:30:02",1193,1177,10,6,306,290,10,6,1300,994,297,8,1,30,0,8,62,130,17,0,40,0,2,2,5,1
12,CĂLĂRAŞI,"ŞCOALA GIMNAZIALA MIHAI VITEAZUL CALARASI",18,"MUNICIPIUL CĂLĂRAŞI",92569,1,PROV,PRCNCT,S,S_SV,"2021-01-21 12:30:02",1396,1379,13,4,352,335,13,4,1500,1148,345,7,0,38,1,11,68,160,25,1,32,3,2,1,3,0
12,CĂLĂRAŞI,"ŞCOALA GIMNAZIALA MIHAI VITEAZUL CALARASI",19,"MUNICIPIUL CĂLĂRAŞI",92569,3,PART,PRCNCT,S,S_SV,"2021-01-21 12:30:02",726,713,11,2,225,212,11,2,900,675,221,4,0,37,0,14,49,89,4,0,21,2,3,2,0,0
12,CĂLĂRAŞI,"SALA DE SPORT A SCOLII GIMNAZIALE NICOLAE TITULESCU",20,"MUNICIPIUL CĂLĂRAŞI",92569,1,PROV,PRCNCT,S,S_SV,"2021-01-21 12:30:02",771,750,19,2,242,222,18,2,900,658,236,4,2,30,1,12,57,98,12,0,13,2,4,2,4,1
12,CĂLĂRAŞI,"SALA DE SPORT A SCOLII GIMNAZIALE NICOLAE TITULESCU",21,"MUNICIPIUL CĂLĂRAŞI",92569,1,PROV,PRCNCT,S,S_SV,"2021-01-21 12:30:02",1468,1458,10,0,351,341,10,0,1600,1249,342,7,2,43,0,11,65,159,20,0,30,5,2,1,4,2
12,CĂLĂRAŞI,"GRĂDINIŢA CU PR.PREL.NR.1",22,"MUNICIPIUL CĂLĂRAŞI",92569,2,PART,PRCNCT,S,S_SV,"2021-01-21 12:30:02",1117,1103,14,0,368,354,14,0,1200,832,355,12,1,39,0,25,66,155,21,0,25,5,9,3,5,2
12,CĂLĂRAŞI,"GRĂDINIŢA CU PROGRAM NORMAL NR.2 CALARASI",23,"MUNICIPIUL CĂLĂRAŞI",92569,1,PROV,PRCNCT,S,S_SV,"2021-01-21 12:30:02",1688,1674,14,0,440,426,14,0,1800,1360,433,6,1,46,0,26,77,195,28,1,35,8,5,5,7,0
12,CĂLĂRAŞI,"LICEUL DANUBIUS CALARASI",24,"MUNICIPIUL CĂLĂRAŞI",92569,1,PROV,PRCNCT,S,S_SV,"2021-01-21 12:30:02",1604,1591,10,3,407,394,10,3,1800,1393,390,16,1,46,0,19,88,164,18,1,28,11,6,3,4,2
12,CĂLĂRAŞI,"LICEUL DANUBIUS CALARASI",25,"MUNICIPIUL CĂLĂRAŞI",92569,1,PROV,PRCNCT,S,S_SV,"2021-01-21 12:30:02",1533,1516,17,0,426,409,17,0,1700,1274,415,9,2,36,0,19,58,201,19,2,55,3,5,7,9,1
12,CĂLĂRAŞI,"LICEUL DANUBIUS CALARASI",26,"MUNICIPIUL CĂLĂRAŞI",92569,1,PROV,PRCNCT,S,S_SV,"2021-01-21 12:30:02",1895,1882,13,0,471,458,13,0,1900,1429,445,19,7,37,0,10,112,156,28,0,69,3,6,6,11,7
12,CĂLĂRAŞI,"LICEUL DANUBIUS CALARASI",27,"MUNICIPIUL CĂLĂRAŞI",92569,1,PROV,PRCNCT,S,S_SV,"2021-01-21 12:30:02",1499,1481,18,0,272,254,18,0,1500,1228,242,20,10,10,0,7,41,102,27,0,33,9,3,6,4,0
12,CĂLĂRAŞI,"CREŞA SĂPTĂMÂNALĂ CU 100 LOCURI",28,"MUNICIPIUL CĂLĂRAŞI",92569,1,PROV,PRCNCT,S,S_SV,"2021-01-21 12:30:02",1426,1411,15,0,356,341,15,0,1500,1144,347,9,0,40,0,16,60,136,17,0,53,6,6,6,5,2
12,CĂLĂRAŞI,"CREŞA SĂPTĂMÂNALĂ CU 100 LOCURI",29,"MUNICIPIUL CĂLĂRAŞI",92569,1,PROV,PRCNCT,S,S_SV,"2021-01-21 12:30:02",796,779,17,0,194,177,17,0,900,706,191,3,0,13,0,7,43,65,14,0,35,0,3,1,8,2
12,CĂLĂRAŞI,"ŞCOALA GIMNAZIALA T.VLADIMIRESCU",30,"MUNICIPIUL CĂLĂRAŞI",92569,2,PART,PRCNCT,S,S_SV,"2021-01-21 12:30:02",1449,1428,20,1,446,425,20,1,1500,1054,437,6,3,55,3,31,85,176,21,0,41,5,8,3,7,2
12,CĂLĂRAŞI,"ŞCOALA GIMNAZIALA T.VLADIMIRESCU",31,"MUNICIPIUL CĂLĂRAŞI",92569,1,PROV,PRCNCT,S,S_SV,"2021-01-21 12:30:02",1249,1237,11,1,406,394,11,1,1400,994,399,6,1,51,0,13,95,180,19,0,22,3,7,4,1,4
12,CĂLĂRAŞI,"ŞCOALA GIMNAZIALA T.VLADIMIRESCU",32,"MUNICIPIUL CĂLĂRAŞI",92569,2,PART,PRCNCT,S,S_SV,"2021-01-21 12:30:02",1297,1281,9,7,420,404,9,7,1400,980,414,6,0,79,0,21,69,163,29,1,38,4,5,1,1,3
12,CĂLĂRAŞI,"ŞCOALA GIMNAZIALA T.VLADIMIRESCU",33,"MUNICIPIUL CĂLĂRAŞI",92569,1,PROV,PRCNCT,S,S_SV,"2021-01-21 12:30:02",1372,1364,7,1,398,390,7,1,1400,1002,392,5,1,44,0,21,64,181,22,0,34,6,7,1,11,1
12,CĂLĂRAŞI,"SALA DE SPORT DE LA ŞC.12",34,"MUNICIPIUL CĂLĂRAŞI",92569,1,PROV,PRCNCT,S,S_SV,"2021-01-21 12:30:02",1311,1290,19,2,347,326,19,2,1300,953,339,7,1,47,1,17,71,122,11,1,47,3,11,2,3,3
12,CĂLĂRAŞI,"SALA DE SPORT DE LA ŞC.12",35,"MUNICIPIUL CĂLĂRAŞI",92569,1,PROV,PRCNCT,S,S_SV,"2021-01-21 12:30:02",1138,1126,12,0,329,317,12,0,1200,871,325,3,1,38,1,14,72,134,12,0,41,3,5,0,5,0
12,CĂLĂRAŞI,"ŞCOALA GIMNAZIALA MIRCEA VODĂ",36,"MUNICIPIUL CĂLĂRAŞI",92569,3,PART,PRCNCT,S,S_SV,"2021-01-21 12:30:02",1242,1236,6,0,359,353,6,0,1300,941,351,7,1,55,0,14,69,139,15,1,40,3,7,1,2,5
12,CĂLĂRAŞI,"ŞCOALA GIMNAZIALA MIRCEA VODĂ",37,"MUNICIPIUL CĂLĂRAŞI",92569,1,PROV,PRCNCT,S,S_SV,"2021-01-21 12:30:02",1173,1164,9,0,282,273,9,0,1200,918,272,8,2,38,2,18,33,120,8,1,36,1,6,2,4,3
12,CĂLĂRAŞI,"ŞCOALA GIMNAZIALA MIRCEA VODĂ",38,"MUNICIPIUL CĂLĂRAŞI",92569,1,PROV,PRCNCT,S,S_SV,"2021-01-21 12:30:02",1526,1516,10,0,473,463,10,0,1500,1027,466,7,0,95,0,19,85,168,25,0,54,3,7,4,3,3
12,CĂLĂRAŞI,"ŞCOALA GIMNAZIALA MIRCEA VODĂ",39,"MUNICIPIUL CĂLĂRAŞI",92569,1,PROV,PRCNCT,S,S_SV,"2021-01-21 12:30:02",1060,1049,8,3,279,268,8,3,1100,821,266,9,4,21,1,10,41,121,8,0,40,5,3,3,6,7
12,CĂLĂRAŞI,"GRADINITA CU PROGRAM PRELUNGIT NR.9 VOINICEL",40,"MUNICIPIUL CĂLĂRAŞI",92569,1,PROV,PRCNCT,S,S_SV,"2021-01-21 12:30:02",1503,1489,13,1,425,411,13,1,1500,1075,416,8,1,32,0,17,64,199,18,0,61,7,7,8,2,1
12,CĂLĂRAŞI,"GRADINITA CU PROGRAM PRELUNGIT NR.9 VOINICEL",41,"MUNICIPIUL CĂLĂRAŞI",92569,1,PROV,PRCNCT,S,S_SV,"2021-01-21 12:30:02",1093,1083,10,0,289,279,10,0,1100,811,277,7,5,36,0,4,38,133,24,0,26,3,3,4,4,2
12,CĂLĂRAŞI,"GRĂDINIŢA CU PR.PRELUNGIT NR.5 ARICEL CALARASI",42,"MUNICIPIUL CĂLĂRAŞI",92569,1,PROV,PRCNCT,S,S_SV,"2021-01-21 12:30:02",787,776,9,2,253,242,9,2,900,647,250,3,0,34,0,12,59,104,15,0,14,4,2,3,2,1
12,CĂLĂRAŞI,"COLEGIUL ECONOMIC SEDIUL B",43,"MUNICIPIUL CĂLĂRAŞI",92569,2,PART,PRCNCT,S,S_SV,"2021-01-21 12:30:02",1105,1091,12,2,315,301,12,2,1200,885,311,3,1,34,1,8,57,146,25,2,25,3,2,4,3,1
12,CĂLĂRAŞI,"LICEUL TEHNOLOGIC TRANSPORTURI AUTO CALARASI",44,"MUNICIPIUL CĂLĂRAŞI",92569,1,PROV,PRCNCT,S,S_SV,"2021-01-21 12:30:02",1241,1221,9,11,410,390,9,11,1300,890,395,13,2,26,0,8,67,187,18,0,74,1,3,4,5,2
12,CĂLĂRAŞI,"ŞCOALA GIMNAZIALA C-TIN BRÂNCOVEANU",45,"MUNICIPIUL CĂLĂRAŞI",92569,1,PROV,PRCNCT,S,S_SV,"2021-01-21 12:30:02",1367,1342,10,15,425,402,10,13,1400,975,409,8,8,46,1,7,86,185,21,0,42,6,6,5,3,1
12,CĂLĂRAŞI,"ŞCOALA GIMNAZIALA C-TIN BRÂNCOVEANU",46,"MUNICIPIUL CĂLĂRAŞI",92569,1,PROV,PRCNCT,S,S_SV,"2021-01-21 12:30:02",1107,1092,13,2,237,222,13,2,1200,963,225,11,1,22,0,5,37,108,4,0,33,5,5,3,2,1
12,CĂLĂRAŞI,"ŞCOALA GIMNAZIALA C-TIN BRÂNCOVEANU",47,"MUNICIPIUL CĂLĂRAŞI",92569,1,PROV,PRCNCT,S,S_SV,"2021-01-21 12:30:02",1186,1172,14,0,326,312,14,0,1252,926,317,5,4,31,0,11,50,150,22,2,28,3,5,0,6,9
12,CĂLĂRAŞI,"ŞCOALA PRIMARA NR.6",48,"MUNICIPIUL CĂLĂRAŞI",92569,1,PROV,PRCNCT,S,S_SV,"2021-01-21 12:30:02",996,987,9,0,316,307,9,0,1100,784,301,12,3,19,1,12,51,153,19,2,33,4,2,3,1,1
12,CĂLĂRAŞI,"ŞCOALA PRIMARA NR.6",49,"MUNICIPIUL CĂLĂRAŞI",92569,1,PROV,PRCNCT,S,S_SV,"2021-01-21 12:30:02",993,981,10,2,327,315,10,2,1100,773,315,10,2,27,0,7,75,144,15,1,35,2,2,3,3,1
12,CĂLĂRAŞI,"CANTINA DE AJUTOR SOCIAL",50,"MUNICIPIUL CĂLĂRAŞI",92569,1,PROV,PRCNCT,S,S_SV,"2021-01-21 12:30:02",599,583,16,0,162,146,16,0,700,538,144,18,0,5,0,2,19,91,7,0,13,0,2,4,0,1
12,CĂLĂRAŞI,"COLEGIUL ECONOMIC SEDIU",51,"MUNICIPIUL CĂLĂRAŞI",92569,1,PROV,PRCNCT,S,S_SV,"2021-01-21 12:30:02",1455,1431,20,4,551,527,20,4,1604,1053,537,11,3,67,1,21,127,236,32,0,30,7,5,3,7,1
12,CĂLĂRAŞI,"GRĂDINIŢA NR.5 (INCINTA ŞCOALA GIMNAZIALĂ ”AL.D.GHICA”)",52,"MUNICIPIUL OLTENIŢA",100610,2,PART,PRCNCT,S,S_SV,"2021-01-21 12:30:02",1906,1889,17,0,466,449,17,0,1900,1434,443,13,10,30,0,16,114,175,20,1,51,12,0,11,6,7
12,CĂLĂRAŞI,"CANTINA DE AJUTOR SOCIAL",53,"MUNICIPIUL OLTENIŢA",100610,1,PROV,PRCNCT,S,S_SV,"2021-01-21 12:30:02",1222,1206,15,1,356,340,15,1,1296,940,349,4,3,32,0,20,79,167,16,0,20,2,4,3,4,2
12,CĂLĂRAŞI,"ŞCOALA GIMNAZIALĂ ”PROF.LUCIAN PAVEL” LOCAL NR.1",54,"MUNICIPIUL OLTENIŢA",100610,1,PROV,PRCNCT,S,S_SV,"2021-01-21 12:30:02",1167,1150,17,0,289,272,17,0,1200,911,276,13,0,31,0,12,69,118,8,1,28,4,1,3,1,0
12,CĂLĂRAŞI,"ŞCOALA GIMNAZIALĂ ”PROF.LUCIAN PAVEL” LOCAL NR.2",55,"MUNICIPIUL OLTENIŢA",100610,1,PROV,PRCNCT,S,S_SV,"2021-01-21 12:30:02",1484,1470,14,0,406,392,14,0,1600,1194,398,4,4,54,0,17,77,197,18,0,24,3,4,2,2,0
12,CĂLĂRAŞI,"PRIMARIA MUNICIPIULUI OLTENITA",56,"MUNICIPIUL OLTENIŢA",100610,1,PROV,PRCNCT,S,S_SV,"2021-01-21 12:30:02",1774,1758,14,2,504,488,14,2,1800,1296,487,11,6,63,2,25,112,213,22,1,28,6,2,3,8,2
12,CĂLĂRAŞI,"PRIMARIA MUNICIPIULUI OLTENITA",57,"MUNICIPIUL OLTENIŢA",100610,1,PROV,PRCNCT,S,S_SV,"2021-01-21 12:30:02",1818,1798,17,3,500,480,17,3,1900,1400,492,6,2,61,0,32,108,213,17,0,30,10,5,8,5,3
12,CĂLĂRAŞI,"ŞCOALA GIMNAZIALĂ ”SPIRU HARET”",58,"MUNICIPIUL OLTENIŢA",100610,3,PART,PRCNCT,S,S_SV,"2021-01-21 12:30:02",1826,1809,16,1,381,364,16,1,1900,1519,366,13,0,33,0,21,75,184,8,1,24,7,2,6,2,3
12,CĂLĂRAŞI,"LICEUL TEORETIC ”NEAGOE BASARAB”",59,"MUNICIPIUL OLTENIŢA",100610,1,PROV,PRCNCT,S,S_SV,"2021-01-21 12:30:02",1822,1784,15,23,461,423,15,23,1800,1339,456,3,2,46,1,26,90,216,27,0,26,6,6,6,4,2
12,CĂLĂRAŞI,"ŞCOALA GIMNAZIALĂ ”ALEXANDRU VLAHUŢĂ”",60,"MUNICIPIUL OLTENIŢA",100610,1,PROV,PRCNCT,S,S_SV,"2021-01-21 12:30:02",1691,1678,13,0,382,369,13,0,1800,1418,365,13,4,42,0,5,79,197,9,0,13,13,0,4,2,1
12,CĂLĂRAŞI,"GRADINITA NR.4",61,"MUNICIPIUL OLTENIŢA",100610,1,PROV,PRCNCT,S,S_SV,"2021-01-21 12:30:02",1687,1675,12,0,389,377,12,0,1800,1411,375,7,7,36,1,15,84,161,19,1,36,7,0,4,8,3
12,CĂLĂRAŞI,"ŞCOALA GIMNAZIALĂ ”PROF.LUCIAN PAVEL” LOCAL NR.3",62,"MUNICIPIUL OLTENIŢA",100610,2,PART,PRCNCT,S,S_SV,"2021-01-21 12:30:02",1643,1634,9,0,354,345,9,0,1800,1446,342,9,3,21,1,15,60,170,18,0,33,8,3,6,4,3
12,CĂLĂRAŞI,"ŞCOALA CU CLS I-IV ”CONSTANTIN DECULESCU”",63,"MUNICIPIUL OLTENIŢA",100610,1,PROV,PRCNCT,S,S_SV,"2021-01-21 12:30:02",1730,1719,11,0,268,257,11,0,1800,1532,264,3,1,31,0,11,55,127,17,1,14,1,2,3,1,1
12,CĂLĂRAŞI,"ŞCOALA GIMNAZIALĂ ”MIRCEA ELIADE”",64,"MUNICIPIUL OLTENIŢA",100610,1,PROV,PRCNCT,S,S_SV,"2021-01-21 12:30:02",1280,1271,9,0,316,307,9,0,1400,1084,313,0,3,44,0,11,64,130,8,2,30,8,4,5,5,2
12,CĂLĂRAŞI,"GRADINITA NR.2",65,"MUNICIPIUL OLTENIŢA",100610,1,PROV,PRCNCT,S,S_SV,"2021-01-21 12:30:02",1594,1586,8,0,364,356,8,0,1800,1436,353,11,0,28,0,16,70,177,18,1,22,6,2,2,8,3
12,CĂLĂRAŞI,"SCOALA GIMNAZIALA GHEORGHE MANU",66,"ORAŞ BUDEŞTI",101458,2,PART,PRCNCT,S,S_SV,"2021-01-21 12:30:02",1909,1850,58,1,387,328,58,1,1900,1513,372,10,5,9,0,11,113,174,6,0,27,16,3,7,5,1
12,CĂLĂRAŞI,"SCOALA GIMNAZIALA GHEORGHE MANU",67,"ORAŞ BUDEŞTI",101458,2,PART,PRCNCT,S,S_SV,"2021-01-21 12:30:02",1965,1921,44,0,363,319,44,0,2000,1637,343,10,10,10,0,21,104,155,4,0,23,11,1,6,4,4
12,CĂLĂRAŞI,"SCOALA GIMNAZIALA NR.1APROZI",68,"ORAŞ BUDEŞTI",101458,1,PROV,PRCNCT,S,S_SV,"2021-01-21 12:30:02",821,807,14,0,191,177,14,0,900,709,179,6,6,3,0,11,91,44,5,0,13,3,1,3,3,2
12,CĂLĂRAŞI,"SCOALA PRIMARA NR.2 BUCIUMENI",69,"ORAŞ BUDEŞTI",101458,1,PROV,PRCNCT,S,S_SV,"2021-01-21 12:30:02",501,496,5,0,136,131,5,0,600,464,120,11,5,3,0,7,43,44,2,1,3,11,0,2,2,2
12,CĂLĂRAŞI,"SCOALA PRIMARA NR.1 GRUIU",70,"ORAŞ BUDEŞTI",101458,2,PART,PRCNCT,S,S_SV,"2021-01-21 12:30:02",607,574,33,0,235,202,33,0,700,465,222,9,4,8,0,10,71,101,2,0,10,9,2,5,3,1
12,CĂLĂRAŞI,"LICEUL TEHNOLOGIC NR. 1",71,"ORAŞ FUNDULEA",103032,1,PROV,PRCNCT,S,S_SV,"2021-01-21 12:30:02",951,918,31,2,377,344,31,2,1000,623,368,6,3,37,1,19,64,175,21,0,39,2,3,5,1,1
12,CĂLĂRAŞI,"GRADINITA CU PROGRAM PRELUNGIT",72,"ORAŞ FUNDULEA",103032,1,PROV,PRCNCT,S,S_SV,"2021-01-21 12:30:02",1432,1383,49,0,517,468,49,0,1500,983,501,9,7,41,0,7,73,298,8,1,43,10,6,9,4,1
12,CĂLĂRAŞI,"SCOALA GIMNAZIALA MIRCEA NEDELCIU",73,"ORAŞ FUNDULEA",103032,1,PROV,PRCNCT,S,S_SV,"2021-01-21 12:30:02",1136,1058,71,7,422,344,71,7,1200,778,414,8,0,29,0,9,46,265,10,1,42,7,1,2,1,1
12,CĂLĂRAŞI,"GRADINITA CU PROGRAM NORMAL NR. 2 CRANGU",74,"ORAŞ FUNDULEA",103032,1,PROV,PRCNCT,S,S_SV,"2021-01-21 12:30:02",1400,1308,90,2,527,435,90,2,1400,873,500,13,14,27,0,5,67,330,6,0,44,6,2,8,4,1
12,CĂLĂRAŞI,"SCOALA GIMNAZIALA NR. 1 GOSTILELE",75,"ORAŞ FUNDULEA",103032,1,PROV,PRCNCT,S,S_SV,"2021-01-21 12:30:02",550,520,30,0,206,176,30,0,600,394,196,3,7,5,0,5,14,148,2,0,14,1,0,4,1,2
12,CĂLĂRAŞI,PRIMARIE,76,"ORAŞ LEHLIU-GARĂ",93888,1,PROV,PRCNCT,S,S_SV,"2021-01-21 12:30:02",1543,1503,37,3,588,548,37,3,1700,1112,569,11,8,82,1,19,143,202,40,1,57,5,3,6,7,3
12,CĂLĂRAŞI,"CASA DE CULTURA",77,"ORAŞ LEHLIU-GARĂ",93888,2,PART,PRCNCT,S,S_SV,"2021-01-21 12:30:02",1644,1572,72,0,637,565,72,0,1700,1063,614,19,4,92,0,17,202,190,32,3,57,6,3,4,5,3
12,CĂLĂRAŞI,"SCOALA CU CLS. I-VIII",78,"ORAŞ LEHLIU-GARĂ",93888,1,PROV,PRCNCT,S,S_SV,"2021-01-21 12:30:02",752,744,8,0,172,164,8,0,900,728,161,7,4,11,0,0,63,51,2,0,26,3,0,1,4,0
12,CĂLĂRAŞI,"SCOALA CU CLS. I-IV",79,"ORAŞ LEHLIU-GARĂ",93888,1,PROV,PRCNCT,S,S_SV,"2021-01-21 12:30:02",1076,1066,10,0,279,269,10,0,1200,921,258,15,6,25,0,9,57,74,8,0,59,7,5,5,3,6
12,CĂLĂRAŞI,"SCOALA CU CLS. I-IV",80,"ORAŞ LEHLIU-GARĂ",93888,1,PROV,PRCNCT,S,S_SV,"2021-01-21 12:30:02",450,360,90,0,202,112,90,0,400,198,185,8,9,7,1,3,74,55,3,0,29,0,5,4,2,2
12,CĂLĂRAŞI,"SCOALA GIMNAZIALA NR1 NICOLAE BALCESCU",81,"ALEXANDRU ODOBESCU",94125,1,PROV,PRCNCT,S,S_SV,"2021-01-21 12:30:02",1103,1015,62,26,567,479,62,26,1100,533,546,11,10,11,0,4,313,152,7,0,33,11,3,4,4,4
12,CĂLĂRAŞI,"SCOALA GIMNAZIALA NR. 2 ALEXANDRU ODOBESCU",82,"ALEXANDRU ODOBESCU",94125,1,PROV,PRCNCT,S,S_SV,"2021-01-21 12:30:02",1008,905,55,48,530,427,55,48,1000,470,516,3,11,16,0,0,357,109,9,0,17,5,1,0,1,1
12,CĂLĂRAŞI,"GRĂDINIŢA CU PROGRAM NORMAL NR.3 GĂLĂŢUI",83,"ALEXANDRU ODOBESCU",94125,1,PROV,PRCNCT,S,S_SV,"2021-01-21 12:30:02",320,255,50,15,182,117,50,15,300,118,175,2,5,2,0,1,107,44,1,2,13,3,1,0,1,0
12,CĂLĂRAŞI,"SCOALA GIMNAZIALA NR. 1 BELCIUGATELE",84,BELCIUGATELE,101083,1,PROV,PRCNCT,S,S_SV,"2021-01-21 12:30:02",1293,1246,44,3,430,383,44,3,1400,970,413,17,0,20,0,9,198,110,7,0,52,1,3,4,5,4
12,CĂLĂRAŞI,"SCOALA PRIMARA MARIUTA",85,BELCIUGATELE,101083,1,PROV,PRCNCT,S,S_SV,"2021-01-21 12:30:02",418,396,22,0,127,105,22,0,500,373,122,5,0,11,0,1,41,46,3,1,11,3,2,1,2,0
12,CĂLĂRAŞI,"SCOALA GIMNAZIALA NR. 3 BORCEA",86,BORCEA,92961,1,PROV,PRCNCT,S,S_SV,"2021-01-21 12:30:02",1071,1055,16,0,222,206,16,0,1200,978,216,3,3,10,0,7,81,92,1,0,19,2,1,1,2,0
12,CĂLĂRAŞI,"GRADINITA CU PROGRAM NORMAL NR. 3 BORCEA",87,BORCEA,92961,1,PROV,PRCNCT,S,S_SV,"2021-01-21 12:30:02",905,892,12,1,251,238,12,1,1000,749,244,5,2,10,0,10,77,94,6,1,36,1,2,2,1,4
12,CĂLĂRAŞI,"LICEUL TEHNOLOGIC NR. 1 BORCEA CLASELE I-IV SALA A",88,BORCEA,92961,1,PROV,PRCNCT,S,S_SV,"2021-01-21 12:30:02",1599,1550,40,9,426,377,40,9,1700,1274,411,12,3,18,0,11,199,95,9,0,63,4,2,3,5,2
12,CĂLĂRAŞI,"LICEUL TEHNOLOGIC NR. 1 BORCEA CLASELE I-IV SALA B",89,BORCEA,92961,1,PROV,PRCNCT,S,S_SV,"2021-01-21 12:30:02",1482,1460,21,1,341,319,21,1,1600,1259,336,1,4,28,1,12,127,99,10,1,49,8,0,0,0,1
12,CĂLĂRAŞI,"SCOALA GIMNAZIALA NR. 2 BORCEA",90,BORCEA,92961,1,PROV,PRCNCT,S,S_SV,"2021-01-21 12:30:02",1728,1714,12,2,397,383,12,2,1800,1403,382,6,9,18,1,13,120,126,2,1,81,9,1,4,5,1
12,CĂLĂRAŞI,"CAMINUL CULTURAL",91,CĂSCIOARELE,101724,1,PROV,PRCNCT,S,S_SV,"2021-01-21 12:30:02",1497,1435,55,7,710,648,55,7,1600,890,681,11,18,17,0,6,149,453,5,1,26,9,1,10,3,1
12,CĂLĂRAŞI,"SCOALA CU CLASELE I-VIII, NR.1",92,CHIRNOGI,101804,1,PROV,PRCNCT,S,S_SV,"2021-01-21 12:30:02",1593,1575,18,0,367,349,18,0,1700,1333,325,18,24,10,1,15,41,198,5,0,36,12,2,2,1,2
12,CĂLĂRAŞI,"SCOALA CU CLASELE I-VIII, NR.2",93,CHIRNOGI,101804,1,PROV,PRCNCT,S,S_SV,"2021-01-21 12:30:02",1558,1539,17,2,353,334,17,2,1700,1347,336,8,9,25,0,9,39,199,13,0,30,5,3,4,8,1
12,CĂLĂRAŞI,"SCOALA CU CLASELE I-VIII, NR.2",94,CHIRNOGI,101804,1,PROV,PRCNCT,S,S_SV,"2021-01-21 12:30:02",1584,1571,12,1,406,393,12,1,1700,1294,387,7,12,28,1,9,57,215,24,1,36,8,0,3,4,1
12,CĂLĂRAŞI,"SCOALA CU CLASELE I-VIII, NR.3",95,CHIRNOGI,101804,1,PROV,PRCNCT,S,S_SV,"2021-01-21 12:30:02",1223,1209,14,0,327,313,14,0,1300,973,312,2,13,29,1,7,48,170,12,1,26,8,2,3,3,2
12,CĂLĂRAŞI,"ȘCOALA GIMNAZIALĂ NR. 1",96,CHISELET,101822,2,PART,PRCNCT,S,S_SV,"2021-01-21 12:30:02",570,548,19,3,211,189,19,3,700,489,202,5,4,4,0,7,96,69,6,0,13,4,1,2,0,0
12,CĂLĂRAŞI,"ȘCOALA GIMNAZIALĂ NR. 1",97,CHISELET,101822,2,PART,PRCNCT,S,S_SV,"2021-01-21 12:30:02",1359,1333,22,4,544,518,22,4,1500,956,516,15,13,14,1,12,301,132,9,1,18,10,3,5,4,6
12,CĂLĂRAŞI,"SPAŢIU COMERCIAL CONSUMCOOP MȂNĂSTIREA",98,CHISELET,101822,2,PART,PRCNCT,S,S_SV,"2021-01-21 12:30:02",664,630,28,6,281,247,28,6,700,419,271,6,4,8,1,7,118,88,7,0,24,8,1,6,2,1
12,CĂLĂRAŞI,"SCOALA SMARDAN",99,CIOCĂNEŞTI,93085,1,PROV,PRCNCT,S,S_SV,"2021-01-21 12:30:02",781,744,19,18,234,197,19,18,900,666,222,5,7,14,0,7,35,131,5,1,15,4,1,3,6,0
12,CĂLĂRAŞI,"SCOALA MARGINENI",100,CIOCĂNEŞTI,93085,1,PROV,PRCNCT,S,S_SV,"2021-01-21 12:30:02",720,690,25,5,208,178,25,5,800,592,204,2,2,3,0,2,24,124,7,0,11,1,1,3,28,0
12,CĂLĂRAŞI,"GRADINITA NR.1 SARBI",101,CIOCĂNEŞTI,93085,1,PROV,PRCNCT,S,S_SV,"2021-01-21 12:30:02",1134,1040,64,30,462,368,64,30,1100,638,444,10,8,25,0,1,56,298,7,0,25,8,0,4,18,2
12,CĂLĂRAŞI,"SCOALA ANDOLINA",102,CIOCĂNEŞTI,93085,1,PROV,PRCNCT,S,S_SV,"2021-01-21 12:30:02",979,834,27,118,378,233,27,118,1000,622,369,3,6,11,0,2,77,247,3,0,15,4,0,3,6,1
12,CĂLĂRAŞI,"SCOALA GIMNAZIALA ”NICOLAE PETRESCU”",103,CRIVĂŢ,180055,3,PART,PRCNCT,S,S_SV,"2021-01-21 12:30:02",824,796,16,12,299,271,16,12,900,601,294,3,2,34,0,3,43,190,4,0,3,5,0,6,4,2
12,CĂLĂRAŞI,"SCOALA GIMNAZIALA ”NICOLAE PETRESCU”",104,CRIVĂŢ,180055,2,PART,PRCNCT,S,S_SV,"2021-01-21 12:30:02",881,857,11,13,307,283,11,13,1000,693,302,4,1,23,0,1,53,188,5,0,13,5,0,8,5,1
12,CĂLĂRAŞI,"ȘCOALA GIMNAZIALĂ NR. 1, CORP A",105,CURCANI,102419,1,PROV,PRCNCT,S,S_SV,"2021-01-21 12:30:02",908,894,14,0,199,185,14,0,1000,801,196,2,1,5,0,3,62,91,4,0,21,2,1,3,1,3
12,CĂLĂRAŞI,"ȘCOALA GIMNAZIALĂ NR. 1, CORP B",106,CURCANI,102419,1,PROV,PRCNCT,S,S_SV,"2021-01-21 12:30:02",738,730,7,1,187,179,7,1,900,713,179,4,4,13,0,1,58,86,1,0,17,1,0,1,1,0
12,CĂLĂRAŞI,"ȘCOALA GIMNAZIALĂ NR. 1, CORP C",107,CURCANI,102419,1,PROV,PRCNCT,S,S_SV,"2021-01-21 12:30:02",1291,1269,22,0,310,288,22,0,1400,1090,296,6,8,5,0,7,68,171,5,0,28,4,0,5,3,0
12,CĂLĂRAŞI,"ȘCOALA PRIMARĂ NR. 2",108,CURCANI,102419,2,PART,PRCNCT,S,S_SV,"2021-01-21 12:30:02",1267,1250,17,0,304,287,17,0,1400,1096,282,12,10,5,0,15,32,181,0,0,33,9,0,4,2,1
12,CĂLĂRAŞI,"ŞCOALA PRIMARĂ NR.1 CEACU",109,"CUZA VODĂ",93281,1,PROV,PRCNCT,S,S_SV,"2021-01-21 12:30:02",1093,1049,41,3,364,320,41,3,1200,836,344,12,8,18,0,13,111,143,10,3,28,6,1,3,6,2
12,CĂLĂRAŞI,"ŞCOALA GIMNAZIALĂ NR.1 CUZA VODĂ",110,"CUZA VODĂ",93281,1,PROV,PRCNCT,S,S_SV,"2021-01-21 12:30:02",1778,1708,70,0,519,449,70,0,1800,1281,497,15,7,17,0,19,147,214,19,4,61,2,3,4,3,4
12,CĂLĂRAŞI,"ŞCOALA PRIMARĂ NR.1 CĂLĂRAŞI VECHI",111,"CUZA VODĂ",93281,1,PROV,PRCNCT,S,S_SV,"2021-01-21 12:30:02",617,557,60,0,227,167,60,0,700,473,224,1,2,3,0,7,51,128,12,1,12,5,2,2,1,0
12,CĂLĂRAŞI,"ŞC. GIMNAZIALĂ NR.1 DICHISENI",112,DICHISENI,93325,2,PART,PRCNCT,S,S_SV,"2021-01-21 12:30:02",784,718,34,32,316,250,34,32,800,484,302,9,5,14,0,5,148,82,11,0,29,2,1,6,4,0
12,CĂLĂRAŞI,"ŞC. PRIMARĂ NR.1",113,DICHISENI,93325,2,PART,PRCNCT,S,S_SV,"2021-01-21 12:30:02",767,722,17,28,293,250,17,26,800,507,282,6,5,14,2,3,120,90,3,1,37,4,4,2,0,2
12,CĂLĂRAŞI,"SCOALA GIMNAZIALĂ NR.2 DOR MĂRUNT GARĂ",114,"DOR MĂRUNT",93370,1,PROV,PRCNCT,S,S_SV,"2021-01-21 12:30:02",1073,1061,12,0,374,362,12,0,1200,826,354,12,8,19,0,5,111,152,5,0,39,8,1,5,4,5
12,CĂLĂRAŞI,"ȘCOALA GIMNAZIALĂ NR.1 DOR MĂRUNT SAT",115,"DOR MĂRUNT",93370,1,PROV,PRCNCT,S,S_SV,"2021-01-21 12:30:02",1388,1357,30,1,431,400,30,1,1500,1069,412,10,9,9,0,2,223,113,4,0,34,7,3,6,7,4
12,CĂLĂRAŞI,"PROPRIETATE PRIVATA",116,"DOR MĂRUNT",93370,1,PROV,PRCNCT,S,S_SV,"2021-01-21 12:30:02",294,274,20,0,120,100,20,0,400,280,116,4,0,6,0,4,52,30,6,0,6,5,0,0,4,3
12,CĂLĂRAŞI,"GRĂDINIȚA CU PROGRAM NORMAL NR.3 INFRĂȚIREA",117,"DOR MĂRUNT",93370,1,PROV,PRCNCT,S,S_SV,"2021-01-21 12:30:02",278,267,11,0,122,111,11,0,300,178,116,5,1,0,0,1,32,61,3,0,10,2,0,2,2,3
12,CĂLĂRAŞI,"ȘCOALA GIMNAZIALĂ NR.2 DOR MĂRUNT GARĂ",118,"DOR MĂRUNT",93370,1,PROV,PRCNCT,S,S_SV,"2021-01-21 12:30:02",444,438,6,0,118,112,6,0,500,382,113,3,2,3,0,2,30,50,3,0,23,0,0,0,2,0
12,CĂLĂRAŞI,"ȘCOALA GIMNAZIALĂ NR.1 DÎLGA GARĂ",119,"DOR MĂRUNT",93370,1,PROV,PRCNCT,S,S_SV,"2021-01-21 12:30:02",1130,1055,58,17,515,440,58,17,1200,685,490,7,18,7,1,2,365,66,4,1,26,5,2,4,5,2
12,CĂLĂRAŞI,"ȘCOALA PRIMARĂ NR.1 DÎLGA SAT",120,"DOR MĂRUNT",93370,1,PROV,PRCNCT,S,S_SV,"2021-01-21 12:30:02",743,600,128,15,417,274,128,15,700,283,402,9,6,11,0,4,196,134,9,3,26,7,2,5,0,5
12,CĂLĂRAŞI,"ŞCOALA GIMNAZIALĂ NR. 1 DOROBANȚU, CORP B",121,DOROBANŢU,93441,1,PROV,PRCNCT,S,S_SV,"2021-01-21 12:30:02",1257,1187,53,17,517,447,53,17,1300,783,490,11,16,6,1,10,249,156,9,0,45,7,0,2,3,2
12,CĂLĂRAŞI,"ŞCOALA PRIMARĂ NR. 1 VĂRĂŞTI",122,DOROBANŢU,93441,3,PART,PRCNCT,S,S_SV,"2021-01-21 12:30:02",788,749,35,4,293,254,35,4,900,607,278,6,9,11,0,1,156,75,1,0,24,3,1,1,2,3
12,CĂLĂRAŞI,"ŞCOALA DIN SATUL BOŞNEAGU",123,DOROBANŢU,93441,1,PROV,PRCNCT,S,S_SV,"2021-01-21 12:30:02",331,298,30,3,152,119,30,3,400,248,145,5,2,9,0,5,82,38,3,0,3,1,0,2,1,1
12,CĂLĂRAŞI,"SCOALA GIMNAZIALA NR.1 DRAGALINA",124,DRAGALINA,93487,1,PROV,PRCNCT,S,S_SV,"2021-01-21 12:30:02",1129,1115,10,4,303,289,10,4,1200,897,291,6,6,12,0,10,100,108,5,1,42,4,1,5,0,3
12,CĂLĂRAŞI,"SCOALA GIMNAZIALA NR.1 DRAGALINA",125,DRAGALINA,93487,1,PROV,PRCNCT,S,S_SV,"2021-01-21 12:30:02",1285,1267,16,2,346,328,16,2,1400,1054,338,7,1,8,0,6,131,112,7,1,59,7,0,3,3,1
12,CĂLĂRAŞI,"SCOALA GIMNAZIALA NR.1 DRAGALINA",126,DRAGALINA,93487,1,PROV,PRCNCT,S,S_SV,"2021-01-21 12:30:02",1381,1363,12,6,365,347,12,6,1500,1135,355,8,2,3,0,8,128,163,5,1,37,2,3,1,1,3
12,CĂLĂRAŞI,"SCOALA GIMNAZIALA NR.1 DRAGALINA",127,DRAGALINA,93487,1,PROV,PRCNCT,S,S_SV,"2021-01-21 12:30:02",1132,1100,22,10,295,263,22,10,1200,905,290,3,2,6,0,5,88,119,6,0,50,8,3,1,3,1
12,CĂLĂRAŞI,"SCOALA GIMNAZIALA NR.1 DRAJNA NOUA",128,DRAGALINA,93487,1,PROV,PRCNCT,S,S_SV,"2021-01-21 12:30:02",1119,1083,18,18,316,280,18,18,1200,884,311,4,1,16,0,11,120,60,5,0,90,1,3,2,3,0
12,CĂLĂRAŞI,"SCOALA GIMNAZIALA NR.2 CONSTANTIN BRANCOVEANU",129,DRAGALINA,93487,1,PROV,PRCNCT,S,S_SV,"2021-01-21 12:30:02",740,732,7,1,224,216,7,1,900,676,217,1,6,3,1,2,88,70,5,0,38,3,0,2,3,2
12,CĂLĂRAŞI,"SCOALA GIMNAZIALA NR.1",130,"DRAGOŞ VODĂ",93539,1,PROV,PRCNCT,S,S_SV,"2021-01-21 12:30:02",1088,1034,31,23,330,276,31,23,1100,770,319,11,0,8,0,6,32,229,3,0,36,2,1,0,2,0
12,CĂLĂRAŞI,"SCOALA GIMNAZIALA NR.1",131,"DRAGOŞ VODĂ",93539,2,PART,PRCNCT,S,S_SV,"2021-01-21 12:30:02",1056,1014,25,17,259,217,25,17,1104,845,255,2,2,7,0,2,23,181,3,0,34,0,1,0,2,2
12,CĂLĂRAŞI,"GRĂDINIȚA CU PROGRAM NORMAL NR. 3",132,"DRAGOŞ VODĂ",93539,2,PART,PRCNCT,S,S_SV,"2021-01-21 12:30:02",194,169,17,8,86,61,17,8,200,114,82,2,2,1,0,0,11,55,3,0,6,0,1,2,2,1
12,CĂLĂRAŞI,"SCOALA GIMNAZIALA NR.1 FRASINET",133,FRĂSINET,102838,2,PART,PRCNCT,S,S_SV,"2021-01-21 12:30:02",1058,856,186,16,530,330,186,14,1000,470,492,17,21,5,0,2,248,164,6,0,44,11,0,3,5,4
12,CĂLĂRAŞI,"SCOALA PRIMARA NR.1 LUPTATORI",134,FRĂSINET,102838,1,PROV,PRCNCT,S,S_SV,"2021-01-21 12:30:02",514,438,67,9,298,222,67,9,500,202,281,10,7,2,1,3,183,71,3,0,7,4,3,2,2,0
12,CĂLĂRAŞI,"SCOALA GENERALA PASAREA",135,FRUMUŞANI,102945,1,PROV,PRCNCT,S,S_SV,"2021-01-21 12:30:02",604,575,29,0,158,129,29,0,700,542,154,0,4,4,1,10,30,68,8,0,30,1,0,1,1,0
12,CĂLĂRAŞI,"SCOALA GENERALA NR 1.FRUMUSANI",136,FRUMUŞANI,102945,1,PROV,PRCNCT,S,S_SV,"2021-01-21 12:30:02",985,925,60,0,190,130,60,0,1000,810,179,11,0,36,0,11,45,53,5,1,11,6,0,4,6,1
12,CĂLĂRAŞI,"SCOALA GENERALA NR 1.FRUMUSANI",137,FRUMUŞANI,102945,1,PROV,PRCNCT,S,S_SV,"2021-01-21 12:30:02",1039,995,44,0,168,124,44,0,1100,932,152,12,4,27,0,12,34,37,5,0,16,1,2,2,14,2
12,CĂLĂRAŞI,"ȘCOALA PRIMARĂ NR.5 PĂDURIȘU",138,FRUMUŞANI,102945,1,PROV,PRCNCT,S,S_SV,"2021-01-21 12:30:02",565,524,41,0,147,106,41,0,600,453,140,3,4,7,1,6,40,45,8,0,19,0,2,4,8,0
12,CĂLĂRAŞI,"SCOALA GENERALA ORASTI",139,FRUMUŞANI,102945,1,PROV,PRCNCT,S,S_SV,"2021-01-21 12:30:02",765,738,27,0,165,138,27,0,900,735,158,2,5,19,0,9,30,57,0,2,21,3,3,1,10,3
12,CĂLĂRAŞI,"ŞCOALA GIMNAZIALĂ NR. 1 FUNDENI",140,FUNDENI,103014,3,PART,PRCNCT,S,S_SV,"2021-01-21 12:30:02",1278,1255,23,0,382,359,23,0,1400,1018,363,11,8,24,0,6,90,182,4,0,36,6,3,9,1,2
12,CĂLĂRAŞI,"ȘCOALA PRIMARĂ NR. 2",141,FUNDENI,103014,1,PROV,PRCNCT,S,S_SV,"2021-01-21 12:30:02",1229,1178,51,0,338,287,51,0,1300,962,324,7,7,23,0,5,46,195,3,0,36,8,0,4,2,2
12,CĂLĂRAŞI,"SCOALA CLASELE 1-4 NR. 3",142,FUNDENI,103014,3,PART,PRCNCT,S,S_SV,"2021-01-21 12:30:02",1217,1193,24,0,291,267,24,0,1300,1009,276,7,8,10,0,20,66,136,5,1,22,5,5,3,1,2
12,CĂLĂRAŞI,"SCOALA GIMNAZIĂ NR. 1 GĂLBINAȘI",143,GĂLBINAŞI,179962,1,PROV,PRCNCT,S,S_SV,"2021-01-21 12:30:02",1440,1408,32,0,418,386,32,0,1600,1182,393,18,7,7,0,5,19,315,2,1,28,6,1,7,1,1
12,CĂLĂRAŞI,"ȘCOALA GIMNAZIALĂ NR. 1 GĂLBINAȘI",144,GĂLBINAŞI,179962,1,PROV,PRCNCT,S,S_SV,"2021-01-21 12:30:02",1303,1285,18,0,413,395,18,0,1400,987,392,14,7,0,1,9,34,284,5,0,32,12,1,9,5,0
12,CĂLĂRAŞI,"ŞCOALA VECHE",145,GRĂDIŞTEA,93664,1,PROV,PRCNCT,S,S_SV,"2021-01-21 12:30:02",1863,1757,85,21,678,572,85,21,1800,1122,660,9,9,31,0,6,168,374,19,0,34,6,3,7,10,2
12,CĂLĂRAŞI,"ŞCOALA VECHE",146,GRĂDIŞTEA,93664,1,PROV,PRCNCT,S,S_SV,"2021-01-21 12:30:02",1081,1032,43,6,372,323,43,6,1100,728,358,8,6,51,3,3,88,181,10,0,15,4,0,0,2,1
12,CĂLĂRAŞI,"GRĂDINIȚA CU PROGRAM NORMAL NR.2 CUNEȘTI",147,GRĂDIŞTEA,93664,3,PART,PRCNCT,S,S_SV,"2021-01-21 12:30:02",734,691,43,0,286,244,42,0,800,514,273,11,2,17,1,16,75,132,10,0,12,3,0,3,3,1
12,CĂLĂRAŞI,"ŞCOALA BOGATA",148,GRĂDIŞTEA,93664,2,PART,PRCNCT,S,S_SV,"2021-01-21 12:30:02",667,487,161,19,415,235,161,19,600,185,402,7,6,11,0,3,225,128,4,0,15,1,1,4,9,1
12,CĂLĂRAŞI,"SCOALA GIMNAZIALA NR. 1 GURBANESTI",149,GURBĂNEŞTI,103568,1,PROV,PRCNCT,S,S_SV,"2021-01-21 12:30:02",633,432,183,18,377,176,183,18,500,123,364,10,3,2,1,3,23,300,5,1,13,7,1,6,2,0
12,CĂLĂRAŞI,"GRADINITA CU PROGRAM NORMAL COTOFANCA",150,GURBĂNEŞTI,103568,1,PROV,PRCNCT,S,S_SV,"2021-01-21 12:30:02",333,300,33,0,154,121,33,0,400,246,141,6,7,0,0,1,8,112,2,0,7,6,0,5,0,0
12,CĂLĂRAŞI,"GRADINITA CU PROGRAM NORMAL VALEA PRESNEI",151,GURBĂNEŞTI,103568,1,PROV,PRCNCT,S,S_SV,"2021-01-21 12:30:02",180,142,38,0,110,72,38,0,200,90,107,2,1,2,1,0,12,81,2,0,6,1,1,1,0,0
12,CĂLĂRAŞI,"SCOALA ILEANA",152,ILEANA,103764,1,PROV,PRCNCT,S,S_SV,"2021-01-21 12:30:02",758,745,13,0,174,161,13,0,900,726,166,2,6,4,0,7,7,128,2,3,3,3,1,6,1,1
12,CĂLĂRAŞI,"ȘCOALA PRIMARĂ NR. 1",153,ILEANA,103764,1,PROV,PRCNCT,S,S_SV,"2021-01-21 12:30:02",522,513,9,0,86,77,9,0,606,520,83,0,3,1,1,5,8,56,1,0,6,2,1,0,1,1
12,CĂLĂRAŞI,"CĂMIN CULTURAL ȘTEFĂNEȘTI",154,ILEANA,103764,1,PROV,PRCNCT,S,S_SV,"2021-01-21 12:30:02",626,607,19,0,186,167,19,0,703,517,176,7,3,8,0,1,18,116,7,0,16,4,0,3,3,0
12,CĂLĂRAŞI,"SCOALA ARTARI",155,ILEANA,103764,1,PROV,PRCNCT,S,S_SV,"2021-01-21 12:30:02",512,499,13,0,141,128,13,0,600,459,135,3,3,0,0,7,10,85,2,0,23,3,1,1,1,2
12,CĂLĂRAŞI,"GRADINITA DE COPII",156,INDEPENDENŢA,93771,1,PROV,PRCNCT,S,S_SV,"2021-01-21 12:30:02",1799,1762,34,3,639,602,34,3,1800,1161,620,8,11,9,2,4,254,276,14,1,24,15,5,5,6,5
12,CĂLĂRAŞI,"GRADINITA DE COPII",157,INDEPENDENŢA,93771,2,PART,PRCNCT,S,S_SV,"2021-01-21 12:30:02",459,440,19,0,137,118,19,0,500,363,131,2,4,12,0,3,39,61,3,2,6,2,2,0,1,0
12,CĂLĂRAŞI,"GRĂDINIŢA ALBĂ CA ZĂPADA",158,INDEPENDENŢA,93771,2,PART,PRCNCT,S,S_SV,"2021-01-21 12:30:02",657,636,21,0,199,178,21,0,700,501,193,2,4,10,0,6,52,83,8,0,23,3,0,6,2,0
12,CĂLĂRAŞI,"SCOALA GIMNAZIALA NR. 1",159,JEGĂLIA,93815,1,PROV,PRCNCT,S,S_SV,"2021-01-21 12:30:02",1594,1571,15,8,522,499,15,8,1700,1178,483,19,20,16,0,4,228,141,9,0,51,9,2,17,0,6
12,CĂLĂRAŞI,"SCOALA PRIMARA NR. 1",160,JEGĂLIA,93815,1,PROV,PRCNCT,S,S_SV,"2021-01-21 12:30:02",1147,1124,19,4,367,344,19,4,1200,833,356,7,4,7,0,10,170,112,5,0,31,6,2,5,3,5
12,CĂLĂRAŞI,"SALA DE EDUCAȚIE FIZICĂ ȘCOLARĂ",161,JEGĂLIA,93815,1,PROV,PRCNCT,S,S_SV,"2021-01-21 12:30:02",773,748,11,14,287,262,11,14,900,613,279,5,3,17,1,7,141,79,2,0,17,5,3,4,3,0
12,CĂLĂRAŞI,"CAMIN CULTURAL",162,LEHLIU,93851,1,PROV,PRCNCT,S,S_SV,"2021-01-21 12:30:02",1426,1379,35,12,521,474,35,12,1500,979,503,11,7,37,0,2,239,158,10,1,23,9,5,7,6,6
12,CĂLĂRAŞI,"SCOALA SAPUNARI",163,LEHLIU,93851,2,PART,PRCNCT,S,S_SV,"2021-01-21 12:30:02",658,637,17,4,180,159,17,4,800,620,176,3,1,11,0,6,84,44,6,0,20,2,0,0,1,2
12,CĂLĂRAŞI,"SCOALA CU CLASELE I-VIII LUICA",164,LUICA,104083,1,PROV,PRCNCT,S,S_SV,"2021-01-21 12:30:02",1275,1241,32,2,392,358,32,2,1400,1008,369,8,15,7,0,12,110,199,2,0,21,5,0,6,6,1
12,CĂLĂRAŞI,"SCOALA CU CLASELE I-IV VALEA STANII",165,LUICA,104083,2,PART,PRCNCT,S,S_SV,"2021-01-21 12:30:02",460,429,31,0,108,77,31,0,500,392,104,3,1,3,0,3,47,38,1,0,6,2,0,2,0,2
12,CĂLĂRAŞI,"GRADINITA CU PROGRAM NORMAL NR.4 NUCETU",166,LUPŞANU,93931,1,PROV,PRCNCT,S,S_SV,"2021-01-21 12:30:02",521,495,26,0,149,123,26,0,597,448,141,6,2,8,0,3,31,68,4,0,18,6,1,1,0,1
12,CĂLĂRAŞI,"GRADINITA CU PROGRAM NORMAL NR.3 LUPSANU",167,LUPŞANU,93931,1,PROV,PRCNCT,S,S_SV,"2021-01-21 12:30:02",496,476,20,0,159,139,20,0,600,441,159,0,0,5,1,5,37,73,5,0,22,9,0,2,0,0
12,CĂLĂRAŞI,"SCOALA GIMNAZIALA NR.1 RADU-VODA",168,LUPŞANU,93931,1,PROV,PRCNCT,S,S_SV,"2021-01-21 12:30:02",970,935,32,3,293,258,32,3,996,703,283,4,6,14,1,13,95,112,1,0,42,0,0,2,3,0
12,CĂLĂRAŞI,"SCOALA PRIMARA NR.1 PLEVNA",169,LUPŞANU,93931,1,PROV,PRCNCT,S,S_SV,"2021-01-21 12:30:02",514,491,23,0,97,74,23,0,600,503,86,5,6,5,0,1,31,25,3,0,14,5,0,1,1,0
12,CĂLĂRAŞI,"LICEUL TEHNOLOGIC MATEI BASARAB",170,MÂNĂSTIREA,104181,2,PART,PRCNCT,S,S_SV,"2021-01-21 12:30:02",1407,1394,13,0,329,316,13,0,1500,1171,315,9,5,43,0,6,29,177,11,2,39,2,1,3,2,0
12,CĂLĂRAŞI,"LICEUL TEHNOLOGIC MATEI BASARAB",171,MÂNĂSTIREA,104181,1,PROV,PRCNCT,S,S_SV,"2021-01-21 12:30:02",1452,1432,16,4,366,346,16,4,1600,1234,340,14,12,45,0,3,43,196,10,0,30,6,3,3,0,1
12,CĂLĂRAŞI,"GRĂDINIŢA CU PROGRAM NORMAL NR. 3, COCONI",172,MÂNĂSTIREA,104181,1,PROV,PRCNCT,S,S_SV,"2021-01-21 12:30:02",669,648,21,0,138,117,21,0,800,662,131,2,5,18,0,6,16,63,2,0,19,2,0,0,2,3
12,CĂLĂRAŞI,"ŞCOALA GIMNAZIALĂ NR. 2 SULTANA",173,MÂNĂSTIREA,104181,1,PROV,PRCNCT,S,S_SV,"2021-01-21 12:30:02",793,773,20,0,143,123,20,0,900,757,136,6,1,23,1,3,24,57,3,0,15,3,0,5,0,2
12,CĂLĂRAŞI,"SCOALA GIMNAZIALA NR. 2 MITRENI",174,MITRENI,100638,1,PROV,PRCNCT,S,S_SV,"2021-01-21 12:30:02",1160,1129,31,0,368,337,31,0,1200,832,358,5,5,18,0,8,166,114,10,0,35,5,2,0,0,0
12,CĂLĂRAŞI,"SCOALA GIMNAZIALA NR. 1 VALEA ROSIE",175,MITRENI,100638,1,PROV,PRCNCT,S,S_SV,"2021-01-21 12:30:02",1830,1785,45,0,545,500,45,0,1800,1255,523,9,13,24,3,18,166,202,5,0,83,6,1,6,4,5
12,CĂLĂRAŞI,"GRADINITA CU PROGRAM NORMAL NR. 3 CLATESTI",176,MITRENI,100638,1,PROV,PRCNCT,S,S_SV,"2021-01-21 12:30:02",442,407,35,0,136,101,35,0,500,364,128,5,3,3,0,2,61,42,1,0,15,2,0,0,1,1
12,CĂLĂRAŞI,"SCOALA GENERALA NR.1",177,MODELU,92587,2,PART,PRCNCT,S,S_SV,"2021-01-21 12:30:02",1579,1572,7,0,452,445,7,0,1701,1249,436,11,5,53,0,18,120,153,20,1,47,4,6,6,6,2
12,CĂLĂRAŞI,"SCOALA GENERALA NR.1",178,MODELU,92587,1,PROV,PRCNCT,S,S_SV,"2021-01-21 12:30:02",1671,1649,22,0,475,453,22,0,1800,1325,442,13,20,21,0,14,128,148,14,1,91,3,7,4,5,6
12,CĂLĂRAŞI,"SCOALA GENERALA NR.1",179,MODELU,92587,1,PROV,PRCNCT,S,S_SV,"2021-01-21 12:30:02",1644,1615,29,0,453,424,29,0,1800,1347,424,19,10,31,0,6,136,126,15,0,76,8,5,8,5,8
12,CĂLĂRAŞI,"SCOALA GENERALA NR.2",180,MODELU,92587,1,PROV,PRCNCT,S,S_SV,"2021-01-21 12:30:02",1620,1608,12,0,461,449,12,0,1800,1339,442,10,9,38,1,7,105,192,16,0,61,6,1,5,6,4
12,CĂLĂRAŞI,"SCOALA TONEA",181,MODELU,92587,1,PROV,PRCNCT,S,S_SV,"2021-01-21 12:30:02",1721,1702,19,0,463,444,19,0,1800,1337,428,35,0,20,0,4,143,130,7,1,89,7,4,9,6,8
12,CĂLĂRAŞI,"SCOALA GIMNAZIALA NR. 1",182,NANA,104323,2,PART,PRCNCT,S,S_SV,"2021-01-21 12:30:02",962,934,15,13,195,167,15,13,1000,805,187,3,5,29,0,7,15,94,5,0,24,5,3,2,1,2
12,CĂLĂRAŞI,"SCOALA GIMNAZIALA NR. 1",183,NANA,104323,1,PROV,PRCNCT,S,S_SV,"2021-01-21 12:30:02",886,870,13,3,189,173,13,3,1000,811,183,3,3,25,0,10,20,96,4,0,14,4,3,1,2,4
12,CĂLĂRAŞI,"SCOALA CU CLASELE I-VIII",184,"NICOLAE BĂLCESCU",104341,2,PART,PRCNCT,S,S_SV,"2021-01-21 12:30:02",1182,1025,152,5,589,432,152,5,1100,511,562,18,9,7,0,6,356,128,10,0,33,5,2,8,4,3
12,CĂLĂRAŞI,"SCOALA CU CLASELE I-IV",185,"NICOLAE BĂLCESCU",104341,1,PROV,PRCNCT,S,S_SV,"2021-01-21 12:30:02",232,198,30,4,104,70,30,4,300,196,102,2,0,3,0,5,45,32,0,0,14,1,0,0,1,1
12,CĂLĂRAŞI,"ŞCOALA GIMNAZIALĂ NR. 1 PERIŞORU - CORP B",186,PERIŞORU,94223,1,PROV,PRCNCT,S,S_SV,"2021-01-21 12:30:02",1836,1823,13,0,423,410,13,0,1900,1477,416,5,2,36,0,9,72,153,18,1,113,4,1,2,3,4
12,CĂLĂRAŞI,"ŞCOALA GIMNAZIALĂ NR. 1 PERIŞORU- CORP B",187,PERIŞORU,94223,2,PART,PRCNCT,S,S_SV,"2021-01-21 12:30:02",1781,1768,13,0,371,358,13,0,1796,1425,363,5,3,31,1,7,72,141,12,0,82,2,0,8,6,1
12,CĂLĂRAŞI,"ŞCOALA GIMNAZIALA NR. 2 PERIŞORU",188,PERIŞORU,94223,1,PROV,PRCNCT,S,S_SV,"2021-01-21 12:30:02",633,611,22,0,173,151,22,0,704,531,172,1,0,8,0,5,23,60,8,0,58,3,1,3,1,2
12,CĂLĂRAŞI,"PRIMĂRIA PLĂTĂREŞTI",189,PLĂTĂREŞTI,104635,1,PROV,PRCNCT,S,S_SV,"2021-01-21 12:30:02",1085,1040,39,6,411,366,39,6,1100,689,395,12,4,11,2,13,191,127,5,0,21,8,1,7,6,3
12,CĂLĂRAŞI,"ŞCOALA PRIMARĂ NR.3 DOROBANȚU",190,PLĂTĂREŞTI,104635,1,PROV,PRCNCT,S,S_SV,"2021-01-21 12:30:02",807,782,16,9,326,301,16,9,900,574,301,19,6,9,0,8,173,77,4,0,16,2,1,4,1,6
12,CĂLĂRAŞI,"GRĂDINIȚA CU PROGRAM NORMAL NR.5 PODU PITARULUI",191,PLĂTĂREŞTI,104635,1,PROV,PRCNCT,S,S_SV,"2021-01-21 12:30:02",474,460,14,0,157,143,14,0,600,443,147,8,2,3,0,6,67,51,5,0,13,1,0,1,0,0
12,CĂLĂRAŞI,"GRĂDINIȚA CU PROGRAM NORMAL NR.5 PODU PITARULUI",192,PLĂTĂREŞTI,104635,1,PROV,PRCNCT,S,S_SV,"2021-01-21 12:30:02",331,316,12,3,155,140,12,3,400,245,152,2,1,4,1,3,81,36,6,0,18,2,0,1,0,0
12,CĂLĂRAŞI,"ȘCOALA GIMNAZIALĂ ”DIMITRIE ION GHICA ” CORP B",193,RADOVANU,104751,1,PROV,PRCNCT,S,S_SV,"2021-01-21 12:30:02",999,960,33,6,348,309,33,6,1100,752,333,11,4,14,0,9,130,135,12,0,17,5,2,3,4,2
12,CĂLĂRAŞI,"ȘCOALA GIMNAZIALĂ ”DIMITRIE ION GHICA ”",194,RADOVANU,104751,2,PART,PRCNCT,S,S_SV,"2021-01-21 12:30:02",938,900,26,12,331,293,26,12,1000,669,325,6,0,12,0,7,117,145,5,0,21,3,2,5,4,4
12,CĂLĂRAŞI,"ȘCOALA CU CLASELE I-IV COADELE",195,RADOVANU,104751,1,PROV,PRCNCT,S,S_SV,"2021-01-21 12:30:02",987,941,32,14,330,284,32,14,1000,670,318,9,3,19,1,8,127,129,3,0,23,3,1,2,1,1
12,CĂLĂRAŞI,"ȘCOALA CU CLASELE I-IV VALEA POPII",196,RADOVANU,104751,2,PART,PRCNCT,S,S_SV,"2021-01-21 12:30:02",477,454,19,4,202,179,19,4,596,394,193,5,4,11,1,4,46,104,9,1,10,2,0,3,2,0
12,CĂLĂRAŞI,"SCOALA GENERALA CU CLS I-IV-SECTOR",197,ROSEŢI,94312,1,PROV,PRCNCT,S,S_SV,"2021-01-21 12:30:02",1905,1891,14,0,484,470,14,0,1900,1416,430,39,15,4,2,8,80,227,7,1,71,6,2,12,6,4
12,CĂLĂRAŞI,"SCOALA GIMNAZIALA IANCU ROSETTI-CENTRU",198,ROSEŢI,94312,1,PROV,PRCNCT,S,S_SV,"2021-01-21 12:30:02",1294,1250,44,0,345,301,44,0,1400,1055,331,8,6,14,1,6,66,164,7,0,55,7,1,6,1,3
12,CĂLĂRAŞI,"SCOALA CU CLS. I-IV-DEAL",199,ROSEŢI,94312,1,PROV,PRCNCT,S,S_SV,"2021-01-21 12:30:02",1867,1839,28,0,482,454,28,0,1900,1418,460,9,13,19,1,8,111,231,14,1,52,6,4,3,6,4
12,CĂLĂRAŞI,"GRADINITA CU 4 GRUPE",200,SĂRULEŞTI,104886,1,PROV,PRCNCT,S,S_SV,"2021-01-21 12:30:02",1173,1157,16,0,462,446,16,0,1300,838,418,19,25,10,1,3,16,344,16,0,14,4,2,7,0,1
12,CĂLĂRAŞI,"SCOALA CU CLASELE I-IV",201,SĂRULEŞTI,104886,1,PROV,PRCNCT,S,S_SV,"2021-01-21 12:30:02",513,486,27,0,227,200,27,0,600,373,223,4,0,0,0,4,12,180,5,1,7,7,2,2,2,1
12,CĂLĂRAŞI,"SCOALA CU CLASELE I-IV",202,SĂRULEŞTI,104886,1,PROV,PRCNCT,S,S_SV,"2021-01-21 12:30:02",345,331,14,0,127,113,14,0,400,273,123,0,4,4,2,1,10,98,1,0,2,2,0,0,2,1
12,CĂLĂRAŞI,"SCOALA CU CLASELE I-IV",203,SĂRULEŞTI,104886,2,PART,PRCNCT,S,S_SV,"2021-01-21 12:30:02",225,214,11,0,48,37,11,0,300,252,45,1,2,3,0,1,4,24,1,0,9,3,0,0,0,0
12,CĂLĂRAŞI,"ȘCOALA GENERALA NR.1",204,SOHATU,105222,1,PROV,PRCNCT,S,S_SV,"2021-01-21 12:30:02",1309,1253,56,0,396,340,56,0,1400,1004,369,27,0,36,0,12,164,91,16,2,19,8,4,4,8,5
12,CĂLĂRAŞI,"ȘCOALA GENERALA NR.2",205,SOHATU,105222,1,PROV,PRCNCT,S,S_SV,"2021-01-21 12:30:02",874,751,123,0,333,210,123,0,900,567,320,7,6,6,0,2,205,78,4,1,13,3,0,5,0,3
12,CĂLĂRAŞI,"SCOALA GIMNAZIALA NR. 1 SPANTOV",206,SPANŢOV,105259,1,PROV,PRCNCT,S,S_SV,"2021-01-21 12:30:02",829,794,21,14,324,289,21,14,900,576,320,3,1,17,0,4,191,77,6,0,15,1,0,0,5,4
12,CĂLĂRAŞI,"GRĂDINIŢA CU PROGRAM NORMAL NR. 3",207,SPANŢOV,105259,1,PROV,PRCNCT,S,S_SV,"2021-01-21 12:30:02",717,685,21,11,272,240,21,11,800,528,258,10,4,9,0,0,148,73,2,0,18,5,0,1,1,1
12,CĂLĂRAŞI,"ŞCOALA GIMNAZIALĂ NR. 2 STANCEA",208,SPANŢOV,105259,1,PROV,PRCNCT,S,S_SV,"2021-01-21 12:30:02",1269,1238,29,2,447,416,29,2,1400,953,425,15,7,15,0,5,270,77,7,1,36,3,1,1,4,5
12,CĂLĂRAŞI,"ŞCOALA PRIMARĂ NR. 1 CLINCIU",209,SPANŢOV,105259,1,PROV,PRCNCT,S,S_SV,"2021-01-21 12:30:02",895,881,14,0,334,320,14,0,1000,666,314,16,4,3,0,3,168,76,4,0,41,9,0,3,5,2
12,CĂLĂRAŞI,"ŞCOALA GIMNAZIALĂ ”CONSTANTIN TEODORESCU” ŞOLDANU",210,ŞOLDANU,105384,2,PART,PRCNCT,S,S_SV,"2021-01-21 12:30:02",1793,1747,46,0,667,621,46,0,1800,1133,610,35,22,23,0,32,259,221,7,1,27,8,3,7,10,12
12,CĂLĂRAŞI,"ŞCOALA PRIMARĂ NR.1 NEGOEŞTI",211,ŞOLDANU,105384,2,PART,PRCNCT,S,S_SV,"2021-01-21 12:30:02",911,818,92,1,319,226,92,1,1000,681,299,8,12,13,0,13,87,143,7,1,25,3,0,2,3,2
12,CĂLĂRAŞI,"SCOALA GIMNAZIALA DRAGOS MARIN",212,"ŞTEFAN CEL MARE",94562,1,PROV,PRCNCT,S,S_SV,"2021-01-21 12:30:02",1593,1539,15,39,553,499,15,39,1700,1147,544,7,2,15,0,12,312,98,7,0,81,6,1,4,2,6
12,CĂLĂRAŞI,"SCOALA GIMNAZIALA DRAGOS MARIN",213,"ŞTEFAN CEL MARE",94562,1,PROV,PRCNCT,S,S_SV,"2021-01-21 12:30:02",1148,1121,13,14,415,388,13,14,1200,785,405,7,3,7,0,7,229,80,7,2,61,1,1,3,3,4
12,CĂLĂRAŞI,"ŞCOALA CU CLS. I-VIII ŞTEFAN VODĂ",214,"ŞTEFAN VODĂ",94580,2,PART,PRCNCT,S,S_SV,"2021-01-21 12:30:02",1119,1080,25,14,420,381,25,14,1200,780,411,7,1,15,1,5,43,295,4,0,31,7,2,5,1,2
12,CĂLĂRAŞI,"ŞCOALA CU CLS. I-VIII ŞTEFAN VODĂ",215,"ŞTEFAN VODĂ",94580,1,PROV,PRCNCT,S,S_SV,"2021-01-21 12:30:02",852,802,38,12,328,278,38,12,900,572,320,3,5,18,0,8,31,213,13,0,26,4,0,2,4,1
12,CĂLĂRAŞI,"SCOALA GIMNAZIALA NR.1",216,"TĂMĂDĂU MARE",105455,2,PART,PRCNCT,S,S_SV,"2021-01-21 12:30:02",1249,1220,27,2,295,266,27,2,1300,1005,281,10,4,14,0,12,94,95,2,1,44,3,5,5,3,3
12,CĂLĂRAŞI,"SCOALA PRIMARA NR.2",217,"TĂMĂDĂU MARE",105455,1,PROV,PRCNCT,S,S_SV,"2021-01-21 12:30:02",722,706,16,0,112,96,16,0,800,688,108,2,2,4,1,6,25,42,5,0,17,3,0,3,2,0
12,CĂLĂRAŞI,"SCOALA GIMNAZIALA GRIGORE MOISIL",218,ULMENI,105605,2,PART,PRCNCT,S,S_SV,"2021-01-21 12:30:02",1336,1279,49,8,377,320,49,8,1400,1023,365,5,7,13,1,7,97,186,10,0,40,7,0,3,1,0
12,CĂLĂRAŞI,"SCOALA GIMNAZIALA NR.2 ULMENI",219,ULMENI,105605,2,PART,PRCNCT,S,S_SV,"2021-01-21 12:30:02",1480,1439,41,0,561,520,41,0,1600,1039,527,21,13,1,0,1,15,431,17,0,26,19,2,6,6,3
12,CĂLĂRAŞI,"SCOALA PRIMARA NR.3 ULMENI",220,ULMENI,105605,2,PART,PRCNCT,S,S_SV,"2021-01-21 12:30:02",1243,1214,27,2,354,325,27,2,1300,946,342,5,7,23,0,4,37,214,15,1,17,13,2,10,5,1
12,CĂLĂRAŞI,"SCOALA CU CLASELE I-VIII ULMU",221,ULMU,94606,1,PROV,PRCNCT,S,S_SV,"2021-01-21 12:30:02",798,649,87,62,426,277,87,62,800,374,409,5,12,2,0,4,282,89,11,0,11,4,1,1,2,2
12,CĂLĂRAŞI,"SCOALA CU CLASELE I-IV FAUREI",222,ULMU,94606,1,PROV,PRCNCT,S,S_SV,"2021-01-21 12:30:02",373,321,36,16,207,155,36,16,400,193,197,3,7,7,1,5,129,34,9,0,6,1,1,2,1,1
12,CĂLĂRAŞI,"FOSTA SCOALA PRIMARA ZIMBRU",223,ULMU,94606,1,PROV,PRCNCT,S,S_SV,"2021-01-21 12:30:02",130,95,29,6,78,43,29,6,200,122,75,0,3,1,0,1,41,25,1,0,2,0,1,1,2,0
12,CĂLĂRAŞI,"SCOALA GIMNAZIALA NR 1 (LOCAL LANGA BISERICA)",224,UNIREA,94651,1,PROV,PRCNCT,S,S_SV,"2021-01-21 12:30:02",1131,1073,35,23,493,436,35,22,1200,707,483,3,7,3,0,6,260,118,7,1,67,7,3,1,8,2
12,CĂLĂRAŞI,"SCOALA GIMNAZIALA NR 1 (LOCAL LANGA CAMINUL CULTURAL)",225,UNIREA,94651,2,PART,PRCNCT,S,S_SV,"2021-01-21 12:30:02",1320,1217,60,43,536,433,60,43,1300,764,517,9,10,7,0,6,285,145,18,0,44,1,2,3,3,3
12,CĂLĂRAŞI,"SCOALA GIMNAZIALA VALEA ARGOVEI",226,"VALEA ARGOVEI",105712,1,PROV,PRCNCT,S,S_SV,"2021-01-21 12:30:02",1355,1332,23,0,315,292,23,0,1500,1185,304,5,6,14,1,13,43,171,14,0,35,3,1,7,0,2
12,CĂLĂRAŞI,"SCOALA GENERALA SILISTEA",227,"VALEA ARGOVEI",105712,1,PROV,PRCNCT,S,S_SV,"2021-01-21 12:30:02",550,531,19,0,117,98,19,0,600,483,109,3,5,1,0,15,9,57,7,0,13,3,0,3,1,0
12,CĂLĂRAŞI,"ȘCOALA CONSTANTIN BRÂNCOVEANU, LOCALUL CU ETAJ",228,VASILAŢI,105829,1,PROV,PRCNCT,S,S_SV,"2021-01-21 12:30:02",966,931,28,7,226,191,28,7,996,770,213,8,5,7,0,7,34,117,6,0,30,3,0,4,3,2
12,CĂLĂRAŞI,"GRĂDINIȚA CU PROGRAM NORMAL VASILAȚI",229,VASILAŢI,105829,1,PROV,PRCNCT,S,S_SV,"2021-01-21 12:30:02",1814,1722,45,47,556,464,45,47,1800,1244,537,15,4,14,0,9,39,381,36,0,40,5,1,4,6,2
12,CĂLĂRAŞI,"ȘCOALA GIMNAZIALĂ NUCI",230,VASILAŢI,105829,1,PROV,PRCNCT,S,S_SV,"2021-01-21 12:30:02",297,281,12,4,89,73,12,4,400,311,83,6,0,1,0,1,6,60,3,0,6,3,2,0,1,0
12,CĂLĂRAŞI,"ȘCOALA GIMNAZIALĂ POPEȘTI",231,VASILAŢI,105829,1,PROV,PRCNCT,S,S_SV,"2021-01-21 12:30:02",272,265,6,1,50,43,6,1,301,251,50,0,0,3,0,1,12,24,1,1,3,2,1,0,2,0
12,CĂLĂRAŞI,"SCOALA GIMNAZIALA FLORENTA ALBU VILCELELE",232,VÂLCELELE,94731,1,PROV,PRCNCT,S,S_SV,"2021-01-21 12:30:02",1083,900,117,66,495,312,117,66,991,496,477,10,8,6,0,3,14,404,6,0,23,10,1,8,1,1
12,CĂLĂRAŞI,"CONSILIUL LOCAL VILCELELE",233,VÂLCELELE,94731,1,PROV,PRCNCT,S,S_SV,"2021-01-21 12:30:02",600,476,97,27,302,178,97,27,596,294,296,3,3,12,0,5,26,222,9,0,9,6,1,2,2,2
12,CĂLĂRAŞI,"ȘCOALA VLAD ȚEPEȘ",234,"VLAD ŢEPEŞ",94768,1,PROV,PRCNCT,S,S_SV,"2021-01-21 12:30:02",1179,1088,45,46,506,415,45,46,1200,694,486,9,11,7,1,8,109,293,6,1,25,14,4,10,6,2
12,CĂLĂRAŞI,"GRĂDINIȚA MIHAI VITEAZU",235,"VLAD ŢEPEŞ",94768,1,PROV,PRCNCT,S,S_SV,"2021-01-21 12:30:02",596,527,40,29,240,171,40,29,600,360,230,2,8,6,0,5,53,136,10,0,7,4,1,4,2,2
