precinct_county_nce,precinct_county_name,precinct_name,precinct_nr,uat_name,uat_siruta,report_version,report_stage_code,report_type_scope_code,report_type_category_code,report_type_code,created_at,a,a1,a2,a3,b,b1,b2,b3,c,d,e,f,g,"UNIUNEA DEMOCRATĂ MAGHIARĂ DIN ROMÂNIA-voturi","PARTIDUL SOCIAL DEMOCRAT-voturi","PARTIDUL PRO ROMÂNIA-voturi","PARTIDUL MIȘCAREA POPULARĂ-voturi","PARTIDUL NAȚIONAL LIBERAL-voturi","ALIANȚA USR PLUS-voturi","PARTIDUL NAȚIONAL ȚĂRĂNESC MANIU-MIHALACHE-voturi","ALIANȚA RENAȘTEREA NAȚIONALĂ-voturi","PARTIDUL VERDE-voturi","PARTIDUL ECOLOGIST ROMÂN-voturi","PARTIDUL PUTERII UMANISTE (SOCIAL-LIBERAL)-voturi","ALIANȚA PENTRU UNIREA ROMÂNILOR-voturi","PARTIDUL ROMÂNIA MARE-voturi","PARTIDUL NOUA ROMÂNIE-voturi","UNIUNEA ARMENILOR DIN ROMÂNIA-voturi","UNIUNEA CROAȚILOR DIN ROMÂNIA-voturi","ASOCIAȚIA MACEDONENILOR DIN ROMÂNIA-voturi","UNIUNEA BULGARĂ DIN BANAT-ROMÂNIA-voturi","ASOCIAȚIA LIGA ALBANEZILOR DIN ROMÂNIA-voturi","COMUNITATEA RUȘILOR LIPOVENI DIN ROMÂNIA-voturi","ASOCIAȚIA PARTIDA ROMILOR “PRO-EUROPA”-voturi","UNIUNEA DEMOCRATĂ TURCĂ DIN ROMÂNIA-voturi","UNIUNEA POLONEZILOR DIN ROMÂNIA-voturi","ASOCIAȚIA ITALIENILOR DIN ROMÂNIA – RO.AS.IT.-voturi","UNIUNEA CULTURALĂ A RUTENILOR DIN ROMÂNIA-voturi","FORUMUL DEMOCRAT AL GERMANILOR DIN ROMÂNIA-voturi","UNIUNEA UCRAINENILOR DIN ROMÂNIA-voturi","UNIUNEA ELENĂ DIN ROMÂNIA-voturi","UNIUNEA DEMOCRATICĂ A SLOVACILOR ȘI CEHILOR DIN ROMÂNIA-voturi","FEDERAȚIA COMUNITĂȚILOR EVREIEȘTI DIN ROMÂNIA-voturi","UNIUNEA SÂRBILOR DIN ROMÂNIA-voturi"
26,MARAMUREŞ,"AGENȚIA DE PLĂȚI ȘI INTERVENȚIE PENTRU AGRICULTURĂ MARAMUREȘ",1,"MUNICIPIUL BAIA MARE",106318,1,PROV,PRCNCT,CD,CD_SV,"2021-01-21 12:30:02",1350,1329,19,2,519,498,19,2,1400,881,517,2,0,4,94,21,37,165,155,1,3,1,5,2,23,1,0,0,0,0,0,1,0,0,0,1,0,0,0,1,0,1,1,0
26,MARAMUREŞ,"ECHIPAMENT CONTAINER MODULAR",2,"MUNICIPIUL BAIA MARE",106318,1,PROV,PRCNCT,CD,CD_SV,"2021-01-21 12:30:02",897,885,12,0,255,243,12,0,1000,745,247,4,4,18,64,15,23,48,48,1,1,1,5,1,18,2,1,0,0,0,0,0,0,0,0,0,0,0,0,1,0,0,0,0
26,MARAMUREŞ,"ŞCOALA GIMNAZIALĂ „DR. VICTOR BABEȘ”",3,"MUNICIPIUL BAIA MARE",106318,1,PROV,PRCNCT,CD,CD_SV,"2021-01-21 12:30:02",1751,1728,23,0,607,584,23,0,1800,1193,600,7,0,30,111,28,29,178,155,4,1,5,6,6,38,5,1,1,1,0,1,0,0,0,0,0,0,0,0,0,0,0,0,0
26,MARAMUREŞ,"ŞCOALA GIMNAZIALĂ „DR. VICTOR BABEȘ”",4,"MUNICIPIUL BAIA MARE",106318,1,PROV,PRCNCT,CD,CD_SV,"2021-01-21 12:30:02",1905,1853,50,2,625,573,50,2,1800,1175,618,6,1,41,97,34,50,171,159,0,3,4,3,12,35,2,1,0,0,0,1,0,0,0,0,0,0,0,4,1,0,0,0,0
26,MARAMUREŞ,"COLEGIUL TEHNIC „AUREL VLAICU”",5,"MUNICIPIUL BAIA MARE",106318,1,PROV,PRCNCT,CD,CD_SV,"2021-01-21 12:30:02",1661,1641,19,1,361,341,19,1,1800,1439,349,9,3,15,53,27,19,93,83,0,4,3,11,4,29,0,0,1,1,0,1,0,0,1,0,0,1,0,0,1,0,0,2,0
26,MARAMUREŞ,"COLEGIUL TEHNIC „AUREL VLAICU”",6,"MUNICIPIUL BAIA MARE",106318,1,PROV,PRCNCT,CD,CD_SV,"2021-01-21 12:30:02",1642,1622,20,0,449,429,20,0,1622,1173,444,4,1,22,97,17,17,121,105,2,4,6,8,2,37,3,0,0,0,0,0,0,0,0,0,0,0,0,1,0,0,0,2,0
26,MARAMUREŞ,"CENTRUL UNIVERSITAR NORD - „FACULTATEA TEHNICĂ”",7,"MUNICIPIUL BAIA MARE",106318,1,PROV,PRCNCT,CD,CD_SV,"2021-01-21 12:30:02",1352,1324,26,2,386,358,26,2,1400,1014,378,8,0,35,74,25,15,92,87,0,1,2,2,6,34,0,0,0,1,0,0,1,0,0,0,0,0,0,0,1,0,1,0,1
26,MARAMUREŞ,"ŞCOALA GIMNAZIALĂ „NICHITA STĂNESCU”",8,"MUNICIPIUL BAIA MARE",106318,1,PROV,PRCNCT,CD,CD_SV,"2021-01-21 12:30:02",1633,1607,24,2,549,523,24,2,1800,1251,546,2,1,41,84,22,35,153,153,3,1,5,5,4,32,2,3,0,0,0,0,0,0,0,0,0,0,0,0,3,0,0,0,0
26,MARAMUREŞ,"ŞCOALA GIMNAZIALĂ „NICHITA STĂNESCU”",9,"MUNICIPIUL BAIA MARE",106318,1,PROV,PRCNCT,CD,CD_SV,"2021-01-21 12:30:02",1572,1535,35,2,449,412,35,2,1600,1151,447,2,0,34,78,10,39,115,121,2,0,3,2,6,26,4,1,0,1,0,0,0,0,0,0,0,0,0,0,2,0,2,1,0
26,MARAMUREŞ,"ŞCOALA GIMNAZIALĂ „AVRAM IANCU”",10,"MUNICIPIUL BAIA MARE",106318,1,PROV,PRCNCT,CD,CD_SV,"2021-01-21 12:30:02",1029,1017,12,0,301,289,12,0,1200,899,296,4,1,22,50,10,16,84,92,1,1,5,3,3,5,0,0,0,1,0,1,0,0,1,0,0,0,0,0,1,0,0,0,0
26,MARAMUREŞ,"ŞCOALA GIMNAZIALĂ „AVRAM IANCU”",11,"MUNICIPIUL BAIA MARE",106318,1,PROV,PRCNCT,CD,CD_SV,"2021-01-21 12:30:02",1101,1066,24,11,363,328,24,11,1200,837,359,2,2,23,65,10,15,101,104,0,5,1,4,3,14,5,2,0,0,1,1,0,0,0,0,0,0,0,0,2,0,0,2,1
26,MARAMUREŞ,"ŞCOALA GIMNAZIALĂ „AVRAM IANCU”",12,"MUNICIPIUL BAIA MARE",106318,1,PROV,PRCNCT,CD,CD_SV,"2021-01-21 12:30:02",976,959,17,0,345,328,17,0,1000,655,341,3,1,48,74,8,18,82,81,1,0,2,4,2,14,1,1,0,1,0,1,0,0,1,1,0,0,0,0,1,0,0,0,0
26,MARAMUREŞ,"ŞCOALA GIMNAZIALĂ „AVRAM IANCU”",13,"MUNICIPIUL BAIA MARE",106318,1,PROV,PRCNCT,CD,CD_SV,"2021-01-21 12:30:02",1380,1369,11,0,458,447,11,0,1400,942,451,7,0,48,84,17,27,103,127,1,0,4,3,3,28,4,0,1,0,0,0,0,0,0,0,0,0,0,0,1,0,0,0,0
26,MARAMUREŞ,"CENTRUL UNIVERSITAR NORD - „FACULTATEA DE LITERE”",14,"MUNICIPIUL BAIA MARE",106318,2,PART,PRCNCT,CD,CD_SV,"2021-01-21 12:30:02",1409,1390,12,7,471,452,12,7,1400,929,465,6,0,53,78,13,19,107,153,0,3,3,12,2,13,4,2,0,0,0,0,0,0,0,0,0,0,0,1,2,0,0,0,0
26,MARAMUREŞ,"CENTRUL UNIVERSITAR NORD - „FACULTATEA DE LITERE”",15,"MUNICIPIUL BAIA MARE",106318,1,PROV,PRCNCT,CD,CD_SV,"2021-01-21 12:30:02",895,862,32,1,388,355,32,1,900,512,384,4,0,33,62,10,14,107,128,0,5,0,6,0,14,1,0,0,0,0,0,0,0,0,1,0,0,0,1,2,0,0,0,0
26,MARAMUREŞ,"ŞCOALA GIMNAZIALĂ „GEORGE COȘBUC”",16,"MUNICIPIUL BAIA MARE",106318,1,PROV,PRCNCT,CD,CD_SV,"2021-01-21 12:30:02",1190,1170,20,0,371,351,20,0,1200,829,366,4,1,57,45,13,14,96,99,1,0,2,7,2,24,1,0,0,0,0,0,0,0,1,0,0,1,0,0,2,0,1,0,0
26,MARAMUREŞ,"ŞCOALA GIMNAZIALĂ „GEORGE COȘBUC”",17,"MUNICIPIUL BAIA MARE",106318,2,PART,PRCNCT,CD,CD_SV,"2021-01-21 12:30:02",1096,1069,27,0,375,348,27,0,1000,625,362,10,3,41,78,11,16,84,85,1,0,5,5,3,26,4,2,0,0,0,0,0,0,0,0,0,0,0,0,1,0,0,0,0
26,MARAMUREŞ,"ŞCOALA GIMNAZIALĂ „NICOLAE IORGA”",18,"MUNICIPIUL BAIA MARE",106318,1,PROV,PRCNCT,CD,CD_SV,"2021-01-21 12:30:02",909,880,29,0,305,276,29,0,1000,695,302,2,1,34,54,9,13,99,73,0,0,2,3,1,7,3,0,0,0,0,0,0,0,0,1,0,0,1,0,2,0,0,0,0
26,MARAMUREŞ,"ŞCOALA GIMNAZIALĂ „NICOLAE IORGA”",19,"MUNICIPIUL BAIA MARE",106318,1,PROV,PRCNCT,CD,CD_SV,"2021-01-21 12:30:02",1162,1151,9,2,385,374,9,2,1200,815,378,5,2,41,59,13,26,112,95,0,1,2,6,4,17,0,0,1,0,0,0,0,0,0,0,0,0,0,0,1,0,0,0,0
26,MARAMUREŞ,"GRĂDINIȚA CU PROGRAM PRELUNGIT NR. 9",20,"MUNICIPIUL BAIA MARE",106318,1,PROV,PRCNCT,CD,CD_SV,"2021-01-21 12:30:02",1537,1524,13,0,507,494,13,0,1600,1093,504,3,0,32,109,24,34,111,149,0,4,6,8,5,15,1,4,0,0,0,0,0,0,0,0,0,0,1,0,1,0,0,0,0
26,MARAMUREŞ,"LICEUL TEORETIC „EMIL RACOVIȚĂ”",21,"MUNICIPIUL BAIA MARE",106318,1,PROV,PRCNCT,CD,CD_SV,"2021-01-21 12:30:02",1476,1447,26,3,394,365,26,3,1600,1206,392,2,0,52,89,17,33,85,73,0,0,5,5,2,23,4,0,0,2,0,0,0,0,0,0,0,0,0,2,0,0,0,0,0
26,MARAMUREŞ,"LICEUL TEORETIC „EMIL RACOVIȚĂ”",22,"MUNICIPIUL BAIA MARE",106318,1,PROV,PRCNCT,CD,CD_SV,"2021-01-21 12:30:02",1511,1488,20,3,449,426,20,3,1600,1151,441,7,1,27,90,17,17,140,109,4,4,2,5,5,17,2,0,0,0,0,0,0,0,0,0,0,0,0,0,1,1,0,0,0
26,MARAMUREŞ,"ŞCOALA GIMNAZIALĂ „ALEXANDRU IOAN CUZA”",23,"MUNICIPIUL BAIA MARE",106318,2,PART,PRCNCT,CD,CD_SV,"2021-01-21 12:30:02",1497,1419,38,40,486,408,38,40,1600,1114,477,6,3,19,106,12,34,124,107,3,6,4,6,6,32,4,3,1,0,1,1,0,0,2,1,0,0,0,1,1,3,0,0,0
26,MARAMUREŞ,"ŞCOALA GIMNAZIALĂ „ALEXANDRU IOAN CUZA”",24,"MUNICIPIUL BAIA MARE",106318,1,PROV,PRCNCT,CD,CD_SV,"2021-01-21 12:30:02",1604,1543,21,40,458,397,21,40,1800,1342,454,2,2,25,102,26,40,120,78,1,3,1,5,7,31,10,0,1,0,0,0,0,0,0,0,0,0,0,0,3,0,0,1,0
26,MARAMUREŞ,"GRĂDINIȚA CU PROGRAM PRELUNGIT „MICUL PRINŢ”",25,"MUNICIPIUL BAIA MARE",106318,1,PROV,PRCNCT,CD,CD_SV,"2021-01-21 12:30:02",1529,1500,29,0,405,376,29,0,1800,1395,391,13,1,25,86,15,28,122,62,2,0,5,6,1,35,2,0,0,1,0,0,0,0,0,0,0,0,0,0,1,0,0,0,0
26,MARAMUREŞ,"ŞCOALA GIMNAZIALĂ NR. 18",26,"MUNICIPIUL BAIA MARE",106318,1,PROV,PRCNCT,CD,CD_SV,"2021-01-21 12:30:02",1514,1482,32,0,449,417,32,0,1600,1151,449,0,0,33,76,13,32,126,110,4,1,5,7,2,33,1,1,1,0,0,0,0,0,0,0,0,0,0,1,2,1,0,0,0
26,MARAMUREŞ,"ŞCOALA GIMNAZIALĂ NR. 18",27,"MUNICIPIUL BAIA MARE",106318,1,PROV,PRCNCT,CD,CD_SV,"2021-01-21 12:30:02",1451,1432,19,0,358,339,19,0,1600,1242,350,6,2,23,93,17,23,71,56,3,2,2,7,2,36,7,1,1,0,0,0,0,0,0,0,1,0,1,0,1,0,1,2,0
26,MARAMUREŞ,"REGISTRU AUTO ROMÂN, REPREZENTANȚA MARAMUREȘ",28,"MUNICIPIUL BAIA MARE",106318,1,PROV,PRCNCT,CD,CD_SV,"2021-01-21 12:30:02",1401,1381,20,0,270,250,20,0,1400,1130,257,10,3,9,65,19,8,58,45,0,2,4,1,2,31,2,3,0,0,2,0,1,0,1,0,0,0,0,0,1,0,0,2,1
26,MARAMUREŞ,"GRĂDINIȚA CU PROGRAM PRELUNGIT NR. 28",29,"MUNICIPIUL BAIA MARE",106318,1,PROV,PRCNCT,CD,CD_SV,"2021-01-21 12:30:02",1461,1439,22,0,360,338,22,0,1600,1240,354,6,0,16,87,18,17,99,62,0,2,0,7,4,31,2,1,1,1,1,0,1,0,1,1,0,0,0,0,2,0,0,0,0
26,MARAMUREŞ,"GRĂDINIȚA CU PROGRAM PRELUNGIT NR. 25",30,"MUNICIPIUL BAIA MARE",106318,1,PROV,PRCNCT,CD,CD_SV,"2021-01-21 12:30:02",1448,1421,27,0,310,283,27,0,1400,1090,305,5,0,14,49,14,28,78,52,1,0,2,1,4,52,4,0,0,0,1,0,0,0,0,1,0,0,0,1,1,0,1,1,0
26,MARAMUREŞ,"GRĂDINIȚA CU PROGRAM PRELUNGIT NR. 25",31,"MUNICIPIUL BAIA MARE",106318,1,PROV,PRCNCT,CD,CD_SV,"2021-01-21 12:30:02",1272,1257,15,0,353,338,15,0,1200,847,352,1,0,19,85,21,17,90,81,3,4,2,5,1,19,1,0,0,0,0,0,0,0,1,0,0,0,0,0,1,2,0,0,0
26,MARAMUREŞ,"ŞCOALA GIMNAZIALĂ „ION LUCA CARAGIALE”",32,"MUNICIPIUL BAIA MARE",106318,1,PROV,PRCNCT,CD,CD_SV,"2021-01-21 12:30:02",895,879,16,0,221,205,16,0,902,681,219,1,1,11,58,7,11,73,37,0,0,1,1,2,14,2,1,0,0,0,0,0,1,0,0,0,0,0,0,0,0,0,0,0
26,MARAMUREŞ,"ŞCOALA GIMNAZIALĂ „ION LUCA CARAGIALE”",33,"MUNICIPIUL BAIA MARE",106318,1,PROV,PRCNCT,CD,CD_SV,"2021-01-21 12:30:02",1345,1328,17,0,363,346,17,0,1400,1037,358,4,1,27,83,15,27,90,75,1,2,3,3,5,17,3,1,0,0,0,0,0,0,0,1,0,1,0,0,3,1,0,0,0
26,MARAMUREŞ,"ŞCOALA GIMNAZIALĂ „ION LUCA CARAGIALE”",34,"MUNICIPIUL BAIA MARE",106318,4,PART,PRCNCT,CD,CD_SV,"2021-01-21 12:30:02",1275,1259,16,0,243,227,16,0,1200,957,233,5,5,9,62,10,23,42,26,3,3,4,4,2,35,4,2,0,0,0,0,0,1,2,0,0,0,1,0,0,0,0,0,0
26,MARAMUREŞ,"GRĂDINIȚA CU PROGRAM PRELUNGIT NR. 34",35,"MUNICIPIUL BAIA MARE",106318,1,PROV,PRCNCT,CD,CD_SV,"2021-01-21 12:30:02",1454,1421,33,0,422,389,33,0,1400,978,414,6,2,24,88,9,41,96,87,2,4,4,12,3,33,5,1,0,0,0,1,1,0,1,0,0,0,0,0,1,0,1,0,0
26,MARAMUREŞ,"GRĂDINIȚA CU PROGRAM PRELUNGIT „FLOARE DE COLŢ”",36,"MUNICIPIUL BAIA MARE",106318,1,PROV,PRCNCT,CD,CD_SV,"2021-01-21 12:30:02",1455,1435,20,0,381,361,20,0,1400,1019,378,3,0,23,75,12,24,79,100,1,4,4,6,6,29,4,2,0,0,0,0,1,0,1,1,0,0,3,1,1,0,0,1,0
26,MARAMUREŞ,"ŞCOALA GIMNAZIALĂ „ALEXANDRU IVASIUC”",37,"MUNICIPIUL BAIA MARE",106318,1,PROV,PRCNCT,CD,CD_SV,"2021-01-21 12:30:02",1444,1419,25,0,315,290,25,0,1400,1085,304,11,0,8,70,12,15,88,64,2,0,3,7,1,27,1,1,0,0,1,0,1,0,1,0,0,0,0,0,1,0,0,1,0
26,MARAMUREŞ,"ŞCOALA GIMNAZIALĂ „ALEXANDRU IVASIUC”",38,"MUNICIPIUL BAIA MARE",106318,1,PROV,PRCNCT,CD,CD_SV,"2021-01-21 12:30:02",1437,1423,14,0,416,402,14,0,1400,984,411,4,1,11,91,19,30,100,110,1,3,4,3,2,29,3,0,0,1,0,0,0,0,0,0,0,0,1,2,1,0,0,0,0
26,MARAMUREŞ,"ŞCOALA GIMNAZIALĂ „DIMITRIE CANTEMIR”",39,"MUNICIPIUL BAIA MARE",106318,1,PROV,PRCNCT,CD,CD_SV,"2021-01-21 12:30:02",1481,1452,27,2,417,388,27,2,1400,983,411,5,1,10,100,13,39,113,98,1,1,1,2,3,20,3,4,0,0,0,0,0,0,0,0,0,0,2,0,1,0,0,0,0
26,MARAMUREŞ,"ŞCOALA GIMNAZIALĂ „DIMITRIE CANTEMIR”",40,"MUNICIPIUL BAIA MARE",106318,1,PROV,PRCNCT,CD,CD_SV,"2021-01-21 12:30:02",1445,1426,17,2,335,316,17,2,1400,1065,330,4,1,14,73,12,33,85,65,3,4,1,1,3,29,3,1,0,0,0,0,0,0,0,0,0,0,0,0,1,1,0,1,0
26,MARAMUREŞ,"ŞCOALA GIMNAZIALĂ „DIMITRIE CANTEMIR”",41,"MUNICIPIUL BAIA MARE",106318,2,PART,PRCNCT,CD,CD_SV,"2021-01-21 12:30:02",1502,1482,20,0,416,396,20,0,1400,984,408,8,0,14,95,15,21,111,100,1,2,3,4,2,23,11,2,0,0,0,0,0,0,0,0,1,0,0,1,2,0,0,0,0
26,MARAMUREŞ,"ANSAMBLUL FOLCLORIC NAȚIONAL „TRANSILVANIA”",42,"MUNICIPIUL BAIA MARE",106318,1,PROV,PRCNCT,CD,CD_SV,"2021-01-21 12:30:02",1410,1380,29,1,484,454,29,1,1400,916,478,4,2,37,97,17,19,134,132,2,2,3,8,6,15,3,1,0,0,0,0,0,1,0,0,0,0,0,0,0,0,0,1,0
26,MARAMUREŞ,"LICEUL CU PROGRAM SPORTIV",43,"MUNICIPIUL BAIA MARE",106318,1,PROV,PRCNCT,CD,CD_SV,"2021-01-21 12:30:02",1458,1444,14,0,469,455,14,0,1600,1131,465,3,1,25,95,13,29,138,118,0,4,4,6,5,24,3,0,0,0,0,0,0,0,1,0,0,0,0,0,0,0,0,0,0
26,MARAMUREŞ,"LICEUL CU PROGRAM SPORTIV",44,"MUNICIPIUL BAIA MARE",106318,1,PROV,PRCNCT,CD,CD_SV,"2021-01-21 12:30:02",1228,1218,10,0,315,305,10,0,1400,1085,307,7,1,23,63,13,17,89,66,1,1,4,3,2,16,2,0,0,1,0,0,0,0,0,0,0,0,0,0,5,1,0,0,0
26,MARAMUREŞ,"LICEUL CU PROGRAM SPORTIV",45,"MUNICIPIUL BAIA MARE",106318,1,PROV,PRCNCT,CD,CD_SV,"2021-01-21 12:30:02",854,832,22,0,259,237,22,0,1000,741,256,3,0,12,55,11,11,74,64,0,2,4,0,1,16,6,0,0,0,0,0,0,0,0,0,0,0,0,0,0,0,0,0,0
26,MARAMUREŞ,"CENTRUL SOCIAL „ASSOC”",46,"MUNICIPIUL BAIA MARE",106318,1,PROV,PRCNCT,CD,CD_SV,"2021-01-21 12:30:02",1530,1517,13,0,442,429,13,0,1600,1158,437,3,2,12,89,28,32,109,122,3,4,4,8,4,19,1,2,0,0,0,0,0,0,0,0,0,0,0,0,0,0,0,0,0
26,MARAMUREŞ,"ADMINISTRAȚIA BAZELOR SPORTIVE",47,"MUNICIPIUL BAIA MARE",106318,1,PROV,PRCNCT,CD,CD_SV,"2021-01-21 12:30:02",1489,1465,24,0,460,436,24,0,1600,1140,454,4,2,25,84,26,31,102,134,1,1,2,5,3,30,3,1,0,1,0,0,0,0,1,0,0,0,1,0,3,0,0,0,0
26,MARAMUREŞ,"SALA SPORTURILOR „LASCĂR PANĂ”",48,"MUNICIPIUL BAIA MARE",106318,1,PROV,PRCNCT,CD,CD_SV,"2021-01-21 12:30:02",1382,1354,28,0,426,398,28,0,1400,974,419,7,0,29,78,9,27,118,117,3,2,4,4,3,15,7,1,0,0,0,0,0,0,0,0,0,0,0,1,1,0,0,0,0
26,MARAMUREŞ,"SALA SPORTURILOR „LASCĂR PANĂ”",49,"MUNICIPIUL BAIA MARE",106318,1,PROV,PRCNCT,CD,CD_SV,"2021-01-21 12:30:02",1611,1583,28,0,471,443,28,0,1600,1129,466,5,0,32,102,17,30,124,115,2,3,1,2,4,28,1,1,0,0,0,0,0,0,1,0,0,0,1,0,2,0,0,0,0
26,MARAMUREŞ,"BIBLIOTECA JUDEȚEANĂ „PETRE DULFU”",50,"MUNICIPIUL BAIA MARE",106318,1,PROV,PRCNCT,CD,CD_SV,"2021-01-21 12:30:02",1278,1257,21,0,489,468,21,0,1195,706,484,5,0,82,84,12,20,147,107,3,1,3,4,6,10,2,0,0,0,0,0,0,0,0,0,0,0,0,1,1,0,0,0,1
26,MARAMUREŞ,"LICEUL DE ARTE",51,"MUNICIPIUL BAIA MARE",106318,1,PROV,PRCNCT,CD,CD_SV,"2021-01-21 12:30:02",1153,1137,16,0,478,462,16,0,1200,722,469,8,1,54,74,20,20,153,123,3,1,3,4,0,8,3,2,0,0,0,0,0,0,0,0,0,0,0,1,0,0,0,0,0
26,MARAMUREŞ,"LICEUL DE ARTE",52,"MUNICIPIUL BAIA MARE",106318,1,PROV,PRCNCT,CD,CD_SV,"2021-01-21 12:30:02",1163,1149,14,0,461,447,14,0,1200,739,453,5,3,54,67,16,22,151,113,2,3,4,5,0,12,2,1,0,0,0,0,0,0,0,0,0,0,0,0,1,0,0,0,0
26,MARAMUREŞ,"LICEUL TEORETIC SANITAR",53,"MUNICIPIUL BAIA MARE",106318,2,PART,PRCNCT,CD,CD_SV,"2021-01-21 12:30:02",1378,1357,20,1,485,464,20,1,1400,915,476,8,1,70,72,13,21,136,126,0,3,1,4,3,19,2,0,0,1,0,0,0,1,0,0,0,1,0,1,0,0,0,2,0
26,MARAMUREŞ,"GRĂDINIȚA CU PROGRAM NORMAL NR. 12",54,"MUNICIPIUL BAIA MARE",106318,2,PART,PRCNCT,CD,CD_SV,"2021-01-21 12:30:02",1678,1662,16,0,507,491,16,0,1800,1293,497,6,4,67,71,21,22,135,136,0,5,4,2,5,19,2,0,0,0,0,0,0,0,1,1,0,0,0,0,3,0,0,3,0
26,MARAMUREŞ,"ŞCOALA GIMNAZIALĂ „NICOLAE BĂLCESCU”",55,"MUNICIPIUL BAIA MARE",106318,1,PROV,PRCNCT,CD,CD_SV,"2021-01-21 12:30:02",1551,1537,14,0,325,311,14,0,1600,1275,318,7,0,26,70,11,27,77,58,2,0,1,3,4,29,3,0,0,1,1,0,1,0,0,0,0,1,0,1,1,0,0,1,0
26,MARAMUREŞ,"ŞCOALA GIMNAZIALĂ „NICOLAE BĂLCESCU”",56,"MUNICIPIUL BAIA MARE",106318,1,PROV,PRCNCT,CD,CD_SV,"2021-01-21 12:30:02",1342,1335,7,0,306,299,7,0,1400,1094,295,9,2,11,77,15,30,65,41,3,1,1,2,0,37,2,0,0,0,1,1,1,0,3,0,0,1,1,1,1,0,0,0,0
26,MARAMUREŞ,"ŞCOALA GIMNAZIALĂ „MIHAIL SADOVEANU”",57,"MUNICIPIUL BAIA MARE",106318,1,PROV,PRCNCT,CD,CD_SV,"2021-01-21 12:30:02",1258,1247,11,0,302,291,11,0,1200,898,293,7,2,4,74,11,41,60,41,1,1,3,1,6,39,5,1,1,0,0,0,0,0,0,0,0,0,0,0,2,0,1,1,0
26,MARAMUREŞ,"ŞCOALA GIMNAZIALĂ „MIHAIL SADOVEANU”",58,"MUNICIPIUL BAIA MARE",106318,2,PART,PRCNCT,CD,CD_SV,"2021-01-21 12:30:02",1210,1199,11,0,311,300,11,0,1200,889,295,14,2,4,76,15,37,58,47,0,7,1,3,2,34,4,2,0,0,1,0,0,0,1,0,0,0,0,1,1,0,1,0,0
26,MARAMUREŞ,"ŞCOALA GIMNAZIALĂ NR. 13",59,"MUNICIPIUL BAIA MARE",106318,1,PROV,PRCNCT,CD,CD_SV,"2021-01-21 12:30:02",1374,1356,18,0,325,307,18,0,1400,1075,320,2,3,1,82,76,18,61,35,0,4,0,5,6,21,7,1,0,0,0,1,0,0,0,0,0,0,1,0,0,0,0,1,0
26,MARAMUREŞ,"ŞCOALA GIMNAZIALĂ „OCTAVIAN GOGA”",60,"MUNICIPIUL BAIA MARE",106318,1,PROV,PRCNCT,CD,CD_SV,"2021-01-21 12:30:02",1127,1113,14,0,361,347,14,0,1200,839,354,3,4,86,39,12,10,97,76,2,3,2,4,5,15,3,0,0,0,0,0,0,0,0,0,0,0,0,0,0,0,0,0,0
26,MARAMUREŞ,"ŞCOALA GIMNAZIALĂ „OCTAVIAN GOGA”",61,"MUNICIPIUL BAIA MARE",106318,1,PROV,PRCNCT,CD,CD_SV,"2021-01-21 12:30:02",1289,1233,18,38,453,397,18,38,1200,747,449,3,1,96,63,15,24,112,92,0,2,3,6,3,22,2,0,1,1,0,0,0,0,1,0,0,0,0,2,4,0,0,0,0
26,MARAMUREŞ,"COLEGIUL NAȚIONAL „GHEORGHE ȘINCAI”",62,"MUNICIPIUL BAIA MARE",106318,1,PROV,PRCNCT,CD,CD_SV,"2021-01-21 12:30:02",1618,1586,22,10,558,526,22,10,1600,1042,551,4,3,70,82,13,31,164,137,7,4,2,6,4,18,4,1,0,1,0,0,2,0,0,0,0,0,0,1,2,0,0,2,0
26,MARAMUREŞ,"COLEGIUL NAȚIONAL „VASILE LUCACIU”",63,"MUNICIPIUL BAIA MARE",106318,1,PROV,PRCNCT,CD,CD_SV,"2021-01-21 12:30:02",1445,1415,30,0,430,400,30,0,1600,1170,425,3,2,60,74,16,24,113,96,1,1,3,4,2,20,1,2,0,0,0,0,0,0,1,1,0,0,0,1,1,0,0,4,0
26,MARAMUREŞ,"COLEGIUL TEHNIC „GEORGE BARIȚIU”",64,"MUNICIPIUL BAIA MARE",106318,1,PROV,PRCNCT,CD,CD_SV,"2021-01-21 12:30:02",1466,1426,40,0,537,497,40,0,1599,1062,534,2,1,50,95,28,28,153,139,1,1,4,6,6,14,2,0,0,0,0,0,0,1,0,0,0,0,1,3,1,0,0,1,0
26,MARAMUREŞ,"ȘCOALA GIMNAZIALĂ „LUCIAN BLAGA”",65,"MUNICIPIUL BAIA MARE",106318,1,PROV,PRCNCT,CD,CD_SV,"2021-01-21 12:30:02",1154,1115,26,13,365,326,26,13,1200,835,360,5,0,30,55,12,30,103,86,0,1,7,8,3,18,5,1,1,0,0,0,0,0,0,0,0,0,0,0,0,0,0,0,0
26,MARAMUREŞ,"ȘCOALA GIMNAZIALĂ „LUCIAN BLAGA”",66,"MUNICIPIUL BAIA MARE",106318,3,PART,PRCNCT,CD,CD_SV,"2021-01-21 12:30:02",1084,1056,24,4,354,326,24,4,1200,846,348,5,1,29,69,11,18,91,97,1,6,1,1,0,17,1,0,0,0,0,0,0,0,0,0,0,1,1,0,0,0,0,2,2
26,MARAMUREŞ,"ȘCOALA GIMNAZIALĂ „LUCIAN BLAGA”",67,"MUNICIPIUL BAIA MARE",106318,1,PROV,PRCNCT,CD,CD_SV,"2021-01-21 12:30:02",1701,1677,23,1,600,576,23,1,1800,1200,595,4,1,64,127,23,41,183,114,1,4,2,9,7,14,0,1,0,0,0,1,0,0,1,1,0,0,0,0,0,1,0,1,0
26,MARAMUREŞ,"ȘCOALA GIMNAZIALĂ „LUCIAN BLAGA”",68,"MUNICIPIUL BAIA MARE",106318,1,PROV,PRCNCT,CD,CD_SV,"2021-01-21 12:30:02",1620,1598,22,0,407,385,22,0,1600,1193,397,6,4,23,67,14,20,100,122,1,7,4,1,1,25,5,3,0,0,0,0,0,0,2,1,0,0,0,0,1,0,0,0,0
26,MARAMUREŞ,"COLEGIUL TEHNIC „ANGHEL SALIGNY”",69,"MUNICIPIUL BAIA MARE",106318,1,PROV,PRCNCT,CD,CD_SV,"2021-01-21 12:30:02",1690,1661,29,0,663,634,29,0,1800,1137,656,6,1,57,103,21,28,199,185,1,5,2,6,4,35,1,0,0,0,0,0,1,0,3,0,0,0,1,0,0,1,0,2,1
26,MARAMUREŞ,"SC DRUMURI ȘI PODURI MARAMUREȘ SA",70,"MUNICIPIUL BAIA MARE",106318,1,PROV,PRCNCT,CD,CD_SV,"2021-01-21 12:30:02",1473,1456,17,0,274,257,17,0,1600,1326,268,4,2,8,49,21,23,55,44,5,0,2,11,2,29,5,1,0,0,0,0,0,0,7,0,0,0,0,2,1,1,2,0,0
26,MARAMUREŞ,"CENTRUL „PHOENIX”",71,"MUNICIPIUL BAIA MARE",106318,1,PROV,PRCNCT,CD,CD_SV,"2021-01-21 12:30:02",1450,1431,19,0,272,253,19,0,1400,1128,258,14,0,7,38,12,14,56,62,0,1,0,3,2,50,7,0,0,0,0,1,0,0,4,1,0,0,0,0,0,0,0,0,0
26,MARAMUREŞ,"ŞCOALA GIMNAZIALĂ „VASILE ALECSANDRI”",72,"MUNICIPIUL BAIA MARE",106318,1,PROV,PRCNCT,CD,CD_SV,"2021-01-21 12:30:02",1509,1475,33,1,396,362,33,1,1600,1204,393,3,0,19,72,14,25,93,112,0,0,3,7,3,38,2,0,0,1,0,1,0,0,1,0,0,0,1,0,1,0,0,0,0
26,MARAMUREŞ,"ŞCOALA GIMNAZIALĂ „VASILE ALECSANDRI”",73,"MUNICIPIUL BAIA MARE",106318,1,PROV,PRCNCT,CD,CD_SV,"2021-01-21 12:30:02",1566,1537,27,2,337,308,27,2,1600,1263,334,2,1,4,60,13,32,76,94,0,6,1,3,2,39,2,0,0,0,0,0,0,0,1,0,0,0,1,0,0,0,0,0,0
26,MARAMUREŞ,"ŞCOALA GIMNAZIALĂ „VASILE ALECSANDRI”",74,"MUNICIPIUL BAIA MARE",106318,1,PROV,PRCNCT,CD,CD_SV,"2021-01-21 12:30:02",1459,1443,16,0,322,306,16,0,1600,1278,313,8,1,7,55,15,22,79,76,1,4,3,4,4,41,0,0,0,0,0,0,0,0,2,0,0,0,0,0,0,0,0,0,0
26,MARAMUREŞ,"ŞCOALA GIMNAZIALĂ „VASILE ALECSANDRI”",75,"MUNICIPIUL BAIA MARE",106318,1,PROV,PRCNCT,CD,CD_SV,"2021-01-21 12:30:02",1592,1581,11,0,373,362,11,0,1600,1227,370,1,2,22,43,18,28,94,111,1,2,2,8,2,30,3,1,0,0,0,0,1,0,3,0,0,0,0,0,0,0,1,0,0
26,MARAMUREŞ,"ŞCOALA GIMNAZIALĂ „VASILE ALECSANDRI”",76,"MUNICIPIUL BAIA MARE",106318,1,PROV,PRCNCT,CD,CD_SV,"2021-01-21 12:30:02",1286,1269,17,0,257,240,17,0,1300,1043,251,6,0,12,54,18,23,43,53,1,1,0,5,6,28,1,0,0,0,1,0,0,0,5,0,0,0,0,0,0,0,0,0,0
26,MARAMUREŞ,"GRĂDINIȚA CU PROGRAM PRELUNGIT „OTILIA CAZIMIR”",77,"MUNICIPIUL BAIA MARE",106318,1,PROV,PRCNCT,CD,CD_SV,"2021-01-21 12:30:02",1632,1602,30,0,504,474,30,0,1600,1096,499,4,1,19,100,11,25,147,130,0,5,2,7,6,36,6,2,1,0,0,0,0,0,0,0,0,0,0,0,2,0,0,0,0
26,MARAMUREŞ,"GRĂDINIȚA CU PROGRAM PRELUNGIT „OTILIA CAZIMIR”",78,"MUNICIPIUL BAIA MARE",106318,1,PROV,PRCNCT,CD,CD_SV,"2021-01-21 12:30:02",1335,1320,15,0,242,227,15,0,1400,1158,238,2,2,9,47,12,24,60,43,1,2,1,2,0,29,1,1,2,0,0,0,1,0,1,0,0,0,0,0,0,2,0,0,0
26,MARAMUREŞ,"CENTRUL „SFÂNTUL FRANCISC DE ASSISI”",79,"MUNICIPIUL BAIA MARE",106318,1,PROV,PRCNCT,CD,CD_SV,"2021-01-21 12:30:02",1522,1503,19,0,340,321,19,0,1600,1260,330,10,0,16,53,10,35,87,79,0,5,2,10,4,21,3,0,0,0,0,0,1,0,0,0,0,0,0,2,0,0,0,1,1
26,MARAMUREŞ,"GRĂDINIȚA CU PROGRAM PRELUNGIT NR. 27",80,"MUNICIPIUL BAIA MARE",106318,1,PROV,PRCNCT,CD,CD_SV,"2021-01-21 12:30:02",1776,1748,28,0,432,404,28,0,1800,1368,429,3,0,9,69,14,30,111,129,8,2,6,7,4,27,5,0,1,0,1,0,1,0,3,0,0,0,0,1,0,0,0,0,1
26,MARAMUREŞ,"ŞCOALA GIMNAZIALĂ „SIMION BĂRNUȚIU”",81,"MUNICIPIUL BAIA MARE",106318,1,PROV,PRCNCT,CD,CD_SV,"2021-01-21 12:30:02",1852,1819,33,0,404,371,33,0,1800,1396,399,4,1,11,70,27,39,96,103,0,2,0,4,4,36,2,0,0,0,0,0,0,0,2,2,0,0,0,0,0,0,0,1,0
26,MARAMUREŞ,"ŞCOALA GIMNAZIALĂ „SIMION BĂRNUȚIU”",82,"MUNICIPIUL BAIA MARE",106318,1,PROV,PRCNCT,CD,CD_SV,"2021-01-21 12:30:02",1973,1955,18,0,554,536,18,0,1900,1346,548,6,0,26,83,32,44,144,137,1,2,3,8,7,44,7,3,0,0,2,0,0,0,2,0,1,0,1,0,0,1,0,0,0
26,MARAMUREŞ,"CENTRUL „SALVAȚI FAMILIA”",83,"MUNICIPIUL BAIA MARE",106318,1,PROV,PRCNCT,CD,CD_SV,"2021-01-21 12:30:02",1962,1937,25,0,555,530,25,0,2003,1448,549,6,0,22,75,28,34,157,162,4,3,2,8,3,46,1,1,0,0,0,0,0,0,0,0,0,0,0,0,0,1,0,1,1
26,MARAMUREŞ,"CENTRUL COMUNITAR ROMANII",84,"MUNICIPIUL BAIA MARE",106318,1,PROV,PRCNCT,CD,CD_SV,"2021-01-21 12:30:02",1238,1226,12,0,186,174,12,0,1200,1014,171,10,5,20,32,3,7,49,17,2,0,1,0,1,29,2,0,0,1,1,1,0,0,4,0,0,0,0,0,0,0,0,1,0
26,MARAMUREŞ,"COLEGIUL TEHNIC „COSTIN D. NENIȚESCU”",85,"MUNICIPIUL BAIA MARE",106318,1,PROV,PRCNCT,CD,CD_SV,"2021-01-21 12:30:02",1503,1484,19,0,285,266,19,0,1599,1314,269,11,5,12,47,9,10,80,26,0,4,1,6,3,45,13,4,0,0,0,0,0,0,5,1,0,0,0,0,0,2,0,0,1
26,MARAMUREŞ,"COLEGIUL TEHNIC „COSTIN D. NENIȚESCU”",86,"MUNICIPIUL BAIA MARE",106318,1,PROV,PRCNCT,CD,CD_SV,"2021-01-21 12:30:02",1323,1311,12,0,382,370,12,0,1395,1013,372,8,2,87,51,10,23,88,73,0,4,1,3,1,18,1,5,0,1,0,0,1,0,1,0,0,0,0,3,0,1,0,0,0
26,MARAMUREŞ,"ȘCOALA GENERALĂ NR. 8",87,"MUNICIPIUL SIGHETU MARMAŢIEI",106559,1,PROV,PRCNCT,CD,CD_SV,"2021-01-21 12:30:02",1108,1100,8,0,248,240,8,0,1200,952,247,1,0,1,122,6,4,66,5,8,1,1,1,1,18,6,2,1,0,1,0,0,0,0,0,0,0,0,0,1,0,0,1,1
26,MARAMUREŞ,"ȘCOALA GENERALĂ NR. 1",88,"MUNICIPIUL SIGHETU MARMAŢIEI",106559,1,PROV,PRCNCT,CD,CD_SV,"2021-01-21 12:30:02",1463,1445,18,0,290,272,18,0,1600,1310,284,4,2,3,119,12,8,68,30,5,0,0,2,7,22,3,2,0,1,0,0,0,0,0,0,0,0,0,0,1,1,0,0,0
26,MARAMUREŞ,"ȘCOALA GENERALĂ NR. 11",89,"MUNICIPIUL SIGHETU MARMAŢIEI",106559,1,PROV,PRCNCT,CD,CD_SV,"2021-01-21 12:30:02",1108,1098,10,0,219,209,10,0,1200,981,211,8,0,15,64,6,7,50,19,3,3,0,4,3,22,4,2,0,0,0,0,0,0,1,1,0,0,0,0,6,0,0,0,1
26,MARAMUREŞ,"GRĂDINIȚA NR. 12",90,"MUNICIPIUL SIGHETU MARMAŢIEI",106559,1,PROV,PRCNCT,CD,CD_SV,"2021-01-21 12:30:02",1469,1447,22,0,316,294,22,0,1400,1084,305,10,1,23,83,16,13,94,28,5,5,2,1,1,23,6,0,0,0,0,0,1,0,0,0,0,0,0,0,3,0,0,1,0
26,MARAMUREŞ,"UNIVERSITATEA „BABEȘ-BOLYAI”",91,"MUNICIPIUL SIGHETU MARMAŢIEI",106559,1,PROV,PRCNCT,CD,CD_SV,"2021-01-21 12:30:02",1208,1190,18,0,224,206,18,0,1200,976,223,0,1,15,57,17,6,71,25,3,0,3,3,3,11,2,0,0,0,0,0,0,0,0,0,0,1,0,0,5,0,1,0,0
26,MARAMUREŞ,"UNIVERSITATEA „BABEȘ-BOLYAI”",92,"MUNICIPIUL SIGHETU MARMAŢIEI",106559,1,PROV,PRCNCT,CD,CD_SV,"2021-01-21 12:30:02",537,526,11,0,101,90,11,0,600,499,100,1,0,12,42,4,2,14,12,1,0,0,3,2,2,1,1,0,0,0,0,0,0,0,0,0,1,0,0,3,0,0,0,0
26,MARAMUREŞ,"LICEUL „REGELE FERDINAND”",93,"MUNICIPIUL SIGHETU MARMAŢIEI",106559,1,PROV,PRCNCT,CD,CD_SV,"2021-01-21 12:30:02",919,878,15,26,216,175,15,26,800,584,204,8,4,12,57,10,10,54,13,3,0,1,4,1,31,1,0,0,0,1,0,1,0,0,0,0,0,0,0,4,0,0,1,0
26,MARAMUREŞ,"LICEUL „REGELE FERDINAND”",94,"MUNICIPIUL SIGHETU MARMAŢIEI",106559,1,PROV,PRCNCT,CD,CD_SV,"2021-01-21 12:30:02",1082,1051,19,12,297,266,19,12,1200,903,288,9,0,12,110,17,17,66,27,9,1,2,4,1,8,3,0,0,1,0,0,1,1,0,0,0,0,2,1,2,1,0,2,0
26,MARAMUREŞ,"COLEGIUL NAȚIONAL „DRAGOȘ VODĂ”",95,"MUNICIPIUL SIGHETU MARMAŢIEI",106559,1,PROV,PRCNCT,CD,CD_SV,"2021-01-21 12:30:02",921,907,14,0,230,216,14,0,1000,770,228,1,1,25,64,9,15,66,24,4,1,0,1,0,9,1,1,1,1,0,0,0,0,1,0,0,0,0,0,5,0,0,0,0
26,MARAMUREŞ,"COLEGIUL NAȚIONAL „DRAGOȘ VODĂ”",96,"MUNICIPIUL SIGHETU MARMAŢIEI",106559,2,PART,PRCNCT,CD,CD_SV,"2021-01-21 12:30:02",831,823,8,0,214,206,8,0,1000,786,211,2,1,13,51,6,11,71,30,6,7,1,2,0,10,2,0,0,0,0,0,0,0,0,0,0,0,0,0,1,0,0,0,0
26,MARAMUREŞ,"COLEGIUL NAȚIONAL „DRAGOȘ VODĂ”",97,"MUNICIPIUL SIGHETU MARMAŢIEI",106559,1,PROV,PRCNCT,CD,CD_SV,"2021-01-21 12:30:02",1489,1472,17,0,303,286,17,0,1600,1297,288,14,1,53,85,11,12,61,33,5,1,0,1,0,15,2,1,0,0,0,0,0,0,0,0,0,0,0,0,4,1,0,3,0
26,MARAMUREŞ,"LICEUL „TARAS SEVCENCO”",98,"MUNICIPIUL SIGHETU MARMAŢIEI",106559,1,PROV,PRCNCT,CD,CD_SV,"2021-01-21 12:30:02",1232,1214,18,0,306,288,18,0,1200,894,295,10,1,56,54,15,19,60,35,10,1,1,5,0,15,1,1,0,1,0,0,0,0,4,0,0,0,0,0,11,0,1,5,0
26,MARAMUREŞ,"LICEUL „TARAS SEVCENCO”",99,"MUNICIPIUL SIGHETU MARMAŢIEI",106559,1,PROV,PRCNCT,CD,CD_SV,"2021-01-21 12:30:02",1265,1256,9,0,316,307,9,0,1200,884,311,4,1,30,90,11,8,94,30,6,1,3,6,2,15,4,0,0,0,0,0,0,0,0,0,0,0,0,0,9,0,0,2,0
26,MARAMUREŞ,"ȘCOALA GENERALĂ NR. 2",100,"MUNICIPIUL SIGHETU MARMAŢIEI",106559,1,PROV,PRCNCT,CD,CD_SV,"2021-01-21 12:30:02",1415,1406,9,0,363,354,9,0,1400,1037,353,6,4,68,85,13,21,96,38,10,0,0,1,0,7,3,2,0,0,0,0,1,0,0,1,0,0,0,0,5,0,0,2,0
26,MARAMUREŞ,"GRĂDINIȚA NR. 9",101,"MUNICIPIUL SIGHETU MARMAŢIEI",106559,1,PROV,PRCNCT,CD,CD_SV,"2021-01-21 12:30:02",1596,1578,13,5,407,389,13,5,1600,1193,404,3,0,76,97,18,7,98,63,3,1,0,5,4,21,1,0,0,0,1,0,0,0,1,0,0,0,0,1,5,0,0,2,0
26,MARAMUREŞ,"ȘCOALA GENERALĂ NR. 9",102,"MUNICIPIUL SIGHETU MARMAŢIEI",106559,1,PROV,PRCNCT,CD,CD_SV,"2021-01-21 12:30:02",1241,1231,10,0,321,311,10,0,1400,1079,317,4,0,22,77,28,12,77,60,9,2,2,4,1,15,3,0,0,0,0,0,0,0,0,0,0,1,0,0,4,0,0,0,0
26,MARAMUREŞ,"ȘCOALA GENERALĂ NR. 9",103,"MUNICIPIUL SIGHETU MARMAŢIEI",106559,1,PROV,PRCNCT,CD,CD_SV,"2021-01-21 12:30:02",1130,1116,14,0,253,239,14,0,1200,947,242,6,5,21,66,16,8,65,32,6,3,0,3,1,10,1,1,0,0,0,0,0,0,1,0,0,0,0,0,7,0,0,0,1
26,MARAMUREŞ,"LICEUL TEHNOLOGIC FORESTIER",104,"MUNICIPIUL SIGHETU MARMAŢIEI",106559,4,PART,PRCNCT,CD,CD_SV,"2021-01-21 12:30:02",898,882,16,0,203,187,16,0,1000,797,201,2,0,17,57,16,6,50,29,6,0,3,2,0,9,1,0,0,0,0,0,0,0,1,0,0,0,0,0,4,0,0,0,0
26,MARAMUREŞ,"LICEUL TEHNOLOGIC FORESTIER",105,"MUNICIPIUL SIGHETU MARMAŢIEI",106559,1,PROV,PRCNCT,CD,CD_SV,"2021-01-21 12:30:02",1117,1092,25,0,265,240,25,0,1200,935,262,3,0,22,71,12,14,73,20,9,5,0,3,0,20,3,1,1,0,0,0,0,0,0,0,0,0,0,0,8,0,0,0,0
26,MARAMUREŞ,"ȘCOALA GENERALĂ NR. 6",106,"MUNICIPIUL SIGHETU MARMAŢIEI",106559,1,PROV,PRCNCT,CD,CD_SV,"2021-01-21 12:30:02",1813,1804,9,0,350,341,9,0,2000,1650,346,4,0,27,116,17,20,65,51,3,0,0,9,6,18,1,0,0,0,1,1,0,0,0,0,0,0,0,0,11,0,0,0,0
26,MARAMUREŞ,"ȘCOALA GENERALĂ NR. 10",107,"MUNICIPIUL SIGHETU MARMAŢIEI",106559,1,PROV,PRCNCT,CD,CD_SV,"2021-01-21 12:30:02",1382,1372,10,0,274,264,10,0,1400,1126,267,6,1,15,71,21,7,64,47,6,1,1,2,5,19,4,0,0,0,1,0,0,0,0,0,0,0,0,0,3,0,0,0,0
26,MARAMUREŞ,"ȘCOALA GENERALĂ NR. 10",108,"MUNICIPIUL SIGHETU MARMAŢIEI",106559,1,PROV,PRCNCT,CD,CD_SV,"2021-01-21 12:30:02",813,790,23,0,166,143,23,0,800,634,155,11,0,19,40,8,12,34,21,2,1,0,1,2,9,3,0,0,0,0,0,0,0,0,0,0,0,0,0,3,0,0,0,0
26,MARAMUREŞ,"ȘCOALA GENERALĂ NR. 10",109,"MUNICIPIUL SIGHETU MARMAŢIEI",106559,1,PROV,PRCNCT,CD,CD_SV,"2021-01-21 12:30:02",964,949,14,1,195,180,14,1,1000,805,189,6,0,14,49,9,5,48,23,7,2,0,1,2,24,0,0,1,0,0,0,1,0,0,0,0,0,0,0,3,0,0,0,0
26,MARAMUREŞ,"GRĂDINIȚA NR. 1",110,"MUNICIPIUL SIGHETU MARMAŢIEI",106559,1,PROV,PRCNCT,CD,CD_SV,"2021-01-21 12:30:02",1048,1029,19,0,258,239,19,0,1000,742,249,4,5,24,78,10,6,66,38,1,1,1,2,2,14,1,0,0,0,0,0,0,0,0,0,0,1,0,0,4,0,0,0,0
26,MARAMUREŞ,"GRĂDINIȚA NR. 1",111,"MUNICIPIUL SIGHETU MARMAŢIEI",106559,1,PROV,PRCNCT,CD,CD_SV,"2021-01-21 12:30:02",847,834,13,0,183,170,13,0,1000,817,177,6,0,9,43,11,6,55,30,4,0,0,1,1,11,1,0,0,0,0,1,0,0,1,0,0,0,0,0,3,0,0,0,0
26,MARAMUREŞ,"SALA POLIVALENTĂ",112,"MUNICIPIUL SIGHETU MARMAŢIEI",106559,1,PROV,PRCNCT,CD,CD_SV,"2021-01-21 12:30:02",1043,1025,18,0,243,225,18,0,1000,757,236,7,0,8,80,15,9,54,35,4,2,0,5,0,18,1,0,0,0,0,0,0,1,0,0,0,0,0,0,3,1,0,0,0
26,MARAMUREŞ,"SALA POLIVALENTĂ",113,"MUNICIPIUL SIGHETU MARMAŢIEI",106559,2,PART,PRCNCT,CD,CD_SV,"2021-01-21 12:30:02",838,829,9,0,167,158,9,0,1000,833,163,3,1,20,51,11,6,36,19,3,0,0,4,0,7,1,2,0,0,0,0,1,0,0,0,0,0,1,0,1,0,0,0,0
26,MARAMUREŞ,"SALA POLIVALENTĂ",114,"MUNICIPIUL SIGHETU MARMAŢIEI",106559,1,PROV,PRCNCT,CD,CD_SV,"2021-01-21 12:30:02",1877,1870,7,0,414,407,7,0,2000,1586,402,9,3,13,139,18,17,94,45,15,1,1,13,3,30,2,1,0,0,0,0,0,1,0,0,0,0,0,1,6,0,1,0,1
26,MARAMUREŞ,"ȘCOALA GENERALĂ NR. 5",115,"MUNICIPIUL SIGHETU MARMAŢIEI",106559,1,PROV,PRCNCT,CD,CD_SV,"2021-01-21 12:30:02",1253,1232,17,4,296,275,17,4,1400,1104,287,6,3,2,83,15,17,80,34,8,0,1,5,1,26,7,3,0,0,0,0,0,0,0,0,0,0,0,0,4,0,1,0,0
26,MARAMUREŞ,"ȘCOALA GENERALĂ NR. 5",116,"MUNICIPIUL SIGHETU MARMAŢIEI",106559,1,PROV,PRCNCT,CD,CD_SV,"2021-01-21 12:30:02",1368,1354,14,0,292,278,14,0,1400,1108,287,4,1,6,97,11,4,85,32,12,1,0,1,2,27,3,1,0,1,0,0,0,0,1,0,0,0,0,0,2,0,1,0,0
26,MARAMUREŞ,"ȘCOALA GENERALĂ NR. 7",117,"MUNICIPIUL SIGHETU MARMAŢIEI",106559,1,PROV,PRCNCT,CD,CD_SV,"2021-01-21 12:30:02",830,818,12,0,159,147,12,0,1000,841,154,4,1,2,46,6,8,61,12,0,0,0,4,1,12,1,0,0,0,0,0,0,0,0,0,0,0,0,0,1,0,0,0,0
26,MARAMUREŞ,"COLEGIUL TEHNIC DE TRANSPORTURI AUTO",118,"ORAŞ BAIA SPRIE",106684,1,PROV,PRCNCT,CD,CD_SV,"2021-01-21 12:30:02",1179,1168,11,0,285,274,11,0,1200,915,279,5,1,85,38,11,4,61,47,0,0,8,2,2,17,1,0,0,0,0,0,0,0,1,0,0,1,0,0,1,0,0,0,0
26,MARAMUREŞ,"COLEGIUL TEHNIC DE TRANSPORTURI AUTO",119,"ORAŞ BAIA SPRIE",106684,1,PROV,PRCNCT,CD,CD_SV,"2021-01-21 12:30:02",1236,1224,12,0,292,280,12,0,1400,1108,290,2,0,73,44,8,8,94,42,4,2,1,1,2,5,4,0,0,0,0,0,0,0,1,1,0,0,0,0,0,0,0,0,0
26,MARAMUREŞ,"COLEGIUL TEHNIC DE TRANSPORTURI AUTO",120,"ORAŞ BAIA SPRIE",106684,1,PROV,PRCNCT,CD,CD_SV,"2021-01-21 12:30:02",1152,1130,22,0,218,196,22,0,1200,982,214,4,0,26,36,5,15,68,32,0,1,3,5,5,18,0,0,0,0,0,0,0,0,0,0,0,0,0,0,0,0,0,0,0
26,MARAMUREŞ,"COLEGIUL TEHNIC DE TRANSPORTURI AUTO",121,"ORAŞ BAIA SPRIE",106684,1,PROV,PRCNCT,CD,CD_SV,"2021-01-21 12:30:02",1238,1216,7,15,307,285,7,15,1400,1093,305,2,0,25,54,18,9,102,53,2,0,8,2,3,21,1,3,0,0,1,0,1,0,1,0,0,0,0,0,0,0,1,0,0
26,MARAMUREŞ,"ȘCOALA GIMNAZIALĂ",122,"ORAŞ BAIA SPRIE",106684,1,PROV,PRCNCT,CD,CD_SV,"2021-01-21 12:30:02",1632,1617,15,0,281,266,15,0,1800,1519,271,10,0,11,69,10,16,65,46,1,4,6,4,0,35,2,1,0,0,0,0,0,0,1,0,0,0,0,0,0,0,0,0,0
26,MARAMUREŞ,"ȘCOALA GIMNAZIALĂ",123,"ORAŞ BAIA SPRIE",106684,2,PART,PRCNCT,CD,CD_SV,"2021-01-21 12:30:02",1464,1451,12,1,361,348,12,1,1600,1239,352,7,2,34,72,18,11,98,62,0,2,21,2,3,23,3,0,0,1,0,0,0,0,2,0,0,0,0,0,0,0,0,0,0
26,MARAMUREŞ,"ȘCOALA GIMNAZIALĂ",124,"ORAŞ BAIA SPRIE",106684,1,PROV,PRCNCT,CD,CD_SV,"2021-01-21 12:30:02",541,529,12,0,134,122,12,0,600,466,133,1,0,1,29,10,11,26,28,0,1,3,2,3,16,0,0,0,1,0,0,0,0,0,0,0,0,0,0,0,1,1,0,0
26,MARAMUREŞ,"ȘCOALA GIMNAZIALĂ „IOAN SLAVICI”",125,"ORAŞ BAIA SPRIE",106684,1,PROV,PRCNCT,CD,CD_SV,"2021-01-21 12:30:02",946,931,15,0,263,248,15,0,1000,737,258,3,2,1,31,10,13,66,38,1,2,59,7,2,21,3,0,0,0,0,0,0,0,0,0,0,0,1,1,1,0,0,1,0
26,MARAMUREŞ,"SALA DE SPORT",126,"ORAŞ BAIA SPRIE",106684,1,PROV,PRCNCT,CD,CD_SV,"2021-01-21 12:30:02",892,869,23,0,292,269,23,0,1000,708,283,7,2,10,44,5,32,85,55,3,2,6,7,1,28,3,0,0,0,0,0,0,0,1,0,0,0,0,0,1,0,0,0,0
26,MARAMUREŞ,"SALA DE SPORT",127,"ORAŞ BAIA SPRIE",106684,1,PROV,PRCNCT,CD,CD_SV,"2021-01-21 12:30:02",1272,1262,10,0,311,301,10,0,1400,1089,301,10,0,36,66,10,17,65,53,0,0,14,4,3,25,1,1,0,0,0,0,1,0,0,0,1,0,0,1,0,0,1,1,1
26,MARAMUREŞ,"ȘCOALA GIMNAZIALĂ „IOAN SLAVICI”",128,"ORAŞ BAIA SPRIE",106684,1,PROV,PRCNCT,CD,CD_SV,"2021-01-21 12:30:02",1403,1229,16,158,385,217,16,152,1400,1015,366,9,10,17,130,12,14,74,45,1,3,9,8,9,25,5,2,1,1,1,0,1,0,1,1,0,0,0,3,0,0,0,3,0
26,MARAMUREŞ,"ȘCOALA GIMNAZIALĂ „IOAN SLAVICI”",129,"ORAŞ BAIA SPRIE",106684,1,PROV,PRCNCT,CD,CD_SV,"2021-01-21 12:30:02",1206,1189,17,0,282,265,17,0,1200,918,272,8,2,3,67,8,15,77,51,1,5,3,8,6,15,6,0,0,0,0,4,0,0,1,0,0,0,0,1,1,0,0,0,0
26,MARAMUREŞ,"ŞCOALA NR. 1",130,"ORAŞ BORŞA",106746,1,PROV,PRCNCT,CD,CD_SV,"2021-01-21 12:30:02",1417,1412,5,0,184,179,5,0,1400,1216,178,4,2,1,55,8,7,51,9,0,5,1,2,18,15,0,1,0,0,0,0,1,0,0,0,0,0,0,0,2,0,0,1,1
26,MARAMUREŞ,"ŞCOALA NR. 1",131,"ORAŞ BORŞA",106746,1,PROV,PRCNCT,CD,CD_SV,"2021-01-21 12:30:02",1362,1352,10,0,250,240,10,0,1400,1150,233,13,4,1,55,4,9,58,23,0,3,6,2,31,29,3,3,0,1,1,0,0,0,0,1,0,0,1,0,1,0,0,1,0
26,MARAMUREŞ,"ŞCOALA NR. 8",132,"ORAŞ BORŞA",106746,1,PROV,PRCNCT,CD,CD_SV,"2021-01-21 12:30:02",1313,1307,6,0,192,186,6,0,1400,1208,182,4,6,3,57,11,2,36,11,2,0,6,2,21,29,0,0,0,0,0,0,1,0,0,0,0,0,0,1,0,0,0,0,0
26,MARAMUREŞ,"ŞCOALA NR. 8",133,"ORAŞ BORŞA",106746,1,PROV,PRCNCT,CD,CD_SV,"2021-01-21 12:30:02",1336,1324,12,0,245,233,12,0,1400,1155,233,8,4,0,58,5,6,69,24,0,1,6,5,22,31,1,2,0,0,0,0,0,0,0,0,0,1,0,0,2,0,0,0,0
26,MARAMUREŞ,"ŞCOALA NR. 9",134,"ORAŞ BORŞA",106746,1,PROV,PRCNCT,CD,CD_SV,"2021-01-21 12:30:02",1614,1601,12,1,260,247,12,1,1800,1540,256,0,4,0,65,6,8,72,30,3,6,1,1,33,24,2,1,0,1,0,0,0,0,0,0,0,0,0,0,1,0,0,0,2
26,MARAMUREŞ,"ŞCOALA NR. 9",135,"ORAŞ BORŞA",106746,1,PROV,PRCNCT,CD,CD_SV,"2021-01-21 12:30:02",1070,1057,13,0,200,187,13,0,1200,1000,198,2,0,2,39,7,3,74,13,0,1,5,2,19,26,1,0,0,0,0,1,1,0,0,0,0,2,0,0,1,0,0,1,0
26,MARAMUREŞ,"ŞCOALA NR. 9 CORP B",136,"ORAŞ BORŞA",106746,1,PROV,PRCNCT,CD,CD_SV,"2021-01-21 12:30:02",1126,1114,12,0,199,187,12,0,1200,1001,196,2,1,3,61,10,5,47,16,0,2,8,3,21,13,4,0,0,0,0,0,0,0,0,0,0,0,1,1,1,0,0,0,0
26,MARAMUREŞ,"ŞCOALA NR. 9 CORP B",137,"ORAŞ BORŞA",106746,1,PROV,PRCNCT,CD,CD_SV,"2021-01-21 12:30:02",822,809,11,2,154,141,11,2,1000,846,152,2,0,1,36,4,5,50,10,1,2,0,4,22,11,0,1,0,0,0,0,0,0,0,0,0,0,0,0,4,1,0,0,0
26,MARAMUREŞ,"ŞCOALA NR. 9 CORP B",138,"ORAŞ BORŞA",106746,1,PROV,PRCNCT,CD,CD_SV,"2021-01-21 12:30:02",1107,1059,19,29,221,173,19,29,1200,979,216,4,1,2,58,12,5,76,15,0,1,4,3,18,9,3,1,1,1,1,0,0,0,0,0,0,0,0,1,2,1,0,1,1
26,MARAMUREŞ,"ŞCOALA GÎRLEA",139,"ORAŞ BORŞA",106746,1,PROV,PRCNCT,CD,CD_SV,"2021-01-21 12:30:02",1070,1062,8,0,183,175,8,0,1200,1017,180,3,0,3,61,2,8,50,7,1,0,0,6,20,12,5,0,0,0,0,0,0,0,1,0,0,0,0,0,4,0,0,0,0
26,MARAMUREŞ,"ŞCOALA REPEDEA",140,"ORAŞ BORŞA",106746,1,PROV,PRCNCT,CD,CD_SV,"2021-01-21 12:30:02",839,827,12,0,118,106,12,0,1000,882,116,2,0,1,38,5,1,30,8,0,0,1,2,11,12,1,0,1,1,0,0,0,0,1,0,0,0,0,1,1,0,0,0,1
26,MARAMUREŞ,"ŞCOALA REPEDEA",141,"ORAŞ BORŞA",106746,1,PROV,PRCNCT,CD,CD_SV,"2021-01-21 12:30:02",1016,1008,8,0,170,162,8,0,1200,1030,164,6,0,1,43,5,5,60,9,0,0,4,1,15,14,1,0,0,0,0,1,1,0,0,0,2,1,0,0,1,0,0,0,0
26,MARAMUREŞ,"ŞCOALA POIANA",142,"ORAŞ BORŞA",106746,1,PROV,PRCNCT,CD,CD_SV,"2021-01-21 12:30:02",952,943,9,0,193,184,9,0,1000,807,191,2,0,1,53,9,9,53,16,0,0,1,4,20,20,0,0,0,1,1,0,0,0,0,0,0,0,0,0,2,0,1,0,0
26,MARAMUREŞ,"ŞCOALA POIANA",143,"ORAŞ BORŞA",106746,1,PROV,PRCNCT,CD,CD_SV,"2021-01-21 12:30:02",986,976,10,0,166,156,10,0,1000,834,161,5,0,1,44,6,2,53,7,0,2,3,2,6,28,2,2,0,0,0,0,1,0,1,0,0,0,0,0,0,0,0,1,0
26,MARAMUREŞ,"ŞCOALA BIRŢ",144,"ORAŞ BORŞA",106746,1,PROV,PRCNCT,CD,CD_SV,"2021-01-21 12:30:02",1333,1317,16,0,239,223,16,0,1400,1161,224,11,4,1,66,6,6,62,16,0,0,4,1,13,37,6,1,1,0,0,0,0,0,0,0,0,0,0,1,1,0,1,0,1
26,MARAMUREŞ,"ŞCOALA FÎNTÎNA",145,"ORAŞ BORŞA",106746,1,PROV,PRCNCT,CD,CD_SV,"2021-01-21 12:30:02",1163,1148,15,0,179,164,15,0,1200,1021,170,7,2,6,27,3,2,60,15,3,0,7,3,11,21,4,3,0,0,0,0,0,0,1,0,0,0,0,0,1,0,2,1,0
26,MARAMUREŞ,"ŞCOALA ROTUNDU",146,"ORAŞ BORŞA",106746,1,PROV,PRCNCT,CD,CD_SV,"2021-01-21 12:30:02",1132,1119,13,0,191,178,13,0,1200,1009,176,5,10,1,75,19,3,30,3,0,1,1,2,11,20,2,1,0,0,0,0,0,0,0,0,0,0,1,1,1,2,1,0,1
26,MARAMUREŞ,"ŞCOALA ROTUNDU",147,"ORAŞ BORŞA",106746,1,PROV,PRCNCT,CD,CD_SV,"2021-01-21 12:30:02",1211,1200,11,0,236,225,11,0,1400,1164,232,4,0,1,78,23,6,56,13,1,0,2,1,22,22,0,1,0,0,0,1,0,0,0,0,0,0,0,1,1,0,0,0,3
26,MARAMUREŞ,"ŞCOALA NR. 7",148,"ORAŞ BORŞA",106746,1,PROV,PRCNCT,CD,CD_SV,"2021-01-21 12:30:02",1209,1205,4,0,201,197,4,0,1400,1199,197,4,0,11,62,4,10,54,13,3,4,0,3,17,10,3,0,0,0,0,0,1,0,0,0,0,1,0,1,0,0,0,0,0
26,MARAMUREŞ,"ŞCOALA NR. 7",149,"ORAŞ BORŞA",106746,1,PROV,PRCNCT,CD,CD_SV,"2021-01-21 12:30:02",1350,1342,8,0,244,236,8,0,1400,1156,234,8,2,9,89,9,7,37,19,0,1,7,1,20,30,1,0,0,0,0,0,0,0,0,1,0,0,0,0,1,0,0,2,0
26,MARAMUREŞ,"COLEGIUL ECONOMIC „PINTEA VITEAZUL”",150,"ORAŞ CAVNIC",106782,1,PROV,PRCNCT,CD,CD_SV,"2021-01-21 12:30:02",1770,1749,21,0,429,408,21,0,1800,1371,421,7,1,10,97,26,36,68,65,0,2,2,3,17,91,2,0,0,0,0,0,1,0,0,0,0,0,0,0,1,0,0,0,0
26,MARAMUREŞ,"ŞCOALA GENERALĂ NR. 2",151,"ORAŞ CAVNIC",106782,1,PROV,PRCNCT,CD,CD_SV,"2021-01-21 12:30:02",1704,1668,18,18,410,374,18,18,1800,1390,400,8,2,5,116,7,37,82,50,2,0,0,7,8,75,4,2,0,0,0,0,0,0,1,0,0,0,0,0,1,0,0,2,1
26,MARAMUREŞ,"ŞCOALA GENERALĂ NR. 1",152,"ORAŞ CAVNIC",106782,2,PART,PRCNCT,CD,CD_SV,"2021-01-21 12:30:02",796,782,14,0,143,129,14,0,800,657,139,2,2,11,19,4,22,35,13,2,0,0,0,1,29,1,0,0,0,0,1,0,0,0,0,0,0,0,0,1,0,0,0,0
26,MARAMUREŞ,"SALA DE SPORT",153,"ORAŞ DRAGOMIREŞTI",108017,1,PROV,PRCNCT,CD,CD_SV,"2021-01-21 12:30:02",1228,1211,17,0,356,339,17,0,1400,1044,343,3,10,1,146,22,40,68,21,1,1,0,2,3,25,4,1,0,1,0,1,1,0,0,0,0,1,1,0,2,0,0,0,1
26,MARAMUREŞ,"CĂMINUL CULTURAL",154,"ORAŞ DRAGOMIREŞTI",108017,1,PROV,PRCNCT,CD,CD_SV,"2021-01-21 12:30:02",1339,1320,19,0,380,361,19,0,1400,1020,375,2,3,2,176,16,39,65,29,2,0,0,5,3,22,6,3,0,0,1,0,0,0,1,0,0,2,0,0,1,1,1,0,0
26,MARAMUREŞ,"CASA DE CULTURĂ",155,"ORAŞ SĂLIŞTEA DE SUS",108892,1,PROV,PRCNCT,CD,CD_SV,"2021-01-21 12:30:02",1635,1625,10,0,395,385,10,0,1800,1405,375,14,6,3,143,17,16,84,36,9,0,0,6,1,46,3,1,1,1,0,1,1,0,0,0,2,0,0,1,2,0,0,0,1
26,MARAMUREŞ,"ŞCOALA GIMNAZIALĂ „MIHAI EMINESCU”",156,"ORAŞ SĂLIŞTEA DE SUS",108892,1,PROV,PRCNCT,CD,CD_SV,"2021-01-21 12:30:02",1557,1542,14,1,368,353,14,1,1600,1232,358,8,2,0,140,18,24,95,36,14,2,1,6,4,8,4,0,0,0,1,1,0,0,0,1,0,0,0,0,1,0,0,2,0
26,MARAMUREŞ,"ŞCOALA GIMNAZIALĂ „MIHAI EMINESCU” LOCAL CENTRU 2",157,"ORAŞ SĂLIŞTEA DE SUS",108892,1,PROV,PRCNCT,CD,CD_SV,"2021-01-21 12:30:02",1040,1024,14,2,194,178,14,2,1200,1006,187,2,5,0,88,12,3,44,13,9,1,1,7,2,3,1,0,0,0,1,0,0,0,0,0,1,0,0,0,1,0,0,0,0
26,MARAMUREŞ,"CASA DE CULTURĂ",158,"ORAŞ SEINI",108963,1,PROV,PRCNCT,CD,CD_SV,"2021-01-21 12:30:02",1803,1755,36,12,517,469,36,12,1800,1283,509,7,1,14,208,8,34,113,77,1,2,0,2,2,42,3,0,0,0,1,0,0,0,0,1,0,0,0,0,1,0,0,0,0
26,MARAMUREŞ,"ŞCOALA GENERALĂ NR. 1",159,"ORAŞ SEINI",108963,1,PROV,PRCNCT,CD,CD_SV,"2021-01-21 12:30:02",1758,1722,28,8,592,556,28,8,1800,1208,562,21,9,30,241,12,52,102,52,2,4,0,5,5,35,9,2,1,0,0,0,0,0,4,1,0,1,0,1,0,1,1,1,0
26,MARAMUREŞ,"LICEUL TEHNOLOGIC AGRICOL „ALEXIU BERINDE”, ŞCOALA GENERALĂ SEINI",160,"ORAŞ SEINI",108963,1,PROV,PRCNCT,CD,CD_SV,"2021-01-21 12:30:02",1961,1912,33,16,549,500,33,16,2000,1451,536,11,2,91,165,5,38,137,50,1,2,2,4,4,24,5,0,0,1,1,1,2,0,0,1,0,0,0,0,0,1,0,1,0
26,MARAMUREŞ,"ŞCOALA MAGHIARĂ",161,"ORAŞ SEINI",108963,1,PROV,PRCNCT,CD,CD_SV,"2021-01-21 12:30:02",1325,1286,33,6,383,344,33,6,1400,1017,379,2,2,32,157,7,18,86,47,1,1,0,2,2,17,3,2,1,1,1,0,0,0,1,0,0,0,0,0,0,0,0,0,0
26,MARAMUREŞ,ŞCOALA,162,"ORAŞ SEINI",108963,1,PROV,PRCNCT,CD,CD_SV,"2021-01-21 12:30:02",726,697,22,7,225,196,22,7,800,575,220,4,1,2,88,3,19,50,24,1,0,0,5,0,22,2,2,0,0,0,0,0,0,1,0,0,0,1,0,0,0,0,0,0
26,MARAMUREŞ,"SALA MULTIFUNCŢIONALĂ VIILE APEI",163,"ORAŞ SEINI",108963,1,PROV,PRCNCT,CD,CD_SV,"2021-01-21 12:30:02",571,549,21,1,209,187,21,1,600,391,204,2,3,20,99,1,21,31,19,1,0,0,1,1,7,0,1,0,0,0,0,1,0,1,0,0,0,0,0,0,0,0,0,0
26,MARAMUREŞ,"CASA DE CULTURĂ",164,"ORAŞ ŞOMCUTA MARE",109176,1,PROV,PRCNCT,CD,CD_SV,"2021-01-21 12:30:02",884,861,23,0,251,228,23,0,1000,749,247,3,1,6,73,16,16,63,36,8,1,0,2,3,19,3,0,0,0,1,0,0,0,0,0,0,0,0,0,0,0,0,0,0
26,MARAMUREŞ,"ȘCOALA GENERALĂ CU CLASELE I-IV",165,"ORAŞ ŞOMCUTA MARE",109176,1,PROV,PRCNCT,CD,CD_SV,"2021-01-21 12:30:02",744,723,21,0,193,172,21,0,800,607,192,1,0,8,76,10,2,47,32,1,0,0,1,1,11,2,0,0,0,0,0,0,0,0,0,0,0,1,0,0,0,0,0,0
26,MARAMUREŞ,"GRĂDINIȚA CU PROGRAM PRELUNGIT",166,"ORAŞ ŞOMCUTA MARE",109176,1,PROV,PRCNCT,CD,CD_SV,"2021-01-21 12:30:02",1000,972,28,0,283,255,28,0,1000,717,272,11,0,7,105,12,17,65,41,4,1,0,1,2,16,0,0,0,0,0,0,0,0,1,0,0,0,0,0,0,0,0,0,0
26,MARAMUREŞ,"ȘCOALA GENERALĂ NR. 2",167,"ORAŞ ŞOMCUTA MARE",109176,1,PROV,PRCNCT,CD,CD_SV,"2021-01-21 12:30:02",787,777,10,0,146,136,10,0,800,654,123,7,16,4,73,1,12,13,3,0,0,0,2,0,4,0,0,0,0,1,0,0,0,10,0,0,0,0,0,0,0,0,0,0
26,MARAMUREŞ,"CĂMINUL CULTURAL",168,"ORAŞ ŞOMCUTA MARE",109176,3,PART,PRCNCT,CD,CD_SV,"2021-01-21 12:30:02",647,629,18,0,208,190,18,0,800,592,206,1,1,1,92,14,9,49,18,3,1,1,1,1,9,2,2,0,0,0,0,0,0,1,1,1,0,0,0,0,0,0,0,0
26,MARAMUREŞ,"ȘCOALA GENERALĂ",169,"ORAŞ ŞOMCUTA MARE",109176,1,PROV,PRCNCT,CD,CD_SV,"2021-01-21 12:30:02",320,310,10,0,119,109,10,0,400,281,119,0,0,1,61,7,5,26,4,0,0,0,1,0,9,4,0,0,0,0,0,0,0,1,0,0,0,0,0,0,0,0,0,0
26,MARAMUREŞ,"ȘCOALA GENERALĂ",170,"ORAŞ ŞOMCUTA MARE",109176,1,PROV,PRCNCT,CD,CD_SV,"2021-01-21 12:30:02",212,198,14,0,95,81,14,0,200,105,95,0,0,1,65,5,3,11,5,0,0,0,0,2,2,0,0,0,0,0,0,0,0,1,0,0,0,0,0,0,0,0,0,0
26,MARAMUREŞ,"ȘCOALA GENERALĂ",171,"ORAŞ ŞOMCUTA MARE",109176,2,PART,PRCNCT,CD,CD_SV,"2021-01-21 12:30:02",563,516,45,2,197,150,45,2,600,403,193,2,2,1,85,12,5,53,15,0,0,0,1,1,12,2,3,0,0,0,0,0,0,2,0,0,0,0,0,0,0,0,1,0
26,MARAMUREŞ,"CĂMINUL CULTURAL",172,"ORAŞ ŞOMCUTA MARE",109176,2,PART,PRCNCT,CD,CD_SV,"2021-01-21 12:30:02",229,214,15,0,124,109,15,0,400,276,120,1,3,4,66,6,2,24,14,0,0,0,1,0,1,0,1,1,0,0,0,0,0,0,0,0,0,0,0,0,0,0,0,0
26,MARAMUREŞ,"CĂMINUL CULTURAL",173,"ORAŞ ŞOMCUTA MARE",109176,1,PROV,PRCNCT,CD,CD_SV,"2021-01-21 12:30:02",533,514,19,0,205,186,19,0,600,395,203,1,1,2,75,43,9,37,16,0,1,0,1,0,14,2,1,0,0,0,0,0,0,1,0,0,0,0,0,0,0,0,1,0
26,MARAMUREŞ,"CĂMINUL CULTURAL",174,"ORAŞ ŞOMCUTA MARE",109176,1,PROV,PRCNCT,CD,CD_SV,"2021-01-21 12:30:02",631,614,16,1,247,230,16,1,600,353,241,5,1,1,136,12,3,50,10,1,0,0,3,2,15,2,2,0,0,0,0,1,0,2,0,0,0,0,0,0,0,1,0,0
26,MARAMUREŞ,"ȘCOALA GENERALĂ",175,"ORAŞ TĂUŢII-MĂGHERĂUŞ",106461,1,PROV,PRCNCT,CD,CD_SV,"2021-01-21 12:30:02",896,867,29,0,301,272,29,0,1000,699,296,3,2,77,35,9,15,108,24,0,0,0,6,1,12,5,0,1,0,0,0,0,0,1,0,0,0,0,0,1,1,0,0,0
26,MARAMUREŞ,"ȘCOALA GENERALĂ",176,"ORAŞ TĂUŢII-MĂGHERĂUŞ",106461,1,PROV,PRCNCT,CD,CD_SV,"2021-01-21 12:30:02",593,570,23,0,165,142,23,0,600,435,164,0,1,4,30,7,31,59,24,0,0,0,4,0,1,1,1,0,0,0,0,0,0,0,0,0,0,2,0,0,0,0,0,0
26,MARAMUREŞ,"ȘCOALA GENERALĂ",177,"ORAŞ TĂUŢII-MĂGHERĂUŞ",106461,1,PROV,PRCNCT,CD,CD_SV,"2021-01-21 12:30:02",592,580,12,0,178,166,12,0,600,422,175,3,0,6,44,5,25,66,8,0,0,1,8,2,7,0,0,0,0,0,0,0,0,0,0,0,0,0,0,2,0,0,1,0
26,MARAMUREŞ,"SALA MULTIFUNCȚIONALĂ MĂGHERĂUȘ",178,"ORAŞ TĂUŢII-MĂGHERĂUŞ",106461,1,PROV,PRCNCT,CD,CD_SV,"2021-01-21 12:30:02",1325,1278,44,3,499,452,44,3,1400,901,492,7,0,10,60,35,37,172,122,1,3,2,11,2,25,5,1,0,2,0,0,0,0,1,1,0,0,0,0,1,0,0,0,1
26,MARAMUREŞ,"LICEUL TEHNOLOGIC „TRAIAN VUIA”",179,"ORAŞ TĂUŢII-MĂGHERĂUŞ",106461,1,PROV,PRCNCT,CD,CD_SV,"2021-01-21 12:30:02",1191,1137,54,0,462,408,54,0,1200,738,458,4,0,37,66,12,42,163,97,3,0,2,6,4,17,3,1,0,1,0,0,0,0,0,0,0,1,0,0,3,0,0,0,0
26,MARAMUREŞ,"GRĂDINIȚA HOȘTEZE",180,"ORAŞ TĂUŢII-MĂGHERĂUŞ",106461,1,PROV,PRCNCT,CD,CD_SV,"2021-01-21 12:30:02",867,842,24,1,268,243,24,1,1000,732,265,2,1,19,44,14,13,102,58,0,1,1,2,0,7,1,1,0,0,0,0,0,1,0,0,0,0,0,0,1,0,0,0,0
26,MARAMUREŞ,"CANTONUL SILVIC",181,"ORAŞ TĂUŢII-MĂGHERĂUŞ",106461,1,PROV,PRCNCT,CD,CD_SV,"2021-01-21 12:30:02",246,224,16,6,89,67,16,6,400,311,87,1,1,3,19,2,2,42,6,0,0,0,1,1,11,0,0,0,0,0,0,0,0,0,0,0,0,0,0,0,0,0,0,0
26,MARAMUREŞ,"GRĂDINIȚA ROȘTI",182,"ORAŞ TĂUŢII-MĂGHERĂUŞ",106461,1,PROV,PRCNCT,CD,CD_SV,"2021-01-21 12:30:02",510,490,18,2,204,184,18,2,600,396,200,3,1,7,31,4,14,85,30,0,0,0,8,1,14,1,2,0,0,1,0,0,0,0,1,0,0,0,0,0,0,0,1,0
26,MARAMUREŞ,"CĂMINUL CULTURAL",183,"ORAŞ TĂUŢII-MĂGHERĂUŞ",106461,1,PROV,PRCNCT,CD,CD_SV,"2021-01-21 12:30:02",578,560,16,2,178,160,16,2,600,422,174,3,1,3,32,7,12,64,35,0,1,1,1,4,11,1,0,0,0,0,0,1,0,0,0,0,0,0,0,1,0,0,0,0
26,MARAMUREŞ,"CĂMINUL CULTURAL",184,"ORAŞ TĂUŢII-MĂGHERĂUŞ",106461,2,PART,PRCNCT,CD,CD_SV,"2021-01-21 12:30:02",295,267,28,0,133,105,28,0,400,267,132,1,0,3,16,3,20,48,30,0,0,0,4,0,5,1,1,0,0,0,0,0,0,0,0,0,0,0,1,0,0,0,0,0
26,MARAMUREŞ,"CĂMINUL CULTURAL",185,"ORAŞ TĂUŢII-MĂGHERĂUŞ",106461,1,PROV,PRCNCT,CD,CD_SV,"2021-01-21 12:30:02",167,154,13,0,96,83,13,0,200,104,93,1,2,2,24,1,3,55,1,0,0,0,1,0,0,1,3,0,0,0,0,0,0,1,0,0,0,0,0,1,0,0,0,0
26,MARAMUREŞ,"GRĂDINIȚA 9 MAI",186,"ORAŞ TĂUŢII-MĂGHERĂUŞ",106461,1,PROV,PRCNCT,CD,CD_SV,"2021-01-21 12:30:02",353,341,12,0,133,121,12,0,400,267,129,2,2,1,30,2,25,39,6,0,0,0,6,3,13,2,1,0,0,0,0,0,0,0,0,0,0,0,0,1,0,0,0,0
26,MARAMUREŞ,"CASA ORĂŞENEASCĂ DE CULTURĂ",187,"ORAŞ TÂRGU LĂPUŞ",106817,1,PROV,PRCNCT,CD,CD_SV,"2021-01-21 12:30:02",1680,1637,42,1,483,440,42,1,1800,1317,477,6,0,28,124,20,14,154,75,6,0,1,9,11,26,2,1,0,1,0,0,0,0,2,0,0,1,0,0,0,0,1,0,1
26,MARAMUREŞ,"CENTRUL ȘCOLAR PENTRU EDUCAȚIE INCLUZIVĂ",188,"ORAŞ TÂRGU LĂPUŞ",106817,1,PROV,PRCNCT,CD,CD_SV,"2021-01-21 12:30:02",1913,1877,26,10,521,485,26,10,2000,1479,510,8,3,28,135,18,16,172,60,2,8,2,3,5,49,4,0,0,0,1,0,0,1,3,1,1,0,0,0,0,0,0,1,0
26,MARAMUREŞ,"PRIMĂRIA ORAŞULUI TÎRGU LĂPUŞ",189,"ORAŞ TÂRGU LĂPUŞ",106817,1,PROV,PRCNCT,CD,CD_SV,"2021-01-21 12:30:02",1361,1338,22,1,407,384,22,1,1400,993,400,5,2,31,110,15,15,124,51,1,4,0,4,5,33,3,1,0,0,0,0,0,0,0,0,0,0,0,0,0,0,2,1,0
26,MARAMUREŞ,"ŞCOALA GENERALĂ",190,"ORAŞ TÂRGU LĂPUŞ",106817,1,PROV,PRCNCT,CD,CD_SV,"2021-01-21 12:30:02",304,283,21,0,74,53,21,0,400,326,72,2,0,1,17,2,3,13,11,2,0,0,6,0,11,2,0,0,0,1,0,1,0,1,0,0,0,0,0,0,1,0,0,0
26,MARAMUREŞ,"ŞCOALA GENERALĂ",191,"ORAŞ TÂRGU LĂPUŞ",106817,1,PROV,PRCNCT,CD,CD_SV,"2021-01-21 12:30:02",422,412,10,0,126,116,10,0,600,474,124,2,0,2,24,4,11,69,7,0,0,0,1,0,4,2,0,0,0,0,0,0,0,0,0,0,0,0,0,0,0,0,0,0
26,MARAMUREŞ,"ŞCOALA GENERALĂ",192,"ORAŞ TÂRGU LĂPUŞ",106817,1,PROV,PRCNCT,CD,CD_SV,"2021-01-21 12:30:02",182,167,14,1,59,44,14,1,200,141,59,0,0,1,9,1,8,24,6,1,0,0,1,0,4,2,0,0,0,1,0,0,0,1,0,0,0,0,0,0,0,0,0,0
26,MARAMUREŞ,"ŞCOALA GENERALĂ",193,"ORAŞ TÂRGU LĂPUŞ",106817,1,PROV,PRCNCT,CD,CD_SV,"2021-01-21 12:30:02",778,768,10,0,134,124,10,0,800,666,131,2,1,75,9,3,2,15,7,0,1,1,3,0,13,0,0,0,0,0,0,1,0,0,1,0,0,0,0,0,0,0,0,0
26,MARAMUREŞ,"ŞCOALA GENERALĂ",194,"ORAŞ TÂRGU LĂPUŞ",106817,1,PROV,PRCNCT,CD,CD_SV,"2021-01-21 12:30:02",325,316,9,0,88,79,9,0,400,312,84,2,2,2,14,1,5,51,1,0,0,0,2,1,3,2,0,0,0,0,0,0,0,1,0,0,0,0,0,0,0,0,1,0
26,MARAMUREŞ,"ŞCOALA GENERALĂ",195,"ORAŞ TÂRGU LĂPUŞ",106817,1,PROV,PRCNCT,CD,CD_SV,"2021-01-21 12:30:02",186,175,11,0,65,54,11,0,200,135,65,0,0,1,15,8,1,21,8,0,2,0,2,1,3,0,0,0,1,0,0,0,0,1,0,0,0,0,0,0,0,0,1,0
26,MARAMUREŞ,"ŞCOALA GENERALĂ",196,"ORAŞ TÂRGU LĂPUŞ",106817,1,PROV,PRCNCT,CD,CD_SV,"2021-01-21 12:30:02",219,197,22,0,63,41,22,0,200,137,62,0,1,1,14,5,2,22,2,0,0,0,3,1,8,2,0,0,0,0,0,1,0,1,0,0,0,0,0,0,0,0,0,0
26,MARAMUREŞ,"ŞCOALA GENERALĂ",197,"ORAŞ TÂRGU LĂPUŞ",106817,1,PROV,PRCNCT,CD,CD_SV,"2021-01-21 12:30:02",75,63,12,0,26,14,12,0,200,174,26,0,0,1,4,2,1,14,1,0,0,0,2,0,1,0,0,0,0,0,0,0,0,0,0,0,0,0,0,0,0,0,0,0
26,MARAMUREŞ,"ŞCOALA GENERALĂ",198,"ORAŞ TÂRGU LĂPUŞ",106817,1,PROV,PRCNCT,CD,CD_SV,"2021-01-21 12:30:02",219,206,13,0,56,43,13,0,200,144,55,1,0,1,10,1,5,24,3,0,0,0,1,2,6,1,1,0,0,0,0,0,0,0,0,0,0,0,0,0,0,0,0,0
26,MARAMUREŞ,"ȘCOALA GENERALA",199,"ORAŞ TÂRGU LĂPUŞ",106817,3,PART,PRCNCT,CD,CD_SV,"2021-01-21 12:30:02",652,642,10,0,123,113,10,0,800,677,121,1,1,2,46,1,4,39,5,0,4,0,1,0,16,1,0,0,0,0,0,0,0,2,0,0,0,0,0,0,0,0,0,0
26,MARAMUREŞ,"ŞCOALA GENERALĂ",200,"ORAŞ TÂRGU LĂPUŞ",106817,1,PROV,PRCNCT,CD,CD_SV,"2021-01-21 12:30:02",492,481,11,0,97,86,11,0,600,503,94,1,2,1,34,8,5,12,9,2,1,0,2,2,13,3,0,0,0,1,0,0,0,0,0,0,1,0,0,0,0,0,0,0
26,MARAMUREŞ,"CĂMINUL CULTURAL",201,"ORAŞ TÂRGU LĂPUŞ",106817,1,PROV,PRCNCT,CD,CD_SV,"2021-01-21 12:30:02",1264,1257,7,0,210,203,7,0,1400,1190,206,3,1,1,66,5,11,79,20,0,1,0,3,0,16,0,1,0,0,0,0,0,0,1,0,0,0,0,0,0,1,0,1,0
26,MARAMUREŞ,GRĂDINIŢĂ,202,"ORAŞ TÂRGU LĂPUŞ",106817,1,PROV,PRCNCT,CD,CD_SV,"2021-01-21 12:30:02",623,594,29,0,161,132,29,0,800,639,156,3,2,1,50,12,7,47,20,1,0,0,2,1,11,1,1,0,0,0,0,0,0,1,0,0,0,0,0,1,0,0,0,0
26,MARAMUREŞ,"ŞCOALA GENERALĂ",203,"ORAŞ TÂRGU LĂPUŞ",106817,1,PROV,PRCNCT,CD,CD_SV,"2021-01-21 12:30:02",235,217,15,3,85,67,15,3,400,315,85,0,0,1,13,2,6,41,10,0,0,0,5,0,4,0,1,0,0,0,0,0,0,1,0,0,0,0,0,1,0,0,0,0
26,MARAMUREŞ,"ȘCOALA GIMNAZIALĂ",204,"ORAŞ ULMENI",109265,1,PROV,PRCNCT,CD,CD_SV,"2021-01-21 12:30:02",1288,1201,52,35,830,743,52,35,1400,570,811,6,13,1,21,6,717,37,4,1,0,0,1,1,11,3,1,1,0,1,0,0,0,1,0,0,0,0,2,0,2,0,0,0
26,MARAMUREŞ,"CENTRUL DE CULTURĂ ȘI ARTĂ",205,"ORAŞ ULMENI",109265,1,PROV,PRCNCT,CD,CD_SV,"2021-01-21 12:30:02",1230,1179,40,11,531,480,40,11,1400,869,523,8,0,24,88,33,181,79,50,0,3,0,21,2,31,7,1,0,0,0,0,0,0,0,1,0,0,0,2,0,0,0,0,0
26,MARAMUREŞ,"ȘCOALA GIMNAZIALĂ „KOS KAROLY”",206,"ORAŞ ULMENI",109265,1,PROV,PRCNCT,CD,CD_SV,"2021-01-21 12:30:02",750,703,12,35,420,373,12,35,800,380,416,3,1,318,4,3,81,4,2,0,0,0,1,0,2,0,0,0,0,0,0,0,0,1,0,0,0,0,0,0,0,0,0,0
26,MARAMUREŞ,"CĂMINUL CULTURAL",207,"ORAŞ ULMENI",109265,1,PROV,PRCNCT,CD,CD_SV,"2021-01-21 12:30:02",961,878,55,28,524,441,55,28,1000,476,515,9,0,214,35,13,198,11,2,0,1,1,1,0,21,15,0,0,0,0,0,2,0,1,0,0,0,0,0,0,0,0,0,0
26,MARAMUREŞ,"CĂMINUL CULTURAL",208,"ORAŞ ULMENI",109265,1,PROV,PRCNCT,CD,CD_SV,"2021-01-21 12:30:02",657,613,33,11,224,180,33,11,800,576,221,0,3,1,31,5,121,30,7,1,0,0,2,1,13,5,1,0,0,0,0,0,0,1,0,0,0,0,2,0,0,0,0,0
26,MARAMUREŞ,"CĂMINUL CULTURAL",209,"ORAŞ ULMENI",109265,1,PROV,PRCNCT,CD,CD_SV,"2021-01-21 12:30:02",216,198,14,4,98,80,14,4,200,102,98,0,0,1,19,3,48,13,6,0,1,0,3,0,0,3,0,0,0,0,0,0,0,1,0,0,0,0,0,0,0,0,0,0
26,MARAMUREŞ,"ȘCOALA PRIMARĂ",210,"ORAŞ ULMENI",109265,1,PROV,PRCNCT,CD,CD_SV,"2021-01-21 12:30:02",688,674,14,0,358,344,14,0,800,442,354,0,4,12,57,4,258,5,4,3,2,0,2,0,4,1,1,0,0,0,0,0,0,0,0,0,0,0,0,0,0,0,1,0
26,MARAMUREŞ,"ȘCOALA PRIMARĂ",211,"ORAŞ ULMENI",109265,1,PROV,PRCNCT,CD,CD_SV,"2021-01-21 12:30:02",287,262,21,4,118,93,21,4,400,282,116,1,1,1,24,2,59,17,5,1,0,0,2,1,3,1,0,0,0,0,0,0,0,0,0,0,0,0,0,0,0,0,0,0
26,MARAMUREŞ,"ŞCOALA GENERALĂ NR. 2",212,"ORAŞ VIŞEU DE SUS",106979,1,PROV,PRCNCT,CD,CD_SV,"2021-01-21 12:30:02",1095,1080,15,0,215,200,15,0,1200,985,208,5,2,1,58,27,8,70,16,0,0,0,2,1,21,0,1,0,0,1,1,0,0,0,0,0,0,0,0,1,0,0,0,0
26,MARAMUREŞ,"ŞCOALA GENERALĂ NR. 2",213,"ORAŞ VIŞEU DE SUS",106979,1,PROV,PRCNCT,CD,CD_SV,"2021-01-21 12:30:02",1071,1062,9,0,209,200,9,0,1200,991,203,5,1,2,43,16,6,96,10,4,0,0,1,0,13,2,0,0,1,0,0,1,1,1,0,1,1,0,3,1,0,0,0,0
26,MARAMUREŞ,"LICEUL TEORETIC BOGDAN VODĂ",214,"ORAŞ VIŞEU DE SUS",106979,1,PROV,PRCNCT,CD,CD_SV,"2021-01-21 12:30:02",903,880,18,5,178,155,18,5,1000,822,176,2,0,5,31,16,7,52,21,2,5,0,3,3,22,1,2,0,0,0,0,1,1,0,0,1,0,1,1,1,0,0,0,0
26,MARAMUREŞ,"LICEUL TEORETIC BOGDAN VODĂ",215,"ORAŞ VIŞEU DE SUS",106979,1,PROV,PRCNCT,CD,CD_SV,"2021-01-21 12:30:02",926,914,12,0,244,232,12,0,1000,756,236,5,3,8,59,22,5,84,30,0,0,1,2,5,16,1,1,0,0,0,0,0,0,0,0,0,0,0,1,1,0,0,0,0
26,MARAMUREŞ,"LICEUL TEHNOLOGIC",216,"ORAŞ VIŞEU DE SUS",106979,1,PROV,PRCNCT,CD,CD_SV,"2021-01-21 12:30:02",1651,1641,10,0,334,324,10,0,1800,1466,324,7,3,11,61,26,12,110,28,3,4,0,4,3,41,4,1,0,0,1,0,0,0,0,0,2,0,0,7,6,0,0,0,0
26,MARAMUREŞ,"LICEUL TEHNOLOGIC",217,"ORAŞ VIŞEU DE SUS",106979,1,PROV,PRCNCT,CD,CD_SV,"2021-01-21 12:30:02",1647,1639,8,0,260,252,8,0,1800,1540,256,3,1,8,61,24,10,75,25,0,1,0,2,3,30,0,0,0,0,1,0,0,0,0,0,0,0,0,12,3,0,1,0,0
26,MARAMUREŞ,"LICEUL TEHNOLOGIC NR. 4",218,"ORAŞ VIŞEU DE SUS",106979,1,PROV,PRCNCT,CD,CD_SV,"2021-01-21 12:30:02",1059,1052,7,0,200,193,7,0,1200,1000,190,7,3,0,50,22,2,67,7,1,2,0,2,1,31,1,0,0,2,0,0,0,0,1,0,0,0,0,1,0,0,0,0,0
26,MARAMUREŞ,"LICEUL TEHNOLOGIC NR. 4",219,"ORAŞ VIŞEU DE SUS",106979,1,PROV,PRCNCT,CD,CD_SV,"2021-01-21 12:30:02",960,950,10,0,189,179,10,0,1200,1011,177,11,1,1,57,14,2,44,10,1,0,0,2,2,32,1,1,0,0,0,0,0,0,0,1,0,0,0,1,6,0,1,0,1
26,MARAMUREŞ,"CANTINA DE AJUTOR SOCIAL",220,"ORAŞ VIŞEU DE SUS",106979,2,PART,PRCNCT,CD,CD_SV,"2021-01-21 12:30:02",1528,1515,12,1,413,400,12,1,1800,1387,407,5,1,2,111,70,8,120,27,1,2,0,4,6,39,6,3,0,2,0,0,1,0,1,0,0,0,0,3,1,0,0,0,0
26,MARAMUREŞ,"ŞCOALA GIMNAZIALĂ NR. 7",221,"ORAŞ VIŞEU DE SUS",106979,1,PROV,PRCNCT,CD,CD_SV,"2021-01-21 12:30:02",1679,1672,7,0,287,280,7,0,2000,1713,274,10,3,2,63,25,7,107,23,1,1,1,2,1,30,2,1,0,0,0,0,2,0,0,0,0,0,0,2,1,1,0,2,0
26,MARAMUREŞ,"ŞCOALA GIMNAZIALĂ NR. 7",222,"ORAŞ VIŞEU DE SUS",106979,1,PROV,PRCNCT,CD,CD_SV,"2021-01-21 12:30:02",1533,1521,12,0,327,315,12,0,1600,1273,321,6,0,5,51,51,8,117,43,3,2,1,6,2,24,3,0,0,0,0,0,0,0,0,0,0,0,0,3,1,1,0,0,0
26,MARAMUREŞ,"ŞCOALA GIMNAZIALĂ NR. 3",223,"ORAŞ VIŞEU DE SUS",106979,1,PROV,PRCNCT,CD,CD_SV,"2021-01-21 12:30:02",758,747,11,0,181,170,11,0,800,619,175,1,5,2,20,29,2,86,14,0,0,0,0,0,16,2,2,0,0,0,0,0,0,0,0,0,1,0,0,1,0,0,0,0
26,MARAMUREŞ,"ŞCOALA CU CLASELE I-VIII",224,ARDUSAT,107001,1,PROV,PRCNCT,CD,CD_SV,"2021-01-21 12:30:02",1654,1583,71,0,385,314,71,0,1800,1415,371,11,3,1,121,16,15,108,35,1,0,0,1,2,61,3,2,0,0,1,0,0,0,0,2,0,0,0,0,1,1,0,0,0
26,MARAMUREŞ,"ŞCOALA CU CLASELE I-IV",225,ARDUSAT,107001,1,PROV,PRCNCT,CD,CD_SV,"2021-01-21 12:30:02",241,224,17,0,75,58,17,0,400,325,75,0,0,1,9,4,13,27,11,0,0,0,1,3,3,1,0,0,0,0,0,0,0,0,0,0,1,0,0,1,0,0,0,0
26,MARAMUREŞ,"ŞCOALA CU CLASELE I-IV",226,ARDUSAT,107001,1,PROV,PRCNCT,CD,CD_SV,"2021-01-21 12:30:02",385,369,16,0,112,96,16,0,400,288,108,3,1,1,42,4,11,25,6,1,0,0,3,0,13,1,0,0,0,0,0,0,0,0,0,0,0,0,0,1,0,0,0,0
26,MARAMUREŞ,"CĂMINUL CULTURAL",227,ARINIŞ,107047,1,PROV,PRCNCT,CD,CD_SV,"2021-01-21 12:30:02",731,686,45,0,341,296,45,0,800,459,334,4,3,38,130,11,31,53,13,1,2,0,3,3,27,15,0,1,0,1,0,0,0,1,1,0,0,0,0,0,0,0,3,0
26,MARAMUREŞ,"CĂMIN CULTURAL TĂMĂŞEŞTI",228,ARINIŞ,107047,1,PROV,PRCNCT,CD,CD_SV,"2021-01-21 12:30:02",196,168,28,0,90,62,28,0,200,110,85,3,2,1,49,11,3,11,6,0,0,0,2,0,1,1,0,0,0,0,0,0,0,0,0,0,0,0,0,0,0,0,0,0
26,MARAMUREŞ,PRIMĂRIA,229,"ASUAJU DE SUS",107083,1,PROV,PRCNCT,CD,CD_SV,"2021-01-21 12:30:02",835,753,65,17,406,324,65,17,1000,594,397,6,3,0,207,10,8,58,90,0,1,0,2,1,15,2,0,0,0,1,0,0,0,0,0,0,0,0,0,0,0,2,0,0
26,MARAMUREŞ,"CĂMINUL CULTURAL",230,"ASUAJU DE SUS",107083,1,PROV,PRCNCT,CD,CD_SV,"2021-01-21 12:30:02",277,249,26,2,123,95,26,2,400,277,121,1,1,0,69,1,6,27,8,3,0,0,1,1,5,0,0,0,0,0,0,0,0,0,0,0,0,0,0,0,0,0,0,0
26,MARAMUREŞ,"ŞCOALA GIMNAZIALĂ",231,"BĂIŢA DE SUB CODRU",107118,1,PROV,PRCNCT,CD,CD_SV,"2021-01-21 12:30:02",1246,1178,62,6,426,358,62,6,1399,973,418,3,5,0,173,9,26,76,42,3,3,0,0,18,46,18,0,1,0,1,0,0,0,0,0,0,1,0,1,0,0,0,0,0
26,MARAMUREŞ,"ŞCOALA CU CLASELE I-IV",232,"BĂIŢA DE SUB CODRU",107118,1,PROV,PRCNCT,CD,CD_SV,"2021-01-21 12:30:02",287,250,35,2,127,90,35,2,400,273,120,5,2,1,24,36,12,17,18,0,0,2,1,2,5,0,0,0,0,0,0,0,0,1,1,0,0,0,0,0,0,0,0,0
26,MARAMUREŞ,"CĂMINUL CULTURAL",233,BĂIUŢ,107154,1,PROV,PRCNCT,CD,CD_SV,"2021-01-21 12:30:02",500,481,19,0,121,102,19,0,600,479,120,1,0,11,24,25,8,35,4,0,1,0,1,3,7,0,1,0,0,0,0,0,0,0,0,0,0,0,0,0,0,0,0,0
26,MARAMUREŞ,"PRIMĂRIA BĂIUȚ",234,BĂIUŢ,107154,1,PROV,PRCNCT,CD,CD_SV,"2021-01-21 12:30:02",1263,1248,15,0,260,245,15,0,1400,1140,256,3,1,43,63,8,15,70,25,0,1,2,4,3,16,1,2,0,0,0,0,1,0,1,0,0,0,0,0,0,0,1,0,0
26,MARAMUREŞ,GRĂDINIŢA,235,BĂIUŢ,107154,1,PROV,PRCNCT,CD,CD_SV,"2021-01-21 12:30:02",196,180,16,0,77,61,16,0,200,123,76,1,0,3,27,4,3,26,5,0,0,0,2,1,3,2,0,0,0,0,0,0,0,0,0,0,0,0,0,0,0,0,0,0
26,MARAMUREŞ,"CĂMINUL CULTURAL",236,BĂSEŞTI,107190,1,PROV,PRCNCT,CD,CD_SV,"2021-01-21 12:30:02",495,455,37,3,223,183,37,3,600,377,219,3,1,1,34,17,22,107,11,9,1,0,3,2,9,1,0,0,0,0,0,0,0,0,1,0,0,0,0,0,0,0,1,0
26,MARAMUREŞ,"ŞCOALA CU CLASELE I-IV",237,BĂSEŞTI,107190,1,PROV,PRCNCT,CD,CD_SV,"2021-01-21 12:30:02",349,311,38,0,150,112,38,0,400,250,148,1,1,1,37,11,7,74,5,1,0,0,0,4,6,2,0,0,0,0,0,0,0,0,0,0,0,0,0,0,0,0,0,0
26,MARAMUREŞ,"CĂMINUL CULTURAL",238,BĂSEŞTI,107190,2,PART,PRCNCT,CD,CD_SV,"2021-01-21 12:30:02",95,70,25,0,60,35,25,0,200,140,59,0,1,1,15,5,2,14,11,2,0,0,8,1,0,0,0,0,0,0,0,0,0,0,0,0,0,0,0,0,0,0,0,0
26,MARAMUREŞ,"ŞCOALA CU CLASELE I-IV",239,BĂSEŞTI,107190,1,PROV,PRCNCT,CD,CD_SV,"2021-01-21 12:30:02",251,231,20,0,88,68,20,0,400,312,87,0,1,1,15,11,9,39,3,0,0,0,2,1,2,1,0,0,0,0,0,0,0,2,0,0,0,0,0,0,0,0,0,1
26,MARAMUREŞ,"ŞCOALA GIMNAZIALĂ „MIRCEA VULCANESCU”",240,BÂRSANA,107314,1,PROV,PRCNCT,CD,CD_SV,"2021-01-21 12:30:02",1468,1452,16,0,334,318,16,0,1600,1266,325,6,3,2,138,9,19,113,21,6,0,1,2,3,7,1,0,0,1,0,0,0,0,0,0,0,0,0,0,1,0,0,0,1
26,MARAMUREŞ,"ŞCOALA GIMNAZIALĂ „MIRCEA VULCĂNESCU”",241,BÂRSANA,107314,1,PROV,PRCNCT,CD,CD_SV,"2021-01-21 12:30:02",1167,1163,4,0,229,225,4,0,1200,971,221,7,1,0,109,4,13,49,5,3,3,0,1,3,21,0,1,1,1,1,0,0,0,3,0,0,0,0,0,2,0,1,0,0
26,MARAMUREŞ,"ȘCOALA „VALEA MUNTELUI”",242,BÂRSANA,107314,1,PROV,PRCNCT,CD,CD_SV,"2021-01-21 12:30:02",638,628,10,0,149,139,10,0,800,651,141,3,5,2,47,9,6,32,3,0,1,0,3,0,30,2,2,0,0,0,0,0,0,1,0,0,0,0,1,1,0,0,1,0
26,MARAMUREŞ,"ȘCOALA „NĂNEȘTI”",243,BÂRSANA,107314,1,PROV,PRCNCT,CD,CD_SV,"2021-01-21 12:30:02",547,526,21,0,173,152,21,0,600,427,168,3,2,2,94,2,8,24,11,1,0,1,2,4,14,0,1,0,0,1,0,0,0,0,0,0,0,0,0,3,0,0,0,0
26,MARAMUREŞ,"CĂMINUL CULTURAL",244,BICAZ,107234,3,PART,PRCNCT,CD,CD_SV,"2021-01-21 12:30:02",438,427,11,0,166,155,11,0,600,434,159,4,3,3,47,4,13,51,14,0,4,1,1,1,19,0,0,0,0,0,0,0,0,0,0,0,0,0,0,1,0,0,0,0
26,MARAMUREŞ,"ŞCOALA CU CLASELE I-IV",245,BICAZ,107234,1,PROV,PRCNCT,CD,CD_SV,"2021-01-21 12:30:02",158,131,27,0,85,58,27,0,200,115,82,2,1,0,27,3,9,14,26,0,0,0,1,0,0,1,0,1,0,0,0,0,0,0,0,0,0,0,0,0,0,0,0,0
26,MARAMUREŞ,"CĂMINUL CULTURAL",246,BICAZ,107234,1,PROV,PRCNCT,CD,CD_SV,"2021-01-21 12:30:02",247,229,18,0,101,83,18,0,400,299,99,2,0,1,31,5,18,28,10,2,0,0,1,3,0,0,0,0,0,0,0,0,0,0,0,0,0,0,0,0,0,0,0,0
26,MARAMUREŞ,"PRIMĂRIA BISTRA",247,BISTRA,107270,1,PROV,PRCNCT,CD,CD_SV,"2021-01-21 12:30:02",804,792,12,0,282,270,12,0,1000,718,266,14,2,1,22,13,6,78,5,0,0,0,1,5,14,2,1,0,1,1,1,0,0,0,0,0,0,60,0,53,0,2,0,0
26,MARAMUREŞ,"ŞCOALA GIMNAZIALĂ",248,BISTRA,107270,1,PROV,PRCNCT,CD,CD_SV,"2021-01-21 12:30:02",1301,1287,14,0,355,341,14,0,1400,1045,328,21,6,3,75,10,9,98,23,2,0,0,1,4,52,3,0,0,1,0,0,2,0,0,1,1,0,8,1,31,0,1,0,2
26,MARAMUREŞ,"ŞCOALA GIMNAZIALĂ",249,BISTRA,107270,1,PROV,PRCNCT,CD,CD_SV,"2021-01-21 12:30:02",1182,1176,6,0,234,228,6,0,1200,966,223,4,7,1,37,6,2,50,10,1,1,0,4,1,24,3,2,0,2,0,0,1,1,1,0,0,2,36,0,35,1,1,1,0
26,MARAMUREŞ,"ŞCOALA CU CLASELE I-VIII",250,"BOCICOIU MARE",107350,1,PROV,PRCNCT,CD,CD_SV,"2021-01-21 12:30:02",699,687,10,2,180,168,10,2,800,620,171,6,3,1,45,11,5,22,15,4,0,0,0,0,11,1,0,1,0,0,0,1,0,0,0,0,0,0,1,53,0,0,0,0
26,MARAMUREŞ,"ŞCOALA CU CLASELE I-VIII",251,"BOCICOIU MARE",107350,1,PROV,PRCNCT,CD,CD_SV,"2021-01-21 12:30:02",1206,1192,14,0,192,178,14,0,1200,1008,185,3,4,5,61,6,5,40,12,1,2,2,1,5,25,2,0,0,0,0,0,0,0,0,0,0,1,0,0,16,1,0,0,0
26,MARAMUREŞ,"GRĂDINIŢA DE COPII",252,"BOCICOIU MARE",107350,1,PROV,PRCNCT,CD,CD_SV,"2021-01-21 12:30:02",512,501,11,0,119,108,11,0,600,481,115,3,1,2,15,5,3,15,11,5,1,0,1,0,11,1,1,0,1,0,0,0,0,0,0,0,0,0,0,42,0,1,0,0
26,MARAMUREŞ,"GRĂDINIŢA DE COPII",253,"BOCICOIU MARE",107350,1,PROV,PRCNCT,CD,CD_SV,"2021-01-21 12:30:02",1323,1310,13,0,270,257,13,0,1400,1130,267,3,0,3,84,17,9,59,24,5,0,1,2,2,23,0,1,0,0,0,0,1,0,1,0,0,0,5,0,30,0,0,0,0
26,MARAMUREŞ,"ŞCOALA GENERALĂ",254,"BOGDAN VODĂ",107403,2,PART,PRCNCT,CD,CD_SV,"2021-01-21 12:30:02",559,526,26,7,143,110,26,7,600,457,133,7,3,1,38,6,2,60,5,0,1,3,1,4,6,3,0,0,0,0,0,1,0,0,0,0,1,0,0,1,0,0,0,0
26,MARAMUREŞ,"CLUBUL DIN INCINTA PRIMĂRIEI",255,"BOGDAN VODĂ",107403,2,PART,PRCNCT,CD,CD_SV,"2021-01-21 12:30:02",2047,1969,28,50,641,563,28,50,2000,1359,615,12,14,3,170,22,32,272,42,3,0,0,3,6,49,4,1,0,0,3,0,1,0,0,0,0,1,1,1,0,0,0,1,0
26,MARAMUREŞ,PRIMĂRIA,256,"BOIU MARE",107430,1,PROV,PRCNCT,CD,CD_SV,"2021-01-21 12:30:02",530,471,32,27,224,165,32,27,600,376,220,2,2,2,97,42,21,32,9,0,0,2,1,2,7,1,2,0,0,0,0,0,0,0,0,0,0,0,0,1,0,0,1,0
26,MARAMUREŞ,"ŞCOALA GENERALĂ",257,"BOIU MARE",107430,1,PROV,PRCNCT,CD,CD_SV,"2021-01-21 12:30:02",393,376,17,0,148,131,17,0,400,252,146,2,0,1,51,6,5,56,14,1,0,0,1,1,4,2,0,0,2,0,0,0,0,0,0,0,0,0,0,1,0,0,0,1
26,MARAMUREŞ,"ŞCOALA GENERALĂ",258,"BOIU MARE",107430,5,PART,PRCNCT,CD,CD_SV,"2021-01-21 12:30:02",62,49,11,2,39,26,11,2,200,161,38,1,0,1,25,1,2,4,2,0,0,0,1,0,0,1,0,0,0,0,0,0,0,0,0,0,0,0,0,1,0,0,0,0
26,MARAMUREŞ,"ŞCOALA GENERALĂ",259,"BOIU MARE",107430,1,PROV,PRCNCT,CD,CD_SV,"2021-01-21 12:30:02",72,60,12,0,34,22,12,0,200,166,32,1,1,1,12,1,3,10,1,0,0,0,1,0,2,0,0,0,0,0,0,0,0,0,0,0,0,0,0,1,0,0,0,0
26,MARAMUREŞ,"SEDIUL PRIMĂRIEI BOTIZA",260,BOTIZA,107485,1,PROV,PRCNCT,CD,CD_SV,"2021-01-21 12:30:02",1831,1818,13,0,612,599,13,0,2000,1388,592,11,9,5,244,55,32,70,41,7,1,0,3,5,101,8,4,0,2,1,1,1,0,0,0,0,1,1,2,4,1,1,1,0
26,MARAMUREŞ,"ŞCOALA PRIMARĂ VALEA SASULUI",261,BOTIZA,107485,1,PROV,PRCNCT,CD,CD_SV,"2021-01-21 12:30:02",296,274,22,0,134,112,22,0,400,266,128,5,1,1,42,6,17,19,5,1,0,0,0,4,28,3,0,0,0,0,0,0,0,0,0,0,1,0,0,1,0,0,0,0
26,MARAMUREŞ,"CĂMINUL CULTURAL",262,BUDEŞTI,107519,1,PROV,PRCNCT,CD,CD_SV,"2021-01-21 12:30:02",671,661,10,0,195,185,10,0,800,605,185,6,4,2,39,7,13,80,10,0,0,0,2,1,24,1,3,1,0,0,0,0,0,0,0,0,0,0,1,1,0,0,0,0
26,MARAMUREŞ,"SEDIUL PRIMĂRIEI",263,BUDEŞTI,107519,1,PROV,PRCNCT,CD,CD_SV,"2021-01-21 12:30:02",1163,1146,17,0,398,381,17,0,1200,802,386,7,5,0,86,13,69,150,18,1,0,0,2,4,30,5,3,0,0,0,1,0,0,0,0,1,0,0,0,1,0,1,1,0
26,MARAMUREŞ,"SEDIUL GRĂDINIȚEI",264,BUDEŞTI,107519,1,PROV,PRCNCT,CD,CD_SV,"2021-01-21 12:30:02",656,644,10,2,257,245,10,2,800,543,250,5,2,1,57,48,12,96,7,3,0,1,1,0,13,6,1,0,1,1,0,0,0,0,1,0,0,0,0,1,0,0,0,0
26,MARAMUREŞ,"CĂMINUL CULTURAL",265,CĂLINEŞTI,107546,1,PROV,PRCNCT,CD,CD_SV,"2021-01-21 12:30:02",349,335,14,0,99,85,14,0,400,301,99,0,0,1,14,3,39,20,7,1,0,0,7,0,6,0,0,0,0,0,0,0,0,0,0,0,0,0,0,1,0,0,0,0
26,MARAMUREŞ,"CĂMINUL CULTURAL",266,CĂLINEŞTI,107546,1,PROV,PRCNCT,CD,CD_SV,"2021-01-21 12:30:02",1200,1175,25,0,372,347,25,0,1200,828,362,7,3,4,63,19,115,102,23,13,0,0,0,3,11,1,1,0,0,0,0,0,0,0,1,2,0,0,0,3,1,0,0,0
26,MARAMUREŞ,"CĂMINUL CULTURAL",267,CĂLINEŞTI,107546,1,PROV,PRCNCT,CD,CD_SV,"2021-01-21 12:30:02",1105,1087,18,0,394,376,18,0,1200,806,379,9,6,0,61,23,179,56,12,1,0,0,0,5,23,5,2,0,0,0,0,0,0,0,1,1,0,0,0,9,0,0,1,0
26,MARAMUREŞ,"CAMINUL CULTURAL",268,"CÂMPULUNG LA TISA",107715,1,PROV,PRCNCT,CD,CD_SV,"2021-01-21 12:30:02",1247,1245,2,0,198,196,2,0,1400,1202,195,3,0,118,23,3,5,22,7,0,0,0,1,0,15,0,1,0,0,0,0,0,0,0,0,0,0,0,0,0,0,0,0,0
26,MARAMUREŞ,PRIMĂRIA,269,"CÂMPULUNG LA TISA",107715,1,PROV,PRCNCT,CD,CD_SV,"2021-01-21 12:30:02",826,819,7,0,188,181,7,0,1000,812,182,4,2,118,18,0,1,21,4,0,0,1,0,0,14,2,0,0,0,0,0,0,0,0,0,0,0,0,1,1,0,0,1,0
26,MARAMUREŞ,"CENTRUL CULTURAL CERNEȘTI",270,CERNEŞTI,107582,1,PROV,PRCNCT,CD,CD_SV,"2021-01-21 12:30:02",705,685,20,0,205,185,20,0,800,595,203,2,0,1,55,21,12,31,44,1,4,0,2,1,27,2,0,0,0,0,0,0,0,0,0,0,0,0,0,0,0,0,0,2
26,MARAMUREŞ,"CĂMINUL CULTURAL TRESTIA",271,CERNEŞTI,107582,1,PROV,PRCNCT,CD,CD_SV,"2021-01-21 12:30:02",605,595,10,0,242,232,10,0,800,558,237,3,2,1,109,1,5,45,46,0,3,0,1,2,19,3,1,0,0,1,0,0,0,0,0,0,0,0,0,0,0,0,0,0
26,MARAMUREŞ,"ȘCOALA PRIMARĂ BREBENI",272,CERNEŞTI,107582,1,PROV,PRCNCT,CD,CD_SV,"2021-01-21 12:30:02",190,170,20,0,82,62,20,0,200,118,79,3,0,2,17,3,3,15,24,0,1,0,5,1,6,0,1,0,0,0,0,0,0,0,1,0,0,0,0,0,0,0,0,0
26,MARAMUREŞ,"ȘCOALA PRIMARĂ MĂGURENI",273,CERNEŞTI,107582,1,PROV,PRCNCT,CD,CD_SV,"2021-01-21 12:30:02",200,177,22,1,84,61,22,1,200,116,84,0,0,0,16,1,4,13,15,1,0,1,19,0,7,0,0,0,0,0,0,2,0,0,0,0,1,0,0,4,0,0,0,0
26,MARAMUREŞ,"ȘCOALA PRIMARĂ FÎNAȚE",274,CERNEŞTI,107582,1,PROV,PRCNCT,CD,CD_SV,"2021-01-21 12:30:02",563,544,19,0,128,109,19,0,600,472,126,1,1,0,39,10,3,16,40,0,3,0,1,3,10,0,1,0,0,0,0,0,0,0,0,0,0,0,0,0,0,0,0,0
26,MARAMUREŞ,"GRĂDINIȚA CIOCOTIȘ",275,CERNEŞTI,107582,1,PROV,PRCNCT,CD,CD_SV,"2021-01-21 12:30:02",834,807,27,0,231,204,27,0,1000,769,226,2,3,1,69,10,4,43,58,0,8,0,3,5,19,3,0,1,1,0,1,0,0,0,0,0,0,0,0,0,0,0,0,0
26,MARAMUREŞ,"CĂMIN CULTURAL",276,CICÂRLĂU,107662,2,PART,PRCNCT,CD,CD_SV,"2021-01-21 12:30:02",1832,1777,52,3,452,397,52,3,2000,1548,446,4,2,6,104,16,39,131,77,2,6,1,5,10,43,1,2,0,0,0,0,0,0,0,0,0,0,0,0,2,0,0,0,1
26,MARAMUREŞ,"CĂMIN CULTURAL",277,CICÂRLĂU,107662,1,PROV,PRCNCT,CD,CD_SV,"2021-01-21 12:30:02",1144,1118,24,2,223,197,24,2,1400,1177,218,4,1,3,78,10,11,49,16,0,1,0,12,3,25,4,2,0,0,0,0,0,0,0,0,0,0,0,0,1,0,1,2,0
26,MARAMUREŞ,"CĂMIN CULTURAL",278,CICÂRLĂU,107662,1,PROV,PRCNCT,CD,CD_SV,"2021-01-21 12:30:02",400,381,19,0,80,61,19,0,400,320,79,1,0,1,30,2,8,9,16,0,1,0,2,2,7,0,0,0,0,0,0,0,0,0,0,0,0,0,0,1,0,0,0,0
26,MARAMUREŞ,"CĂMIN CULTURAL",279,CICÂRLĂU,107662,1,PROV,PRCNCT,CD,CD_SV,"2021-01-21 12:30:02",272,249,23,0,102,79,23,0,400,298,102,0,0,3,37,2,4,36,13,0,0,0,1,0,2,1,0,0,0,0,0,0,0,0,0,0,0,0,0,2,1,0,0,0
26,MARAMUREŞ,"ŞCOALA GIMNAZIALA ”ION POPESCU DE COAȘ”",280,COAŞ,179837,1,PROV,PRCNCT,CD,CD_SV,"2021-01-21 12:30:02",1223,1111,84,28,600,488,84,28,1400,800,585,6,9,4,65,18,308,117,36,8,0,0,3,0,13,6,1,0,0,1,0,0,0,0,1,0,0,0,1,1,0,0,1,1
26,MARAMUREŞ,"ŞCOALA PRIMARĂ ÎNTRERÂURI",281,COAŞ,179837,1,PROV,PRCNCT,CD,CD_SV,"2021-01-21 12:30:02",78,68,10,0,54,44,10,0,200,146,54,0,0,2,3,5,29,9,1,0,0,0,1,1,0,1,0,1,0,0,0,0,0,0,0,0,0,0,0,1,0,0,0,0
26,MARAMUREŞ,"CĂMINUL CULTURAL COLTĂU",282,COLTĂU,179846,1,PROV,PRCNCT,CD,CD_SV,"2021-01-21 12:30:02",1862,1788,27,47,550,476,27,47,2000,1450,530,13,7,405,17,7,6,24,12,0,1,1,2,2,12,0,1,0,1,0,0,0,0,38,1,0,0,0,0,0,0,0,0,0
26,MARAMUREŞ,"CĂMIN CULTURAL CĂTĂLINA",283,COLTĂU,179846,1,PROV,PRCNCT,CD,CD_SV,"2021-01-21 12:30:02",443,414,21,8,178,149,21,8,600,422,174,4,0,89,26,4,2,29,14,0,0,1,1,0,3,1,1,0,0,0,0,1,0,2,0,0,0,0,0,0,0,0,0,0
26,MARAMUREŞ,"SCOALA GENERALA(CORP NOU)",284,COPALNIC-MĂNĂŞTUR,107733,1,PROV,PRCNCT,CD,CD_SV,"2021-01-21 12:30:02",595,586,9,0,195,186,9,0,800,605,190,4,1,1,69,5,7,83,13,0,0,0,1,0,6,1,1,0,1,0,0,0,0,1,0,0,0,0,0,0,0,0,0,1
26,MARAMUREŞ,"CĂMINUL CULTURAL",285,COPALNIC-MĂNĂŞTUR,107733,1,PROV,PRCNCT,CD,CD_SV,"2021-01-21 12:30:02",84,72,12,0,32,20,12,0,200,168,32,0,0,0,2,1,2,21,5,0,0,0,1,0,0,0,0,0,0,0,0,0,0,0,0,0,0,0,0,0,0,0,0,0
26,MARAMUREŞ,"CĂMINUL CULTURAL",286,COPALNIC-MĂNĂŞTUR,107733,1,PROV,PRCNCT,CD,CD_SV,"2021-01-21 12:30:02",708,693,15,0,197,182,15,0,800,603,190,4,3,1,47,12,13,66,13,1,0,0,6,1,23,3,1,1,0,0,0,0,0,2,0,0,0,0,0,0,0,0,0,0
26,MARAMUREŞ,"CĂMINUL CULTURAL",287,COPALNIC-MĂNĂŞTUR,107733,1,PROV,PRCNCT,CD,CD_SV,"2021-01-21 12:30:02",417,403,14,0,162,148,14,0,600,438,158,4,0,0,45,3,15,42,28,0,5,0,4,1,11,2,0,0,0,0,0,0,0,1,1,0,0,0,0,0,0,0,0,0
26,MARAMUREŞ,"CĂMINUL CULTURAL",288,COPALNIC-MĂNĂŞTUR,107733,1,PROV,PRCNCT,CD,CD_SV,"2021-01-21 12:30:02",284,270,14,0,109,95,14,0,400,291,108,1,0,0,21,2,5,56,18,0,0,0,2,0,2,0,0,0,0,0,0,0,0,1,0,0,0,0,0,0,0,0,1,0
26,MARAMUREŞ,"ȘCOALA VAD",289,COPALNIC-MĂNĂŞTUR,107733,1,PROV,PRCNCT,CD,CD_SV,"2021-01-21 12:30:02",303,283,20,0,108,88,20,0,400,292,106,0,2,0,23,15,27,29,2,0,0,0,1,1,5,2,1,0,0,0,0,0,0,0,0,0,0,0,0,0,0,0,0,0
26,MARAMUREŞ,ŞCOALA,290,COPALNIC-MĂNĂŞTUR,107733,1,PROV,PRCNCT,CD,CD_SV,"2021-01-21 12:30:02",303,286,17,0,110,93,17,0,400,290,106,3,1,1,24,11,6,30,19,1,0,0,1,1,9,0,1,0,1,0,0,0,0,1,0,0,0,0,0,0,0,0,0,0
26,MARAMUREŞ,ŞCOALA,291,COPALNIC-MĂNĂŞTUR,107733,1,PROV,PRCNCT,CD,CD_SV,"2021-01-21 12:30:02",233,215,18,0,76,58,18,0,400,324,76,0,0,2,19,5,8,27,7,0,0,0,2,0,5,0,0,0,0,0,0,0,0,1,0,0,0,0,0,0,0,0,0,0
26,MARAMUREŞ,ŞCOALA,292,COPALNIC-MĂNĂŞTUR,107733,1,PROV,PRCNCT,CD,CD_SV,"2021-01-21 12:30:02",306,298,8,0,94,86,8,0,400,306,92,2,0,0,5,3,5,57,13,1,0,1,2,0,2,1,1,0,0,0,0,0,0,0,0,0,0,0,0,0,0,1,0,0
26,MARAMUREŞ,"CĂMINUL CULTURAL",293,COPALNIC-MĂNĂŞTUR,107733,1,PROV,PRCNCT,CD,CD_SV,"2021-01-21 12:30:02",566,548,18,0,133,115,18,0,600,467,125,6,2,1,26,2,8,58,9,0,0,1,1,0,17,0,1,0,0,0,0,0,0,1,0,0,0,0,0,0,0,0,0,0
26,MARAMUREŞ,"FOSTA ȘCOALA I-IV RUȘOR",294,COPALNIC-MĂNĂŞTUR,107733,1,PROV,PRCNCT,CD,CD_SV,"2021-01-21 12:30:02",233,215,18,0,109,91,18,0,400,291,105,2,2,1,12,5,5,31,38,0,0,0,1,1,7,1,0,0,1,0,0,0,0,1,0,1,0,0,0,0,0,0,0,0
26,MARAMUREŞ,"CĂMINUL CULTURAL",295,COPALNIC-MĂNĂŞTUR,107733,1,PROV,PRCNCT,CD,CD_SV,"2021-01-21 12:30:02",783,754,29,0,325,296,29,0,800,475,320,3,2,2,59,7,5,167,42,1,0,1,2,2,27,2,0,0,0,0,0,0,0,1,0,0,0,0,1,0,0,1,0,0
26,MARAMUREŞ,PRIMÃRIE,296,COROIENI,107868,1,PROV,PRCNCT,CD,CD_SV,"2021-01-21 12:30:02",343,317,19,7,94,68,19,7,400,306,94,0,0,2,16,6,13,45,6,0,0,0,1,0,3,1,0,0,0,0,0,0,0,0,1,0,0,0,0,0,0,0,0,0
26,MARAMUREŞ,"CĂMINUL CULTURAL",297,COROIENI,107868,1,PROV,PRCNCT,CD,CD_SV,"2021-01-21 12:30:02",392,371,21,0,132,111,21,0,600,468,131,0,1,1,30,3,13,59,14,0,0,0,4,1,6,0,0,0,0,0,0,0,0,0,0,0,0,0,0,0,0,0,0,0
26,MARAMUREŞ,"CĂMINUL CULTURAL",298,COROIENI,107868,3,PART,PRCNCT,CD,CD_SV,"2021-01-21 12:30:02",175,161,14,0,66,52,14,0,200,134,65,0,1,1,18,5,7,15,7,0,0,0,1,3,7,1,0,0,0,0,0,0,0,0,0,0,0,0,0,0,0,0,0,0
26,MARAMUREŞ,"ŞCOALA CU CLASELE I-IV",299,COROIENI,107868,1,PROV,PRCNCT,CD,CD_SV,"2021-01-21 12:30:02",189,166,22,1,86,63,22,1,200,114,83,0,3,1,41,5,5,18,5,0,0,0,1,6,1,0,0,0,0,0,0,0,0,0,0,0,0,0,0,0,0,0,0,0
26,MARAMUREŞ,"ŞCOALA GENERALÃ",300,COROIENI,107868,1,PROV,PRCNCT,CD,CD_SV,"2021-01-21 12:30:02",764,750,13,1,311,297,13,1,1000,689,277,29,5,1,37,7,11,185,13,0,0,0,1,2,16,1,1,0,0,0,0,0,0,1,1,0,0,0,0,0,0,0,0,0
26,MARAMUREŞ,"ŞCOALA CU CLASELE I-VIII",301,CUPŞENI,107920,1,PROV,PRCNCT,CD,CD_SV,"2021-01-21 12:30:02",657,645,12,0,212,200,12,0,800,588,208,4,0,1,98,10,35,38,8,0,0,0,1,1,11,3,0,0,0,1,0,0,0,1,0,0,0,0,0,0,0,0,0,0
26,MARAMUREŞ,"ŞCOALA CU CLASELE I-VIII",302,CUPŞENI,107920,1,PROV,PRCNCT,CD,CD_SV,"2021-01-21 12:30:02",352,341,11,0,98,87,11,0,400,302,98,0,0,1,41,5,3,38,4,0,0,0,1,1,2,2,0,0,0,0,0,0,0,0,0,0,0,0,0,0,0,0,0,0
26,MARAMUREŞ,"ŞCOALA CU CLASELE V-VIII",303,CUPŞENI,107920,1,PROV,PRCNCT,CD,CD_SV,"2021-01-21 12:30:02",871,858,13,0,280,267,13,0,1000,720,278,2,0,1,87,33,14,102,15,2,0,0,3,4,9,6,2,0,0,0,0,0,0,0,0,0,0,0,0,0,0,0,0,0
26,MARAMUREŞ,"ŞCOALA PRIMARĂ",304,CUPŞENI,107920,1,PROV,PRCNCT,CD,CD_SV,"2021-01-21 12:30:02",987,968,19,0,259,240,19,0,1200,941,251,2,6,1,172,13,12,24,8,0,0,0,2,0,13,1,0,0,0,0,1,0,0,0,1,0,0,0,0,2,0,0,1,0
26,MARAMUREŞ,"CĂMINUL CULTURAL",305,DESEŞTI,107975,1,PROV,PRCNCT,CD,CD_SV,"2021-01-21 12:30:02",472,456,13,3,177,161,13,3,600,423,174,2,1,4,39,13,10,55,36,7,0,0,2,0,2,3,1,0,0,0,0,0,0,0,0,0,0,0,0,2,0,0,0,0
26,MARAMUREŞ,ȘCOALA,306,DESEŞTI,107975,1,PROV,PRCNCT,CD,CD_SV,"2021-01-21 12:30:02",782,753,13,16,327,298,13,16,800,473,314,8,5,3,49,22,34,164,16,0,2,0,1,2,11,3,2,0,0,1,0,0,0,0,0,0,0,0,2,1,0,1,0,0
26,MARAMUREŞ,"CĂMINUL CULTURAL",307,DESEŞTI,107975,1,PROV,PRCNCT,CD,CD_SV,"2021-01-21 12:30:02",790,756,17,17,334,300,17,17,800,466,330,1,3,3,113,13,11,111,34,4,0,2,2,5,17,6,3,1,0,1,0,0,0,1,1,0,1,0,0,1,0,0,0,0
26,MARAMUREŞ,"ŞCOALA GENERALĂ",308,DUMBRĂVIŢA,108035,1,PROV,PRCNCT,CD,CD_SV,"2021-01-21 12:30:02",557,525,32,0,195,163,32,0,600,405,190,4,1,1,24,8,32,104,11,0,0,0,0,0,8,1,0,0,0,0,0,0,0,0,0,0,0,0,0,1,0,0,0,0
26,MARAMUREŞ,"ŞCOALA GENERALĂ",309,DUMBRĂVIŢA,108035,1,PROV,PRCNCT,CD,CD_SV,"2021-01-21 12:30:02",823,793,30,0,280,250,30,0,800,520,277,3,0,1,42,8,21,153,11,0,0,1,0,1,36,0,0,1,0,0,0,0,0,0,0,0,0,1,0,1,0,0,0,0
26,MARAMUREŞ,"ŞCOALA GENERALĂ",310,DUMBRĂVIŢA,108035,1,PROV,PRCNCT,CD,CD_SV,"2021-01-21 12:30:02",567,540,27,0,184,157,27,0,600,416,183,1,0,1,17,4,10,101,29,1,0,1,2,0,11,1,0,1,0,0,0,0,0,0,1,0,0,0,0,1,0,1,0,1
26,MARAMUREŞ,"ŞCOALA GENERALĂ",311,DUMBRĂVIŢA,108035,1,PROV,PRCNCT,CD,CD_SV,"2021-01-21 12:30:02",513,491,22,0,198,176,22,0,600,402,198,0,0,0,40,9,8,108,9,0,1,0,1,1,17,1,1,0,0,0,0,1,0,0,0,0,0,0,0,1,0,0,0,0
26,MARAMUREŞ,"ŞCOALA GENERALĂ",312,DUMBRĂVIŢA,108035,1,PROV,PRCNCT,CD,CD_SV,"2021-01-21 12:30:02",422,403,19,0,184,165,19,0,600,416,179,4,1,1,47,5,14,79,16,1,0,2,0,0,12,1,0,0,0,0,0,0,0,0,0,0,0,0,0,1,0,0,0,0
26,MARAMUREŞ,"ŞCOALA NOUĂ",313,DUMBRĂVIŢA,108035,1,PROV,PRCNCT,CD,CD_SV,"2021-01-21 12:30:02",968,932,36,0,354,318,36,0,1001,647,352,1,1,3,33,12,13,230,35,1,1,0,3,4,13,1,0,0,1,0,0,1,0,0,0,0,0,0,0,1,0,0,0,0
26,MARAMUREŞ,"ȘCOALA GIMNAZIALĂ ”LUCIAN BLAGA” CORP C",314,FĂRCAŞA,108106,1,PROV,PRCNCT,CD,CD_SV,"2021-01-21 12:30:02",1505,1479,26,0,401,375,26,0,1600,1199,397,2,2,1,84,24,80,124,43,1,0,1,4,0,27,4,0,0,0,1,0,1,1,0,0,0,0,0,0,1,0,0,0,0
26,MARAMUREŞ,"CĂMIN CULTURAL",315,FĂRCAŞA,108106,2,PART,PRCNCT,CD,CD_SV,"2021-01-21 12:30:02",569,547,22,0,131,109,22,0,600,469,130,0,1,2,27,15,27,23,19,1,1,1,2,0,11,1,0,0,0,0,0,0,0,0,0,0,0,0,0,0,0,0,0,0
26,MARAMUREŞ,"CĂMIN CULTURAL",316,FĂRCAŞA,108106,1,PROV,PRCNCT,CD,CD_SV,"2021-01-21 12:30:02",455,429,26,0,174,148,26,0,600,426,170,2,2,1,36,5,35,62,6,0,0,0,1,1,17,3,0,0,0,0,0,0,0,0,0,0,0,0,0,2,0,1,0,0
26,MARAMUREŞ,"CĂMIN CULTURAL",317,FĂRCAŞA,108106,2,PART,PRCNCT,CD,CD_SV,"2021-01-21 12:30:02",884,843,41,0,218,177,41,0,999,781,209,6,3,0,44,10,35,53,37,0,0,1,3,1,20,2,1,0,0,0,0,0,0,0,0,0,0,0,0,2,0,0,0,0
26,MARAMUREŞ,"CĂMINUL CULTURAL",318,GÂRDANI,179855,1,PROV,PRCNCT,CD,CD_SV,"2021-01-21 12:30:02",1170,1129,41,0,411,370,41,0,1400,989,399,10,2,3,150,21,49,110,35,1,1,1,3,8,9,2,0,1,2,0,0,0,0,0,0,0,0,0,3,0,0,0,0,0
26,MARAMUREŞ,"CĂMINUL CULTURAL",319,GIULEŞTI,108151,1,PROV,PRCNCT,CD,CD_SV,"2021-01-21 12:30:02",1136,1039,82,15,466,369,82,15,1200,734,460,4,2,2,109,20,17,239,32,6,0,0,1,1,24,2,1,0,1,0,0,0,0,0,2,0,0,0,0,2,0,0,1,0
26,MARAMUREŞ,"ȘCOALA CU CLASELE I-VIII",320,GIULEŞTI,108151,1,PROV,PRCNCT,CD,CD_SV,"2021-01-21 12:30:02",1308,1206,74,28,637,535,74,28,1400,763,621,12,4,4,103,14,24,398,36,5,3,0,2,0,21,5,3,0,0,0,0,1,0,0,0,0,0,0,0,1,1,0,0,0
26,MARAMUREŞ,"ŞCOALA GENERALĂ",321,GIULEŞTI,108151,1,PROV,PRCNCT,CD,CD_SV,"2021-01-21 12:30:02",453,394,46,13,233,175,45,13,600,367,228,2,3,1,76,3,11,107,13,0,0,0,1,2,9,1,0,0,0,0,0,0,0,1,0,0,0,0,0,2,0,1,0,0
26,MARAMUREŞ,"ȘCOALA GIMNAZIALĂ „GHEORGHE LUPAN”",322,GROŞI,106363,1,PROV,PRCNCT,CD,CD_SV,"2021-01-21 12:30:02",1246,1216,27,3,454,424,27,3,1400,946,445,7,2,3,70,24,18,201,74,3,3,2,5,8,25,2,1,0,2,1,0,0,0,0,0,0,0,0,0,2,0,1,0,0
26,MARAMUREŞ,"ȘCOALA GENERALĂ",323,GROŞI,106363,1,PROV,PRCNCT,CD,CD_SV,"2021-01-21 12:30:02",411,386,25,0,87,62,25,0,600,513,87,0,0,1,13,2,11,16,22,0,2,0,2,0,15,0,0,0,0,0,0,0,0,0,1,0,0,0,1,1,0,0,0,0
26,MARAMUREŞ,"ȘCOALA GENERALĂ",324,GROŞI,106363,1,PROV,PRCNCT,CD,CD_SV,"2021-01-21 12:30:02",1001,984,17,0,300,283,17,0,1200,900,294,6,0,2,33,16,29,100,69,1,3,5,3,3,18,5,2,0,0,1,0,0,0,1,0,0,1,0,0,1,0,0,1,0
26,MARAMUREŞ,"GRĂDINIŢA CU PROGRAM NORMAL GROŞII ŢIBLEŞULUI",325,"GROŞII ŢIBLEŞULUI",179622,1,PROV,PRCNCT,CD,CD_SV,"2021-01-21 12:30:02",955,923,32,0,371,339,32,0,1200,829,363,3,5,2,85,3,27,179,22,3,1,3,9,2,21,3,0,0,0,0,0,0,0,0,0,1,0,0,1,1,0,0,0,0
26,MARAMUREŞ,"ŞCOALA CU CLASELE I-IV GREBLE",326,"GROŞII ŢIBLEŞULUI",179622,1,PROV,PRCNCT,CD,CD_SV,"2021-01-21 12:30:02",811,783,23,5,368,340,23,5,1000,632,358,6,4,3,70,8,18,221,14,0,0,0,3,1,13,1,0,0,1,0,0,2,0,1,0,1,0,0,0,0,0,0,0,1
26,MARAMUREŞ,"ȘCOALA GIMNAZIALĂ",327,IEUD,108204,1,PROV,PRCNCT,CD,CD_SV,"2021-01-21 12:30:02",1576,1550,18,8,358,332,18,8,1800,1442,339,8,11,4,140,5,24,91,14,7,0,0,0,1,48,2,2,0,0,0,0,0,0,0,1,0,0,0,0,0,0,0,0,0
26,MARAMUREŞ,"ȘCOALA GIMNAZIALĂ",328,IEUD,108204,1,PROV,PRCNCT,CD,CD_SV,"2021-01-21 12:30:02",1613,1596,13,4,394,377,13,4,1800,1406,375,13,6,1,143,5,27,111,17,7,0,1,1,4,36,6,1,0,1,2,3,1,0,0,1,0,2,0,2,1,0,1,0,1
26,MARAMUREŞ,"ȘCOALA PLOPȘOR",329,IEUD,108204,1,PROV,PRCNCT,CD,CD_SV,"2021-01-21 12:30:02",368,352,16,0,102,86,16,0,400,298,96,5,1,0,44,3,10,16,4,2,0,0,1,1,12,1,0,0,0,0,0,1,0,0,0,0,0,0,0,1,0,0,0,0
26,MARAMUREŞ,PRIMĂRIA,330,LĂPUŞ,108222,1,PROV,PRCNCT,CD,CD_SV,"2021-01-21 12:30:02",1462,1425,37,0,368,331,37,0,1600,1232,363,3,2,4,98,18,17,133,37,0,0,0,1,6,41,4,0,0,0,0,0,0,0,2,0,0,1,0,0,0,0,0,0,1
26,MARAMUREŞ,"GRĂDINIȚA CU PROGRAM NORMAL ,3 GRUPE",331,LĂPUŞ,108222,1,PROV,PRCNCT,CD,CD_SV,"2021-01-21 12:30:02",1529,1529,0,0,405,405,0,0,1800,1395,402,0,3,2,89,16,46,148,45,6,0,0,3,7,33,4,1,0,0,1,0,0,0,0,1,0,0,0,0,0,0,0,0,0
26,MARAMUREŞ,PRIMĂRIA,332,LEORDINA,108240,1,PROV,PRCNCT,CD,CD_SV,"2021-01-21 12:30:02",1471,1446,25,0,462,437,25,0,1600,1138,439,8,15,4,96,7,11,43,227,3,0,0,2,8,20,3,3,1,0,1,0,0,0,1,4,0,1,0,0,1,0,0,3,0
26,MARAMUREŞ,ŞCOALA,333,LEORDINA,108240,1,PROV,PRCNCT,CD,CD_SV,"2021-01-21 12:30:02",546,538,8,0,148,140,8,0,600,452,143,1,4,1,22,8,6,19,64,0,0,0,1,2,10,1,2,0,0,0,0,0,0,0,0,0,0,0,1,3,2,0,1,0
26,MARAMUREŞ,"ŞCOALA GENERALĂ",334,"MIREŞU MARE",108268,1,PROV,PRCNCT,CD,CD_SV,"2021-01-21 12:30:02",817,789,25,3,292,264,25,3,1000,708,286,1,5,0,29,53,18,145,16,0,2,0,4,2,15,0,0,0,0,0,0,0,0,0,1,0,0,0,0,1,0,0,0,0
26,MARAMUREŞ,"CENTRUL MULTIFUNCŢIONAL",335,"MIREŞU MARE",108268,1,PROV,PRCNCT,CD,CD_SV,"2021-01-21 12:30:02",540,516,24,0,180,156,24,0,600,420,179,1,0,1,28,13,8,57,48,0,1,0,2,1,18,0,0,0,0,0,1,0,0,1,0,0,0,0,0,0,0,0,0,0
26,MARAMUREŞ,"CENTRUL SOCIAL DE ASIGURARE A SERVICIILOR SOCIALE",336,"MIREŞU MARE",108268,1,PROV,PRCNCT,CD,CD_SV,"2021-01-21 12:30:02",427,401,26,0,141,115,26,0,599,458,139,1,1,1,62,2,6,39,15,1,0,0,2,2,8,1,0,0,0,0,0,0,0,0,0,0,0,0,0,0,0,0,0,0
26,MARAMUREŞ,"CĂMINUL CULTURAL",337,"MIREŞU MARE",108268,3,PART,PRCNCT,CD,CD_SV,"2021-01-21 12:30:02",1226,1147,78,1,398,319,78,1,1400,1002,391,3,4,2,60,16,67,179,17,0,6,0,9,5,24,2,1,1,0,0,0,0,0,0,0,0,0,1,0,1,0,0,0,0
26,MARAMUREŞ,"ŞCOALA CU CLASELE I-IV",338,"MIREŞU MARE",108268,1,PROV,PRCNCT,CD,CD_SV,"2021-01-21 12:30:02",508,475,33,0,187,154,33,0,601,414,186,1,0,2,31,10,31,92,3,0,0,0,5,0,8,3,0,0,0,0,0,0,0,0,0,0,0,0,0,1,0,0,0,0
26,MARAMUREŞ,"ŞCOALA CU CLASELE I-IV",339,"MIREŞU MARE",108268,1,PROV,PRCNCT,CD,CD_SV,"2021-01-21 12:30:02",558,520,38,0,184,146,38,0,600,416,181,2,1,2,28,9,36,64,8,3,3,0,2,6,16,1,1,0,0,0,0,0,0,0,0,0,0,0,0,0,0,1,1,0
26,MARAMUREŞ,PRIMĂRIA,340,MOISEI,108348,1,PROV,PRCNCT,CD,CD_SV,"2021-01-21 12:30:02",1731,1711,20,0,552,532,20,0,2000,1448,542,5,5,1,246,11,24,125,30,0,49,3,7,3,30,2,1,2,1,0,0,0,0,1,0,1,2,0,0,2,0,0,1,0
26,MARAMUREŞ,GRĂDINIȚA,341,MOISEI,108348,1,PROV,PRCNCT,CD,CD_SV,"2021-01-21 12:30:02",1070,1061,9,0,344,335,9,0,1200,856,333,6,5,2,124,12,8,84,20,2,16,1,25,3,32,0,1,0,0,0,1,0,0,0,0,0,0,0,1,1,0,0,0,0
26,MARAMUREŞ,"ȘCOALA NR. 3",342,MOISEI,108348,1,PROV,PRCNCT,CD,CD_SV,"2021-01-21 12:30:02",1650,1619,29,2,474,443,29,2,1800,1326,458,6,10,0,131,37,12,143,16,2,27,8,8,9,51,1,1,2,0,2,1,1,0,0,0,0,0,1,1,1,2,1,0,0
26,MARAMUREŞ,"GOSPODĂRIE INDIVIDUALĂ",343,MOISEI,108348,1,PROV,PRCNCT,CD,CD_SV,"2021-01-21 12:30:02",1230,1218,12,0,365,353,12,0,1400,1035,360,3,2,1,145,12,31,80,29,0,11,5,9,1,31,1,1,0,0,0,0,0,0,0,0,0,3,0,0,0,0,0,0,0
26,MARAMUREŞ,"ȘCOALA NR. 2",344,MOISEI,108348,1,PROV,PRCNCT,CD,CD_SV,"2021-01-21 12:30:02",2112,2091,21,0,559,538,21,0,2400,1841,544,8,7,1,201,11,34,114,79,1,21,1,9,14,40,5,2,0,1,1,0,0,0,0,0,0,0,0,1,5,1,1,1,0
26,MARAMUREŞ,PRIMĂRIA,345,"OARŢA DE JOS",108366,1,PROV,PRCNCT,CD,CD_SV,"2021-01-21 12:30:02",377,355,21,1,153,131,21,1,400,247,150,1,2,0,46,22,7,44,9,1,2,0,9,0,7,1,1,0,0,0,0,0,0,0,0,0,0,0,0,1,0,0,0,0
26,MARAMUREŞ,"ȘCOALA GENERALĂ",346,"OARŢA DE JOS",108366,1,PROV,PRCNCT,CD,CD_SV,"2021-01-21 12:30:02",603,569,33,1,214,180,33,1,800,586,210,2,2,4,32,5,45,83,15,0,3,0,9,0,7,3,0,0,0,1,0,0,0,0,0,0,1,0,0,1,0,1,0,0
26,MARAMUREŞ,"SCOALA CU CLASELE I-VIII",347,"OCNA ŞUGATAG",108400,1,PROV,PRCNCT,CD,CD_SV,"2021-01-21 12:30:02",871,854,17,0,194,177,17,0,1000,806,183,7,4,4,62,3,23,36,9,3,1,0,5,5,26,1,1,0,0,0,0,0,0,1,1,0,0,0,0,1,0,0,1,0
26,MARAMUREŞ,"SCOALA CU CLASELE I-IV",348,"OCNA ŞUGATAG",108400,1,PROV,PRCNCT,CD,CD_SV,"2021-01-21 12:30:02",275,258,14,3,103,86,14,3,200,97,102,0,1,3,18,8,5,35,4,12,0,1,7,0,7,0,0,0,0,0,0,0,0,0,0,1,0,0,0,1,0,0,0,0
26,MARAMUREŞ,"ŞCOALA GENERALĂ",349,"OCNA ŞUGATAG",108400,2,PART,PRCNCT,CD,CD_SV,"2021-01-21 12:30:02",1007,990,16,1,292,275,16,1,1000,708,285,5,2,2,99,12,65,43,18,10,0,2,9,2,12,2,3,0,0,0,0,0,0,0,2,0,0,0,0,3,0,1,0,0
26,MARAMUREŞ,"SALA DE FESTIVITĂȚI",350,"OCNA ŞUGATAG",108400,1,PROV,PRCNCT,CD,CD_SV,"2021-01-21 12:30:02",1411,1373,38,0,422,384,38,0,1600,1178,411,11,0,60,115,22,26,102,47,3,2,2,3,4,18,1,1,0,0,0,0,0,0,0,1,0,0,0,0,3,0,0,0,1
26,MARAMUREŞ,"CĂMINUL CULTURAL",351,ONCEŞTI,179864,1,PROV,PRCNCT,CD,CD_SV,"2021-01-21 12:30:02",1278,1256,22,0,400,378,22,0,1400,1000,384,11,5,5,176,25,12,94,31,8,1,0,1,3,21,2,0,0,1,0,1,0,0,1,0,0,0,0,1,0,1,0,0,0
26,MARAMUREŞ,"ŞCOALA GENERALĂ „MOCEARSCHI”",352,PETROVA,108455,1,PROV,PRCNCT,CD,CD_SV,"2021-01-21 12:30:02",1041,1023,18,0,280,262,18,0,1200,920,256,11,13,2,94,26,16,48,12,2,1,1,2,5,38,3,0,0,0,0,0,1,0,2,0,0,0,1,0,2,0,0,0,0
26,MARAMUREŞ,"ŞCOALA GENERALĂ „SUSANI”",353,PETROVA,108455,1,PROV,PRCNCT,CD,CD_SV,"2021-01-21 12:30:02",960,941,19,0,272,253,19,0,1000,728,258,7,7,2,68,36,19,70,11,0,0,0,1,1,25,7,5,0,0,0,0,0,0,0,0,0,0,7,1,3,0,1,1,0
26,MARAMUREŞ,"LICEUL TEHNOLOGIC POIENILE DE SUB MUNTE",354,"POIENILE DE SUB MUNTE",108473,1,PROV,PRCNCT,CD,CD_SV,"2021-01-21 12:30:02",1132,1126,6,0,406,400,6,0,1200,794,370,25,11,4,185,5,10,24,37,1,0,0,3,2,63,3,0,1,1,0,0,0,1,0,0,0,0,0,0,29,0,0,1,0
26,MARAMUREŞ,"LICEUL TEHNOLOGIC POIENILE DE SUB MUNTE",355,"POIENILE DE SUB MUNTE",108473,1,PROV,PRCNCT,CD,CD_SV,"2021-01-21 12:30:02",1128,1116,12,0,370,358,12,0,1200,830,338,24,8,3,133,6,10,32,29,1,1,0,2,0,83,2,1,0,0,0,0,1,0,0,0,0,0,1,0,32,0,0,1,0
26,MARAMUREŞ,"LICEUL TEHNOLOGIC POIENILE DE SUB MUNTE",356,"POIENILE DE SUB MUNTE",108473,1,PROV,PRCNCT,CD,CD_SV,"2021-01-21 12:30:02",1653,1648,5,0,579,574,5,0,1800,1221,507,48,24,4,242,3,12,31,32,1,2,1,3,9,132,1,4,0,3,2,0,1,0,0,0,1,1,1,1,16,1,0,3,0
26,MARAMUREŞ,"LICEUL TEHNOLOGIC POIENILE DE SUB MUNTE ȘCOALA NEJNEI CRAI",357,"POIENILE DE SUB MUNTE",108473,1,PROV,PRCNCT,CD,CD_SV,"2021-01-21 12:30:02",1413,1403,10,0,433,423,10,0,1400,967,401,22,10,2,190,8,24,31,27,0,3,0,1,2,73,1,1,0,0,2,0,3,0,0,1,1,0,1,0,29,1,0,0,0
26,MARAMUREŞ,"ȘCOALA GIMNAZIALĂ NR. 4 HORB POIENILE DE SUB MUNTE",358,"POIENILE DE SUB MUNTE",108473,1,PROV,PRCNCT,CD,CD_SV,"2021-01-21 12:30:02",1342,1334,8,0,456,448,8,0,1400,944,420,14,22,7,195,13,9,27,34,3,9,0,1,4,75,4,1,2,0,0,0,1,0,1,0,0,0,0,2,26,1,4,1,0
26,MARAMUREŞ,"ȘCOALA GIMNAZIALĂ NR. 4 STRUCTURA LUHEI POIENILE DE SUB MUNTE",359,"POIENILE DE SUB MUNTE",108473,1,PROV,PRCNCT,CD,CD_SV,"2021-01-21 12:30:02",904,891,13,0,345,332,13,0,1000,655,323,16,6,4,182,3,7,15,17,3,0,0,0,0,61,3,0,1,0,2,0,1,1,2,1,0,2,0,0,16,1,1,0,0
26,MARAMUREŞ,PRIMĂRIA,360,"POIENILE IZEI",179604,1,PROV,PRCNCT,CD,CD_SV,"2021-01-21 12:30:02",747,724,23,0,364,341,23,0,800,436,360,1,3,3,73,42,10,56,119,8,0,0,9,6,21,6,3,0,0,0,0,0,0,1,1,0,0,0,0,1,0,1,0,0
26,MARAMUREŞ,"ȘCOALA GIMNAZIALĂ",361,RECEA,106407,1,PROV,PRCNCT,CD,CD_SV,"2021-01-21 12:30:02",1263,1224,39,0,526,487,39,0,1400,874,514,7,5,38,137,13,20,139,63,1,1,1,3,3,88,2,0,0,0,0,0,2,0,0,0,0,0,1,0,2,0,0,0,0
26,MARAMUREŞ,"ȘCOALA GIMNAZIALĂ",362,RECEA,106407,1,PROV,PRCNCT,CD,CD_SV,"2021-01-21 12:30:02",1311,1287,24,0,475,451,24,0,1400,925,465,10,0,4,94,23,22,201,72,2,3,0,2,3,33,1,1,0,0,0,0,0,0,0,0,0,0,0,1,2,0,0,1,0
26,MARAMUREŞ,"ȘCOALA CU CLASELE I-IV",363,RECEA,106407,1,PROV,PRCNCT,CD,CD_SV,"2021-01-21 12:30:02",369,337,32,0,158,126,32,0,400,242,153,3,2,1,58,4,5,55,12,0,0,0,2,0,13,0,0,0,0,0,0,0,0,2,1,0,0,0,0,0,0,0,0,0
26,MARAMUREŞ,"ȘCOALA CU CLASELE I-IV",364,RECEA,106407,1,PROV,PRCNCT,CD,CD_SV,"2021-01-21 12:30:02",1073,1024,48,1,500,451,48,1,1200,700,494,5,1,8,164,27,38,129,75,1,1,0,4,2,37,1,3,0,0,0,0,1,0,0,0,0,0,0,0,1,0,0,1,1
26,MARAMUREŞ,"ȘCOALĂ GIMNAZIALĂ",365,RECEA,106407,1,PROV,PRCNCT,CD,CD_SV,"2021-01-21 12:30:02",1080,1046,34,0,348,314,34,0,1200,852,341,6,1,3,96,29,17,77,66,0,2,1,3,1,39,4,0,0,0,0,0,0,0,0,0,0,0,0,0,3,0,0,0,0
26,MARAMUREŞ,"CLĂDIREA ADMINISTRATIVĂ BISERICA ”DUMINICA MIRONOSIȚELOR”",366,RECEA,106407,1,PROV,PRCNCT,CD,CD_SV,"2021-01-21 12:30:02",608,578,30,0,257,227,30,0,600,343,246,10,1,3,53,9,25,69,56,3,0,0,3,3,16,1,0,0,0,2,0,1,0,0,0,0,0,0,0,1,0,0,1,0
26,MARAMUREŞ,"CĂMINUL CULTURAL",367,"REMETEA CHIOARULUI",108491,1,PROV,PRCNCT,CD,CD_SV,"2021-01-21 12:30:02",537,520,17,0,163,146,17,0,600,437,161,1,1,56,17,3,38,19,6,0,0,0,1,0,18,1,0,0,0,0,0,0,0,1,0,0,0,0,0,0,0,0,0,1
26,MARAMUREŞ,"CĂMINUL CULTURAL",368,"REMETEA CHIOARULUI",108491,1,PROV,PRCNCT,CD,CD_SV,"2021-01-21 12:30:02",377,353,24,0,127,103,24,0,400,273,126,1,0,1,20,6,65,8,14,0,0,0,1,0,4,5,0,0,0,0,0,0,0,1,0,0,0,0,0,0,0,1,0,0
26,MARAMUREŞ,"SCOALA PRIMARA",369,"REMETEA CHIOARULUI",108491,1,PROV,PRCNCT,CD,CD_SV,"2021-01-21 12:30:02",286,267,19,0,123,104,19,0,400,277,119,3,1,1,40,6,45,4,7,0,0,1,1,0,9,2,1,0,0,0,0,0,1,1,0,0,0,0,0,0,0,0,0,0
26,MARAMUREŞ,"SCOALA GIMNAZIALA",370,"REMETEA CHIOARULUI",108491,1,PROV,PRCNCT,CD,CD_SV,"2021-01-21 12:30:02",999,922,77,0,388,311,77,0,1000,612,383,3,2,4,69,19,199,36,14,4,2,0,0,4,21,4,0,0,1,1,0,0,0,1,1,0,0,0,1,0,1,0,0,1
26,MARAMUREŞ,"ȘCOALA CU CLASELE I-IV",371,"REMETEA CHIOARULUI",108491,1,PROV,PRCNCT,CD,CD_SV,"2021-01-21 12:30:02",238,212,26,0,86,60,26,0,400,314,85,1,0,1,11,6,44,4,8,0,0,0,1,0,8,0,0,0,0,0,0,0,0,1,0,0,1,0,0,0,0,0,0,0
26,MARAMUREŞ,"CĂMIN CULTURAL",372,REMEŢI,108552,1,PROV,PRCNCT,CD,CD_SV,"2021-01-21 12:30:02",339,319,20,0,80,60,20,0,400,320,78,1,1,15,11,6,2,9,18,1,0,0,5,1,3,0,0,0,1,1,0,0,0,0,0,0,0,0,0,5,0,0,0,0
26,MARAMUREŞ,"CANTON DE EXPLOATARE ABA SOMEŞ-TISA",373,REMEŢI,108552,1,PROV,PRCNCT,CD,CD_SV,"2021-01-21 12:30:02",165,147,18,0,40,22,18,0,200,160,40,0,0,4,4,1,1,15,7,0,0,0,1,0,2,0,1,0,0,0,0,0,0,1,0,0,0,0,0,3,0,0,0,0
26,MARAMUREŞ,"ŞCOALA CU CLASELE I-VIII",374,REMEŢI,108552,1,PROV,PRCNCT,CD,CD_SV,"2021-01-21 12:30:02",1357,1339,12,6,288,270,12,6,1400,1112,278,6,4,2,72,20,14,55,21,4,0,0,7,5,8,4,1,0,2,0,0,0,0,2,0,0,0,0,1,59,0,0,0,1
26,MARAMUREŞ,GRĂDINIŢA,375,REMEŢI,108552,1,PROV,PRCNCT,CD,CD_SV,"2021-01-21 12:30:02",806,797,9,0,199,190,9,0,800,601,194,4,1,2,47,27,7,31,14,0,0,1,2,2,13,1,1,1,0,0,0,0,0,0,0,0,0,2,0,43,0,0,0,0
26,MARAMUREŞ,"CĂMINUL CULTURAL",376,REPEDEA,108598,1,PROV,PRCNCT,CD,CD_SV,"2021-01-21 12:30:02",1754,1744,10,0,504,494,10,0,2000,1496,470,24,10,2,253,13,64,31,23,0,3,1,1,1,49,1,0,11,0,0,1,0,0,1,0,0,0,0,0,12,1,0,1,1
26,MARAMUREŞ,"ŞCOALA GENERALĂ CU CLASELE I-IV LUJANA",377,REPEDEA,108598,2,PART,PRCNCT,CD,CD_SV,"2021-01-21 12:30:02",743,727,16,0,237,221,16,0,800,563,226,7,4,0,116,8,13,20,13,2,2,0,0,0,38,0,1,0,2,0,0,2,0,0,0,1,0,0,0,7,1,0,0,0
26,MARAMUREŞ,"ŞCOALA GENERALĂ CU CLASEL I-IV LESPEDEA DE JOS",378,REPEDEA,108598,1,PROV,PRCNCT,CD,CD_SV,"2021-01-21 12:30:02",1209,1201,8,0,372,364,8,0,1400,1028,358,6,8,2,174,5,19,51,7,2,9,0,1,0,51,2,0,0,0,1,0,0,0,1,1,0,1,0,1,30,0,0,0,0
26,MARAMUREŞ,"ŞCOALA GIMNAZIALĂ „LAURENŢIU ULICI”",379,"RONA DE JOS",108614,1,PROV,PRCNCT,CD,CD_SV,"2021-01-21 12:30:02",1717,1697,20,0,448,428,20,0,1800,1352,439,6,3,5,171,4,18,110,27,26,1,0,25,2,36,6,2,0,0,0,0,0,0,1,1,1,0,0,0,3,0,0,0,0
26,MARAMUREŞ,"CĂMINUL CULTURAL",380,"RONA DE SUS",108632,3,PART,PRCNCT,CD,CD_SV,"2021-01-21 12:30:02",1645,1625,10,10,400,380,10,10,1800,1400,378,10,12,4,42,17,7,21,171,4,0,1,9,6,10,0,3,0,1,1,0,1,1,0,0,0,0,1,0,73,1,1,2,1
26,MARAMUREŞ,"CĂMINUL CULTURAL",381,"RONA DE SUS",108632,1,PROV,PRCNCT,CD,CD_SV,"2021-01-21 12:30:02",1499,1489,9,1,365,355,9,1,1600,1235,345,16,4,2,36,9,9,19,180,1,1,0,2,1,12,4,1,0,0,0,0,0,0,1,0,0,1,1,0,60,2,1,0,2
26,MARAMUREŞ,"CLUBUL TINERETULUI",382,"RONA DE SUS",108632,1,PROV,PRCNCT,CD,CD_SV,"2021-01-21 12:30:02",642,598,22,22,217,173,22,22,800,583,205,9,3,22,23,3,2,20,83,0,0,2,1,0,12,2,0,0,0,0,0,0,1,0,1,0,0,0,0,31,0,2,0,0
26,MARAMUREŞ,PRIMĂRIA,383,ROZAVLEA,108669,1,PROV,PRCNCT,CD,CD_SV,"2021-01-21 12:30:02",1957,1915,19,23,668,626,19,23,1915,1247,663,5,0,2,61,33,17,499,22,3,0,0,7,3,11,2,0,0,0,0,0,0,1,0,0,0,0,0,0,2,0,0,0,0
26,MARAMUREŞ,"GRĂDINIȚA ȘESU MÂNĂSTIRII",384,ROZAVLEA,108669,1,PROV,PRCNCT,CD,CD_SV,"2021-01-21 12:30:02",796,766,17,13,234,204,17,13,800,566,229,1,4,0,25,20,5,143,15,0,1,0,1,1,16,1,0,0,0,0,0,0,0,0,0,0,0,0,0,1,0,0,0,0
26,MARAMUREŞ,"CLUBUL TINERETULUI",385,RUSCOVA,108696,1,PROV,PRCNCT,CD,CD_SV,"2021-01-21 12:30:02",1557,1542,15,0,329,314,15,0,1600,1271,306,18,5,3,56,7,11,123,11,1,11,0,1,3,29,3,0,4,0,0,0,0,0,1,0,0,1,2,2,35,0,1,1,0
26,MARAMUREŞ,"GRĂDINIŢA NR.1",386,RUSCOVA,108696,1,PROV,PRCNCT,CD,CD_SV,"2021-01-21 12:30:02",1696,1689,7,0,351,344,7,0,1800,1449,334,12,5,2,68,1,15,133,13,5,7,0,4,0,33,0,1,0,0,0,0,0,0,1,0,0,0,0,0,50,0,0,1,0
26,MARAMUREŞ,"ŞCOALA GENERALĂ NR.2",387,RUSCOVA,108696,1,PROV,PRCNCT,CD,CD_SV,"2021-01-21 12:30:02",1143,1125,18,0,251,233,18,0,1200,949,241,7,3,1,52,3,8,106,21,0,0,0,1,4,21,0,1,1,0,0,0,0,1,0,0,0,0,0,0,20,0,1,0,0
26,MARAMUREŞ,"CĂMINUL CULTURAL",388,SARASĂU,106620,1,PROV,PRCNCT,CD,CD_SV,"2021-01-21 12:30:02",1230,1214,16,0,280,264,16,0,1200,920,276,3,1,2,67,7,19,95,38,6,0,0,8,4,23,3,1,0,0,0,0,0,1,1,0,0,0,0,0,1,0,0,0,0
26,MARAMUREŞ,"CĂMINUL CULTURAL",389,SARASĂU,106620,1,PROV,PRCNCT,CD,CD_SV,"2021-01-21 12:30:02",1069,1061,8,0,291,283,8,0,1200,909,283,7,1,1,89,10,28,96,21,1,1,1,5,0,23,2,1,0,0,0,0,0,0,0,0,0,0,0,0,3,0,0,1,0
26,MARAMUREŞ,"CĂMINUL CULTURAL",390,SATULUNG,108712,1,PROV,PRCNCT,CD,CD_SV,"2021-01-21 12:30:02",1324,1270,45,9,413,359,45,9,1400,987,401,10,2,9,146,12,76,70,41,0,0,1,5,5,25,4,3,0,0,0,0,0,0,2,0,0,0,0,1,0,0,0,1,0
26,MARAMUREŞ,"CĂMINUL CULTURAL",391,SATULUNG,108712,1,PROV,PRCNCT,CD,CD_SV,"2021-01-21 12:30:02",180,127,46,7,139,86,46,7,200,61,139,0,0,1,109,3,9,9,3,0,0,0,0,2,1,0,0,0,0,0,0,0,0,1,0,0,0,0,0,1,0,0,0,0
26,MARAMUREŞ,"CĂMINUL CULTURAL",392,SATULUNG,108712,1,PROV,PRCNCT,CD,CD_SV,"2021-01-21 12:30:02",598,581,17,0,185,168,17,0,600,415,182,1,2,2,83,1,20,34,21,0,0,0,3,1,11,1,1,0,0,0,0,0,0,2,1,0,0,0,0,0,0,1,0,0
26,MARAMUREŞ,"CĂMINUL CULTURAL",393,SATULUNG,108712,1,PROV,PRCNCT,CD,CD_SV,"2021-01-21 12:30:02",678,664,14,0,145,131,14,0,800,655,142,3,0,1,69,12,5,16,17,2,0,0,1,0,13,1,2,0,0,0,0,0,0,3,0,0,0,0,0,0,0,0,0,0
26,MARAMUREŞ,"CĂMINUL CULTURAL",394,SATULUNG,108712,2,PART,PRCNCT,CD,CD_SV,"2021-01-21 12:30:02",910,878,32,0,362,330,32,0,1000,638,327,21,14,6,223,4,20,32,7,0,0,0,2,2,18,2,2,0,0,0,0,1,0,6,0,0,0,0,1,0,0,1,0,0
26,MARAMUREŞ,"CĂMINUL CULTURAL",395,SATULUNG,108712,1,PROV,PRCNCT,CD,CD_SV,"2021-01-21 12:30:02",599,560,36,3,213,174,36,3,600,387,203,6,4,3,82,6,29,28,32,0,0,1,3,0,4,3,1,0,0,0,0,0,0,8,1,1,0,0,0,1,0,0,0,0
26,MARAMUREŞ,"CĂMINUL CULTURAL",396,SATULUNG,108712,1,PROV,PRCNCT,CD,CD_SV,"2021-01-21 12:30:02",638,619,13,6,169,150,13,6,800,631,167,1,1,1,64,2,5,43,26,2,0,1,1,2,12,2,1,0,0,0,2,0,0,3,0,0,0,0,0,0,0,0,0,0
26,MARAMUREŞ,"SALA DE SPORT",397,SĂCĂLĂŞENI,108794,1,PROV,PRCNCT,CD,CD_SV,"2021-01-21 12:30:02",808,767,41,0,240,199,41,0,800,560,238,2,0,1,70,8,22,67,29,0,2,0,7,5,18,2,0,0,1,1,0,1,0,2,1,0,0,0,0,0,0,0,1,0
26,MARAMUREŞ,"CĂMINUL CULTURAL",398,SĂCĂLĂŞENI,108794,1,PROV,PRCNCT,CD,CD_SV,"2021-01-21 12:30:02",708,680,28,0,271,243,28,0,800,529,270,1,0,1,71,18,8,109,39,0,0,0,5,1,11,3,1,0,0,0,0,1,0,1,0,0,0,0,0,1,0,0,0,0
26,MARAMUREŞ,"CĂMINUL CULTURAL",399,SĂCĂLĂŞENI,108794,1,PROV,PRCNCT,CD,CD_SV,"2021-01-21 12:30:02",545,524,21,0,149,128,21,0,600,451,147,2,0,2,43,9,15,30,24,0,1,1,2,2,9,1,2,0,0,0,0,0,0,5,0,0,0,0,1,0,0,0,0,0
26,MARAMUREŞ,PRIMĂRIA,400,SĂCEL,108874,1,PROV,PRCNCT,CD,CD_SV,"2021-01-21 12:30:02",1453,1432,19,2,407,386,19,2,1600,1193,388,12,7,4,102,98,47,64,16,3,0,1,18,2,25,4,1,0,0,0,1,0,0,0,0,0,0,0,0,1,0,1,0,0
26,MARAMUREŞ,"ŞCOALA VALEA CARELOR",401,SĂCEL,108874,1,PROV,PRCNCT,CD,CD_SV,"2021-01-21 12:30:02",1330,1316,13,1,369,355,13,1,1400,1031,355,10,4,8,87,38,38,65,28,4,2,1,38,2,33,4,3,0,0,1,1,0,0,0,0,0,0,0,0,0,0,0,2,0
26,MARAMUREŞ,"CĂMINUL CULTURAL",402,SĂLSIG,108918,1,PROV,PRCNCT,CD,CD_SV,"2021-01-21 12:30:02",1338,1275,61,2,532,469,61,2,1400,868,523,5,4,7,85,12,245,82,47,1,1,0,4,2,25,4,0,0,0,0,1,0,0,4,0,0,0,0,0,1,1,0,1,0
26,MARAMUREŞ,"ȘCOALA GIMNAZIALĂ",403,SĂPÂNŢA,108945,2,PART,PRCNCT,CD,CD_SV,"2021-01-21 12:30:02",1361,1352,9,0,402,393,9,0,1400,998,393,5,4,6,78,28,7,220,21,4,0,0,0,2,17,5,2,0,0,0,0,0,0,1,0,0,0,0,1,1,0,0,0,0
26,MARAMUREŞ,"ȘCOALA GIMNAZIALĂ",404,SĂPÂNŢA,108945,1,PROV,PRCNCT,CD,CD_SV,"2021-01-21 12:30:02",1290,1274,16,0,396,380,16,0,1400,1004,385,5,6,4,103,26,4,185,20,9,0,1,0,4,18,5,1,1,0,1,1,0,0,1,0,0,0,0,0,1,0,0,0,0
26,MARAMUREŞ,"ȘCOALA GENERALĂ",405,STRÂMTURA,109005,1,PROV,PRCNCT,CD,CD_SV,"2021-01-21 12:30:02",1686,1658,24,4,455,427,24,4,1800,1345,438,7,10,2,76,13,31,213,26,9,0,0,7,1,31,15,7,0,0,0,2,0,0,0,1,0,0,0,0,1,0,1,1,1
26,MARAMUREŞ,"ȘCOALA GENERALĂ",406,STRÂMTURA,109005,1,PROV,PRCNCT,CD,CD_SV,"2021-01-21 12:30:02",416,397,19,0,133,114,19,0,400,267,127,6,0,3,18,19,11,40,6,0,0,0,1,1,13,10,0,0,0,0,0,0,0,1,0,0,0,0,0,1,0,0,2,1
26,MARAMUREŞ,"ȘCOALA GENERALĂ",407,STRÂMTURA,109005,1,PROV,PRCNCT,CD,CD_SV,"2021-01-21 12:30:02",526,507,19,0,184,165,19,0,600,416,180,0,4,1,58,8,6,52,12,4,9,0,8,3,15,2,0,0,0,0,0,0,0,0,0,0,1,1,0,0,0,0,0,0
26,MARAMUREŞ,"ȘCOALA GENERALĂ",408,STRÂMTURA,109005,1,PROV,PRCNCT,CD,CD_SV,"2021-01-21 12:30:02",420,412,8,0,79,71,8,0,400,321,76,1,2,1,15,5,12,23,3,3,1,0,1,3,5,2,0,0,0,0,0,0,0,0,0,0,0,0,0,1,0,1,0,0
26,MARAMUREŞ,"DISPENSAR UMAN",409,"SUCIU DE SUS",109041,1,PROV,PRCNCT,CD,CD_SV,"2021-01-21 12:30:02",832,806,26,0,240,214,26,0,1000,760,235,3,2,2,117,12,8,50,14,0,0,0,3,3,18,2,2,0,0,0,0,1,0,0,0,0,0,0,0,2,1,0,0,0
26,MARAMUREŞ,PRIMĂRIA,410,"SUCIU DE SUS",109041,1,PROV,PRCNCT,CD,CD_SV,"2021-01-21 12:30:02",1374,1348,19,7,536,510,19,7,1400,864,515,15,6,1,302,8,11,120,18,1,0,1,6,8,23,3,2,1,2,0,0,0,0,3,0,0,0,0,1,0,2,0,2,0
26,MARAMUREŞ,"ŞCOALA GENERALĂ CANDELA",411,"SUCIU DE SUS",109041,1,PROV,PRCNCT,CD,CD_SV,"2021-01-21 12:30:02",756,730,26,0,245,219,26,0,800,555,232,7,6,4,144,4,6,46,8,1,0,1,3,7,6,2,0,0,0,0,0,0,0,0,0,0,0,0,0,0,0,0,0,0
26,MARAMUREŞ,"ŞCOALA PRIMARĂ",412,"SUCIU DE SUS",109041,1,PROV,PRCNCT,CD,CD_SV,"2021-01-21 12:30:02",280,269,11,0,134,123,11,0,400,266,134,0,0,2,94,2,1,20,7,0,0,0,4,1,3,0,0,0,0,0,0,0,0,0,0,0,0,0,0,0,0,0,0,0
26,MARAMUREŞ,"CĂMINUL CULTURAL",413,ŞIEU,179613,2,PART,PRCNCT,CD,CD_SV,"2021-01-21 12:30:02",1211,1181,21,9,349,319,21,9,1200,851,341,4,4,0,153,17,9,60,34,2,0,0,9,7,45,3,1,1,0,0,0,0,0,0,0,0,0,0,0,0,0,0,0,0
26,MARAMUREŞ,"ȘCOALA DE LA PODUL RÂTULUI",414,ŞIEU,179613,3,PART,PRCNCT,CD,CD_SV,"2021-01-21 12:30:02",756,732,18,6,248,224,18,6,800,552,241,4,3,1,128,5,5,39,19,7,1,1,6,3,19,2,0,0,0,0,0,0,0,0,0,0,0,0,0,4,0,1,0,0
26,MARAMUREŞ,"CĂMINUL CULTURAL ȘIȘEȘTI",415,ŞIŞEŞTI,109096,1,PROV,PRCNCT,CD,CD_SV,"2021-01-21 12:30:02",1305,1286,19,0,418,399,19,0,1400,982,411,4,3,0,47,10,17,220,48,1,1,1,17,3,42,0,0,1,1,0,0,0,0,0,0,0,0,0,0,1,0,0,1,0
26,MARAMUREŞ,"ȘCOALA CU CLASELE I-IV",416,ŞIŞEŞTI,109096,2,PART,PRCNCT,CD,CD_SV,"2021-01-21 12:30:02",206,189,17,0,76,59,17,0,200,124,76,0,0,0,15,3,6,31,10,0,0,0,1,1,5,1,1,0,0,0,0,0,0,0,0,0,0,0,1,1,0,0,0,0
26,MARAMUREŞ,"ŞCOALA CU CLASELE I-IV",417,ŞIŞEŞTI,109096,1,PROV,PRCNCT,CD,CD_SV,"2021-01-21 12:30:02",381,367,14,0,108,94,14,0,600,492,104,2,2,0,15,6,4,51,17,0,0,0,1,0,5,1,0,0,0,0,0,0,0,0,0,0,1,0,0,2,0,0,0,1
26,MARAMUREŞ,"ŞCOALA CU CLS I-IV",418,ŞIŞEŞTI,109096,1,PROV,PRCNCT,CD,CD_SV,"2021-01-21 12:30:02",438,430,8,0,106,98,8,0,600,494,103,1,2,0,17,8,5,32,12,2,0,0,5,1,16,0,1,0,0,1,0,1,0,0,0,0,0,0,0,1,0,0,1,0
26,MARAMUREŞ,"ŞCOALA GENERALĂ",419,ŞIŞEŞTI,109096,1,PROV,PRCNCT,CD,CD_SV,"2021-01-21 12:30:02",525,507,18,0,166,148,18,0,600,434,165,1,0,0,31,4,7,55,34,11,0,0,0,0,20,0,0,0,1,0,1,0,0,0,0,0,0,0,1,0,0,0,0,0
26,MARAMUREŞ,"ŞCOALA GENERALĂ",420,ŞIŞEŞTI,109096,1,PROV,PRCNCT,CD,CD_SV,"2021-01-21 12:30:02",547,524,23,0,180,157,23,0,600,420,178,0,2,0,28,11,9,71,20,1,4,0,2,0,24,5,0,0,0,0,1,0,0,1,0,0,0,0,0,0,0,0,1,0
26,MARAMUREŞ,"SCOALA GENERALĂ",421,ŞIŞEŞTI,109096,1,PROV,PRCNCT,CD,CD_SV,"2021-01-21 12:30:02",1211,1199,12,0,317,305,12,0,1200,883,311,5,1,2,60,16,53,77,63,0,1,0,3,3,30,2,0,0,0,0,0,0,0,0,1,0,0,0,0,0,0,0,0,0
26,MARAMUREŞ,"ȘCOALA GIMNAZIALĂ VADU IZEI",422,"VADU IZEI",106648,1,PROV,PRCNCT,CD,CD_SV,"2021-01-21 12:30:02",1070,1028,42,0,282,240,42,0,1200,918,280,2,0,1,119,9,20,80,21,6,1,0,0,4,8,6,1,0,0,0,0,0,0,0,0,0,0,0,0,1,0,1,1,1
26,MARAMUREŞ,"ȘCOALA GIMNAZIALĂ VADU IZEI",423,"VADU IZEI",106648,1,PROV,PRCNCT,CD,CD_SV,"2021-01-21 12:30:02",1021,1005,16,0,279,263,16,0,1200,921,273,6,0,1,171,5,11,49,11,3,0,0,0,2,11,5,0,0,1,0,0,0,0,1,0,0,0,0,0,2,0,0,0,0
26,MARAMUREŞ,"SALA DE FESTIVITĂȚI",424,"VADU IZEI",106648,1,PROV,PRCNCT,CD,CD_SV,"2021-01-21 12:30:02",413,395,18,0,138,120,18,0,400,262,133,2,3,1,88,0,9,17,9,0,0,1,2,1,3,1,1,0,0,0,0,0,0,0,0,0,0,0,0,0,0,0,0,0
26,MARAMUREŞ,"CĂMINUL CULTURAL",425,"VALEA CHIOARULUI",109354,1,PROV,PRCNCT,CD,CD_SV,"2021-01-21 12:30:02",270,233,37,0,126,89,37,0,400,274,122,0,4,1,46,3,6,28,26,0,1,0,2,1,7,0,0,0,0,0,0,0,0,0,0,0,0,0,0,1,0,0,0,0
26,MARAMUREŞ,"ȘCOALA GENERALĂ",426,"VALEA CHIOARULUI",109354,1,PROV,PRCNCT,CD,CD_SV,"2021-01-21 12:30:02",391,363,28,0,164,136,28,0,400,236,155,5,4,2,95,5,20,12,9,1,0,0,1,0,3,2,0,0,1,0,0,0,0,0,1,0,0,0,1,0,0,0,1,1
26,MARAMUREŞ,"ȘCOALA GENERALĂ",427,"VALEA CHIOARULUI",109354,1,PROV,PRCNCT,CD,CD_SV,"2021-01-21 12:30:02",319,285,34,0,114,80,34,0,401,287,111,2,1,1,44,6,2,20,28,1,0,0,1,1,5,2,0,0,0,0,0,0,0,0,0,0,0,0,0,0,0,0,0,0
26,MARAMUREŞ,"CĂMINUL CULTURAL",428,"VALEA CHIOARULUI",109354,1,PROV,PRCNCT,CD,CD_SV,"2021-01-21 12:30:02",246,210,31,5,127,91,31,5,400,273,123,2,2,0,21,2,40,10,5,0,0,0,4,7,28,1,0,1,0,0,1,0,0,0,0,0,1,0,1,0,0,0,0,1
26,MARAMUREŞ,"CĂMINUL CULTURAL",429,"VALEA CHIOARULUI",109354,1,PROV,PRCNCT,CD,CD_SV,"2021-01-21 12:30:02",555,520,35,0,245,210,35,0,601,356,242,2,1,1,63,47,7,52,13,0,0,0,0,41,15,1,1,0,0,1,0,0,0,0,0,0,0,0,0,0,0,0,0,0
26,MARAMUREŞ,"CĂMINUL CULTURAL",430,"VALEA CHIOARULUI",109354,1,PROV,PRCNCT,CD,CD_SV,"2021-01-21 12:30:02",67,49,18,0,42,24,18,0,200,158,39,0,3,2,8,6,2,8,11,0,0,0,0,1,1,0,0,0,0,0,0,0,0,0,0,0,0,0,0,0,0,0,0,0
26,MARAMUREŞ,"CĂMINUL CULTURAL",431,"VIMA MICĂ",109425,1,PROV,PRCNCT,CD,CD_SV,"2021-01-21 12:30:02",304,290,13,1,93,79,13,1,400,307,92,1,0,1,50,6,2,12,6,0,0,0,7,0,6,0,0,0,0,0,0,0,0,0,0,0,0,0,0,1,0,1,0,0
26,MARAMUREŞ,"CĂMINUL CULTURAL",432,"VIMA MICĂ",109425,1,PROV,PRCNCT,CD,CD_SV,"2021-01-21 12:30:02",92,81,11,0,39,28,11,0,200,161,38,0,1,1,8,5,1,15,2,0,0,0,2,0,3,0,0,0,0,0,0,0,0,0,0,0,0,0,0,1,0,0,0,0
26,MARAMUREŞ,"CĂMINUL CULTURAL",433,"VIMA MICĂ",109425,1,PROV,PRCNCT,CD,CD_SV,"2021-01-21 12:30:02",200,188,12,0,57,45,12,0,200,143,57,0,0,1,21,9,1,8,5,0,0,0,2,2,5,1,0,0,0,0,0,1,0,0,0,0,0,0,1,0,0,0,0,0
26,MARAMUREŞ,"CĂMINUL CULTURAL",434,"VIMA MICĂ",109425,1,PROV,PRCNCT,CD,CD_SV,"2021-01-21 12:30:02",222,209,12,1,84,71,12,1,400,316,82,0,1,2,39,6,1,19,6,0,0,0,3,3,0,0,1,0,0,0,1,0,0,1,0,0,0,0,0,0,0,0,0,0
26,MARAMUREŞ,"CĂMINUL CULTURAL",435,"VIMA MICĂ",109425,1,PROV,PRCNCT,CD,CD_SV,"2021-01-21 12:30:02",340,328,12,0,77,65,12,0,400,323,76,1,0,2,24,8,7,16,6,0,0,0,3,2,6,1,0,0,0,0,0,1,0,0,0,0,0,0,0,0,0,0,0,0
26,MARAMUREŞ,"ȘCOALA PRIMARĂ",436,"VIMA MICĂ",109425,1,PROV,PRCNCT,CD,CD_SV,"2021-01-21 12:30:02",51,43,8,0,32,24,8,0,200,168,31,1,0,1,18,2,2,2,1,0,0,0,2,1,0,1,0,0,0,0,0,1,0,0,0,0,0,0,0,0,0,0,0,0
26,MARAMUREŞ,"CĂMINUL CULTURAL",437,"VIMA MICĂ",109425,1,PROV,PRCNCT,CD,CD_SV,"2021-01-21 12:30:02",50,38,12,0,33,21,12,0,200,167,33,0,0,1,12,3,1,11,1,0,0,0,1,0,1,0,1,0,0,0,0,0,0,0,0,0,0,0,0,1,0,0,0,0
26,MARAMUREŞ,PRIMĂRIE,438,"VIŞEU DE JOS",109504,1,PROV,PRCNCT,CD,CD_SV,"2021-01-21 12:30:02",1429,1402,12,15,359,332,12,15,1600,1241,351,4,4,0,85,37,10,148,39,5,2,1,2,2,11,1,0,0,0,0,0,0,0,0,0,0,0,1,0,6,0,1,0,0
26,MARAMUREŞ,"ȘCOALA GIMNAZIALĂ CU CLASELE I - VIII, VISEU DE JOS",439,"VIŞEU DE JOS",109504,1,PROV,PRCNCT,CD,CD_SV,"2021-01-21 12:30:02",1527,1497,13,17,403,373,13,17,1600,1197,390,5,8,0,121,25,18,130,48,1,3,2,1,6,18,5,5,1,1,0,0,0,0,0,0,1,0,0,1,2,0,0,0,1
26,MARAMUREŞ,"ȘCOALA GIMNAZIALĂ CU CLASELE I-VIII",440,"VIŞEU DE JOS",109504,1,PROV,PRCNCT,CD,CD_SV,"2021-01-21 12:30:02",1302,1282,7,13,262,242,7,13,1200,938,258,4,0,0,67,23,14,85,41,2,1,1,0,1,14,5,0,0,0,1,0,1,0,0,1,0,0,0,0,1,0,0,0,0
