precinct_county_nce,precinct_county_name,precinct_name,precinct_nr,uat_name,uat_siruta,report_version,report_stage_code,report_type_scope_code,report_type_category_code,report_type_code,created_at,a,a1,a2,a3,b,b1,b2,b3,c,d,e,f,g,"PARTIDUL SOCIAL DEMOCRAT-voturi","PARTIDUL PRO ROMÂNIA-voturi","PARTIDUL MIȘCAREA POPULARĂ-voturi","ALIANȚA USR PLUS-voturi","UNIUNEA DEMOCRATĂ MAGHIARĂ DIN ROMÂNIA-voturi","PARTIDUL NAȚIONAL LIBERAL-voturi","PARTIDUL NOUA ROMÂNIE-voturi","ALIANȚA PENTRU UNIREA ROMÂNILOR-voturi","PARTIDUL ECOLOGIST ROMÂN-voturi","PARTIDUL ROMÂNIA MARE-voturi","PARTIDUL PUTERII UMANISTE (SOCIAL-LIBERAL)-voturi","PARTIDUL NAȚIONAL ȚĂRĂNESC MANIU-MIHALACHE-voturi","COMUNITATEA RUȘILOR LIPOVENI DIN ROMÂNIA-voturi","UNIUNEA ARMENILOR DIN ROMÂNIA-voturi","UNIUNEA DEMOCRATICĂ A SLOVACILOR ȘI CEHILOR DIN ROMÂNIA-voturi","UNIUNEA POLONEZILOR DIN ROMÂNIA-voturi","ASOCIAȚIA PARTIDA ROMILOR “PRO-EUROPA”-voturi","ASOCIAȚIA MACEDONENILOR DIN ROMÂNIA-voturi","UNIUNEA DEMOCRATĂ TURCĂ DIN ROMÂNIA-voturi","UNIUNEA BULGARĂ DIN BANAT-ROMÂNIA-voturi","UNIUNEA CROAȚILOR DIN ROMÂNIA-voturi","UNIUNEA SÂRBILOR DIN ROMÂNIA-voturi","FEDERAȚIA COMUNITĂȚILOR EVREIEȘTI DIN ROMÂNIA-voturi","ASOCIAȚIA ITALIENILOR DIN ROMÂNIA – RO.AS.IT.-voturi","UNIUNEA UCRAINENILOR DIN ROMÂNIA-voturi","FORUMUL DEMOCRAT AL GERMANILOR DIN ROMÂNIA-voturi","UNIUNEA CULTURALĂ A RUTENILOR DIN ROMÂNIA-voturi","ASOCIAȚIA LIGA ALBANEZILOR DIN ROMÂNIA-voturi","UNIUNEA ELENĂ DIN ROMÂNIA-voturi","PAPICI MARCELA ANAMARIA-CANDIDAT INDEPENDENT-voturi"
32,"SATU MARE","GRADINITA CU PROGRAM PRELUNGIT ”DRAGA MEA” (GRADINITA ”DRAGA MEA”(",1,"MUNICIPIUL SATU MARE",136483,1,PROV,PRCNCT,CD,CD_SV,"2021-01-21 12:30:02",1780,1757,21,2,387,364,21,2,1745,1358,375,12,0,47,15,6,53,133,41,3,33,3,3,2,0,0,1,0,0,5,0,0,0,1,0,0,0,4,2,0,0,1,22
32,"SATU MARE","GRADINITA CU PROGRAM PRELUNGIT ”DRAGA MEA” (GRADINITA ”DRAGA MEA”(",2,"MUNICIPIUL SATU MARE",136483,1,PROV,PRCNCT,CD,CD_SV,"2021-01-21 12:30:02",1689,1667,16,6,492,470,16,6,1800,1308,490,2,0,62,18,6,109,136,98,0,18,3,1,0,0,0,0,0,0,0,1,0,0,0,0,0,1,3,1,0,0,0,33
32,"SATU MARE","ASOCIAŢIA CARITAS SATU MARE CANTRUL SOCIAL DESCHIS LA CASA PRIETENIEI",3,"MUNICIPIUL SATU MARE",136483,1,PROV,PRCNCT,CD,CD_SV,"2021-01-21 12:30:02",1085,1050,33,2,347,312,33,2,1200,853,343,4,0,60,15,20,62,84,47,0,14,1,1,1,1,0,0,0,0,0,0,1,0,0,0,0,1,2,2,0,0,0,31
32,"SATU MARE","ȘCOALA GIMNAZIALĂ ” ION CREANGĂ ”(ŞC. CU CLS.I-VIII” ION CREANGĂ ”)",4,"MUNICIPIUL SATU MARE",136483,1,PROV,PRCNCT,CD,CD_SV,"2021-01-21 12:30:02",1387,1363,20,4,421,397,20,4,1500,1079,416,4,1,55,14,6,92,105,88,0,14,4,1,2,0,1,0,0,1,0,0,0,1,0,0,2,0,3,0,0,1,0,26
32,"SATU MARE","ȘCOALA GIMNAZIALĂ ” ION CREANGĂ ”(ŞC. CU CLS.I-VIII” ION CREANGĂ ”)",5,"MUNICIPIUL SATU MARE",136483,1,PROV,PRCNCT,CD,CD_SV,"2021-01-21 12:30:02",1198,1188,10,0,341,331,10,0,1300,959,337,3,1,63,13,7,56,87,68,1,15,3,0,2,0,0,0,0,0,0,0,0,0,0,0,1,0,1,0,0,0,0,20
32,"SATU MARE","ȘCOALA GIMNAZIALĂ ” ION CREANGĂ ”(ŞC. CU CLS.I-VIII” ION CREANGĂ ”)",6,"MUNICIPIUL SATU MARE",136483,1,PROV,PRCNCT,CD,CD_SV,"2021-01-21 12:30:02",1217,1202,13,2,406,391,13,2,1400,994,400,5,1,44,18,6,71,122,68,5,13,5,0,1,0,0,0,0,0,1,0,0,0,0,0,0,0,1,1,0,0,1,43
32,"SATU MARE","ȘCOALA GIMNAZIALĂ ” ION CREANGĂ ”(ŞC. CU CLS.I-VIII” ION CREANGĂ ”)",7,"MUNICIPIUL SATU MARE",136483,1,PROV,PRCNCT,CD,CD_SV,"2021-01-21 12:30:02",1509,1492,12,5,509,492,12,5,1600,1091,504,1,4,61,15,8,75,152,107,0,25,3,3,4,0,0,0,0,1,0,0,0,0,0,1,2,0,1,2,0,0,0,44
32,"SATU MARE","ȘCOALA GIMNAZIALĂ ” LUCIAN BLAGA ” (ŞC. CU CLS.I-VIII ” LUCIAN BLAGA ”)",8,"MUNICIPIUL SATU MARE",136483,1,PROV,PRCNCT,CD,CD_SV,"2021-01-21 12:30:02",1376,1350,26,0,396,370,26,0,1400,1004,390,6,0,67,11,7,65,107,58,0,26,2,2,4,0,1,0,0,0,0,0,0,0,0,0,0,0,1,0,0,0,0,39
32,"SATU MARE","ȘCOALA GIMNAZIALĂ ” LUCIAN BLAGA ” (ŞC. CU CLS.I-VIII ” LUCIAN BLAGA ”)",9,"MUNICIPIUL SATU MARE",136483,1,PROV,PRCNCT,CD,CD_SV,"2021-01-21 12:30:02",1262,1245,17,0,349,332,17,0,1400,1051,343,6,0,46,11,4,52,109,72,0,18,7,0,3,0,0,0,0,0,0,0,0,0,0,0,0,0,1,1,0,0,1,18
32,"SATU MARE","ȘCOALA GIMNAZIALĂ ” LUCIAN BLAGA ” (ŞC. CU CLS.I-VIII ” LUCIAN BLAGA ”)",10,"MUNICIPIUL SATU MARE",136483,1,PROV,PRCNCT,CD,CD_SV,"2021-01-21 12:30:02",1187,1177,10,0,344,334,10,0,1200,856,341,3,0,47,18,6,51,101,73,0,19,0,0,4,1,1,0,0,0,1,0,0,0,0,0,0,0,2,0,0,2,0,15
32,"SATU MARE","ȘCOALA GIMNAZIALĂ ” LUCIAN BLAGA ” (ŞC. CU CLS.I-VIII ” LUCIAN BLAGA ”)",11,"MUNICIPIUL SATU MARE",136483,1,PROV,PRCNCT,CD,CD_SV,"2021-01-21 12:30:02",1309,1299,10,0,362,352,10,0,1400,1038,361,1,0,49,11,6,80,99,70,2,17,1,1,2,0,0,0,0,0,0,0,0,0,0,0,1,0,1,0,0,0,1,20
32,"SATU MARE","ȘCOALA GIMNAZIALĂ ” OCTAVIAN GOGA ” (ŞC. CU CLS.I-VIII” OCTAVIAN GOGA ”)",12,"MUNICIPIUL SATU MARE",136483,1,PROV,PRCNCT,CD,CD_SV,"2021-01-21 12:30:02",1272,1249,19,4,337,314,19,4,1400,1063,334,2,1,23,18,4,63,129,48,2,21,4,0,0,0,0,0,0,0,0,0,0,0,0,0,0,0,0,0,0,0,1,21
32,"SATU MARE","ȘCOALA GIMNAZIALĂ ” OCTAVIAN GOGA ” (ŞC. CU CLS.I-VIII” OCTAVIAN GOGA ”)",13,"MUNICIPIUL SATU MARE",136483,1,PROV,PRCNCT,CD,CD_SV,"2021-01-21 12:30:02",1222,1203,19,0,307,288,19,0,1300,993,304,3,0,53,19,3,55,77,54,1,18,4,1,0,0,0,0,0,0,0,0,0,0,1,0,0,0,2,1,0,0,0,15
32,"SATU MARE","ȘCOALA GIMNAZIALĂ ” OCTAVIAN GOGA ” (ŞC. CU CLS.I-VIII” OCTAVIAN GOGA ”)",14,"MUNICIPIUL SATU MARE",136483,1,PROV,PRCNCT,CD,CD_SV,"2021-01-21 12:30:02",1384,1368,14,2,396,380,14,2,1500,1104,389,7,0,58,14,7,88,87,76,1,9,9,1,0,0,1,0,0,0,0,0,0,0,0,0,0,0,3,0,0,2,1,32
32,"SATU MARE","ȘCOALA GIMNAZIALĂ ” OCTAVIAN GOGA ” (ŞC. CU CLS.I-VIII” OCTAVIAN GOGA ”)",15,"MUNICIPIUL SATU MARE",136483,1,PROV,PRCNCT,CD,CD_SV,"2021-01-21 12:30:02",1510,1498,11,1,406,394,11,1,1600,1194,401,4,1,55,16,11,88,85,79,1,16,0,3,4,1,0,0,0,0,0,0,0,0,0,0,0,0,0,1,0,1,0,40
32,"SATU MARE","GRĂDINIŢA CU PROGRAM NORMAL NR.21",16,"MUNICIPIUL SATU MARE",136483,1,PROV,PRCNCT,CD,CD_SV,"2021-01-21 12:30:02",1356,1333,21,2,338,315,21,2,1400,1062,338,0,0,53,9,1,76,90,54,0,17,2,3,3,0,0,0,0,0,0,0,0,0,0,0,0,0,3,3,0,0,0,24
32,"SATU MARE","GRĂDINIŢA CU PROGRAM NORMAL NR.21",17,"MUNICIPIUL SATU MARE",136483,1,PROV,PRCNCT,CD,CD_SV,"2021-01-21 12:30:02",1754,1740,14,0,452,438,14,0,1800,1348,434,17,1,55,24,12,104,90,76,1,31,5,0,0,0,0,0,0,0,2,0,0,0,0,0,1,0,1,0,0,1,0,31
32,"SATU MARE","UNIVERSITATEA TEHNICĂ CLUJ NAPOCA - FILIALA SATU MARE (GRĂDINIŢA CU PROGRAM NORMAL NR.21)",18,"MUNICIPIUL SATU MARE",136483,1,PROV,PRCNCT,CD,CD_SV,"2021-01-21 12:30:02",1708,1687,21,0,533,512,21,0,1800,1267,523,8,2,69,18,15,90,132,110,0,37,3,0,1,0,0,0,0,0,1,0,0,0,0,2,0,0,0,2,0,1,0,42
32,"SATU MARE","UNIVERSITATEA TEHNICĂ CLUJ NAPOCA - FILIALA SATU MARE (GRĂDINIŢA CU PROGRAM NORMAL NR.21)",19,"MUNICIPIUL SATU MARE",136483,1,PROV,PRCNCT,CD,CD_SV,"2021-01-21 12:30:02",1557,1548,7,2,462,453,7,2,1600,1138,458,3,1,59,23,13,68,116,87,2,52,4,0,2,0,0,1,0,1,2,0,0,0,0,0,0,0,2,1,0,0,1,24
32,"SATU MARE","ŞC. CU CLS.I-VIII NR. 9",20,"MUNICIPIUL SATU MARE",136483,1,PROV,PRCNCT,CD,CD_SV,"2021-01-21 12:30:02",1248,1230,15,3,342,324,15,3,1400,1058,338,4,0,70,13,14,62,46,82,1,17,3,3,0,0,0,1,0,0,1,0,0,1,0,0,0,1,0,0,0,1,1,21
32,"SATU MARE","LICEUL TEORETIC GERMAN ” JOHANN ETTINGER ”",21,"MUNICIPIUL SATU MARE",136483,1,PROV,PRCNCT,CD,CD_SV,"2021-01-21 12:30:02",1820,1785,34,1,453,418,34,1,1800,1347,452,0,1,70,11,7,70,142,91,1,34,1,3,0,0,0,0,0,0,0,0,0,0,0,0,0,0,0,1,0,0,0,21
32,"SATU MARE","COLEGIUL TEHNIC ” ELISA ZAMFIRESCU ” (COL.TEHNIC ELISA ZAMFIRESCU(GRUP ŞC. DE INDUSTRIE UŞOARĂ ))",22,"MUNICIPIUL SATU MARE",136483,1,PROV,PRCNCT,CD,CD_SV,"2021-01-21 12:30:02",1439,1418,19,2,449,428,19,2,1500,1051,444,4,1,48,11,8,74,168,63,0,26,7,1,1,2,0,0,0,0,0,0,0,0,0,0,0,0,1,0,0,1,0,33
32,"SATU MARE","ȘCOALA GIMNAZIALĂ ” MIRCEA ELIADE ” ( ŞC. CU CLS.I-VIII” MIRCEA ELIADE ”)",23,"MUNICIPIUL SATU MARE",136483,1,PROV,PRCNCT,CD,CD_SV,"2021-01-21 12:30:02",1436,1409,26,1,393,366,26,1,1500,1107,392,0,1,44,10,3,69,168,48,1,15,1,1,3,1,1,0,0,0,1,0,0,0,0,0,0,0,0,0,0,1,0,25
32,"SATU MARE","ȘCOALA GIMNAZIALĂ ” MIRCEA ELIADE ” ( ŞC. CU CLS.I-VIII” MIRCEA ELIADE ”)",24,"MUNICIPIUL SATU MARE",136483,1,PROV,PRCNCT,CD,CD_SV,"2021-01-21 12:30:02",1680,1656,14,10,464,440,14,10,1800,1336,458,6,0,42,13,5,70,216,51,1,21,3,5,2,3,0,0,1,0,1,0,0,0,0,0,1,0,0,2,0,1,0,20
32,"SATU MARE","ȘCOALA GIMNAZIALĂ ” MIRCEA ELIADE ” ( ŞC. CU CLS.I-VIII” MIRCEA ELIADE ”)",25,"MUNICIPIUL SATU MARE",136483,1,PROV,PRCNCT,CD,CD_SV,"2021-01-21 12:30:02",1392,1370,18,4,254,232,18,4,1400,1146,249,3,2,28,22,5,17,108,33,2,17,0,1,0,1,0,0,0,0,4,0,0,0,0,0,0,0,0,1,0,0,0,10
32,"SATU MARE","ȘCOALA GIMNAZIALĂ ” MIRCEA ELIADE ” ( ŞC. CU CLS.I-VIII” MIRCEA ELIADE ”)",26,"MUNICIPIUL SATU MARE",136483,1,PROV,PRCNCT,CD,CD_SV,"2021-01-21 12:30:02",1215,1199,12,4,346,330,12,4,1400,1054,345,1,0,53,7,8,42,158,43,0,5,1,1,1,0,0,0,0,0,0,0,0,0,0,0,0,0,0,3,0,0,0,23
32,"SATU MARE","GRĂDINIŢA CU PROGRAM PRELUNGIT NR. 9",27,"MUNICIPIUL SATU MARE",136483,1,PROV,PRCNCT,CD,CD_SV,"2021-01-21 12:30:02",1300,1284,15,1,326,310,15,1,1399,1073,323,2,1,62,15,3,40,120,35,0,29,2,2,0,0,1,0,1,0,1,0,0,0,0,0,0,1,1,0,0,0,0,10
32,"SATU MARE","GRĂDINIŢA CU PROGRAM PRELUNGIT NR. 9",28,"MUNICIPIUL SATU MARE",136483,1,PROV,PRCNCT,CD,CD_SV,"2021-01-21 12:30:02",1362,1349,12,1,262,249,12,1,1400,1138,262,0,0,28,12,4,45,107,28,1,11,9,4,0,1,0,0,0,0,1,0,0,0,0,1,0,0,0,0,0,0,0,10
32,"SATU MARE","ȘCOALA GIMNAZIALĂ ” BĂLCESCU-PETOFI ” (ŞC. CU CLS.I-VIII ” BĂLCESCU-PETOFI ”)",29,"MUNICIPIUL SATU MARE",136483,1,PROV,PRCNCT,CD,CD_SV,"2021-01-21 12:30:02",1404,1389,12,3,412,397,12,3,1500,1088,410,1,1,59,19,4,55,140,62,0,19,4,1,2,0,1,0,0,0,0,0,1,0,0,0,0,0,4,4,1,1,2,31
32,"SATU MARE","ȘCOALA GIMNAZIALĂ ” BĂLCESCU-PETOFI ” (ŞC. CU CLS.I-VIII ” BĂLCESCU-PETOFI ”)",30,"MUNICIPIUL SATU MARE",136483,1,PROV,PRCNCT,CD,CD_SV,"2021-01-21 12:30:02",1877,1864,10,3,516,503,10,3,1900,1384,512,3,1,55,18,5,79,223,67,2,23,1,4,1,1,0,0,0,0,1,0,0,1,0,0,0,0,0,3,0,0,0,28
32,"SATU MARE","ȘCOALA GIMNAZIALĂ ” BĂLCESCU-PETOFI ” (ŞC. CU CLS.I-VIII ” BĂLCESCU-PETOFI ”)",31,"MUNICIPIUL SATU MARE",136483,1,PROV,PRCNCT,CD,CD_SV,"2021-01-21 12:30:02",1413,1357,11,45,394,338,11,45,1500,1106,390,4,0,58,15,3,55,147,55,2,22,3,3,0,0,0,0,0,0,0,0,0,1,0,0,0,0,3,1,0,1,0,21
32,"SATU MARE","GRĂDINIŢA CU PROGRAM PRELUNGIT NR.13",32,"MUNICIPIUL SATU MARE",136483,1,PROV,PRCNCT,CD,CD_SV,"2021-01-21 12:30:02",1283,1263,20,0,379,359,20,0,1400,1021,375,2,2,74,13,3,45,150,52,0,11,2,1,1,1,0,0,0,0,0,0,0,0,0,0,0,0,1,0,0,0,0,21
32,"SATU MARE","GRĂDINIŢA CU PROGRAM PRELUNGIT NR. 5",33,"MUNICIPIUL SATU MARE",136483,1,PROV,PRCNCT,CD,CD_SV,"2021-01-21 12:30:02",1153,1138,13,2,346,331,13,2,1300,954,338,6,2,51,8,6,49,135,57,0,8,3,1,2,0,0,0,0,0,0,0,0,0,0,0,0,0,1,2,0,1,0,14
32,"SATU MARE","GRĂDINIŢA CU PROGRAM PRELUNGIT NR. 5",34,"MUNICIPIUL SATU MARE",136483,2,PART,PRCNCT,CD,CD_SV,"2021-01-21 12:30:02",1339,1322,17,0,371,354,17,0,1400,1029,368,2,1,40,11,10,50,166,52,0,12,4,3,1,0,0,1,0,0,0,0,0,0,0,1,0,0,0,0,0,1,1,15
32,"SATU MARE","ȘCOALA GIMNAZIALĂ ” AVRAM IANCU ” (ŞC. CU CLS.I-VIII” AVRAM IANCU ”) (GRĂDINIŢA CU PROGRAM PRELUNGIT ”VOINICELUL” CORP ” B ”)",35,"MUNICIPIUL SATU MARE",136483,1,PROV,PRCNCT,CD,CD_SV,"2021-01-21 12:30:02",1184,1174,10,0,326,316,10,0,1200,874,323,3,0,36,39,4,49,112,46,0,0,2,1,1,0,0,0,1,0,2,0,0,1,0,0,0,0,0,1,0,0,0,28
32,"SATU MARE","ȘCOALA GIMNAZIALĂ ” AVRAM IANCU ” ( ŞC. CU CLS.I-VIII ” AVRAM IANCU ”)",36,"MUNICIPIUL SATU MARE",136483,2,PART,PRCNCT,CD,CD_SV,"2021-01-21 12:30:02",1208,1170,37,1,388,350,37,1,1200,812,379,7,2,48,20,8,66,131,47,0,26,6,1,2,0,0,0,1,0,0,0,0,0,0,0,0,0,1,1,0,0,0,21
32,"SATU MARE","ȘCOALA GIMNAZIALĂ ” AVRAM IANCU ” (ŞC. CU CLS.I-VIII” AVRAM IANCU ”)",37,"MUNICIPIUL SATU MARE",136483,1,PROV,PRCNCT,CD,CD_SV,"2021-01-21 12:30:02",1322,1304,18,0,405,387,18,0,1400,995,399,2,4,63,11,4,67,148,54,1,12,4,1,3,1,0,0,0,0,0,1,0,0,0,0,0,0,1,0,0,0,0,28
32,"SATU MARE","ȘCOALA GIMNAZIALĂ ” AVRAM IANCU ” (ŞC. CU CLS.I-VIII” AVRAM IANCU ”)",38,"MUNICIPIUL SATU MARE",136483,1,PROV,PRCNCT,CD,CD_SV,"2021-01-21 12:30:02",1444,1429,13,2,459,444,13,2,1600,1141,457,0,2,50,16,3,75,199,54,0,6,0,4,5,0,0,0,0,0,0,0,0,0,0,0,1,0,3,2,0,2,1,36
32,"SATU MARE","ȘCOALA GIMNAZIALĂ ” AVRAM IANCU ” (ŞC. CU CLS.I-VIII” AVRAM IANCU ”)",39,"MUNICIPIUL SATU MARE",136483,1,PROV,PRCNCT,CD,CD_SV,"2021-01-21 12:30:02",1292,1281,10,1,335,324,10,1,1398,1063,331,4,0,44,8,4,60,126,47,0,16,0,3,0,0,0,1,1,0,0,0,0,0,0,0,0,0,0,0,0,0,0,21
32,"SATU MARE","ȘCOALA GIMNAZIALĂ ” AVRAM IANCU ” (ŞC. CU CLS.I-VIII” AVRAM IANCU ”) (GRĂDINIŢA CU PROGRAM PRELUNGIT ”VOINICELUL”)",40,"MUNICIPIUL SATU MARE",136483,1,PROV,PRCNCT,CD,CD_SV,"2021-01-21 12:30:02",1288,1278,9,1,344,334,9,1,1400,1056,340,2,2,59,12,5,58,128,44,0,8,0,1,3,0,0,0,1,1,0,0,0,0,0,0,0,0,1,0,0,0,0,19
32,"SATU MARE","LICEUL TEHNOLOGIC IND. ALIM ” GEORGE EMIL PALADE ”. ( GRUPUL ŞCOLAR DE IND. ALIMENTARĂ ”GEORGE EMIL PALADE” )",41,"MUNICIPIUL SATU MARE",136483,1,PROV,PRCNCT,CD,CD_SV,"2021-01-21 12:30:02",1376,1364,12,0,375,363,12,0,1400,1025,373,1,1,44,19,3,62,138,49,0,12,6,0,1,1,0,0,0,0,0,0,0,0,0,0,0,1,0,1,0,0,0,36
32,"SATU MARE","LICEUL TEHNOLOGIC IND. ALIM ” GEORGE EMIL PALADE ”. ( GRUPUL ŞCOLAR DE IND. ALIMENTARĂ ”GEORGE EMIL PALADE” )",42,"MUNICIPIUL SATU MARE",136483,1,PROV,PRCNCT,CD,CD_SV,"2021-01-21 12:30:02",1407,1385,21,1,403,381,21,1,1400,997,403,0,0,60,22,5,51,163,54,0,14,2,1,1,0,0,0,0,0,0,0,0,0,0,0,0,0,1,2,0,3,0,24
32,"SATU MARE","LICEUL TEHNOLOGIC IND. ALIM ” GEORGE EMIL PALADE ”. ( GRUPUL ŞCOLAR DE IND. ALIMENTARĂ ”GEORGE EMIL PALADE” )",43,"MUNICIPIUL SATU MARE",136483,1,PROV,PRCNCT,CD,CD_SV,"2021-01-21 12:30:02",1299,1289,8,2,365,355,8,2,1400,1035,362,3,0,43,15,1,74,126,42,0,10,2,3,4,0,0,0,0,0,2,0,0,0,0,0,0,0,1,0,0,0,0,39
32,"SATU MARE","LICEUL TEHNOLOGIC IND. ALIM ” GEORGE EMIL PALADE ”. ( GRUPUL ŞCOLAR DE IND. ALIMENTARĂ ”GEORGE EMIL PALADE” )",44,"MUNICIPIUL SATU MARE",136483,1,PROV,PRCNCT,CD,CD_SV,"2021-01-21 12:30:02",1566,1547,13,6,430,411,13,6,1600,1170,426,2,2,62,10,9,99,145,53,0,13,2,0,1,0,0,1,0,0,0,0,0,0,0,0,0,0,1,1,0,0,0,29
32,"SATU MARE","LICEUL TEHNOLOGIC IND. ALIM ” GEORGE EMIL PALADE ”. ( GRUPUL ŞCOLAR DE IND. ALIMENTARĂ ”GEORGE EMIL PALADE” )",45,"MUNICIPIUL SATU MARE",136483,1,PROV,PRCNCT,CD,CD_SV,"2021-01-21 12:30:02",1346,1337,8,1,352,343,8,1,1400,1048,349,2,1,53,17,5,66,115,42,1,18,2,0,6,0,0,0,0,0,0,0,0,0,0,0,0,0,0,0,0,0,0,24
32,"SATU MARE","ȘCOALA GIMNAZIALĂ - SĂTMĂREL ( ŞC. CU CLS.I-VIII - SĂTMĂREL)",46,"MUNICIPIUL SATU MARE",136483,1,PROV,PRCNCT,CD,CD_SV,"2021-01-21 12:30:02",1172,1166,6,0,267,261,6,0,1200,933,261,5,1,47,14,4,40,6,90,2,33,1,0,1,0,0,0,0,0,0,0,0,0,0,0,0,0,0,0,1,0,1,21
32,"SATU MARE","ASOCIAŢIA JUDEŢEANĂ DE FOTBAL ( ŞC. NR.15 )",47,"MUNICIPIUL SATU MARE",136483,1,PROV,PRCNCT,CD,CD_SV,"2021-01-21 12:30:02",1770,1748,14,8,675,653,14,8,1800,1125,672,1,2,40,7,6,78,373,82,0,20,6,1,0,1,0,0,0,0,0,0,0,0,0,0,2,0,0,4,0,4,0,48
32,"SATU MARE","SECŢIA DE DRUMURI NAŢIONALE",48,"MUNICIPIUL SATU MARE",136483,1,PROV,PRCNCT,CD,CD_SV,"2021-01-21 12:30:02",1849,1825,16,8,627,603,16,8,2000,1373,624,1,2,49,14,6,86,302,87,0,22,3,1,1,1,1,0,0,0,1,0,0,0,0,0,0,0,2,2,1,3,0,42
32,"SATU MARE","CENTRUL JUDEȚEAN DE EXCELENȚĂ SATU MARE",49,"MUNICIPIUL SATU MARE",136483,1,PROV,PRCNCT,CD,CD_SV,"2021-01-21 12:30:02",1418,1386,27,5,522,490,27,5,1412,890,511,10,1,30,12,4,51,302,54,1,19,0,2,2,0,0,0,0,0,3,0,0,0,0,0,0,1,2,2,0,0,0,26
32,"SATU MARE","ȘCOALA GIMNAZIALĂ ” DR. VASILE LUCACIU ” ( SC. CU CL. I-VIII ”DR. V. LUCACIU” )",50,"MUNICIPIUL SATU MARE",136483,1,PROV,PRCNCT,CD,CD_SV,"2021-01-21 12:30:02",1203,1174,26,3,421,392,26,3,1200,779,414,5,2,38,13,7,56,196,53,1,12,2,2,2,0,0,0,0,0,0,0,0,0,0,0,0,0,3,0,0,1,0,28
32,"SATU MARE","ȘCOALA GIMNAZIALĂ ” DR. VASILE LUCACIU ” ( SC. CU CL. I-VIII ”DR. V. LUCACIU” )",51,"MUNICIPIUL SATU MARE",136483,2,PART,PRCNCT,CD,CD_SV,"2021-01-21 12:30:02",1002,987,13,2,412,397,13,2,1100,688,403,6,3,37,12,7,68,180,75,2,1,0,0,0,0,0,0,0,0,0,0,0,0,0,1,0,0,4,1,0,2,0,13
32,"SATU MARE","GRĂDINIŢA NR.15",52,"MUNICIPIUL SATU MARE",136483,1,PROV,PRCNCT,CD,CD_SV,"2021-01-21 12:30:02",1575,1546,24,5,599,570,24,5,1600,1001,594,3,2,51,6,6,77,348,47,0,17,2,2,0,0,1,0,0,0,2,1,0,1,0,0,0,0,3,0,0,1,0,29
32,"SATU MARE","LICEUL TEOLOGIC”NICOLAE STEINHARDT ”",53,"MUNICIPIUL SATU MARE",136483,1,PROV,PRCNCT,CD,CD_SV,"2021-01-21 12:30:02",1531,1517,13,1,352,338,13,1,1600,1248,342,10,0,31,11,14,47,137,59,1,8,2,1,1,1,0,0,0,0,3,0,0,0,0,0,0,0,3,0,0,1,0,22
32,"SATU MARE","LICEUL TEOLOGIC”NICOLAE STEINHARDT ”",54,"MUNICIPIUL SATU MARE",136483,2,PART,PRCNCT,CD,CD_SV,"2021-01-21 12:30:02",1516,1504,8,4,419,407,8,4,1600,1181,413,3,3,54,26,6,45,178,52,1,17,3,1,2,0,0,0,0,0,0,0,0,0,0,0,0,0,1,0,0,1,1,25
32,"SATU MARE","GRĂDINIŢA CU PROGRAM PRELUNGIT NR.12",55,"MUNICIPIUL SATU MARE",136483,1,PROV,PRCNCT,CD,CD_SV,"2021-01-21 12:30:02",1369,1311,30,28,299,258,13,28,1400,1101,293,5,1,28,19,10,27,151,29,2,11,3,1,1,0,0,0,0,0,0,0,0,0,0,0,1,0,2,1,0,2,0,5
32,"SATU MARE","GRĂDINIŢA CU PROGRAM PRELUNGIT – ” 14 MAI ”",56,"MUNICIPIUL SATU MARE",136483,1,PROV,PRCNCT,CD,CD_SV,"2021-01-21 12:30:02",1587,1574,10,3,423,410,10,3,1600,1177,417,6,0,68,12,11,45,159,56,3,23,3,0,2,0,0,0,1,1,0,0,0,0,0,0,0,1,1,0,0,0,0,31
32,"SATU MARE","GRĂDINIŢA CU PROGRAM PRELUNGIT – ” 14 MAI ”",57,"MUNICIPIUL SATU MARE",136483,1,PROV,PRCNCT,CD,CD_SV,"2021-01-21 12:30:02",1087,1072,11,4,265,250,11,4,1200,935,261,3,1,36,12,6,32,123,21,0,14,1,1,1,0,1,0,0,0,0,0,0,0,0,0,1,0,0,0,0,0,0,12
32,"SATU MARE","LICEUL TEHNOLOGIC ” CONSTANTIN BRÂNCUȘ ” (GRUP SCOLAR ”CONSTANTIN BRANCUS ” SATU MARE)",58,"MUNICIPIUL SATU MARE",136483,1,PROV,PRCNCT,CD,CD_SV,"2021-01-21 12:30:02",1401,1374,12,15,493,466,12,15,1500,1007,488,5,0,44,12,10,100,168,95,1,12,1,0,1,0,0,0,3,0,0,0,0,0,0,0,3,0,0,0,0,0,0,38
32,"SATU MARE","LICEUL CU PROGRAM SPORTIV",59,"MUNICIPIUL SATU MARE",136483,1,PROV,PRCNCT,CD,CD_SV,"2021-01-21 12:30:02",1236,1212,20,4,483,460,19,4,1400,917,480,3,0,33,9,10,71,245,55,0,10,2,0,0,0,0,0,0,0,0,0,0,0,0,0,0,0,1,3,0,1,0,40
32,"SATU MARE","ȘCOALA GIMNAZIALĂ ” GRIGORE MOISIL ” (ŞC. CU CLS.I-VIII” GRIGORE MOISIL ”)",60,"MUNICIPIUL SATU MARE",136483,1,PROV,PRCNCT,CD,CD_SV,"2021-01-21 12:30:02",1268,1144,11,113,515,391,11,113,1800,1285,501,9,5,120,10,9,70,200,49,0,10,1,0,2,0,0,0,0,0,0,0,0,1,0,0,0,0,0,4,0,0,0,25
32,"SATU MARE","ȘCOALA GIMNAZIALĂ ” GRIGORE MOISIL ” (ŞC. CU CLS.I-VIII” GRIGORE MOISIL ”)",61,"MUNICIPIUL SATU MARE",136483,1,PROV,PRCNCT,CD,CD_SV,"2021-01-21 12:30:02",1058,1016,38,4,411,369,38,4,1100,689,406,2,3,48,15,14,73,147,60,0,8,3,0,0,2,0,0,0,0,0,0,1,0,0,0,2,0,1,0,0,0,0,32
32,"SATU MARE","COLEGIUL TEHNIC DE TRANSP. ŞI TELECOMUNICAŢII ” I.C. BRĂTIANU ”",62,"MUNICIPIUL SATU MARE",136483,1,PROV,PRCNCT,CD,CD_SV,"2021-01-21 12:30:02",1314,1297,14,3,426,409,14,3,1400,974,420,5,1,47,14,12,101,133,69,0,12,3,0,0,0,1,0,0,0,1,0,0,0,0,0,0,0,0,1,0,0,0,26
32,"SATU MARE","LICEUL TEOLOGIC ROMANO-CATOLIC ” HÁM JÁNOS ”",63,"MUNICIPIUL SATU MARE",136483,1,PROV,PRCNCT,CD,CD_SV,"2021-01-21 12:30:02",891,859,31,1,287,255,31,1,1000,713,283,3,1,43,5,12,43,105,47,0,2,2,1,1,0,0,0,0,0,0,0,0,0,0,0,4,0,1,2,0,0,0,15
32,"SATU MARE","LICEUL REFORMAT ( LICEUL TEOLOGIC REFORMAT)",64,"MUNICIPIUL SATU MARE",136483,1,PROV,PRCNCT,CD,CD_SV,"2021-01-21 12:30:02",992,952,15,25,400,360,15,25,1400,1000,397,1,2,41,5,5,53,206,43,0,6,12,1,0,0,0,0,0,0,2,0,0,0,0,0,0,0,0,3,0,1,0,19
32,"SATU MARE","GRĂDINIŢA CU PROG. PRELUNGIT ” DUMBRAVA MINUNATĂ ” (GRĂDINIŢA ”DUMBRAVA MINUNATĂ” )",65,"MUNICIPIUL SATU MARE",136483,1,PROV,PRCNCT,CD,CD_SV,"2021-01-21 12:30:02",1289,1268,15,6,477,456,15,6,1400,923,472,3,2,46,12,9,62,238,50,0,11,5,1,3,0,0,0,1,0,0,0,0,2,0,0,0,0,0,3,0,0,0,29
32,"SATU MARE","COLEGIUL NAŢIONAL ” DOAMNA STANCA ”",66,"MUNICIPIUL SATU MARE",136483,1,PROV,PRCNCT,CD,CD_SV,"2021-01-21 12:30:02",926,887,34,5,310,271,34,5,1000,690,306,3,1,34,3,7,50,127,49,1,14,3,0,0,1,0,0,0,0,0,0,0,0,0,0,0,0,1,0,0,1,0,15
32,"SATU MARE","ȘCOALA GIMNAZIALĂ ” RÁKÓCZI FERENC ”",67,"MUNICIPIUL SATU MARE",136483,1,PROV,PRCNCT,CD,CD_SV,"2021-01-21 12:30:02",1225,1200,16,9,516,491,16,9,1398,882,512,3,1,22,5,5,30,371,41,0,5,3,2,1,2,0,0,1,0,0,0,0,0,0,0,0,0,0,0,0,1,0,23
32,"SATU MARE","ȘCOALA GIMNAZIALĂ ” RÁKÓCZI FERENC ”",68,"MUNICIPIUL SATU MARE",136483,1,PROV,PRCNCT,CD,CD_SV,"2021-01-21 12:30:02",1623,1596,19,8,660,633,19,8,1700,1040,660,0,0,36,17,4,82,397,79,0,11,3,0,4,2,0,0,0,0,0,0,0,0,0,0,0,0,0,4,0,1,0,20
32,"SATU MARE","ȘCOALA GIMNAZIALĂ ” CONSTANTIN BRÂNCOVEANU ”",69,"MUNICIPIUL SATU MARE",136483,1,PROV,PRCNCT,CD,CD_SV,"2021-01-21 12:30:02",1548,1519,27,2,532,503,27,2,1600,1068,524,6,2,78,18,10,100,164,91,2,11,1,1,3,2,1,0,0,0,1,0,0,0,0,0,1,0,3,2,0,0,0,35
32,"SATU MARE","COLEGIUL NAŢIONAL” MIHAI EMINESCU ”",70,"MUNICIPIUL SATU MARE",136483,2,PART,PRCNCT,CD,CD_SV,"2021-01-21 12:30:02",1053,1029,22,2,332,308,22,2,1200,868,329,3,0,64,8,10,50,97,57,1,13,2,1,0,3,0,0,0,1,0,0,0,0,0,0,0,0,1,2,0,0,0,19
32,"SATU MARE","COLEGIUL ECONOMIC ” GHEORGHE DRAGOŞ ” (GRUP ŞC. ECONOMIC” GHEORGHE DRAGOŞ ”)",71,"MUNICIPIUL SATU MARE",136483,1,PROV,PRCNCT,CD,CD_SV,"2021-01-21 12:30:02",1635,1601,29,5,599,567,27,5,1796,1197,594,5,0,69,14,14,125,184,101,0,26,6,0,2,1,1,0,0,0,5,0,0,0,0,0,0,0,0,1,1,1,0,43
32,"SATU MARE","GRĂDINIŢA CU PROGRAM PRELUNGIT",72,"MUNICIPIUL SATU MARE",136483,1,PROV,PRCNCT,CD,CD_SV,"2021-01-21 12:30:02",1096,1075,20,1,301,280,20,1,1200,899,295,4,2,44,15,11,32,98,59,0,9,3,0,1,0,0,0,0,0,0,0,0,0,0,0,1,0,0,1,0,0,0,21
32,"SATU MARE","GRĂDINIŢA CU PROGRAM PRELUNGIT",73,"MUNICIPIUL SATU MARE",136483,1,PROV,PRCNCT,CD,CD_SV,"2021-01-21 12:30:02",1238,1227,6,5,332,321,6,5,1400,1068,329,2,1,57,13,11,56,70,73,2,15,4,2,0,1,0,0,0,2,0,0,0,0,0,0,0,0,1,1,0,0,0,21
32,"SATU MARE","GRĂDINIŢA CU PROGRAM PRELUNGIT",74,"MUNICIPIUL SATU MARE",136483,1,PROV,PRCNCT,CD,CD_SV,"2021-01-21 12:30:02",1115,1105,9,1,279,269,9,1,1200,921,278,1,0,50,15,12,45,73,43,2,17,3,0,1,0,1,0,0,0,0,0,0,0,0,1,0,0,0,0,0,1,0,14
32,"SATU MARE","LICEUL ROMANO-CATOLIC”JOSEPHUS CALASANTIUS”",75,"MUNICIPIUL CAREI",136526,1,PROV,PRCNCT,CD,CD_SV,"2021-01-21 12:30:02",1632,1611,21,0,466,445,21,0,1800,1334,430,27,9,79,6,6,19,232,39,2,29,2,3,1,0,0,2,0,0,1,1,1,1,0,0,0,0,1,0,0,0,1,4
32,"SATU MARE","COLEGIUL TEHNIC ”IULIU MANIU”",76,"MUNICIPIUL CAREI",136526,1,PROV,PRCNCT,CD,CD_SV,"2021-01-21 12:30:02",1318,1309,9,0,415,406,9,0,1400,985,410,3,2,57,12,7,36,220,35,0,22,6,1,2,0,0,0,0,0,0,0,0,0,0,0,0,0,0,6,0,0,0,6
32,"SATU MARE","LICEUL TEHNOLOGIC ”SIMION BĂRNUŢIU”",77,"MUNICIPIUL CAREI",136526,2,PART,PRCNCT,CD,CD_SV,"2021-01-21 12:30:02",1581,1565,15,1,524,508,15,1,1700,1176,517,6,1,47,8,4,30,358,42,0,14,3,1,3,0,0,0,0,0,0,0,0,0,0,0,0,0,1,4,0,0,0,2
32,"SATU MARE","ŞCOALA GIMNAZIALĂ NR.1",78,"MUNICIPIUL CAREI",136526,1,PROV,PRCNCT,CD,CD_SV,"2021-01-21 12:30:02",1646,1625,19,2,474,453,19,2,1800,1326,458,11,5,49,8,3,29,272,58,0,20,0,0,4,1,0,0,0,0,3,0,0,0,0,0,0,0,1,1,0,1,0,8
32,"SATU MARE","ŞCOALA GIMNAZIALĂ ”VASILE LUCACIU” NR.2",79,"MUNICIPIUL CAREI",136526,1,PROV,PRCNCT,CD,CD_SV,"2021-01-21 12:30:02",1725,1709,16,0,444,428,16,0,1800,1356,439,3,2,61,8,3,33,241,58,0,20,1,0,1,2,0,0,0,0,0,0,0,1,0,0,0,1,0,2,0,0,0,7
32,"SATU MARE","GRĂDINIŢA CU PROGRAM NORMAL NR.9",80,"MUNICIPIUL CAREI",136526,1,PROV,PRCNCT,CD,CD_SV,"2021-01-21 12:30:02",1191,1179,12,0,328,316,12,0,1300,972,323,4,1,38,10,3,23,185,43,0,14,0,2,0,0,0,0,0,0,0,0,0,0,0,0,0,0,0,1,0,2,0,2
32,"SATU MARE","GRĂDINIŢA CU PROGRAM NORMAL NR.10",81,"MUNICIPIUL CAREI",136526,1,PROV,PRCNCT,CD,CD_SV,"2021-01-21 12:30:02",1845,1820,25,0,470,445,25,0,1900,1430,467,3,0,76,8,3,42,238,61,0,24,2,1,3,0,0,0,0,0,1,0,0,0,0,0,0,0,0,1,0,1,0,6
32,"SATU MARE","ŞCOALA GIMNAZIALĂ NR.3",82,"MUNICIPIUL CAREI",136526,1,PROV,PRCNCT,CD,CD_SV,"2021-01-21 12:30:02",1607,1594,13,0,471,458,13,0,1700,1229,466,4,1,72,10,7,44,222,61,0,34,2,1,3,1,0,0,0,0,0,0,0,0,0,0,0,0,0,3,2,0,0,4
32,"SATU MARE","LICEUL TEORETIC CAREI",83,"MUNICIPIUL CAREI",136526,1,PROV,PRCNCT,CD,CD_SV,"2021-01-21 12:30:02",1632,1614,18,0,388,370,18,0,1700,1312,375,11,2,39,8,9,31,211,41,2,20,0,1,2,0,0,1,0,0,1,0,0,0,1,0,0,0,0,3,0,0,0,5
32,"SATU MARE","GRĂDINIŢA CU PROGRAM NORMAL NR.5",84,"MUNICIPIUL CAREI",136526,1,PROV,PRCNCT,CD,CD_SV,"2021-01-21 12:30:02",1932,1893,22,17,489,450,22,17,2000,1511,479,7,3,80,11,8,26,241,62,1,35,4,0,0,0,0,0,0,1,2,0,0,0,0,0,0,0,0,0,0,1,0,7
32,"SATU MARE","GRĂDINIŢA CU PROGRAM NORMAL NR.8",85,"MUNICIPIUL CAREI",136526,1,PROV,PRCNCT,CD,CD_SV,"2021-01-21 12:30:02",1277,1252,24,1,389,364,24,1,1400,1011,378,7,4,43,11,1,34,201,40,0,30,0,1,0,0,0,0,0,0,0,0,0,0,0,1,0,0,0,2,0,2,0,12
32,"SATU MARE","MUZEUL MUNICIPAL CAREI",86,"MUNICIPIUL CAREI",136526,1,PROV,PRCNCT,CD,CD_SV,"2021-01-21 12:30:02",1968,1951,17,0,556,539,17,0,2100,1544,548,7,1,68,12,1,39,317,61,0,36,0,3,1,0,0,0,0,0,1,0,0,0,0,0,0,0,0,3,0,3,1,2
32,"SATU MARE","SCOALA GENERALA NR4",87,"MUNICIPIUL CAREI",136526,1,PROV,PRCNCT,CD,CD_SV,"2021-01-21 12:30:02",1042,989,17,36,305,252,17,36,1100,795,299,4,2,36,7,3,21,154,44,0,27,2,0,1,0,0,0,0,0,0,0,0,0,0,0,0,0,0,1,0,0,0,3
32,"SATU MARE","GRĂDINIŢA CU PROGRAM NORMAL IANCULEŞTI",88,"MUNICIPIUL CAREI",136526,1,PROV,PRCNCT,CD,CD_SV,"2021-01-21 12:30:02",311,280,31,0,109,78,31,0,300,191,109,0,0,46,4,1,11,3,21,0,19,0,0,0,0,0,0,0,0,0,0,0,0,0,0,0,0,0,3,0,1,0,0
32,"SATU MARE","LICEUL TEHNOLOGIC",89,"ORAŞ ARDUD",136848,1,PROV,PRCNCT,CD,CD_SV,"2021-01-21 12:30:02",1997,1975,22,0,403,381,22,0,2100,1697,395,5,3,71,21,5,34,45,147,1,40,1,0,2,0,0,0,0,0,0,0,0,0,1,0,1,1,2,5,0,0,1,17
32,"SATU MARE","BIBLIOTECA ARDUD",90,"ORAŞ ARDUD",136848,1,PROV,PRCNCT,CD,CD_SV,"2021-01-21 12:30:02",1999,1982,16,1,411,394,16,1,2100,1689,380,26,5,60,38,2,20,127,75,0,18,0,4,1,3,1,1,0,0,7,0,0,0,0,0,0,2,1,9,0,1,2,8
32,"SATU MARE","CĂMINUL CULTURAL BABA NOVAC",91,"ORAŞ ARDUD",136848,1,PROV,PRCNCT,CD,CD_SV,"2021-01-21 12:30:02",493,472,21,0,105,84,21,0,600,495,101,4,0,27,5,2,7,2,46,0,4,3,0,2,0,0,0,0,0,0,0,0,0,0,0,0,0,1,1,0,0,0,1
32,"SATU MARE","CĂMINUL CULTURAL GERĂUŞA",92,"ORAŞ ARDUD",136848,1,PROV,PRCNCT,CD,CD_SV,"2021-01-21 12:30:02",444,432,12,0,91,79,12,0,500,409,89,2,0,10,5,4,7,1,31,1,12,0,1,0,1,1,1,0,0,0,0,0,0,0,0,1,0,0,1,0,0,0,12
32,"SATU MARE","SCOALA GENERALĂ MĂDĂRAS",93,"ORAŞ ARDUD",136848,1,PROV,PRCNCT,CD,CD_SV,"2021-01-21 12:30:02",1006,990,15,1,280,264,15,1,1100,820,268,10,2,68,18,3,29,8,88,0,18,3,1,2,0,0,0,0,0,0,1,0,0,1,0,0,0,0,2,0,1,1,24
32,"SATU MARE","SCOALA GIMNAZIALĂ ”PETOFI SANDOR” LIVADA",94,"ORAŞ LIVADA",138039,1,PROV,PRCNCT,CD,CD_SV,"2021-01-21 12:30:02",1002,984,11,7,320,302,11,7,1100,780,319,1,0,13,5,4,5,260,18,2,4,2,0,0,0,0,0,0,0,0,0,0,0,0,0,1,0,0,1,0,1,1,2
32,"SATU MARE","GRADINITA CU PROGRAM NORMAL LIVADA",95,"ORAŞ LIVADA",138039,1,PROV,PRCNCT,CD,CD_SV,"2021-01-21 12:30:02",1427,1408,11,8,338,319,11,8,1500,1162,330,5,3,22,5,5,28,211,25,0,28,0,1,0,1,0,0,0,0,0,0,0,0,0,0,0,0,0,1,0,0,0,3
32,"SATU MARE","ŞCOALA GIMNAZIALĂ PETOFI SANDOR LIVADA",96,"ORAŞ LIVADA",138039,1,PROV,PRCNCT,CD,CD_SV,"2021-01-21 12:30:02",1693,1664,13,16,493,464,13,16,1800,1307,478,14,1,19,6,4,20,376,21,1,19,0,1,2,0,0,0,0,0,0,0,0,0,0,1,0,0,1,0,0,1,0,6
32,"SATU MARE","ŞCOALA PRIMARĂ ADRIAN",97,"ORAŞ LIVADA",138039,1,PROV,PRCNCT,CD,CD_SV,"2021-01-21 12:30:02",447,431,16,0,153,137,16,0,500,347,146,2,5,7,2,3,5,124,2,0,0,0,0,0,0,0,0,0,0,0,0,0,0,0,0,0,0,1,0,0,1,0,1
32,"SATU MARE","ŞCOALA GIMNAZIALĂ ”IOSIF ŢIPROC” DUMBRAVA",98,"ORAŞ LIVADA",138039,1,PROV,PRCNCT,CD,CD_SV,"2021-01-21 12:30:02",962,949,13,0,178,165,13,0,1000,822,170,3,5,50,12,5,10,9,55,1,21,0,0,1,0,0,0,1,0,0,0,0,0,0,0,0,0,1,0,0,1,1,2
32,"SATU MARE","GRĂDINIŢA LIVADA MICĂ",99,"ORAŞ LIVADA",138039,1,PROV,PRCNCT,CD,CD_SV,"2021-01-21 12:30:02",261,254,7,0,61,54,7,0,300,239,61,0,0,12,13,10,4,4,12,1,4,0,0,1,0,0,0,0,0,0,0,0,0,0,0,0,0,0,0,0,0,0,0
32,"SATU MARE","CONTAINER MODULAR",100,"ORAŞ NEGREŞTI-OAŞ",136599,1,PROV,PRCNCT,CD,CD_SV,"2021-01-21 12:30:02",1163,1153,10,0,256,246,10,0,1300,1044,247,8,1,56,4,4,29,3,117,1,17,1,3,3,2,0,2,1,0,0,0,1,0,0,0,1,0,0,0,0,1,0,1
32,"SATU MARE","CONTAINER MODULAR",101,"ORAŞ NEGREŞTI-OAŞ",136599,1,PROV,PRCNCT,CD,CD_SV,"2021-01-21 12:30:02",1208,1195,13,0,176,163,13,0,1300,1124,170,3,3,58,4,2,12,0,71,0,14,1,1,0,2,0,0,1,0,0,1,0,0,0,1,0,0,0,1,0,0,0,1
32,"SATU MARE","SCOALA GEN.NR,3",102,"ORAŞ NEGREŞTI-OAŞ",136599,1,PROV,PRCNCT,CD,CD_SV,"2021-01-21 12:30:02",1286,1273,13,0,307,294,13,0,1400,1093,296,9,2,89,6,7,51,12,92,0,29,1,2,0,1,0,0,0,0,1,0,0,0,0,0,0,0,0,1,0,0,1,3
32,"SATU MARE","SCOALA GEN.NR.3",103,"ORAŞ NEGREŞTI-OAŞ",136599,1,PROV,PRCNCT,CD,CD_SV,"2021-01-21 12:30:02",1392,1389,3,0,248,245,3,0,1500,1252,238,7,3,66,0,3,37,3,86,0,28,1,0,1,3,0,1,1,0,0,1,0,0,0,1,0,0,0,0,0,0,0,6
32,"SATU MARE","SCOALA GENERALA NR.3",104,"ORAŞ NEGREŞTI-OAŞ",136599,1,PROV,PRCNCT,CD,CD_SV,"2021-01-21 12:30:02",1487,1476,8,3,369,358,8,3,1600,1231,361,8,0,97,6,16,52,10,116,0,39,5,2,0,4,0,0,4,0,0,0,1,0,1,0,0,0,0,0,0,0,0,8
32,"SATU MARE","SCOALA GEN.NR.1",105,"ORAŞ NEGREŞTI-OAŞ",136599,1,PROV,PRCNCT,CD,CD_SV,"2021-01-21 12:30:02",1036,1016,20,0,271,251,20,0,1100,829,264,5,2,50,8,5,25,3,132,1,20,1,1,3,5,1,0,1,0,3,0,0,0,0,0,0,0,0,0,0,0,0,5
32,"SATU MARE","SCOALA GEN,NR.1",106,"ORAŞ NEGREŞTI-OAŞ",136599,1,PROV,PRCNCT,CD,CD_SV,"2021-01-21 12:30:02",990,975,14,1,250,235,14,1,1100,850,244,4,2,66,6,8,30,3,98,1,19,3,0,2,2,1,1,1,0,1,0,0,0,1,0,0,0,0,0,0,0,0,1
32,"SATU MARE","LICEUL TEORETIC",107,"ORAŞ NEGREŞTI-OAŞ",136599,1,PROV,PRCNCT,CD,CD_SV,"2021-01-21 12:30:02",1342,1314,9,19,323,295,9,19,1400,1077,314,8,1,88,9,17,43,9,113,1,22,0,2,1,0,0,0,3,0,1,0,0,0,0,0,0,0,0,0,0,0,0,5
32,"SATU MARE","LICEUL TEORETIC",108,"ORAŞ NEGREŞTI-OAŞ",136599,1,PROV,PRCNCT,CD,CD_SV,"2021-01-21 12:30:02",1238,1225,12,1,282,269,12,1,1400,1118,268,8,6,85,2,10,41,6,80,1,27,1,2,4,3,0,2,0,0,0,0,0,0,0,0,0,0,1,1,0,0,1,1
32,"SATU MARE","LICEUL TEORETIC",109,"ORAŞ NEGREŞTI-OAŞ",136599,2,PART,PRCNCT,CD,CD_SV,"2021-01-21 12:30:02",1313,1283,27,3,376,346,27,3,1400,1024,358,10,8,98,24,9,29,8,133,9,24,0,0,2,1,1,0,2,0,8,0,0,0,1,1,0,0,0,0,0,0,0,8
32,"SATU MARE","CLADIRE DISPENSAR TUR",110,"ORAŞ NEGREŞTI-OAŞ",136599,1,PROV,PRCNCT,CD,CD_SV,"2021-01-21 12:30:02",1607,1593,14,0,352,338,14,0,1700,1348,341,5,6,189,6,12,22,2,80,0,14,1,2,2,0,1,1,1,1,0,1,0,0,0,0,0,2,0,0,1,0,0,3
32,"SATU MARE","ŞCOALA GIMNAZIALĂ TĂŞNAD",111,"ORAŞ TĂŞNAD",136642,1,PROV,PRCNCT,CD,CD_SV,"2021-01-21 12:30:02",1232,1183,18,31,434,385,18,31,1300,866,424,8,2,62,31,7,14,209,67,1,21,0,0,1,0,0,0,0,0,1,0,0,0,0,0,4,0,0,2,0,1,0,3
32,"SATU MARE","ŞCOALA GIMNAZIALĂ TĂŞNAD",112,"ORAŞ TĂŞNAD",136642,1,PROV,PRCNCT,CD,CD_SV,"2021-01-21 12:30:02",1576,1555,13,8,352,331,13,8,1700,1348,347,5,0,67,29,7,27,117,61,0,29,1,1,2,0,0,0,0,0,0,0,0,0,0,0,0,0,0,0,0,1,0,5
32,"SATU MARE","ŞCOALA GIMNAZIALĂ TĂŞNAD",113,"ORAŞ TĂŞNAD",136642,1,PROV,PRCNCT,CD,CD_SV,"2021-01-21 12:30:02",1612,1587,14,11,480,455,14,11,1700,1220,479,0,1,52,43,9,20,206,117,2,14,2,0,4,0,0,0,0,0,0,0,0,0,0,1,0,0,2,1,0,0,1,5
32,"SATU MARE","CASA DE CULTURĂ",114,"ORAŞ TĂŞNAD",136642,1,PROV,PRCNCT,CD,CD_SV,"2021-01-21 12:30:02",1739,1710,19,10,542,513,19,10,1800,1258,514,19,9,92,52,12,23,216,81,1,19,1,5,4,1,0,1,0,0,1,0,1,0,0,0,0,0,0,2,0,0,0,2
32,"SATU MARE","GRĂDINIŢA CU PROGRAM NORMAL BLAJA",115,"ORAŞ TĂŞNAD",136642,1,PROV,PRCNCT,CD,CD_SV,"2021-01-21 12:30:02",177,160,17,0,67,50,17,0,200,133,62,3,2,15,10,3,2,6,18,0,6,0,0,0,0,0,0,0,0,0,0,0,0,0,1,0,0,0,0,0,0,0,1
32,"SATU MARE","GRĂDINIŢA CU PROGRAM NORMAL CIG",116,"ORAŞ TĂŞNAD",136642,1,PROV,PRCNCT,CD,CD_SV,"2021-01-21 12:30:02",366,352,14,0,96,82,14,0,400,304,87,6,3,19,16,5,6,3,19,0,14,1,1,1,0,0,1,0,0,0,0,0,0,0,0,0,0,0,0,0,0,0,1
32,"SATU MARE","ŞCOALA GIMNAZIALĂ SĂRĂUAD",117,"ORAŞ TĂŞNAD",136642,2,PART,PRCNCT,CD,CD_SV,"2021-01-21 12:30:02",855,835,12,8,231,211,12,8,900,669,213,14,4,35,32,6,12,47,41,0,30,0,1,0,1,3,0,1,1,0,0,0,0,0,1,0,0,0,1,0,0,1,0
32,"SATU MARE","GRĂDINIŢA CU PROGRAM NORMAL VALEA MORII",118,"ORAŞ TĂŞNAD",136642,1,PROV,PRCNCT,CD,CD_SV,"2021-01-21 12:30:02",158,146,12,0,55,43,12,0,200,145,55,0,0,5,3,3,3,2,26,0,10,0,0,1,0,0,0,0,0,0,0,1,0,0,0,0,0,0,0,0,0,0,1
32,"SATU MARE","CAMIN CULTURAL",119,ACÂŞ,136713,1,PROV,PRCNCT,CD,CD_SV,"2021-01-21 12:30:02",1542,1524,18,0,450,432,18,0,1600,1150,379,60,11,31,11,2,7,185,97,2,10,0,1,0,0,1,0,0,0,23,0,0,0,0,0,0,0,0,3,0,3,0,3
32,"SATU MARE","ŞCOALA GENERALĂ MIHAIENI",120,ACÂŞ,136713,1,PROV,PRCNCT,CD,CD_SV,"2021-01-21 12:30:02",386,373,13,0,87,74,13,0,400,313,86,1,0,2,9,0,3,51,14,0,2,0,0,0,0,0,0,0,0,3,1,0,0,0,0,0,0,0,0,0,0,0,1
32,"SATU MARE","ŞCOALA GENERALĂ UNIMĂT",121,ACÂŞ,136713,2,PART,PRCNCT,CD,CD_SV,"2021-01-21 12:30:02",336,319,17,0,96,79,17,0,400,304,91,2,3,20,5,2,5,3,45,1,3,0,2,0,0,0,1,0,0,0,0,0,0,0,0,0,0,0,0,0,0,0,4
32,"SATU MARE","PRIMARIA AGRIS",122,AGRIŞ,179873,1,PROV,PRCNCT,CD,CD_SV,"2021-01-21 12:30:02",923,910,13,0,317,304,13,0,1000,683,310,4,3,10,1,0,4,273,3,0,9,1,1,0,1,0,0,0,0,0,0,0,0,0,0,0,0,1,0,0,1,0,5
32,"SATU MARE","CASĂ DE LOCUIT CU ANEXE",123,AGRIŞ,179873,1,PROV,PRCNCT,CD,CD_SV,"2021-01-21 12:30:02",269,252,17,0,65,48,17,0,300,235,61,4,0,20,3,3,3,8,11,0,8,0,0,0,0,1,0,0,0,0,0,0,0,0,0,0,0,4,0,0,0,0,0
32,"SATU MARE","ŞCOALA PRIMARĂ CIUPERCENI",124,AGRIŞ,179873,1,PROV,PRCNCT,CD,CD_SV,"2021-01-21 12:30:02",501,489,12,0,87,75,12,0,500,413,84,1,2,10,5,1,5,22,23,0,9,1,0,1,0,1,0,0,0,0,0,0,0,0,0,0,0,5,0,0,0,0,1
32,"SATU MARE","SC. GIMNAZIALA ANDRID",125,ANDRID,136768,1,PROV,PRCNCT,CD,CD_SV,"2021-01-21 12:30:02",1007,977,19,11,370,340,19,11,1100,730,355,9,6,37,3,1,8,211,64,0,17,1,2,2,0,1,1,0,0,1,0,0,0,0,0,0,0,0,1,0,2,0,3
32,"SATU MARE","SC. PRIMARA DINDESTI",126,ANDRID,136768,1,PROV,PRCNCT,CD,CD_SV,"2021-01-21 12:30:02",638,607,21,10,253,222,21,10,700,447,245,3,5,14,5,6,9,126,66,1,12,0,1,0,0,0,0,0,1,2,1,0,0,1,0,0,0,0,0,0,0,0,0
32,"SATU MARE","SC. GIMNAZIALA IRINA",127,ANDRID,136768,1,PROV,PRCNCT,CD,CD_SV,"2021-01-21 12:30:02",459,418,20,21,222,181,20,21,600,378,212,7,3,9,0,2,5,184,1,0,6,0,0,1,1,0,1,0,1,0,0,0,0,0,0,0,1,0,0,0,0,0,0
32,"SATU MARE","CENTRU CULTURAL ”EMIL MATEI” APA",128,APA,136802,2,PART,PRCNCT,CD,CD_SV,"2021-01-21 12:30:02",1071,1052,19,0,279,260,19,0,1200,921,271,5,3,52,15,7,25,56,58,0,26,3,7,4,0,0,0,0,0,1,0,0,1,0,1,0,0,0,0,0,1,0,14
32,"SATU MARE","SCOALA GIMNAZIALĂ ”VASILE LUCACIU” APA",129,APA,136802,1,PROV,PRCNCT,CD,CD_SV,"2021-01-21 12:30:02",864,853,10,1,219,208,10,1,900,681,171,38,10,27,21,7,4,27,48,0,17,1,0,2,1,1,0,1,0,11,1,0,0,0,0,0,0,0,1,0,0,0,1
32,"SATU MARE","CĂMINUL CULTURAL SOMEȘENII",130,APA,136802,1,PROV,PRCNCT,CD,CD_SV,"2021-01-21 12:30:02",254,241,13,0,83,70,13,0,300,217,82,0,1,17,7,3,14,1,28,0,8,1,0,0,0,0,0,0,0,0,0,0,0,0,0,0,0,0,0,0,0,0,3
32,"SATU MARE","SCOALA GIMNAZIALA BĂTARCI",131,BĂTARCI,136919,1,PROV,PRCNCT,CD,CD_SV,"2021-01-21 12:30:02",1866,1847,19,0,443,424,19,0,2000,1557,415,18,10,80,33,10,15,3,187,0,57,5,4,3,2,1,2,1,1,0,1,0,2,0,1,0,1,3,0,0,0,1,2
32,"SATU MARE","CĂMIN CULTURAL COMLĂUȘA",132,BĂTARCI,136919,1,PROV,PRCNCT,CD,CD_SV,"2021-01-21 12:30:02",885,874,10,1,200,189,10,1,1000,800,192,5,3,28,8,9,2,1,118,0,13,2,2,1,0,0,1,0,0,0,0,0,0,0,1,0,0,0,0,0,3,0,3
32,"SATU MARE","ŞCOALA PRIMARĂ TĂMĂŞENI",133,BĂTARCI,136919,1,PROV,PRCNCT,CD,CD_SV,"2021-01-21 12:30:02",330,312,18,0,134,116,18,0,400,266,133,1,0,7,2,1,2,104,6,0,6,3,0,0,0,0,0,0,0,0,0,0,0,0,0,0,0,1,0,0,1,0,0
32,"SATU MARE","PRIMARIA BÂRSĂU",134,BÂRSĂU,137103,2,PART,PRCNCT,CD,CD_SV,"2021-01-21 12:30:02",1382,1306,38,38,460,384,38,38,1400,940,445,11,4,87,185,8,36,6,74,0,29,3,6,2,0,0,2,0,0,0,0,0,2,0,2,1,0,0,1,0,0,1,0
32,"SATU MARE","SEDIU ADMINISTRATIV",135,BÂRSĂU,137103,1,PROV,PRCNCT,CD,CD_SV,"2021-01-21 12:30:02",551,512,16,23,187,148,16,23,600,413,183,4,0,43,48,7,15,2,42,0,8,3,7,3,2,0,0,0,0,1,0,0,1,0,0,0,0,0,0,0,0,0,1
32,"SATU MARE","SCOALA GIMNAZIALA BELTIUG",136,BELTIUG,136964,1,PROV,PRCNCT,CD,CD_SV,"2021-01-21 12:30:02",1161,1104,31,26,454,397,31,26,1200,746,435,16,3,27,73,1,5,60,136,0,20,0,0,5,0,0,0,1,0,2,0,0,1,0,0,0,0,0,100,0,0,0,4
32,"SATU MARE","CĂMINUL CULTURAL BOLDA",137,BELTIUG,136964,1,PROV,PRCNCT,CD,CD_SV,"2021-01-21 12:30:02",66,43,20,3,29,6,20,3,100,71,28,0,1,2,4,1,2,2,13,0,0,1,0,0,0,0,0,0,0,0,0,0,0,0,0,0,0,0,3,0,0,0,0
32,"SATU MARE","ŞCOALA PRIMARĂ GHIRIŞA",138,BELTIUG,136964,1,PROV,PRCNCT,CD,CD_SV,"2021-01-21 12:30:02",615,575,20,20,253,213,20,20,700,447,245,5,3,2,2,1,2,169,60,0,1,0,0,0,0,0,1,0,0,1,0,0,0,0,0,0,0,0,3,0,2,0,1
32,"SATU MARE","CĂMINUL CULTURAL GIUNGI",139,BELTIUG,136964,1,PROV,PRCNCT,CD,CD_SV,"2021-01-21 12:30:02",130,113,17,0,52,35,17,0,200,148,52,0,0,5,4,1,5,2,23,0,7,0,2,1,0,0,0,0,1,0,0,0,0,0,0,0,0,0,0,0,0,0,1
32,"SATU MARE","ŞCOALA GIMNAZIALĂ RĂTEŞTI",140,BELTIUG,136964,2,PART,PRCNCT,CD,CD_SV,"2021-01-21 12:30:02",630,610,15,5,176,156,15,5,700,524,149,24,3,27,33,1,3,7,50,1,6,0,0,3,0,0,0,0,0,1,0,1,1,0,0,0,0,4,8,0,0,0,3
32,"SATU MARE","GRĂDINIŢA DE COPII ŞANDRA",141,BELTIUG,136964,1,PROV,PRCNCT,CD,CD_SV,"2021-01-21 12:30:02",234,221,13,0,74,61,13,0,299,225,67,7,0,6,7,0,2,1,35,0,5,0,0,0,0,0,0,1,0,0,0,0,0,0,0,0,0,2,5,0,1,0,2
32,"SATU MARE","SCOALA GENERALA BERVENI",142,BERVENI,137032,1,PROV,PRCNCT,CD,CD_SV,"2021-01-21 12:30:02",1701,1661,18,22,534,494,18,22,1700,1166,524,8,2,9,2,2,2,485,4,0,16,1,0,0,0,0,0,0,0,0,0,0,0,0,0,0,0,0,1,0,2,0,0
32,"SATU MARE","SCOALA GENERALA LUCACENI",143,BERVENI,137032,1,PROV,PRCNCT,CD,CD_SV,"2021-01-21 12:30:02",1257,1231,13,13,334,311,12,11,1299,965,323,9,2,63,44,13,24,65,51,0,51,0,1,5,0,0,0,0,0,1,1,0,0,0,0,0,0,0,0,0,0,0,4
32,"SATU MARE","SCOALA GENERALA BIXAD",144,BIXAD,137069,1,PROV,PRCNCT,CD,CD_SV,"2021-01-21 12:30:02",1209,1195,14,0,174,160,14,0,1300,1126,168,1,5,66,4,3,2,1,69,0,14,1,1,1,0,0,1,2,0,0,1,0,1,0,0,0,0,0,0,0,1,0,0
32,"SATU MARE","SCOALA GENERALA BIXAD",145,BIXAD,137069,1,PROV,PRCNCT,CD,CD_SV,"2021-01-21 12:30:02",1144,1136,8,0,184,176,8,0,1200,1016,179,5,0,66,2,7,9,1,64,0,24,1,1,1,1,0,0,0,0,0,0,0,0,0,0,0,0,0,0,0,0,1,1
32,"SATU MARE","BOINESTI SCOALA GENERALA",146,BIXAD,137069,1,PROV,PRCNCT,CD,CD_SV,"2021-01-21 12:30:02",1420,1403,17,0,247,230,17,0,1500,1253,238,1,8,37,1,8,25,1,76,0,62,4,0,4,0,2,0,15,0,0,0,0,0,0,1,0,0,0,0,0,0,0,2
32,"SATU MARE","TRIP SCOALA GENERALA",147,BIXAD,137069,1,PROV,PRCNCT,CD,CD_SV,"2021-01-21 12:30:02",1363,1354,8,1,195,186,8,1,1500,1305,191,2,2,44,7,11,13,3,73,1,21,3,1,1,4,0,0,3,1,0,0,0,0,0,0,0,0,0,0,0,1,0,4
32,"SATU MARE","TRIP SCOALA GENERALA",148,BIXAD,137069,1,PROV,PRCNCT,CD,CD_SV,"2021-01-21 12:30:02",1174,1169,5,0,156,151,5,0,1300,1144,146,8,2,29,3,3,10,4,68,1,19,1,0,1,0,0,0,1,0,1,0,0,0,0,0,0,0,0,0,0,0,0,5
32,"SATU MARE","PRIMARIA COMUNEI BOGDAND",149,BOGDAND,137130,1,PROV,PRCNCT,CD,CD_SV,"2021-01-21 12:30:02",791,773,12,6,236,218,12,6,900,664,232,3,1,5,4,1,0,212,4,0,2,0,0,0,0,0,0,0,0,0,0,0,0,0,0,0,0,0,0,0,4,0,0
32,"SATU MARE","ŞCOALA CU CLASELE I-VIII",150,BOGDAND,137130,1,PROV,PRCNCT,CD,CD_SV,"2021-01-21 12:30:02",552,511,33,8,268,227,33,8,600,332,258,5,5,37,123,1,15,2,50,1,9,2,11,2,0,0,1,0,0,1,0,0,0,0,0,0,0,0,0,0,0,2,1
32,"SATU MARE","ŞCOALA CU CLASELE I-VIII",151,BOGDAND,137130,1,PROV,PRCNCT,CD,CD_SV,"2021-01-21 12:30:02",380,371,9,0,129,120,9,0,400,271,124,4,1,31,6,1,10,3,37,2,28,1,0,0,0,0,0,0,0,0,0,0,0,0,1,0,0,1,0,0,0,0,3
32,"SATU MARE","ŞCOALA CU CLASELE I-IV",152,BOGDAND,137130,1,PROV,PRCNCT,CD,CD_SV,"2021-01-21 12:30:02",592,578,14,0,191,177,14,0,700,509,188,1,2,7,2,1,1,165,9,1,0,0,0,0,0,0,0,0,0,0,0,0,0,0,0,0,0,0,0,0,2,0,0
32,"SATU MARE","PRIMARIA BOTIZ",153,BOTIZ,137185,1,PROV,PRCNCT,CD,CD_SV,"2021-01-21 12:30:02",1470,1450,18,2,349,329,18,2,1500,1151,343,5,1,28,6,8,69,81,94,2,31,3,3,1,2,0,0,0,0,0,0,0,0,1,0,0,0,1,2,0,0,1,10
32,"SATU MARE","SCOALA GIMNAZIALA CU CLASELE I-IV OSVAREU",154,BOTIZ,137185,1,PROV,PRCNCT,CD,CD_SV,"2021-01-21 12:30:02",1747,1717,26,4,385,355,26,4,1900,1515,367,10,8,39,8,18,48,59,100,1,60,3,1,1,1,2,0,0,1,0,0,0,0,0,0,0,0,2,0,0,0,1,22
32,"SATU MARE","PRIMARIA CALINESTI OAS",155,CĂLINEŞTI-OAŞ,137229,1,PROV,PRCNCT,CD,CD_SV,"2021-01-21 12:30:02",1390,1380,10,0,271,261,10,0,1500,1229,264,6,1,47,19,38,12,1,91,0,44,0,2,0,1,0,0,0,0,0,1,0,0,0,0,0,1,0,1,0,1,0,5
32,"SATU MARE","SCOALA COCA",156,CĂLINEŞTI-OAŞ,137229,1,PROV,PRCNCT,CD,CD_SV,"2021-01-21 12:30:02",862,856,6,0,154,148,6,0,900,746,144,5,5,22,32,5,10,1,45,1,22,0,2,1,0,0,0,0,0,1,1,0,0,0,0,0,0,0,0,0,1,0,0
32,"SATU MARE","SCOALA LECHINTA",157,CĂLINEŞTI-OAŞ,137229,1,PROV,PRCNCT,CD,CD_SV,"2021-01-21 12:30:02",680,666,14,0,162,148,14,0,800,638,148,9,5,16,2,1,5,2,57,1,54,0,3,2,0,0,1,0,0,0,1,0,0,0,1,0,0,0,0,0,1,1,0
32,"SATU MARE","SCOALA PASUNEA MARE",158,CĂLINEŞTI-OAŞ,137229,1,PROV,PRCNCT,CD,CD_SV,"2021-01-21 12:30:02",342,333,9,0,59,50,9,0,400,341,59,0,0,6,6,1,2,1,26,0,13,0,0,2,0,0,0,0,0,0,0,0,0,0,0,0,0,0,0,0,0,0,2
32,"SATU MARE","SPCLEP CALINESTI OAS",159,CĂLINEŞTI-OAŞ,137229,1,PROV,PRCNCT,CD,CD_SV,"2021-01-21 12:30:02",877,870,7,0,181,174,7,0,1000,819,176,1,4,26,3,12,15,2,69,0,38,0,0,3,0,0,0,0,0,0,0,0,2,0,2,0,0,0,0,0,1,0,3
32,"SATU MARE","PRIMARIA COM. CAMARZANA",160,CĂMĂRZANA,137274,2,PART,PRCNCT,CD,CD_SV,"2021-01-21 12:30:02",1084,1061,10,13,186,163,10,13,1200,1014,180,5,1,49,32,5,6,1,55,2,25,1,0,2,0,0,0,0,1,0,0,0,0,0,0,0,0,0,0,0,1,0,0
32,"SATU MARE","SCOALA GENERALA CAMARZANA",161,CĂMĂRZANA,137274,1,PROV,PRCNCT,CD,CD_SV,"2021-01-21 12:30:02",939,921,10,8,177,159,10,8,1000,823,168,4,5,34,18,6,2,1,56,2,42,1,0,1,0,1,0,1,0,1,0,0,0,0,0,0,0,0,0,0,0,2,0
32,"SATU MARE","SCOALA GIMNAZIALA CAMIN",162,CĂMIN,179677,1,PROV,PRCNCT,CD,CD_SV,"2021-01-21 12:30:02",1161,1142,17,2,419,400,17,2,1200,781,410,8,1,7,2,2,4,347,16,0,4,0,0,0,0,0,0,0,0,0,0,0,0,0,0,0,0,0,23,0,3,1,1
32,"SATU MARE","PRIMĂRIA COMUNEI CĂPLENI",163,CĂPLENI,136553,1,PROV,PRCNCT,CD,CD_SV,"2021-01-21 12:30:02",1224,1197,12,15,516,489,12,15,1300,784,512,1,3,5,3,1,1,483,12,0,5,0,0,0,0,0,0,0,0,0,0,0,0,0,0,0,0,0,0,0,2,0,0
32,"SATU MARE","ŞCOALA GIMNAZIALĂ ” FÉNYI ISTVÁN ” CĂPLENI",164,CĂPLENI,136553,1,PROV,PRCNCT,CD,CD_SV,"2021-01-21 12:30:02",1494,1457,10,27,609,572,10,27,1500,891,603,3,3,12,6,3,5,558,11,0,6,0,0,0,0,0,0,0,0,0,0,0,0,0,0,0,1,0,0,0,1,0,0
32,"SATU MARE","ȘCOALA GIMNAZIALĂ",165,CĂUAŞ,137292,1,PROV,PRCNCT,CD,CD_SV,"2021-01-21 12:30:02",553,543,10,0,173,163,10,0,600,427,161,9,3,48,2,2,22,9,49,1,19,4,0,0,0,0,0,0,0,1,1,0,0,0,0,1,0,0,0,0,0,1,1
32,"SATU MARE","ȘCOALA GENERALĂ",166,CĂUAŞ,137292,1,PROV,PRCNCT,CD,CD_SV,"2021-01-21 12:30:02",82,71,11,0,29,18,11,0,100,71,29,0,0,11,2,1,4,2,4,0,1,2,1,0,0,0,0,0,0,0,0,0,0,0,0,0,0,0,0,0,0,0,1
32,"SATU MARE","MAGAZIN MIXT",167,CĂUAŞ,137292,1,PROV,PRCNCT,CD,CD_SV,"2021-01-21 12:30:02",110,94,16,0,34,18,16,0,200,166,34,0,0,12,1,1,2,1,9,0,5,0,1,0,2,0,0,0,0,0,0,0,0,0,0,0,0,0,0,0,0,0,0
32,"SATU MARE","CĂMINUL CULTURAL",168,CĂUAŞ,137292,1,PROV,PRCNCT,CD,CD_SV,"2021-01-21 12:30:02",118,106,12,0,39,27,12,0,200,161,38,1,0,7,4,1,1,13,5,1,5,0,0,0,0,0,0,0,0,0,0,0,0,0,0,0,0,0,0,0,0,0,1
32,"SATU MARE","CĂMINUL CULTURAL",169,CĂUAŞ,137292,1,PROV,PRCNCT,CD,CD_SV,"2021-01-21 12:30:02",156,136,20,0,45,25,20,0,200,155,44,1,0,12,5,3,4,3,10,0,5,1,0,0,1,0,0,0,0,0,0,0,0,0,0,0,0,0,0,0,0,0,0
32,"SATU MARE","CĂMINUL CULTURAL",170,CĂUAŞ,137292,1,PROV,PRCNCT,CD,CD_SV,"2021-01-21 12:30:02",1074,1042,23,9,377,345,23,9,1100,723,365,5,7,68,1,0,7,249,29,0,10,0,0,0,0,0,0,0,0,1,0,0,0,0,0,0,0,0,0,0,0,0,0
32,"SATU MARE","CAMIN CULTURAL",171,CEHAL,137363,1,PROV,PRCNCT,CD,CD_SV,"2021-01-21 12:30:02",508,497,11,0,219,208,11,0,600,381,209,9,1,18,1,1,5,166,11,3,0,0,1,1,0,0,0,0,0,0,0,0,0,0,0,0,1,0,0,0,1,0,0
32,"SATU MARE","SCOALA CEHAL",172,CEHAL,137363,1,PROV,PRCNCT,CD,CD_SV,"2021-01-21 12:30:02",665,626,10,29,248,209,10,29,700,452,241,4,3,132,14,12,3,3,62,2,9,1,0,0,1,0,0,0,0,0,0,0,1,0,0,0,0,0,0,0,0,1,0
32,"SATU MARE","CLADIRE PRIMARIE",173,CEHAL,137363,1,PROV,PRCNCT,CD,CD_SV,"2021-01-21 12:30:02",191,176,12,3,81,66,12,3,300,219,80,0,1,41,4,3,8,3,15,1,2,0,1,1,0,0,0,0,0,0,0,0,0,0,0,0,0,0,0,0,0,0,1
32,"SATU MARE","SCOALA GIMNAZIALA CERTEZE",174,CERTEZE,137407,1,PROV,PRCNCT,CD,CD_SV,"2021-01-21 12:30:02",1486,1456,21,9,257,227,21,9,1500,1243,248,1,8,32,12,72,9,2,92,1,9,0,4,4,3,0,0,0,0,2,1,0,1,0,0,0,0,0,1,0,0,0,3
32,"SATU MARE","SCOALA GIMNAZIALA CERTEZE",175,CERTEZE,137407,1,PROV,PRCNCT,CD,CD_SV,"2021-01-21 12:30:02",1414,1389,22,3,287,262,22,3,1500,1213,276,7,4,35,13,80,8,2,108,1,15,1,1,2,4,0,0,0,1,0,0,0,0,0,0,0,0,0,0,1,1,0,3
32,"SATU MARE","ȘCOALA HUTA-CERTEZE",176,CERTEZE,137407,1,PROV,PRCNCT,CD,CD_SV,"2021-01-21 12:30:02",957,946,11,0,180,169,11,0,1000,820,175,5,0,17,4,36,5,3,48,0,9,3,2,1,1,0,0,42,0,1,0,0,0,1,0,0,0,0,0,0,0,2,0
32,"SATU MARE","GRĂDINIŢA CU PROGRAM NORMAL MOIŞENI",177,CERTEZE,137407,1,PROV,PRCNCT,CD,CD_SV,"2021-01-21 12:30:02",1178,1166,12,0,172,160,12,0,1200,1028,161,8,3,49,4,29,2,1,56,1,13,2,0,1,0,0,0,0,0,0,1,1,0,0,0,0,0,0,0,0,0,0,1
32,"SATU MARE","CĂMINUL CULTURAL",178,CIUMEŞTI,179882,1,PROV,PRCNCT,CD,CD_SV,"2021-01-21 12:30:02",1140,1116,24,0,306,282,24,0,1200,894,297,7,2,9,6,3,12,243,11,0,4,1,0,0,0,0,1,0,0,2,0,0,0,0,0,0,0,0,3,0,2,0,0
32,"SATU MARE","PRIMARIA CRAIDOROLT",179,CRAIDOROLŢ,137443,1,PROV,PRCNCT,CD,CD_SV,"2021-01-21 12:30:02",868,845,20,3,231,208,20,3,900,669,222,7,2,71,24,1,5,49,41,0,14,4,1,3,1,0,1,0,0,0,0,0,0,0,0,0,0,0,0,0,2,1,4
32,"SATU MARE","ŞCOALA PRIMARĂ CRIŞENI",180,CRAIDOROLŢ,137443,1,PROV,PRCNCT,CD,CD_SV,"2021-01-21 12:30:02",166,148,18,0,56,38,18,0,200,144,51,1,4,20,3,1,2,2,12,0,8,0,0,0,0,0,0,0,0,0,0,0,0,0,0,0,0,0,1,0,0,0,2
32,"SATU MARE","ŞCOALA PRIMARĂ ERIU SÂNCRAI",181,CRAIDOROLŢ,137443,1,PROV,PRCNCT,CD,CD_SV,"2021-01-21 12:30:02",509,492,17,0,139,122,17,0,600,461,125,7,7,53,2,3,10,33,11,0,10,1,0,1,0,0,0,0,0,1,0,0,0,0,0,0,0,0,0,0,0,0,0
32,"SATU MARE","ŞCOALA PRIMARĂ SATU MIC",182,CRAIDOROLŢ,137443,1,PROV,PRCNCT,CD,CD_SV,"2021-01-21 12:30:02",182,170,12,0,69,57,12,0,300,231,64,5,0,29,2,0,2,3,1,0,21,0,0,0,0,0,1,0,0,0,0,0,0,0,0,0,0,5,0,0,0,0,0
32,"SATU MARE","SCOALA CU CLASELE I-IV CRUCISOR",183,CRUCIŞOR,137504,1,PROV,PRCNCT,CD,CD_SV,"2021-01-21 12:30:02",478,468,10,0,153,143,10,0,600,447,149,4,0,20,41,9,16,1,36,0,14,1,1,5,0,0,0,0,0,0,0,0,0,0,0,0,0,0,0,0,0,0,5
32,"SATU MARE","SCOALA CU CLS. I-IV IEGHERISTE",184,CRUCIŞOR,137504,1,PROV,PRCNCT,CD,CD_SV,"2021-01-21 12:30:02",439,431,7,1,111,103,7,1,500,389,108,2,1,16,26,8,12,1,33,0,7,3,0,0,0,0,0,0,0,1,0,0,0,0,0,0,0,0,0,0,0,0,1
32,"SATU MARE","SCOALA GIMNAZIALA POIANA CODRULUI",185,CRUCIŞOR,137504,1,PROV,PRCNCT,CD,CD_SV,"2021-01-21 12:30:02",1232,1222,9,1,466,456,9,1,1300,834,441,21,4,78,135,8,25,11,87,5,53,11,10,6,2,1,1,0,0,2,0,0,0,1,1,0,0,0,1,0,0,2,1
32,"SATU MARE","SEDIUL CONSILIULUI LOCAL AL COMUNEI CULCIU",186,CULCIU,137540,1,PROV,PRCNCT,CD,CD_SV,"2021-01-21 12:30:02",712,685,25,2,238,211,25,2,800,562,227,9,2,51,12,4,15,89,28,0,10,1,1,1,0,0,1,0,0,0,0,0,0,0,0,0,1,0,0,0,1,1,11
32,"SATU MARE","GRADINIŢA APATEU",187,CULCIU,137540,1,PROV,PRCNCT,CD,CD_SV,"2021-01-21 12:30:02",281,269,8,4,85,73,8,4,300,215,82,2,1,10,2,1,6,38,13,1,6,1,0,1,0,0,0,0,0,0,0,0,0,0,0,0,0,0,0,0,0,0,3
32,"SATU MARE","ŞCOALA DE GIMNAZIALĂ BEM JOZSEF CĂRĂŞEU",188,CULCIU,137540,1,PROV,PRCNCT,CD,CD_SV,"2021-01-21 12:30:02",963,930,15,18,278,245,15,18,1000,722,270,5,3,13,2,1,12,209,12,1,8,3,0,2,0,0,0,1,0,0,0,0,0,1,0,0,1,0,0,0,0,0,4
32,"SATU MARE","GRADINIŢA COROD",189,CULCIU,137540,1,PROV,PRCNCT,CD,CD_SV,"2021-01-21 12:30:02",420,404,14,2,117,101,14,2,500,383,115,2,0,16,4,2,6,62,18,1,2,0,0,0,0,0,0,0,1,0,0,0,0,0,0,0,0,0,0,0,1,1,1
32,"SATU MARE","ŞCOALA PRIMARĂ CULCIU-MIC",190,CULCIU,137540,1,PROV,PRCNCT,CD,CD_SV,"2021-01-21 12:30:02",644,592,45,7,246,194,45,7,700,454,238,7,1,12,7,14,5,179,7,0,10,0,1,1,0,0,0,0,1,1,0,0,0,0,0,0,0,0,0,0,0,0,0
32,"SATU MARE","ŞCOALA PRIMARĂ LIPĂU",191,CULCIU,137540,1,PROV,PRCNCT,CD,CD_SV,"2021-01-21 12:30:02",468,444,23,1,123,99,23,1,500,377,117,6,0,27,11,1,12,3,44,0,9,0,1,1,0,0,0,0,0,1,0,0,0,0,0,0,1,0,0,0,0,0,6
32,"SATU MARE","PRIMARIA COMUNEI DOBA",192,DOBA,137611,1,PROV,PRCNCT,CD,CD_SV,"2021-01-21 12:30:02",1029,1000,28,1,263,234,28,1,1100,837,259,3,1,24,28,4,15,52,97,5,14,1,2,1,1,0,0,0,0,0,0,0,0,0,0,0,0,1,0,0,1,1,12
32,"SATU MARE","ŞCOALA GENERALĂ BOGHIŞ",193,DOBA,137611,1,PROV,PRCNCT,CD,CD_SV,"2021-01-21 12:30:02",696,685,11,0,103,92,11,0,800,697,102,1,0,8,5,1,14,30,30,0,7,1,0,2,1,0,0,0,0,0,0,0,0,0,0,0,0,1,0,0,0,0,2
32,"SATU MARE","CĂMIN CULTURAL DACIA",194,DOBA,137611,1,PROV,PRCNCT,CD,CD_SV,"2021-01-21 12:30:02",152,137,15,0,72,57,15,0,200,128,65,1,6,20,5,2,4,2,12,2,7,2,0,0,0,0,0,0,0,0,0,0,0,0,0,0,0,1,0,0,0,0,8
32,"SATU MARE","CAMINUL CULTURAL",195,DOBA,137611,1,PROV,PRCNCT,CD,CD_SV,"2021-01-21 12:30:02",437,418,19,0,184,165,19,0,500,316,177,6,1,49,17,2,12,3,41,2,14,0,2,2,0,0,1,0,0,0,0,0,0,0,0,0,0,20,0,1,2,0,9
32,"SATU MARE","CĂMIN CULTURAL TRAIAN",196,DOBA,137611,1,PROV,PRCNCT,CD,CD_SV,"2021-01-21 12:30:02",186,170,16,0,71,55,16,0,200,129,70,0,1,19,6,1,8,3,18,2,8,1,0,0,0,0,0,0,0,0,0,0,0,0,0,0,0,1,0,0,0,0,3
32,"SATU MARE","PRIMARIA COMUNEI DOROLT",197,DOROLŢ,137675,1,PROV,PRCNCT,CD,CD_SV,"2021-01-21 12:30:02",1488,1469,7,12,504,485,7,12,1500,996,498,4,2,3,8,2,13,442,10,0,5,4,0,1,0,0,1,0,0,1,0,0,0,0,0,0,0,0,0,0,2,0,6
32,"SATU MARE","CAMIN CULTURAL ATEA",198,DOROLŢ,137675,1,PROV,PRCNCT,CD,CD_SV,"2021-01-21 12:30:02",326,311,10,5,160,145,10,5,400,240,150,4,6,4,3,0,1,129,5,0,0,0,2,0,0,0,1,0,0,1,0,0,0,0,0,0,0,0,0,0,2,0,2
32,"SATU MARE","SCOALA DARA",199,DOROLŢ,137675,2,PART,PRCNCT,CD,CD_SV,"2021-01-21 12:30:02",1048,1010,9,29,560,522,9,29,1100,540,553,1,6,1,0,0,2,532,1,0,5,0,1,0,0,0,0,0,0,0,0,0,0,1,0,1,0,0,0,0,7,1,1
32,"SATU MARE","CAMIN CULTURAL PETEA",200,DOROLŢ,137675,1,PROV,PRCNCT,CD,CD_SV,"2021-01-21 12:30:02",362,345,14,3,128,111,14,3,400,272,125,0,3,11,2,1,1,97,9,1,1,1,0,0,0,0,0,0,0,0,0,0,0,0,0,0,0,0,0,0,0,0,1
32,"SATU MARE","CONSILIUL LOCAL FOIENI",201,FOIENI,137728,2,PART,PRCNCT,CD,CD_SV,"2021-01-21 12:30:02",1617,1601,16,0,639,623,16,0,1800,1161,634,4,1,9,2,1,10,565,17,0,2,0,0,0,0,0,0,0,0,0,0,0,0,1,0,0,0,0,22,0,5,0,0
32,"SATU MARE","PRIMARIA COMUNEI",202,"GHERŢA MICĂ",137746,1,PROV,PRCNCT,CD,CD_SV,"2021-01-21 12:30:02",1576,1562,14,0,251,237,14,0,1600,1349,245,6,0,64,5,19,9,6,95,1,38,0,0,0,1,0,0,0,0,0,0,0,0,0,0,0,0,0,0,0,1,1,5
32,"SATU MARE","SCOALA GIMNAZIALA",203,"GHERŢA MICĂ",137746,1,PROV,PRCNCT,CD,CD_SV,"2021-01-21 12:30:02",1275,1268,7,0,234,227,7,0,1400,1166,232,0,2,56,24,26,15,2,70,0,25,0,0,3,0,0,0,0,0,0,0,0,2,0,0,0,1,1,0,0,0,0,7
32,"SATU MARE","ŞCOALA CU CLS.I-VIII HALMEU",204,HALMEU,137764,1,PROV,PRCNCT,CD,CD_SV,"2021-01-21 12:30:02",1691,1670,11,10,363,342,11,10,1800,1437,354,4,5,87,14,7,5,159,39,0,26,0,0,5,1,0,0,0,0,0,0,0,0,0,1,0,0,0,0,1,0,0,9
32,"SATU MARE","ŞCOALA CU CLS.I-VIII HALMEU",205,HALMEU,137764,1,PROV,PRCNCT,CD,CD_SV,"2021-01-21 12:30:02",1374,1347,24,3,334,307,24,3,1400,1066,326,4,4,46,18,13,23,133,52,3,27,1,0,2,0,0,0,0,0,0,0,0,0,0,1,0,0,0,1,0,0,0,6
32,"SATU MARE","GRĂDINIŢA BĂBEŞTI",206,HALMEU,137764,2,PART,PRCNCT,CD,CD_SV,"2021-01-21 12:30:02",351,337,14,0,123,109,14,0,400,277,119,2,2,1,2,1,1,103,4,0,3,1,1,1,0,0,0,0,0,0,0,0,0,0,0,0,0,0,0,0,1,0,0
32,"SATU MARE","GRĂDINIŢA DABOLŢ",207,HALMEU,137764,1,PROV,PRCNCT,CD,CD_SV,"2021-01-21 12:30:02",379,358,14,7,95,74,14,7,400,305,93,2,0,5,3,1,5,70,5,0,3,0,0,0,0,0,0,0,0,0,0,0,0,0,0,0,0,0,0,0,1,0,0
32,"SATU MARE","GRĂDINIŢA MESTEACĂN",208,HALMEU,137764,1,PROV,PRCNCT,CD,CD_SV,"2021-01-21 12:30:02",380,367,13,0,44,31,13,0,300,256,42,2,0,10,5,1,5,4,4,0,6,2,1,1,0,0,0,0,0,0,0,0,0,0,0,0,0,0,0,1,0,0,2
32,"SATU MARE","SEDIUL PRIMARIEI COMUNEI HODOD",209,HODOD,137844,1,PROV,PRCNCT,CD,CD_SV,"2021-01-21 12:30:02",708,690,8,10,227,209,8,10,800,573,206,17,4,5,8,2,3,176,4,0,1,2,0,1,0,0,0,1,0,0,0,0,0,0,0,0,0,0,1,0,1,1,0
32,"SATU MARE","SCOALA GIMNAZIALA GIURTELECU HODODULUI",210,HODOD,137844,1,PROV,PRCNCT,CD,CD_SV,"2021-01-21 12:30:02",465,459,6,0,100,94,6,0,500,400,98,0,2,25,25,6,10,3,15,1,11,0,0,1,0,0,0,0,0,0,0,0,0,0,0,0,0,0,0,0,0,0,1
32,"SATU MARE","SCOALA PRIMARA LELEI",211,HODOD,137844,1,PROV,PRCNCT,CD,CD_SV,"2021-01-21 12:30:02",495,469,12,14,184,158,12,14,600,416,178,4,2,5,3,1,2,162,1,2,2,0,0,0,0,0,0,0,0,0,0,0,0,0,0,0,0,0,0,0,0,0,0
32,"SATU MARE","CENTRU SOCIAL NADISU HODODULUI",212,HODOD,137844,1,PROV,PRCNCT,CD,CD_SV,"2021-01-21 12:30:02",688,641,17,30,339,292,17,30,700,361,328,9,2,6,3,1,1,310,2,0,0,0,0,1,1,0,0,0,0,0,0,0,0,0,0,0,1,0,0,0,0,1,1
32,"SATU MARE","SCOALA CLS. I-VIII HOMORODU DE MIJLOC",213,HOMOROADE,137899,1,PROV,PRCNCT,CD,CD_SV,"2021-01-21 12:30:02",567,534,33,0,171,138,33,0,600,429,168,1,2,65,19,8,5,0,47,0,12,0,0,0,1,0,0,0,1,0,0,0,0,0,0,0,0,0,0,0,0,0,10
32,"SATU MARE","SCOALA CHILIA",214,HOMOROADE,137899,1,PROV,PRCNCT,CD,CD_SV,"2021-01-21 12:30:02",199,179,20,0,62,42,20,0,299,237,62,0,0,19,10,5,3,4,10,1,5,0,0,2,0,1,0,0,0,0,0,0,0,0,0,0,0,0,0,0,0,0,2
32,"SATU MARE","SCOALA CLS I-IV HOMORODU DE JOS",215,HOMOROADE,137899,1,PROV,PRCNCT,CD,CD_SV,"2021-01-21 12:30:02",310,297,13,0,79,66,13,0,400,321,75,0,4,25,8,8,7,3,12,0,7,1,0,0,0,0,0,0,0,0,0,0,0,0,0,0,0,0,0,1,0,1,2
32,"SATU MARE","SCOALA NECOPOI",216,HOMOROADE,137899,1,PROV,PRCNCT,CD,CD_SV,"2021-01-21 12:30:02",184,161,23,0,53,30,23,0,201,148,51,1,1,11,2,6,10,1,10,1,0,0,0,1,0,0,0,0,0,0,0,0,0,0,1,0,0,3,0,0,1,0,4
32,"SATU MARE","SCOALA SOLDUBA",217,HOMOROADE,137899,1,PROV,PRCNCT,CD,CD_SV,"2021-01-21 12:30:02",216,202,14,0,72,58,14,0,300,228,70,2,0,15,15,3,2,3,14,0,7,1,2,1,0,0,0,0,0,0,0,0,1,0,0,0,0,0,0,0,0,0,6
32,"SATU MARE","CAMIN CULTURAL NOU",218,LAZURI,137960,1,PROV,PRCNCT,CD,CD_SV,"2021-01-21 12:30:02",1397,1358,29,10,525,486,29,10,1400,875,519,2,4,43,9,9,24,383,34,0,10,0,0,0,0,0,0,0,0,0,0,0,0,0,0,0,0,0,0,0,2,0,5
32,"SATU MARE","SCOALA CU CLASELE I-IV BERCU",219,LAZURI,137960,1,PROV,PRCNCT,CD,CD_SV,"2021-01-21 12:30:02",535,520,10,5,191,176,10,5,600,409,189,1,1,5,2,1,4,165,7,0,1,0,0,1,0,0,0,0,0,0,0,1,0,0,0,0,0,0,0,0,1,0,1
32,"SATU MARE","SCOALA CU CLASELE I-VIII NISIPENI",220,LAZURI,137960,1,PROV,PRCNCT,CD,CD_SV,"2021-01-21 12:30:02",732,716,14,2,214,198,14,2,800,586,206,2,6,8,4,3,4,169,2,0,13,1,0,0,0,0,0,0,0,0,0,0,0,0,0,0,0,0,0,0,0,0,2
32,"SATU MARE","SCOALA CU CLASELE I-IV NOROIENI",221,LAZURI,137960,1,PROV,PRCNCT,CD,CD_SV,"2021-01-21 12:30:02",329,322,7,0,90,83,7,0,400,310,89,1,0,4,3,21,8,36,7,1,4,0,2,1,0,0,0,0,0,1,0,0,0,0,0,0,0,0,0,0,1,0,0
32,"SATU MARE","SCOALA CU CLASELE I-VIII PELES",222,LAZURI,137960,1,PROV,PRCNCT,CD,CD_SV,"2021-01-21 12:30:02",766,747,19,0,331,312,19,0,800,469,324,4,3,8,9,1,5,285,10,1,0,2,0,0,0,0,0,0,1,0,0,0,0,0,0,0,0,0,0,0,1,0,1
32,"SATU MARE","SCOALA CU CLASELE I-IV PELISOR",223,LAZURI,137960,1,PROV,PRCNCT,CD,CD_SV,"2021-01-21 12:30:02",258,238,20,0,143,123,20,0,300,157,130,10,3,7,4,1,2,110,1,1,1,0,1,0,0,0,0,0,1,0,0,0,0,0,0,0,0,0,0,0,0,0,1
32,"SATU MARE","ȘCOALA GIMNAZIALĂ ”PETŐFI SÁNDOR” LAZURI",224,LAZURI,137960,1,PROV,PRCNCT,CD,CD_SV,"2021-01-21 12:30:02",1197,1167,20,10,399,369,20,10,1300,901,394,4,1,22,8,3,19,286,22,2,18,0,2,1,0,0,0,0,0,0,0,0,0,1,0,0,0,0,1,0,0,0,9
32,"SATU MARE","PRIMARIA MEDIESU AURIT",225,"MEDIEŞU AURIT",138084,1,PROV,PRCNCT,CD,CD_SV,"2021-01-21 12:30:02",914,873,32,9,255,214,32,9,1000,745,250,3,2,41,21,17,28,5,102,0,19,7,1,3,0,0,0,0,1,0,0,0,0,0,0,0,0,2,0,0,0,0,3
32,"SATU MARE","SCOALA MEDIESU AURIT",226,"MEDIEŞU AURIT",138084,2,PART,PRCNCT,CD,CD_SV,"2021-01-21 12:30:02",1316,1293,20,3,308,285,20,3,1400,1092,293,11,4,59,24,27,23,6,101,0,26,5,0,2,0,0,0,3,0,2,1,0,0,1,1,0,0,4,1,0,0,1,6
32,"SATU MARE","SCOALA GENERALA",227,"MEDIEŞU AURIT",138084,1,PROV,PRCNCT,CD,CD_SV,"2021-01-21 12:30:02",963,945,18,0,221,203,18,0,1000,779,205,14,2,14,2,1,17,81,62,0,6,8,2,1,0,0,0,0,0,1,1,0,0,1,1,0,0,0,1,0,0,1,5
32,"SATU MARE","SCOALA GENERALA",228,"MEDIEŞU AURIT",138084,1,PROV,PRCNCT,CD,CD_SV,"2021-01-21 12:30:02",831,812,19,0,238,219,19,0,900,662,228,7,3,24,6,3,34,56,58,0,34,1,0,4,0,0,1,0,0,0,0,0,0,0,0,0,0,0,0,1,0,2,4
32,"SATU MARE","SCOALA GENERALA",229,"MEDIEŞU AURIT",138084,1,PROV,PRCNCT,CD,CD_SV,"2021-01-21 12:30:02",655,643,12,0,171,159,12,0,700,529,164,5,2,15,8,10,7,45,50,3,7,7,2,1,1,2,1,0,0,0,0,0,0,0,0,0,0,0,0,0,0,1,4
32,"SATU MARE",GRADINITA,230,"MEDIEŞU AURIT",138084,1,PROV,PRCNCT,CD,CD_SV,"2021-01-21 12:30:02",546,521,25,0,134,109,25,0,600,466,133,1,0,40,6,3,9,2,46,1,15,2,1,1,0,0,0,0,0,0,0,0,0,0,1,0,0,0,0,0,0,1,5
32,"SATU MARE","SCOALA GENERALA",231,"MEDIEŞU AURIT",138084,2,PART,PRCNCT,CD,CD_SV,"2021-01-21 12:30:02",261,244,17,0,65,48,17,0,300,235,64,1,0,16,5,2,7,1,21,0,6,1,0,0,0,0,0,0,0,0,0,0,0,0,0,0,1,0,0,0,0,0,4
32,"SATU MARE","SCOALA GENERALA",232,"MEDIEŞU AURIT",138084,1,PROV,PRCNCT,CD,CD_SV,"2021-01-21 12:30:02",177,158,19,0,56,37,19,0,300,244,54,2,0,7,1,3,2,2,27,1,2,4,1,0,1,0,0,1,0,0,0,0,0,0,0,0,0,0,0,0,0,0,2
32,"SATU MARE","CENTRU CULTURAL TURISTIC",233,MICULA,138164,2,PART,PRCNCT,CD,CD_SV,"2021-01-21 12:30:02",1190,1154,25,11,392,356,25,11,1200,808,378,10,4,17,5,9,9,278,24,0,13,2,1,0,0,0,0,0,0,1,0,1,0,0,0,0,0,11,0,1,1,0,5
32,"SATU MARE","GRADINITA NR. II MICULA",234,MICULA,138164,1,PROV,PRCNCT,CD,CD_SV,"2021-01-21 12:30:02",1458,1427,24,7,396,365,24,7,1500,1104,361,32,3,29,7,7,6,117,25,0,50,2,3,1,3,0,2,0,1,2,0,0,0,1,0,0,1,98,0,3,1,0,2
32,"SATU MARE","CASĂ DE LOCUIT MICULA NOUA",235,MICULA,138164,1,PROV,PRCNCT,CD,CD_SV,"2021-01-21 12:30:02",610,599,11,0,141,130,11,0,700,559,136,5,0,24,13,3,7,5,43,2,22,2,0,0,0,0,0,0,0,0,0,0,0,0,0,0,0,12,0,0,0,2,1
32,"SATU MARE","SCOALA GENERALA",236,MOFTIN,138208,1,PROV,PRCNCT,CD,CD_SV,"2021-01-21 12:30:02",1192,1175,17,0,216,199,17,0,1200,984,208,7,1,26,11,2,11,68,36,1,19,0,3,0,0,0,0,0,0,1,0,0,0,0,0,0,0,1,21,0,1,0,7
32,"SATU MARE","CAMINUL CULTURAL",237,MOFTIN,138208,1,PROV,PRCNCT,CD,CD_SV,"2021-01-21 12:30:02",1058,1039,19,0,333,314,19,0,1100,767,324,6,3,98,23,1,25,81,44,2,27,1,1,2,0,1,0,0,0,0,0,0,0,0,0,0,0,7,2,0,1,1,7
32,"SATU MARE","SCOALA GENERALA CL I-VIIII",238,MOFTIN,138208,1,PROV,PRCNCT,CD,CD_SV,"2021-01-21 12:30:02",923,899,24,0,300,276,24,0,1000,700,291,3,6,37,113,1,6,63,26,1,29,2,5,1,1,0,0,1,0,0,0,0,1,0,0,0,0,0,1,0,0,1,2
32,"SATU MARE","GRADINITA DE COPII",239,MOFTIN,138208,1,PROV,PRCNCT,CD,CD_SV,"2021-01-21 12:30:02",457,441,16,0,150,134,16,0,500,350,110,30,10,44,4,2,8,2,19,1,11,0,0,2,0,0,0,0,0,17,0,0,0,0,0,0,0,0,0,0,0,0,0
32,"SATU MARE","CĂMINUL CULTURAL ODOREU",240,ODOREU,138280,1,PROV,PRCNCT,CD,CD_SV,"2021-01-21 12:30:02",1439,1420,18,1,313,294,18,1,1600,1287,306,1,6,30,20,2,48,50,114,2,26,1,0,2,0,0,0,0,0,0,0,1,0,0,0,0,0,3,0,0,0,0,7
32,"SATU MARE","SCOALA GIMNAZIALA ODOREU",241,ODOREU,138280,1,PROV,PRCNCT,CD,CD_SV,"2021-01-21 12:30:02",1308,1300,8,0,278,270,8,0,1400,1122,264,12,2,27,14,3,24,43,107,0,32,2,0,1,0,0,0,0,0,0,0,0,0,0,0,0,0,0,0,0,1,0,10
32,"SATU MARE","SCOALA GIMNAZIALA ODOREU",242,ODOREU,138280,1,PROV,PRCNCT,CD,CD_SV,"2021-01-21 12:30:02",1327,1316,10,1,297,286,10,1,1400,1103,293,4,0,18,24,7,35,54,121,0,10,5,1,5,0,0,0,0,0,0,0,0,0,1,0,0,1,1,3,0,0,0,7
32,"SATU MARE","CASA DE TIP FAMILIAL” IRIS”",243,ODOREU,138280,1,PROV,PRCNCT,CD,CD_SV,"2021-01-21 12:30:02",124,105,19,0,46,27,19,0,200,154,44,2,0,4,3,2,3,15,14,0,0,0,0,1,0,0,0,0,0,0,0,0,0,0,0,0,0,0,0,0,0,0,2
32,"SATU MARE","AFTER SCHOOL, MARTINESTI NR. 51",244,ODOREU,138280,1,PROV,PRCNCT,CD,CD_SV,"2021-01-21 12:30:02",800,765,35,0,303,268,35,0,800,497,301,0,2,45,12,6,66,74,60,0,10,0,1,2,0,0,0,0,1,0,0,0,0,0,0,0,0,0,0,0,1,0,23
32,"SATU MARE","SCOALA GIMNAZIALA ORASU NOU SALA DE CLASĂ 1",245,"ORAŞU NOU",138351,1,PROV,PRCNCT,CD,CD_SV,"2021-01-21 12:30:02",768,720,9,39,313,265,9,39,800,487,304,6,3,12,1,3,8,267,3,1,6,0,0,1,0,0,0,0,0,0,0,0,0,0,0,0,0,0,0,0,1,0,1
32,"SATU MARE","SCOALA GIMNAZIALA ORASU NOU SALA DE CLASĂ 2",246,"ORAŞU NOU",138351,1,PROV,PRCNCT,CD,CD_SV,"2021-01-21 12:30:02",931,891,11,29,367,327,11,29,1000,633,363,2,2,5,1,1,10,331,10,0,1,0,0,1,0,0,0,0,0,0,0,2,0,0,0,0,0,0,0,0,0,0,1
32,"SATU MARE","GRĂDINIȚĂ CU PROGRAM NORMAL",247,"ORAŞU NOU",138351,1,PROV,PRCNCT,CD,CD_SV,"2021-01-21 12:30:02",342,331,11,0,73,62,11,0,400,327,71,1,1,19,3,12,11,5,15,0,4,0,0,2,0,0,0,0,0,0,0,0,0,0,0,0,0,0,0,0,0,0,0
32,"SATU MARE","GRĂDINIȚĂ CU PROGRAM NORMAL",248,"ORAŞU NOU",138351,1,PROV,PRCNCT,CD,CD_SV,"2021-01-21 12:30:02",510,497,13,0,127,114,13,0,600,473,118,5,4,15,3,1,39,4,40,0,10,1,0,1,2,0,0,0,0,0,0,0,0,0,0,0,0,0,0,0,1,0,1
32,"SATU MARE","IMOBIL, CASA DE LOCUIT",249,"ORAŞU NOU",138351,1,PROV,PRCNCT,CD,CD_SV,"2021-01-21 12:30:02",155,145,10,0,47,37,10,0,200,153,44,2,1,11,1,1,5,14,8,0,2,0,1,1,0,0,0,0,0,0,0,0,0,0,0,0,0,0,0,0,0,0,0
32,"SATU MARE","CLĂDIREA SCOLII",250,"ORAŞU NOU",138351,1,PROV,PRCNCT,CD,CD_SV,"2021-01-21 12:30:02",122,106,16,0,41,25,16,0,200,159,37,2,2,8,1,2,5,3,9,1,2,0,0,3,0,0,0,0,0,0,0,0,0,0,0,0,0,0,0,0,0,0,3
32,"SATU MARE","SCOALĂ PRIMARĂ REMETEA OAȘ",251,"ORAŞU NOU",138351,1,PROV,PRCNCT,CD,CD_SV,"2021-01-21 12:30:02",498,444,20,34,223,169,20,34,600,377,219,3,1,8,1,12,1,189,4,1,0,0,0,1,0,0,0,0,0,0,0,0,0,0,0,1,0,0,0,0,1,0,0
32,"SATU MARE","CĂMIN CULTURAL PĂULEȘTI",252,PĂULEŞTI,138431,1,PROV,PRCNCT,CD,CD_SV,"2021-01-21 12:30:02",1575,1542,31,2,607,574,31,2,1700,1093,603,4,0,68,19,9,117,118,188,0,27,2,1,4,0,0,0,6,0,1,0,0,0,0,0,0,0,0,0,0,0,2,41
32,"SATU MARE","ŞCOALA GENERALĂ AMAŢI",253,PĂULEŞTI,138431,1,PROV,PRCNCT,CD,CD_SV,"2021-01-21 12:30:02",937,916,21,0,221,200,21,0,1000,779,217,3,1,24,10,4,23,38,88,1,13,0,1,2,0,0,1,0,0,1,0,0,0,0,0,0,1,2,0,0,0,0,8
32,"SATU MARE","ȘCOALA SOLTESZ JANOS AMBUD",254,PĂULEŞTI,138431,1,PROV,PRCNCT,CD,CD_SV,"2021-01-21 12:30:02",974,961,13,0,321,308,13,0,1000,679,317,3,1,17,3,2,10,170,73,1,31,1,2,1,0,0,0,0,0,1,0,0,0,0,0,0,0,0,1,0,0,0,4
32,"SATU MARE","GRĂDINIȚA CU PROGRAM NORMAL HRIP",255,PĂULEŞTI,138431,1,PROV,PRCNCT,CD,CD_SV,"2021-01-21 12:30:02",584,567,17,0,199,182,17,0,600,401,179,13,7,19,1,0,3,35,110,1,4,0,1,0,0,0,0,0,0,0,0,0,0,1,0,0,0,0,0,0,1,1,2
32,"SATU MARE","CĂMIN CULTURAL",256,PĂULEŞTI,138431,1,PROV,PRCNCT,CD,CD_SV,"2021-01-21 12:30:02",659,645,14,0,209,195,14,0,700,491,204,1,4,11,3,1,3,90,80,0,7,1,0,0,1,0,0,0,0,0,0,0,0,0,0,0,0,0,0,0,4,0,3
32,"SATU MARE","ŞCOALA GENERALĂ RUŞENI",257,PĂULEŞTI,138431,1,PROV,PRCNCT,CD,CD_SV,"2021-01-21 12:30:02",223,192,31,0,90,59,31,0,202,112,90,0,0,19,3,2,8,2,42,1,5,0,1,0,0,0,0,0,0,1,0,0,0,0,0,0,1,1,0,0,0,0,4
32,"SATU MARE","ŞCOALA GIMNAZIALĂ DR. STEFAN VONHÁZ",258,PETREŞTI,138501,1,PROV,PRCNCT,CD,CD_SV,"2021-01-21 12:30:02",1322,1303,19,0,270,251,19,0,1400,1130,256,11,3,5,2,3,12,189,16,0,2,0,1,0,0,0,0,0,0,0,0,0,1,0,0,1,0,0,21,0,2,0,1
32,"SATU MARE","SCOALA GIMNAZIALA DR. STEFAN VONHAZ PETRESTI",259,PETREŞTI,138501,1,PROV,PRCNCT,CD,CD_SV,"2021-01-21 12:30:02",336,324,12,0,71,59,12,0,400,329,62,6,3,3,3,1,3,37,5,0,7,0,0,0,0,0,0,0,0,0,0,0,1,0,0,0,0,0,2,0,0,0,0
32,"SATU MARE","SCOALA CU CLS. I-VIII PIR",260,PIR,138538,1,PROV,PRCNCT,CD,CD_SV,"2021-01-21 12:30:02",1151,1132,19,0,292,273,19,0,1200,908,267,22,3,26,7,1,8,176,28,0,6,3,2,2,0,0,0,0,0,4,0,0,0,0,0,0,0,0,1,0,3,0,0
32,"SATU MARE","SCOALA PRIMARA",261,PIR,138538,1,PROV,PRCNCT,CD,CD_SV,"2021-01-21 12:30:02",117,107,10,0,32,22,10,0,200,168,30,2,0,10,3,3,1,3,2,1,5,0,0,1,0,1,0,0,0,0,0,0,0,0,0,0,0,0,0,0,0,0,0
32,"SATU MARE","PRIMARIA COMUNEI PISCOLT",262,PIŞCOLT,138574,1,PROV,PRCNCT,CD,CD_SV,"2021-01-21 12:30:02",920,904,16,0,220,204,16,0,1000,780,209,8,3,32,8,2,4,39,94,0,16,0,1,1,0,0,1,0,0,4,0,0,0,0,0,0,1,0,0,0,0,0,6
32,"SATU MARE","PRIMARIA COMUNEI PISCOLT",263,PIŞCOLT,138574,1,PROV,PRCNCT,CD,CD_SV,"2021-01-21 12:30:02",895,883,12,0,287,275,12,0,1000,713,258,25,4,45,8,5,4,111,46,0,21,0,0,2,0,0,0,1,0,9,0,0,0,0,0,1,0,0,1,0,4,0,0
32,"SATU MARE","ȘCOALA GIMNAZIALĂ PIȘCOLT",264,PIŞCOLT,138574,1,PROV,PRCNCT,CD,CD_SV,"2021-01-21 12:30:02",368,350,18,0,113,95,18,0,400,287,108,4,1,18,23,6,5,11,29,0,13,0,0,0,0,0,0,0,0,2,0,0,0,0,0,0,0,0,0,0,0,0,1
32,"SATU MARE","ȘCOALA GIMNAZIALĂ PIȘCOLT",265,PIŞCOLT,138574,1,PROV,PRCNCT,CD,CD_SV,"2021-01-21 12:30:02",351,321,30,0,126,96,30,0,400,274,123,2,1,24,6,2,19,2,40,1,15,0,4,1,0,0,0,0,0,0,0,0,0,0,0,0,0,0,1,1,0,0,7
32,"SATU MARE","CAMIN CULTURAL",266,POMI,138618,1,PROV,PRCNCT,CD,CD_SV,"2021-01-21 12:30:02",94,58,36,0,54,18,36,0,100,46,52,1,1,10,26,2,4,1,4,0,4,0,1,0,0,0,0,0,0,0,0,0,0,0,0,0,0,0,0,0,0,0,0
32,"SATU MARE","CAMIN CULTURAL",267,POMI,138618,1,PROV,PRCNCT,CD,CD_SV,"2021-01-21 12:30:02",129,103,22,4,79,53,22,4,200,121,76,3,0,19,37,4,7,1,3,0,2,0,1,0,0,0,0,0,0,1,0,0,0,0,0,0,0,1,0,0,0,0,0
32,"SATU MARE","CĂMIN CULTURAL BORLEŞTI",268,POMI,138618,1,PROV,PRCNCT,CD,CD_SV,"2021-01-21 12:30:02",638,598,40,0,209,169,40,0,700,491,207,1,1,16,106,5,9,1,40,2,23,1,1,2,0,0,0,0,0,0,0,0,0,0,0,0,0,0,0,0,0,1,0
32,"SATU MARE","CĂMIN CULTURAL POMI",269,POMI,138618,2,PART,PRCNCT,CD,CD_SV,"2021-01-21 12:30:02",769,738,23,8,271,240,23,8,800,529,265,4,2,56,85,21,13,2,70,3,13,0,0,0,0,0,0,0,0,0,0,0,0,0,0,0,0,0,0,0,0,0,2
32,"SATU MARE","ŞCOALA GIMNAZIALĂ PORUMBEŞTI",270,PORUMBEŞTI,180028,1,PROV,PRCNCT,CD,CD_SV,"2021-01-21 12:30:02",1249,1215,17,17,446,412,17,17,1300,854,435,8,3,6,5,1,4,389,8,0,9,1,1,0,1,0,1,1,0,1,0,0,1,0,0,1,0,0,0,0,4,1,0
32,"SATU MARE","ŞCOALA GIMNAZIALĂ CIDREAG",271,PORUMBEŞTI,180028,1,PROV,PRCNCT,CD,CD_SV,"2021-01-21 12:30:02",869,851,18,0,250,232,18,0,900,650,240,8,2,7,1,3,0,208,6,0,1,5,0,1,0,0,0,0,0,4,0,0,0,0,0,0,0,0,0,0,2,0,2
32,"SATU MARE","ȘCOALA GENERALĂ",272,RACŞA,180091,1,PROV,PRCNCT,CD,CD_SV,"2021-01-21 12:30:02",1183,1143,14,26,349,309,14,26,1200,851,340,1,8,46,3,38,13,2,219,1,6,0,2,4,1,0,0,0,0,0,0,1,0,0,0,0,1,0,0,1,1,0,1
32,"SATU MARE","ȘCOALA GIMNAZIALĂ",273,RACŞA,180091,1,PROV,PRCNCT,CD,CD_SV,"2021-01-21 12:30:02",1141,1075,39,27,404,338,39,27,1100,696,394,5,5,42,3,51,8,3,257,2,20,0,2,2,2,0,0,0,0,1,0,0,0,0,0,0,1,0,0,0,0,0,0
32,"SATU MARE","ŞCOALA PRIMARĂ",274,RACŞA,180091,1,PROV,PRCNCT,CD,CD_SV,"2021-01-21 12:30:02",226,220,5,1,86,80,5,1,300,214,81,4,1,28,0,9,2,4,20,2,7,0,0,6,0,0,0,0,0,1,0,0,0,0,0,0,0,0,0,0,0,0,2
32,"SATU MARE","GRĂDINIŢA SANISLĂU",275,SANISLĂU,138663,1,PROV,PRCNCT,CD,CD_SV,"2021-01-21 12:30:02",1380,1358,21,1,312,290,21,1,1500,1188,298,13,1,40,3,2,12,206,10,0,13,0,0,0,0,0,0,0,0,0,0,0,0,0,0,0,0,0,9,0,2,1,0
32,"SATU MARE","ŞCOALA CU CL. I-VIII GH. BULGĂR-SANISLĂU",276,SANISLĂU,138663,1,PROV,PRCNCT,CD,CD_SV,"2021-01-21 12:30:02",1258,1238,20,0,340,320,20,0,1400,1060,322,16,2,71,27,4,20,109,38,1,31,2,2,0,0,0,1,0,0,1,0,0,0,0,0,0,0,0,6,1,2,0,6
32,"SATU MARE","CĂMIN CULTURAL SAT HOREA",277,SANISLĂU,138663,1,PROV,PRCNCT,CD,CD_SV,"2021-01-21 12:30:02",137,116,21,0,59,38,21,0,200,141,57,2,0,6,2,1,6,2,18,3,11,0,2,1,0,0,0,0,0,0,0,0,0,0,0,0,0,0,4,0,0,0,1
32,"SATU MARE","CĂMIN CULTURAL SAT MARNA NOUĂ",278,SANISLĂU,138663,1,PROV,PRCNCT,CD,CD_SV,"2021-01-21 12:30:02",292,282,10,0,84,74,10,0,300,216,81,2,1,18,8,5,3,0,8,0,29,0,0,0,0,0,0,0,0,0,0,0,0,0,0,0,0,0,3,0,1,0,6
32,"SATU MARE","SCOALA GIMNAZIALA SANTAU",279,SANTĂU,138734,1,PROV,PRCNCT,CD,CD_SV,"2021-01-21 12:30:02",1409,1391,18,0,447,429,18,0,1500,1053,439,4,4,31,15,11,14,76,241,0,27,1,3,3,0,0,0,0,0,5,0,1,1,1,1,0,1,0,0,0,1,1,5
32,"SATU MARE","SC. PRIM. CHEREUŞA",280,SANTĂU,138734,1,PROV,PRCNCT,CD,CD_SV,"2021-01-21 12:30:02",487,462,25,0,207,182,25,0,500,293,196,5,6,12,4,1,3,20,139,1,8,0,1,1,0,0,0,0,1,1,0,0,1,1,0,0,0,1,0,0,0,0,1
32,"SATU MARE","GRĂDINIŢA SUDURĂU",281,SANTĂU,138734,1,PROV,PRCNCT,CD,CD_SV,"2021-01-21 12:30:02",154,144,10,0,70,60,10,0,200,130,69,1,0,3,1,2,1,11,45,0,5,0,0,0,0,0,0,0,0,1,0,0,0,0,0,0,0,0,0,0,0,0,0
32,"SATU MARE","PRIMARIA SACASENI",282,SĂCĂŞENI,138770,1,PROV,PRCNCT,CD,CD_SV,"2021-01-21 12:30:02",853,813,17,23,240,200,17,23,1000,760,227,5,8,22,12,3,5,134,19,1,19,2,1,2,0,0,0,5,0,0,0,0,0,1,0,1,0,0,0,0,0,0,0
32,"SATU MARE","CAMIN CULTURAL CHEGEA",283,SĂCĂŞENI,138770,1,PROV,PRCNCT,CD,CD_SV,"2021-01-21 12:30:02",150,129,21,0,51,30,21,0,200,149,51,0,0,7,6,1,7,4,13,0,4,1,0,2,0,0,0,0,0,1,0,0,0,0,0,0,0,0,0,2,0,1,2
32,"SATU MARE","SCOALA CU CLASELE I-VIII SAUCA",284,SĂUCA,138805,1,PROV,PRCNCT,CD,CD_SV,"2021-01-21 12:30:02",352,325,27,0,119,92,27,0,400,281,114,2,3,31,5,18,8,3,29,0,7,1,1,1,0,0,0,0,0,3,0,0,0,0,0,0,0,0,0,0,0,0,7
32,"SATU MARE","SCALA CU CLS.I-VIII BECHENI",285,SĂUCA,138805,1,PROV,PRCNCT,CD,CD_SV,"2021-01-21 12:30:02",435,422,13,0,168,155,13,0,500,332,144,20,4,19,7,40,1,42,27,0,3,0,0,0,1,0,0,1,0,0,1,0,0,0,0,0,0,1,0,0,0,0,1
32,"SATU MARE","SCOALA CU CLS.I-IV CEAN",286,SĂUCA,138805,1,PROV,PRCNCT,CD,CD_SV,"2021-01-21 12:30:02",243,223,20,0,87,67,20,0,300,213,83,2,2,28,5,9,2,9,15,0,7,1,1,1,0,0,0,0,0,1,0,0,0,0,0,0,0,0,0,0,0,1,3
32,"SATU MARE","SCOALA SILVAS",287,SĂUCA,138805,1,PROV,PRCNCT,CD,CD_SV,"2021-01-21 12:30:02",138,124,14,0,46,32,14,0,200,154,44,1,1,11,3,2,6,1,15,1,0,1,0,1,0,0,0,0,0,2,0,0,0,0,0,0,0,1,0,0,0,0,0
32,"SATU MARE","SCOALA GIMNAZIALA SOCOND",288,SOCOND,138869,1,PROV,PRCNCT,CD,CD_SV,"2021-01-21 12:30:02",543,525,14,4,224,206,14,4,600,376,219,5,0,16,7,9,6,2,129,0,46,0,0,1,0,0,0,0,0,0,0,0,0,0,0,0,0,0,0,0,0,0,3
32,"SATU MARE","CAMINUL CULTURAL CUTA",289,SOCOND,138869,1,PROV,PRCNCT,CD,CD_SV,"2021-01-21 12:30:02",285,262,16,7,111,89,16,6,400,289,107,2,2,18,3,2,6,1,64,2,3,0,0,3,1,0,0,0,0,0,0,0,0,0,0,0,0,0,0,0,0,0,4
32,"SATU MARE","CAMIN CULTURAL SOCONZEL",290,SOCOND,138869,2,PART,PRCNCT,CD,CD_SV,"2021-01-21 12:30:02",266,231,24,11,146,111,24,11,300,154,145,0,1,9,3,4,5,2,109,0,8,2,0,1,0,0,0,0,0,0,0,0,0,0,0,0,0,0,0,0,0,0,2
32,"SATU MARE","CAMINUL CULTURAL HODISA",291,SOCOND,138869,1,PROV,PRCNCT,CD,CD_SV,"2021-01-21 12:30:02",196,175,17,4,94,73,17,4,200,106,91,2,1,10,11,2,4,1,57,0,1,1,0,0,0,0,0,0,0,0,0,0,0,0,0,0,0,2,1,0,0,0,1
32,"SATU MARE","SCOALA GIMNAZIALA STANA",292,SOCOND,138869,1,PROV,PRCNCT,CD,CD_SV,"2021-01-21 12:30:02",800,790,10,0,438,428,10,0,900,462,417,13,8,217,90,8,0,3,76,1,14,0,5,1,0,0,0,0,0,1,0,0,0,1,0,0,0,0,0,0,0,0,0
32,"SATU MARE","PRIMARIA COMUNEI SUPUR",293,SUPUR,138921,1,PROV,PRCNCT,CD,CD_SV,"2021-01-21 12:30:02",1043,1003,40,0,332,292,40,0,1100,768,322,9,1,47,12,3,11,20,190,1,21,3,7,1,0,0,0,0,0,1,0,0,0,0,0,0,0,0,0,0,0,1,4
32,"SATU MARE","ȘCOALA GIMNAZIALĂ DOBRA",294,SUPUR,138921,1,PROV,PRCNCT,CD,CD_SV,"2021-01-21 12:30:02",785,754,31,0,317,286,31,0,800,483,304,7,6,8,2,1,3,281,6,1,1,1,0,0,0,0,0,0,0,0,0,0,0,0,0,0,0,0,0,0,0,0,0
32,"SATU MARE","ȘCOALA GIMNAZIALĂ GIOROCUTA",295,SUPUR,138921,1,PROV,PRCNCT,CD,CD_SV,"2021-01-21 12:30:02",620,592,28,0,244,216,28,0,700,456,242,1,1,103,13,6,4,1,72,2,36,0,1,1,0,0,0,0,0,0,0,0,0,1,0,0,0,0,0,0,0,0,2
32,"SATU MARE","ȘCOALA GIMNAZIALĂ ”MOISE SORA NOVAC” HUREZU MARE",296,SUPUR,138921,1,PROV,PRCNCT,CD,CD_SV,"2021-01-21 12:30:02",279,270,9,0,96,87,9,0,400,304,92,2,2,14,9,0,2,5,48,3,3,1,0,3,1,0,1,0,1,0,0,0,0,0,0,0,0,0,0,0,0,0,1
32,"SATU MARE","GRĂDINIȚĂ CU PROGRAM NORMAL",297,SUPUR,138921,1,PROV,PRCNCT,CD,CD_SV,"2021-01-21 12:30:02",170,156,14,0,75,61,14,0,200,125,73,0,2,8,18,2,2,1,37,0,3,0,1,0,0,0,0,0,0,0,0,0,0,0,0,0,0,0,0,0,0,0,1
32,"SATU MARE","CĂMIN CULTURAL SECHEREȘA",298,SUPUR,138921,1,PROV,PRCNCT,CD,CD_SV,"2021-01-21 12:30:02",69,54,15,0,33,18,15,0,100,67,32,0,1,4,1,1,2,16,3,1,1,1,0,1,0,0,0,0,0,0,0,0,0,0,0,0,0,0,0,0,0,0,1
32,"SATU MARE","ȘCOALA PRIMARĂ ” IOAN GALU” SUPURU DE SUS",299,SUPUR,138921,2,PART,PRCNCT,CD,CD_SV,"2021-01-21 12:30:02",444,400,42,2,158,114,42,2,500,342,153,3,2,53,11,0,21,1,43,0,18,3,0,1,1,0,0,0,0,0,0,0,0,0,0,0,0,0,0,0,0,0,1
32,"SATU MARE","PRIMARIA TARNA MARE",300,"TARNA MARE",139009,1,PROV,PRCNCT,CD,CD_SV,"2021-01-21 12:30:02",1692,1668,19,5,434,410,19,5,1800,1366,409,14,11,77,24,7,11,22,176,0,60,2,1,2,1,0,0,2,0,0,0,1,1,0,1,1,1,13,1,1,0,0,4
32,"SATU MARE","CĂMINUL CULTURAL BOCICĂU",301,"TARNA MARE",139009,1,PROV,PRCNCT,CD,CD_SV,"2021-01-21 12:30:02",500,484,11,5,146,130,11,5,601,455,127,8,11,30,12,4,3,3,60,0,7,0,0,2,0,0,0,0,0,0,1,0,1,0,0,0,0,1,0,0,1,0,2
32,"SATU MARE","ȘCOALA GIMNAZIALĂ VALEA SEACĂ",302,"TARNA MARE",139009,1,PROV,PRCNCT,CD,CD_SV,"2021-01-21 12:30:02",956,941,13,2,159,144,13,2,1000,841,153,4,2,25,12,10,6,2,58,1,29,2,2,1,0,0,0,0,1,0,0,0,0,0,1,0,0,1,0,0,1,0,1
32,"SATU MARE","SCOALA GIMNAZIALA TARSOLT",303,TÂRŞOLŢ,139143,1,PROV,PRCNCT,CD,CD_SV,"2021-01-21 12:30:02",1337,1333,4,0,175,171,4,0,1400,1225,168,4,3,11,5,21,4,0,104,1,15,0,2,1,4,0,0,0,0,0,0,0,0,0,0,0,0,0,0,0,0,0,0
32,"SATU MARE","SCOALA GIMNAZIALA TARSOLT",304,TÂRŞOLŢ,139143,2,PART,PRCNCT,CD,CD_SV,"2021-01-21 12:30:02",839,831,8,0,123,115,8,0,900,777,119,2,2,16,9,18,15,0,53,0,2,0,1,1,2,0,0,0,0,0,0,0,0,0,0,2,0,0,0,0,0,0,0
32,"SATU MARE","SCOALA GIMNAZIALA ALICENI",305,TÂRŞOLŢ,139143,1,PROV,PRCNCT,CD,CD_SV,"2021-01-21 12:30:02",354,345,9,0,77,68,9,0,500,423,75,1,1,6,1,34,3,1,25,2,0,0,0,3,0,0,0,0,0,0,0,0,0,0,0,0,0,0,0,0,0,0,0
32,"SATU MARE","PRIMARIA TEREBESTI",306,TEREBEŞTI,139054,1,PROV,PRCNCT,CD,CD_SV,"2021-01-21 12:30:02",683,650,14,19,235,202,14,19,700,465,221,11,3,95,0,4,6,9,55,2,9,0,0,1,0,0,0,1,0,0,0,0,0,0,0,0,1,25,1,1,0,0,11
32,"SATU MARE","CENTRU DE ZI INGRIJIRE BATRANI",307,TEREBEŞTI,139054,1,PROV,PRCNCT,CD,CD_SV,"2021-01-21 12:30:02",454,419,20,15,210,175,20,15,500,290,206,3,1,94,16,12,11,3,37,0,13,0,2,0,0,1,0,0,1,0,0,0,0,0,0,0,0,9,1,1,0,0,5
32,"SATU MARE","SCOALA PRIMARA PISCARI",308,TEREBEŞTI,139054,1,PROV,PRCNCT,CD,CD_SV,"2021-01-21 12:30:02",405,379,19,7,183,157,19,7,400,217,169,10,4,115,11,7,3,3,15,1,10,0,0,0,0,0,0,1,0,0,0,0,0,0,0,0,0,3,0,0,0,0,0
32,"SATU MARE","GRADINITA CU PROGRAM NORMAL",309,TIREAM,139107,1,PROV,PRCNCT,CD,CD_SV,"2021-01-21 12:30:02",163,146,17,0,59,42,17,0,200,141,58,1,0,25,3,2,1,7,11,0,4,0,0,0,0,0,0,1,0,0,0,0,0,0,0,0,0,0,1,0,1,0,2
32,"SATU MARE","PRIMARIA COMUNEI TIREAM",310,TIREAM,139107,1,PROV,PRCNCT,CD,CD_SV,"2021-01-21 12:30:02",1406,1386,19,1,286,266,19,1,1500,1214,272,10,4,35,11,8,9,157,15,0,17,1,1,0,0,0,0,0,0,8,0,0,0,0,0,0,0,1,6,0,0,0,3
32,"SATU MARE","SCOALA PRIMARA VEZENDIU",311,TIREAM,139107,1,PROV,PRCNCT,CD,CD_SV,"2021-01-21 12:30:02",389,368,21,0,117,96,21,0,500,383,114,2,1,29,9,6,7,25,24,0,7,0,3,0,0,0,0,1,0,0,0,0,0,1,0,0,0,0,1,0,0,0,1
32,"SATU MARE","LICEUL TEHNOLOGIC ANGHEL SALIGNY TURT, CORPUL A",312,TURŢ,139170,1,PROV,PRCNCT,CD,CD_SV,"2021-01-21 12:30:02",1505,1491,11,3,357,343,11,3,1600,1243,346,8,3,98,22,2,49,4,121,2,28,1,3,2,1,0,0,0,0,0,0,0,0,0,0,0,0,0,0,0,1,0,12
32,"SATU MARE","LICEUL TEHNOLOGIC ANGHEL SALIGNY TURT, CORPUL B",313,TURŢ,139170,1,PROV,PRCNCT,CD,CD_SV,"2021-01-21 12:30:02",1276,1266,10,0,236,226,10,0,1400,1164,226,6,4,42,9,10,20,2,98,2,26,3,2,4,3,0,0,0,0,0,1,0,1,0,0,0,0,0,0,0,1,1,1
32,"SATU MARE","SCOALA CU CLASELE I-VIII NR. 2",314,TURŢ,139170,2,PART,PRCNCT,CD,CD_SV,"2021-01-21 12:30:02",1430,1418,12,0,331,319,12,0,1500,1169,314,12,5,45,8,5,32,0,164,3,35,1,2,4,4,0,1,0,0,0,1,1,0,0,0,1,1,0,0,0,0,1,5
32,"SATU MARE","GRADINITA CU PROGRAM NORMAL SUSANI",315,TURŢ,139170,1,PROV,PRCNCT,CD,CD_SV,"2021-01-21 12:30:02",922,912,10,0,212,202,10,0,1000,788,205,4,3,50,5,2,22,2,104,0,6,2,4,2,1,0,2,0,0,0,1,0,0,1,0,0,0,0,0,0,0,0,1
32,"SATU MARE","ȘCOALA GIMNAZIALĂ GHERȚA MARE, CORP A",316,TURŢ,139170,1,PROV,PRCNCT,CD,CD_SV,"2021-01-21 12:30:02",1352,1343,9,0,297,288,9,0,1500,1203,278,15,4,38,35,6,31,2,115,2,36,0,0,5,0,1,1,0,1,0,0,0,1,0,0,0,0,0,0,0,0,0,4
32,"SATU MARE",PRIMĂRIA,317,TURULUNG,139214,1,PROV,PRCNCT,CD,CD_SV,"2021-01-21 12:30:02",913,897,16,0,265,249,16,0,1000,735,261,2,2,4,1,0,1,235,0,0,1,0,0,0,0,0,0,0,0,0,0,0,0,0,0,0,0,0,16,0,3,0,0
32,"SATU MARE","SCOALA GIMNAZIALA TURULUNG",318,TURULUNG,139214,2,PART,PRCNCT,CD,CD_SV,"2021-01-21 12:30:02",1240,1223,17,0,346,329,17,0,1300,954,329,4,13,36,2,1,2,253,3,0,10,0,0,0,0,0,0,1,1,2,0,0,0,0,0,0,0,0,16,0,1,0,1
32,"SATU MARE","SCOALA GIMNAZIALA DRAGUSENI",319,TURULUNG,139214,1,PROV,PRCNCT,CD,CD_SV,"2021-01-21 12:30:02",1155,1133,16,6,204,182,16,6,1200,996,202,1,1,78,19,11,12,2,32,1,29,0,2,3,1,0,0,0,0,0,0,0,0,0,0,0,0,0,1,0,0,0,11
32,"SATU MARE",GRADINITA,320,TURULUNG,139214,2,PART,PRCNCT,CD,CD_SV,"2021-01-21 12:30:02",179,162,17,0,68,51,17,0,300,232,67,1,0,3,1,1,1,46,2,0,2,0,0,0,0,0,0,0,0,0,0,0,0,0,0,0,0,0,8,0,2,0,1
32,"SATU MARE","CAMIN CULTURAL URZICENI",321,URZICENI,139250,1,PROV,PRCNCT,CD,CD_SV,"2021-01-21 12:30:02",1117,1095,19,3,442,420,19,3,1200,758,434,6,2,10,3,1,7,391,8,0,3,0,1,0,1,1,1,0,0,0,0,0,0,0,0,0,0,0,7,0,0,0,0
32,"SATU MARE","CĂMIN CULTURAL URZICENI PĂDURE",322,URZICENI,139250,1,PROV,PRCNCT,CD,CD_SV,"2021-01-21 12:30:02",162,153,9,0,41,32,9,0,200,159,39,1,1,1,9,1,1,16,7,0,3,0,0,0,0,0,0,0,0,1,0,0,0,0,0,0,0,0,0,0,0,0,0
32,"SATU MARE","CAMINUL CULTURAL VALEA VINULUI",323,"VALEA VINULUI",139287,1,PROV,PRCNCT,CD,CD_SV,"2021-01-21 12:30:02",677,641,29,7,264,228,29,7,700,436,253,8,3,50,67,4,59,1,49,3,3,0,0,2,1,0,1,0,0,0,0,0,1,1,1,0,1,0,0,0,1,1,7
32,"SATU MARE","SCOALA CU CLASELE I-IV MARIUS",324,"VALEA VINULUI",139287,2,PART,PRCNCT,CD,CD_SV,"2021-01-21 12:30:02",216,190,19,7,92,66,19,7,200,108,89,2,1,30,8,2,5,1,31,0,3,1,0,1,0,0,2,0,0,0,0,0,0,0,0,0,0,0,0,0,2,0,3
32,"SATU MARE","SCOALA CU CLASELE I-IV ROSIORI",325,"VALEA VINULUI",139287,1,PROV,PRCNCT,CD,CD_SV,"2021-01-21 12:30:02",346,332,14,0,105,91,14,0,400,295,98,2,5,27,15,7,8,2,23,1,5,1,3,3,1,0,0,0,0,0,0,0,1,0,0,0,0,0,0,0,0,0,1
32,"SATU MARE","SCOALA CU CLASELE I-IV SII",326,"VALEA VINULUI",139287,2,PART,PRCNCT,CD,CD_SV,"2021-01-21 12:30:02",458,441,17,0,103,86,17,0,500,397,97,5,1,49,4,7,9,2,17,0,2,3,1,0,0,0,0,0,0,0,0,0,0,0,0,0,0,0,0,0,1,0,2
32,"SATU MARE","ȘCOALA GIMNAZIALĂ VAMA",327,VAMA,139330,1,PROV,PRCNCT,CD,CD_SV,"2021-01-21 12:30:02",1780,1769,10,1,439,428,10,1,1900,1461,418,12,9,83,43,36,38,75,87,4,28,3,4,4,2,1,1,0,0,0,0,1,0,1,1,0,0,1,0,0,2,1,2
32,"SATU MARE","SCOALA GIMNAZIALA VAMA",328,VAMA,139330,1,PROV,PRCNCT,CD,CD_SV,"2021-01-21 12:30:02",1595,1580,13,2,396,381,13,2,1700,1304,387,7,2,36,6,13,28,184,68,2,46,1,1,0,0,0,0,0,1,0,0,0,0,0,0,0,0,0,0,0,1,0,0
32,"SATU MARE","PRIMĂRIA COMUNEI VETIŞ",329,VETIŞ,139358,1,PROV,PRCNCT,CD,CD_SV,"2021-01-21 12:30:02",2008,1980,28,0,421,393,28,0,2200,1779,407,11,3,31,11,3,54,142,95,0,30,1,0,3,0,0,0,0,0,0,0,0,0,0,0,0,0,7,1,0,0,0,29
32,"SATU MARE","CAMINUL CULTURAL DIN DECEBAL",330,VETIŞ,139358,1,PROV,PRCNCT,CD,CD_SV,"2021-01-21 12:30:02",1157,1134,23,0,285,262,23,0,1200,915,279,6,0,54,15,5,43,2,104,3,0,1,1,2,2,0,0,0,0,0,0,0,0,0,0,0,24,4,0,0,1,1,17
32,"SATU MARE","CĂMINUL CULTURAL OAR",331,VETIŞ,139358,1,PROV,PRCNCT,CD,CD_SV,"2021-01-21 12:30:02",1367,1348,19,0,274,255,19,0,1400,1126,269,2,3,8,2,1,9,222,17,2,4,0,0,0,0,0,0,1,0,0,0,0,0,0,0,0,0,0,0,0,0,0,3
32,"SATU MARE","PRIMĂRIA VIILE SATU MARE",332,"VIILE SATU MARE",139394,1,PROV,PRCNCT,CD,CD_SV,"2021-01-21 12:30:02",989,927,32,30,398,336,32,30,1000,602,389,6,3,11,7,4,16,303,24,0,6,1,1,0,0,0,0,0,0,1,0,0,0,0,0,1,1,0,1,0,1,0,11
32,"SATU MARE","ŞCOALA PRIMARĂ DEALU MARE",333,"VIILE SATU MARE",139394,1,PROV,PRCNCT,CD,CD_SV,"2021-01-21 12:30:02",558,526,28,4,195,163,28,4,600,405,189,5,1,52,4,2,11,62,24,0,22,1,1,0,0,0,0,0,0,0,0,0,0,0,0,0,0,0,2,0,0,0,8
32,"SATU MARE","GRADINITA CIONCHEŞTI",334,"VIILE SATU MARE",139394,1,PROV,PRCNCT,CD,CD_SV,"2021-01-21 12:30:02",273,257,16,0,105,89,16,0,200,95,105,0,0,6,17,4,15,7,39,0,5,0,2,0,0,0,0,0,0,0,0,0,0,0,0,0,0,0,0,0,0,0,10
32,"SATU MARE","ŞCOALA PRIMARĂ MEDIŞA",335,"VIILE SATU MARE",139394,1,PROV,PRCNCT,CD,CD_SV,"2021-01-21 12:30:02",187,170,17,0,55,38,17,0,200,145,52,2,1,11,15,3,3,2,7,0,0,1,1,2,0,0,0,0,0,0,0,0,0,0,0,0,0,0,0,0,1,0,6
32,"SATU MARE","ŞCOALA PRIMARĂ TĂTĂREŞTI",336,"VIILE SATU MARE",139394,1,PROV,PRCNCT,CD,CD_SV,"2021-01-21 12:30:02",567,540,22,5,156,129,22,5,600,444,145,9,2,40,37,3,6,8,16,1,21,0,2,5,0,0,0,0,0,0,1,0,0,0,0,0,0,0,0,0,0,0,5
32,"SATU MARE","ȘCOALA LIPA",337,"VIILE SATU MARE",139394,1,PROV,PRCNCT,CD,CD_SV,"2021-01-21 12:30:02",700,628,42,30,344,272,42,30,800,456,340,2,2,19,5,4,21,264,18,0,4,2,0,0,0,0,0,0,0,0,0,0,0,0,0,0,0,0,0,0,1,0,2
