precinct_county_nce,precinct_county_name,precinct_name,precinct_nr,uat_name,uat_siruta,report_version,report_stage_code,report_type_scope_code,report_type_category_code,report_type_code,created_at,a,a1,a2,a3,b,b1,b2,b3,c,d,e,f,g,"PARTIDUL SOCIAL DEMOCRAT-voturi","UNIUNEA DEMOCRATĂ MAGHIARĂ DIN ROMÂNIA-voturi","ALIANȚA USR PLUS-voturi","PARTIDUL NAȚIONAL LIBERAL-voturi","PARTIDUL MIȘCAREA POPULARĂ-voturi","PARTIDUL PRO ROMÂNIA-voturi","ALIANȚA PENTRU UNIREA ROMÂNILOR-voturi","PARTIDUL ECOLOGIST ROMÂN-voturi","PARTIDUL PUTERII UMANISTE (SOCIAL-LIBERAL)-voturi","UNIUNEA UCRAINENILOR DIN ROMÂNIA-voturi","UNIUNEA SÂRBILOR DIN ROMÂNIA-voturi","UNIUNEA BULGARĂ DIN BANAT-ROMÂNIA-voturi","ASOCIAȚIA MACEDONENILOR DIN ROMÂNIA-voturi","FEDERAȚIA COMUNITĂȚILOR EVREIEȘTI DIN ROMÂNIA-voturi","UNIUNEA DEMOCRATICĂ A SLOVACILOR ȘI CEHILOR DIN ROMÂNIA-voturi","UNIUNEA DEMOCRATĂ TURCĂ DIN ROMÂNIA-voturi","ASOCIAȚIA ITALIENILOR DIN ROMÂNIA – RO.AS.IT.-voturi","UNIUNEA POLONEZILOR DIN ROMÂNIA-voturi","FORUMUL DEMOCRAT AL GERMANILOR DIN ROMÂNIA-voturi","UNIUNEA ARMENILOR DIN ROMÂNIA-voturi","UNIUNEA ELENĂ DIN ROMÂNIA-voturi","ASOCIAȚIA PARTIDA ROMILOR “PRO-EUROPA”-voturi","ASOCIAȚIA LIGA ALBANEZILOR DIN ROMÂNIA-voturi","UNIUNEA CROAȚILOR DIN ROMÂNIA-voturi","UNIUNEA CULTURALĂ A RUTENILOR DIN ROMÂNIA-voturi","COMUNITATEA RUȘILOR LIPOVENI DIN ROMÂNIA-voturi"
41,VRANCEA,"DIRECTIA SILVICĂ VRANCEA",1,"MUNICIPIUL FOCŞANI",174744,1,PROV,PRCNCT,CD,CD_SV,"2021-01-21 12:30:02",1439,1382,57,0,542,485,57,0,1520,978,536,6,0,178,0,81,159,24,25,42,14,12,0,0,0,1,0,0,0,0,0,0,0,0,0,0,0,0,0
41,VRANCEA,"TEATRUL MUNICIPAL „MAIOR GHEORGHE PASTIA” FOCŞANI",2,"MUNICIPIUL FOCŞANI",174744,2,PART,PRCNCT,CD,CD_SV,"2021-01-21 12:30:02",1599,1546,50,3,617,564,50,3,1700,1083,612,5,0,152,0,92,234,44,26,48,8,5,0,0,0,1,1,0,0,0,0,0,1,0,0,0,0,0,0
41,VRANCEA,"ATENEUL POPULAR „MAIOR GHEORGHE PASTIA” FOCȘANI",3,"MUNICIPIUL FOCŞANI",174744,1,PROV,PRCNCT,CD,CD_SV,"2021-01-21 12:30:02",1480,1441,39,0,569,530,39,0,1556,987,551,9,9,174,1,85,174,36,21,46,10,2,0,0,0,0,0,0,0,0,0,0,0,1,1,0,0,0,0
41,VRANCEA,"ȘCOALA GIMNAZIALĂ „ȘTEFAN CEL MARE” FOCȘANI",4,"MUNICIPIUL FOCŞANI",174744,1,PROV,PRCNCT,CD,CD_SV,"2021-01-21 12:30:02",1337,1308,29,0,429,400,29,0,1440,1011,425,4,0,91,0,68,175,30,11,38,6,5,0,0,0,0,0,0,0,0,0,0,0,0,0,0,1,0,0
41,VRANCEA,"ŞCOALA GIMNAZIALĂ ”ŞTEFAN CEL MARE” - INTRAREA PRINCIPALĂ",5,"MUNICIPIUL FOCŞANI",174744,1,PROV,PRCNCT,CD,CD_SV,"2021-01-21 12:30:02",1137,1115,22,0,382,360,22,0,1229,847,376,5,1,112,0,60,122,14,17,36,6,6,0,0,0,1,0,0,2,0,0,0,0,0,0,0,0,0,0
41,VRANCEA,"ŞCOALA GIMNAZIALĂ ”ŞTEFAN CEL MARE” - INTRAREA ELEVILOR",6,"MUNICIPIUL FOCŞANI",174744,1,PROV,PRCNCT,CD,CD_SV,"2021-01-21 12:30:02",1182,1165,17,0,403,386,17,0,1290,887,398,5,0,126,1,63,119,21,17,35,9,4,0,0,0,0,0,0,0,0,0,0,0,1,0,1,1,0,0
41,VRANCEA,"ŞCOALA GIMNAZIALĂ ”ŞTEFAN CEL MARE” - INTRAREA SECUNDARA",7,"MUNICIPIUL FOCŞANI",174744,1,PROV,PRCNCT,CD,CD_SV,"2021-01-21 12:30:02",875,821,53,1,354,300,53,1,900,546,350,4,0,102,1,52,106,17,20,38,8,3,0,0,0,1,0,1,0,0,0,0,0,0,1,0,0,0,0
41,VRANCEA,"COLEGIUL TEHNIC AUTO „TRAIAN VUIA”",8,"MUNICIPIUL FOCŞANI",174744,1,PROV,PRCNCT,CD,CD_SV,"2021-01-21 12:30:02",649,628,21,0,276,255,21,0,690,414,273,3,0,62,1,23,124,14,13,25,3,4,0,0,0,2,0,0,0,1,0,0,1,0,0,0,0,0,0
41,VRANCEA,"COLEGIUL TEHNIC AUTO „TRAIAN VUIA”",9,"MUNICIPIUL FOCŞANI",174744,1,PROV,PRCNCT,CD,CD_SV,"2021-01-21 12:30:02",1026,1004,22,0,369,347,22,0,1100,731,359,8,2,97,0,44,132,11,36,31,3,2,0,0,1,0,1,0,0,0,0,0,0,0,1,0,0,0,0
41,VRANCEA,"ȘCOALA GIMNAZIALĂ „ADRIAN PĂUNESCU” FOCȘANI",10,"MUNICIPIUL FOCŞANI",174744,2,PART,PRCNCT,CD,CD_SV,"2021-01-21 12:30:02",1692,1660,25,7,519,487,25,7,1840,1321,511,8,0,126,0,81,198,15,22,49,9,9,0,1,0,1,0,0,0,0,0,0,0,0,0,0,0,0,0
41,VRANCEA,"ȘCOALA GIMNAZIALĂ „ADRIAN PĂUNESCU” FOCȘANI",11,"MUNICIPIUL FOCŞANI",174744,1,PROV,PRCNCT,CD,CD_SV,"2021-01-21 12:30:02",1715,1670,45,0,541,496,45,0,1840,1299,537,4,0,134,1,87,186,22,33,56,11,3,1,0,0,0,0,0,1,1,0,0,0,1,0,0,0,0,0
41,VRANCEA,"ȘCOALA GIMNAZIALĂ „ADRIAN PĂUNESCU” FOCȘANI",12,"MUNICIPIUL FOCŞANI",174744,1,PROV,PRCNCT,CD,CD_SV,"2021-01-21 12:30:02",1642,1617,23,2,419,394,23,2,1795,1376,410,8,1,130,1,63,125,13,13,42,11,8,0,0,0,1,0,0,1,0,0,0,0,0,1,0,0,0,1
41,VRANCEA,"ŞCOALA GIMNAZIALĂ „ADRIAN PĂUNESCU” FOCȘANI",13,"MUNICIPIUL FOCŞANI",174744,1,PROV,PRCNCT,CD,CD_SV,"2021-01-21 12:30:02",1266,1242,24,0,426,402,24,0,1370,944,413,12,1,161,1,53,94,14,21,57,9,1,0,0,1,0,1,0,0,0,0,0,0,0,0,0,0,0,0
41,VRANCEA,"GRĂDINIȚA CU PROGRAM PRELUNGIT NR. 15 FOCȘANI",14,"MUNICIPIUL FOCŞANI",174744,2,PART,PRCNCT,CD,CD_SV,"2021-01-21 12:30:02",1527,1508,19,0,488,469,19,0,1660,1172,478,9,1,168,0,65,141,21,18,47,6,10,0,0,0,0,0,0,0,0,0,0,0,0,1,0,0,1,0
41,VRANCEA,"GRĂDINIŢA CU PROGRAM PRELUNGIT NR. 15",15,"MUNICIPIUL FOCŞANI",174744,2,PART,PRCNCT,CD,CD_SV,"2021-01-21 12:30:02",954,930,22,2,319,295,22,2,1030,711,312,5,2,107,0,43,78,20,13,43,3,4,0,0,0,0,0,0,0,0,0,0,0,0,0,0,0,0,1
41,VRANCEA,"GRĂDINIŢA CU PROGRAM PRELUNGIT NR. 15",16,"MUNICIPIUL FOCŞANI",174744,2,PART,PRCNCT,CD,CD_SV,"2021-01-21 12:30:02",1809,1765,40,4,664,620,40,4,1950,1286,650,10,4,207,1,82,201,26,21,89,11,6,0,0,1,0,0,0,0,1,0,1,0,1,0,0,1,0,1
41,VRANCEA,"LICEUL TEHNOLOGIC ”G.G.LONGINESCU”",17,"MUNICIPIUL FOCŞANI",174744,2,PART,PRCNCT,CD,CD_SV,"2021-01-21 12:30:02",2054,1994,57,3,693,633,57,3,2181,1488,672,18,3,174,0,99,207,29,23,106,15,13,0,1,0,0,0,0,0,0,0,1,0,0,1,2,0,0,1
41,VRANCEA,"ȘCOALA GIMNAZIALĂ „ION BASGAN” FOCȘANI",18,"MUNICIPIUL FOCŞANI",174744,1,PROV,PRCNCT,CD,CD_SV,"2021-01-21 12:30:02",1738,1701,36,1,588,551,36,1,1880,1292,580,5,3,163,0,78,200,40,26,60,6,6,0,0,0,0,0,0,0,0,0,0,0,0,0,0,0,1,0
41,VRANCEA,"ȘCOALA GIMNAZIALĂ „ION BASGAN” FOCȘANI",19,"MUNICIPIUL FOCŞANI",174744,2,PART,PRCNCT,CD,CD_SV,"2021-01-21 12:30:02",1649,1601,37,11,601,553,37,11,1760,1159,592,8,1,144,0,103,205,32,31,62,10,1,0,0,2,0,0,0,0,0,0,0,0,0,2,0,0,0,0
41,VRANCEA,"COLEGIUL TEHNIC ”VALERIU D. COTEA”",20,"MUNICIPIUL FOCŞANI",174744,2,PART,PRCNCT,CD,CD_SV,"2021-01-21 12:30:02",1284,1180,37,67,514,410,37,67,1300,786,508,5,1,148,1,66,177,25,38,45,4,1,0,0,1,0,0,0,1,1,0,0,0,0,0,0,0,0,0
41,VRANCEA,"COLEGIUL NAŢIONAL ”AL. I. CUZA”",21,"MUNICIPIUL FOCŞANI",174744,1,PROV,PRCNCT,CD,CD_SV,"2021-01-21 12:30:02",889,864,25,0,339,314,25,0,950,611,332,6,1,71,0,62,136,16,11,26,7,2,0,0,0,0,0,0,0,0,0,0,0,1,0,0,0,0,0
41,VRANCEA,"COLEGIUL TEHNIC „GHEORGHE ASACHI” FOCȘANI",22,"MUNICIPIUL FOCŞANI",174744,3,PART,PRCNCT,CD,CD_SV,"2021-01-21 12:30:02",1351,1323,23,5,417,389,23,5,1460,1043,410,6,1,117,0,65,139,19,15,48,3,4,0,0,0,0,0,0,0,0,0,0,0,0,0,0,0,0,0
41,VRANCEA,"COLEGIUL TEHNIC „GHEORGHE ASACHI” FOCȘANI",23,"MUNICIPIUL FOCŞANI",174744,2,PART,PRCNCT,CD,CD_SV,"2021-01-21 12:30:02",1718,1693,25,0,497,472,25,0,1870,1373,483,14,0,154,1,57,146,26,25,59,8,4,0,1,0,0,0,0,0,0,0,1,0,0,0,0,0,0,1
41,VRANCEA,"CONSILIUL LOCAL AL MUNICIPIULUI FOCŞANI (FOST SEDIU AL ȘCOLII CU CLASELE I-IV MÎNDREȘTI)",24,"MUNICIPIUL FOCŞANI",174744,1,PROV,PRCNCT,CD,CD_SV,"2021-01-21 12:30:02",1495,1358,14,123,602,465,14,123,1490,888,578,21,3,249,0,47,148,22,16,74,10,7,0,0,0,0,1,1,0,0,0,0,1,0,0,2,0,0,0
41,VRANCEA,"COLEGIUL TEHNIC „ION MINCU” FOCȘANI",25,"MUNICIPIUL FOCŞANI",174744,1,PROV,PRCNCT,CD,CD_SV,"2021-01-21 12:30:02",1046,1032,14,0,299,285,14,0,1140,841,295,4,0,80,0,31,100,12,12,42,11,4,0,0,0,0,0,0,1,0,0,0,0,1,0,0,0,0,1
41,VRANCEA,"COLEGIUL TEHNIC „ION MINCU” FOCȘANI",26,"MUNICIPIUL FOCŞANI",174744,1,PROV,PRCNCT,CD,CD_SV,"2021-01-21 12:30:02",1011,983,28,0,351,323,28,0,1090,739,334,15,2,92,0,49,116,19,8,40,6,1,0,0,1,0,0,0,0,1,0,0,0,1,0,0,0,0,0
41,VRANCEA,"COLEGIUL TEHNIC „ION MINCU” FOCȘANI",27,"MUNICIPIUL FOCŞANI",174744,1,PROV,PRCNCT,CD,CD_SV,"2021-01-21 12:30:02",913,891,22,0,305,283,22,0,980,675,298,7,0,85,0,42,110,3,9,35,7,5,1,0,0,0,0,0,0,1,0,0,0,0,0,0,0,0,0
41,VRANCEA,"GRĂDINIŢA CU PROGRAM PRELUNGIT NR. 16",28,"MUNICIPIUL FOCŞANI",174744,1,PROV,PRCNCT,CD,CD_SV,"2021-01-21 12:30:02",1358,1325,33,0,406,373,33,0,1460,1054,397,7,2,105,1,69,137,12,18,40,7,4,0,0,1,2,0,0,0,0,0,1,0,0,0,0,0,0,0
41,VRANCEA,"GRĂDINIŢA CU PROGRAM PRELUNGIT NR. 16",29,"MUNICIPIUL FOCŞANI",174744,1,PROV,PRCNCT,CD,CD_SV,"2021-01-21 12:30:02",1680,1646,34,0,466,432,34,0,1803,1337,456,7,3,163,0,52,100,16,15,94,7,1,1,0,2,0,0,0,0,0,1,0,1,1,1,1,0,0,0
41,VRANCEA,"COLEGIUL NAŢIONAL ”UNIREA”",30,"MUNICIPIUL FOCŞANI",174744,2,PART,PRCNCT,CD,CD_SV,"2021-01-21 12:30:02",1183,1141,31,11,387,345,31,11,1260,873,383,4,0,126,1,53,124,18,18,28,8,3,0,0,1,2,0,0,0,0,0,1,0,0,0,0,0,0,0
41,VRANCEA,"ȘCOALA GIMANZIALĂ „OANA-DIANA RENEA” FOCȘANI",31,"MUNICIPIUL FOCŞANI",174744,2,PART,PRCNCT,CD,CD_SV,"2021-01-21 12:30:02",1227,1198,24,5,413,384,24,5,1330,917,408,5,0,118,0,51,131,16,16,52,10,12,0,0,0,0,0,0,0,0,0,0,1,0,0,0,0,1,0
41,VRANCEA,"ȘCOALA GIMANZIALĂ „OANA-DIANA RENEA” FOCȘANI",32,"MUNICIPIUL FOCŞANI",174744,1,PROV,PRCNCT,CD,CD_SV,"2021-01-21 12:30:02",726,703,21,2,239,216,21,2,780,541,234,4,1,84,0,35,68,6,7,29,3,0,0,0,0,1,0,0,0,0,0,1,0,0,0,0,0,0,0
41,VRANCEA,"AGENŢIA JUDEŢEANĂ PENTRU PLĂŢI ŞI INSPECŢIE SOCIALĂ",33,"MUNICIPIUL FOCŞANI",174744,2,PART,PRCNCT,CD,CD_SV,"2021-01-21 12:30:02",1474,1434,38,2,450,410,38,2,1580,1130,437,13,0,137,0,79,133,17,8,50,6,3,0,0,0,0,0,0,1,0,0,1,0,1,1,0,0,0,0
41,VRANCEA,"COLEGIUL TEHNIC ”EDMOND NICOLAU”",34,"MUNICIPIUL FOCŞANI",174744,1,PROV,PRCNCT,CD,CD_SV,"2021-01-21 12:30:02",1202,1177,25,0,389,364,25,0,1290,901,380,9,0,108,0,63,122,18,15,39,11,2,0,0,0,0,0,0,0,0,0,0,0,0,1,1,0,0,0
41,VRANCEA,"SALA SPORTURILOR",35,"MUNICIPIUL FOCŞANI",174744,2,PART,PRCNCT,CD,CD_SV,"2021-01-21 12:30:02",1208,1189,19,0,409,390,19,0,1320,911,402,7,0,146,0,50,113,24,10,40,11,4,0,0,1,1,0,0,1,0,0,1,0,0,0,0,0,0,0
41,VRANCEA,"INSPECTORATUL TERITORIAL DE MUNCĂ VRANCEA",36,"MUNICIPIUL FOCŞANI",174744,2,PART,PRCNCT,CD,CD_SV,"2021-01-21 12:30:02",1342,1312,29,1,497,467,29,1,1450,953,490,4,3,130,0,87,169,25,28,41,3,3,0,0,0,0,2,0,0,1,1,0,0,0,0,0,0,0,0
41,VRANCEA,"DIRECŢIA JUDEŢEANĂ A SPORTURILOR VRANCEA",37,"MUNICIPIUL FOCŞANI",174744,1,PROV,PRCNCT,CD,CD_SV,"2021-01-21 12:30:02",1454,1431,21,2,475,452,21,2,1580,1105,459,15,1,175,0,77,118,16,12,45,13,1,0,0,0,0,0,0,0,0,0,0,0,0,0,0,0,1,1
41,VRANCEA,"ȘCOALA GIMNAZIALĂ „DUILIU ZAMFIRESCU” FOCȘANI",38,"MUNICIPIUL FOCŞANI",174744,1,PROV,PRCNCT,CD,CD_SV,"2021-01-21 12:30:02",919,887,32,0,269,237,32,0,980,711,259,9,1,89,0,35,67,15,8,36,4,3,0,0,0,0,0,0,0,0,0,0,0,0,1,0,0,1,0
41,VRANCEA,"ȘCOALA GIMNAZIALĂ „DUILIU ZAMFIRESCU” FOCȘANI",39,"MUNICIPIUL FOCŞANI",174744,1,PROV,PRCNCT,CD,CD_SV,"2021-01-21 12:30:02",1420,1386,34,0,497,463,34,0,1520,1023,489,7,1,133,0,93,147,20,21,59,9,4,0,0,0,0,1,0,0,0,0,0,0,0,1,1,0,0,0
41,VRANCEA,"ȘCOALA GIMNAZIALĂ „DUILIU ZAMFIRESCU” FOCȘANI",40,"MUNICIPIUL FOCŞANI",174744,2,PART,PRCNCT,CD,CD_SV,"2021-01-21 12:30:02",1660,1623,36,1,548,511,36,1,1700,1152,530,17,1,150,0,72,172,29,25,60,11,7,0,0,0,0,0,0,0,0,0,1,0,2,1,0,0,0,0
41,VRANCEA,"COLEGIUL NAȚIONAL PEDAGOGIC „SPIRU HARET” FOCȘANI",41,"MUNICIPIUL FOCŞANI",174744,2,PART,PRCNCT,CD,CD_SV,"2021-01-21 12:30:02",1653,1628,23,2,604,579,23,2,1700,1096,594,10,0,180,0,85,182,27,24,73,12,4,0,0,0,1,1,0,0,0,0,1,1,0,1,1,0,0,1
41,VRANCEA,"GRĂDINIȚA CU PROGRAM PRELUNGIT NR. 18 FOCȘANI",42,"MUNICIPIUL FOCŞANI",174744,1,PROV,PRCNCT,CD,CD_SV,"2021-01-21 12:30:02",1509,1482,27,0,527,500,27,0,1630,1103,516,11,0,159,0,72,176,38,13,43,7,5,0,0,0,1,0,0,0,1,0,0,1,0,0,0,0,0,0
41,VRANCEA,"GRĂDINIŢA CU PROGRAM PRELUNGIT NR. 18",43,"MUNICIPIUL FOCŞANI",174744,1,PROV,PRCNCT,CD,CD_SV,"2021-01-21 12:30:02",1043,1012,31,0,391,360,31,0,1110,719,385,5,1,121,1,64,126,9,13,36,8,4,0,0,0,0,0,0,0,1,0,0,0,0,1,0,0,0,1
41,VRANCEA,"ŞCOALA GIMNAZIALĂ ”NICOLAE IORGA”",44,"MUNICIPIUL FOCŞANI",174744,2,PART,PRCNCT,CD,CD_SV,"2021-01-21 12:30:02",1437,1409,28,0,413,385,28,0,1550,1137,406,7,0,138,1,50,119,21,17,53,5,1,0,0,0,0,0,0,0,0,0,0,0,0,0,0,0,1,0
41,VRANCEA,"ŞCOALA GIMNAZIALĂ ”NICOLAE IORGA”",45,"MUNICIPIUL FOCŞANI",174744,1,PROV,PRCNCT,CD,CD_SV,"2021-01-21 12:30:02",1501,1476,25,0,426,401,25,0,1620,1194,422,2,2,148,0,56,102,18,17,60,11,4,0,0,0,0,0,0,0,0,0,1,0,0,4,0,0,0,1
41,VRANCEA,"ŞCOALA GIMNAZIALĂ ”NICOLAE IORGA”",46,"MUNICIPIUL FOCŞANI",174744,1,PROV,PRCNCT,CD,CD_SV,"2021-01-21 12:30:02",1558,1534,23,1,441,417,23,1,1690,1249,427,12,2,161,1,40,114,12,11,62,8,4,0,0,0,0,0,0,1,0,0,0,0,0,10,2,0,1,0
41,VRANCEA,"ŞCOALA GIMNAZIALĂ ”NICOLAE IORGA”",47,"MUNICIPIUL FOCŞANI",174744,1,PROV,PRCNCT,CD,CD_SV,"2021-01-21 12:30:02",1093,1063,20,10,487,457,20,10,1168,681,478,9,0,140,0,77,132,12,15,84,15,2,0,0,0,0,0,0,0,0,0,0,0,0,0,0,1,0,0
41,VRANCEA,"ŞCOALA GIMNAZIALĂ ”NICOLAE IORGA”",48,"MUNICIPIUL FOCŞANI",174744,1,PROV,PRCNCT,CD,CD_SV,"2021-01-21 12:30:02",1654,1641,13,0,437,424,13,0,1800,1363,434,3,0,162,1,49,114,18,14,59,11,5,0,0,0,0,0,0,0,1,0,0,0,0,0,0,0,0,0
41,VRANCEA,"ŞCOALA GIMNAZIALĂ ”ALEXANDRU VLAHUŢĂ”",49,"MUNICIPIUL FOCŞANI",174744,1,PROV,PRCNCT,CD,CD_SV,"2021-01-21 12:30:02",847,816,30,1,251,220,30,1,960,709,244,6,1,90,0,46,55,11,7,25,4,5,0,0,0,0,1,0,0,0,0,0,0,0,0,0,0,0,0
41,VRANCEA,"ŞCOALA GIMNAZIALĂ ”ALEXANDRU VLAHUŢĂ”",50,"MUNICIPIUL FOCŞANI",174744,1,PROV,PRCNCT,CD,CD_SV,"2021-01-21 12:30:02",1450,1426,24,0,436,412,24,0,1590,1154,426,10,0,148,0,47,117,19,17,54,10,7,1,0,0,0,0,0,0,0,0,0,0,3,3,0,0,0,0
41,VRANCEA,"ŞCOALA GIMNAZIALĂ ”ALEXANDRU VLAHUŢĂ”",51,"MUNICIPIUL FOCŞANI",174744,1,PROV,PRCNCT,CD,CD_SV,"2021-01-21 12:30:02",912,897,15,0,307,292,15,0,990,683,294,13,0,111,0,36,87,8,7,34,3,3,0,0,0,1,0,0,1,0,0,0,0,1,2,0,0,0,0
41,VRANCEA,"GRĂDINIŢA CU PROGRAM PRELUNGIT NR. 13",52,"MUNICIPIUL FOCŞANI",174744,1,PROV,PRCNCT,CD,CD_SV,"2021-01-21 12:30:02",1705,1673,32,0,553,521,32,0,1840,1287,543,8,2,171,1,71,156,24,25,72,12,8,0,0,0,0,0,0,0,0,0,1,0,0,1,0,0,0,1
41,VRANCEA,"GRĂDINIŢA CU PROGRAM PRELUNGIT NR. 13",53,"MUNICIPIUL FOCŞANI",174744,1,PROV,PRCNCT,CD,CD_SV,"2021-01-21 12:30:02",1828,1801,27,0,615,588,27,0,1900,1285,606,9,0,219,0,82,176,28,14,66,10,6,0,0,0,1,0,0,0,0,1,0,0,0,1,1,0,1,0
41,VRANCEA,"GRĂDINIŢA CU PROGRAM PRELUNGIT NR. 1",54,"MUNICIPIUL FOCŞANI",174744,2,PART,PRCNCT,CD,CD_SV,"2021-01-21 12:30:02",931,906,23,2,308,283,23,2,1000,692,305,2,1,99,0,47,77,11,12,50,5,1,0,0,0,0,1,0,0,0,0,0,0,0,1,1,0,0,0
41,VRANCEA,"DIRECŢIA SANITAR-VETERINARĂ",55,"MUNICIPIUL FOCŞANI",174744,1,PROV,PRCNCT,CD,CD_SV,"2021-01-21 12:30:02",1743,1714,29,0,644,615,29,0,1800,1156,625,18,1,169,1,109,177,30,30,86,9,8,0,0,0,1,0,1,2,0,0,1,0,0,0,0,1,0,0
41,VRANCEA,"GRĂDINIŢA CU PROGRAM PRELUNGIT NR. 8",56,"MUNICIPIUL FOCŞANI",174744,1,PROV,PRCNCT,CD,CD_SV,"2021-01-21 12:30:02",961,944,17,0,330,313,17,0,1040,710,326,3,1,98,0,56,103,22,9,29,5,2,0,0,0,1,1,0,0,0,0,0,0,0,0,0,0,0,0
41,VRANCEA,"GRĂDINIŢA CU PROGRAM NORMAL NR. 4 FOCȘANI",57,"MUNICIPIUL FOCŞANI",174744,1,PROV,PRCNCT,CD,CD_SV,"2021-01-21 12:30:02",1689,1662,27,0,594,567,27,0,1800,1206,586,7,1,204,1,65,181,27,20,66,10,8,0,0,0,0,1,2,0,0,0,0,0,0,1,0,0,0,0
41,VRANCEA,"GRĂDINIŢA CU PROGRAM PRELUNGIT NR. 17",58,"MUNICIPIUL FOCŞANI",174744,1,PROV,PRCNCT,CD,CD_SV,"2021-01-21 12:30:02",1099,1078,21,0,347,326,21,0,1190,843,338,8,1,116,0,48,91,15,17,38,7,4,0,0,0,0,1,0,0,0,0,0,0,1,0,0,0,0,0
41,VRANCEA,"COLEGIUL NAȚIONAL „EMIL BOTTA” - CORP B - SALA DE FESTIVITĂȚI",59,"MUNICIPIUL ADJUD",174860,2,PART,PRCNCT,CD,CD_SV,"2021-01-21 12:30:02",972,955,17,0,249,232,17,0,1050,801,246,3,0,102,0,21,76,4,8,31,4,0,0,0,0,0,0,0,0,0,0,0,0,0,0,0,0,0,0
41,VRANCEA,"SCOALĂ GIMNAZIALĂ ”MIHAIL ARMENCEA”",60,"MUNICIPIUL ADJUD",174860,1,PROV,PRCNCT,CD,CD_SV,"2021-01-21 12:30:02",1027,1020,7,0,285,278,7,0,1130,845,278,7,0,101,0,26,112,7,3,25,0,3,0,0,0,1,0,0,0,0,0,0,0,0,0,0,0,0,0
41,VRANCEA,"SCOALĂ GIMNAZIALĂ ”MAREȘAL ALEXANDRU AVERESCU”",61,"MUNICIPIUL ADJUD",174860,1,PROV,PRCNCT,CD,CD_SV,"2021-01-21 12:30:02",1322,1309,13,0,307,294,13,0,1440,1133,292,12,3,120,0,15,77,8,7,49,2,3,0,1,0,0,0,0,0,0,0,0,0,0,9,0,0,0,1
41,VRANCEA,"SCOALĂ GIMNAZIALĂ ”PRINCIPELE RADU” A",62,"MUNICIPIUL ADJUD",174860,2,PART,PRCNCT,CD,CD_SV,"2021-01-21 12:30:02",1247,1234,12,1,333,320,12,1,1360,1027,325,5,3,104,1,30,126,13,9,37,2,2,0,0,0,0,0,0,0,0,0,0,0,0,0,0,0,0,1
41,VRANCEA,"SCOALĂ GIMNAZIALĂ ”PRINCIPELE RADU” B",63,"MUNICIPIUL ADJUD",174860,1,PROV,PRCNCT,CD,CD_SV,"2021-01-21 12:30:02",1253,1248,5,0,307,302,5,0,1370,1063,304,3,0,95,0,31,111,3,9,45,6,1,0,0,0,0,0,0,0,0,0,0,0,0,0,1,1,1,0
41,VRANCEA,"SCOALĂ GIMNAZIALĂ ”PRINCIPELE RADU” C",64,"MUNICIPIUL ADJUD",174860,2,PART,PRCNCT,CD,CD_SV,"2021-01-21 12:30:02",1244,1233,9,2,328,317,9,2,1370,1042,322,5,1,107,0,39,93,9,9,57,3,3,0,0,1,0,0,0,0,0,0,1,0,0,0,0,0,0,0
41,VRANCEA,"ȘCOALA GIMNAZIALĂ „PRINCIPELE RADU”",65,"MUNICIPIUL ADJUD",174860,1,PROV,PRCNCT,CD,CD_SV,"2021-01-21 12:30:02",1446,1436,10,0,363,353,10,0,1580,1217,349,11,3,103,0,30,115,12,12,60,8,5,0,0,0,0,0,0,0,1,0,0,0,0,0,2,0,1,0
41,VRANCEA,"SALA DE SPORT",66,"MUNICIPIUL ADJUD",174860,1,PROV,PRCNCT,CD,CD_SV,"2021-01-21 12:30:02",1208,1198,10,0,390,380,10,0,1330,940,378,10,2,112,0,51,128,18,8,51,1,6,0,0,1,1,1,0,0,0,0,0,0,0,0,0,0,0,0
41,VRANCEA,"SCOALĂ GIMNAZIALĂ ”ANGELA GHEORGHIU”",67,"MUNICIPIUL ADJUD",174860,1,PROV,PRCNCT,CD,CD_SV,"2021-01-21 12:30:02",1658,1633,25,0,477,452,25,0,1800,1323,470,6,1,155,0,44,162,4,14,77,3,6,0,0,0,1,0,1,0,0,0,0,0,0,0,0,0,1,2
41,VRANCEA,"COLEGIUL TEHNIC ”GHEORGHE BALŞ” A",68,"MUNICIPIUL ADJUD",174860,1,PROV,PRCNCT,CD,CD_SV,"2021-01-21 12:30:02",1398,1390,8,0,387,379,8,0,1530,1143,371,16,0,123,1,25,132,11,12,51,3,5,0,1,0,0,0,1,0,0,0,1,0,1,3,1,0,0,0
41,VRANCEA,"COLEGIUL TEHNIC ”GHEORGHE BALŞ” B",69,"MUNICIPIUL ADJUD",174860,2,PART,PRCNCT,CD,CD_SV,"2021-01-21 12:30:02",1111,1096,8,7,275,260,8,7,1200,925,259,16,0,76,0,13,86,8,11,53,5,4,0,0,0,0,0,0,0,0,0,0,0,0,3,0,0,0,0
41,VRANCEA,"SCOALĂ PRIMARA BURCIOAIA",70,"MUNICIPIUL ADJUD",174860,1,PROV,PRCNCT,CD,CD_SV,"2021-01-21 12:30:02",462,452,10,0,123,113,10,0,500,377,114,8,1,20,0,5,58,3,3,22,1,0,0,0,0,0,1,0,0,0,0,0,0,0,1,0,0,0,0
41,VRANCEA,"SCOALĂ PRIMARA SISCANI",71,"MUNICIPIUL ADJUD",174860,1,PROV,PRCNCT,CD,CD_SV,"2021-01-21 12:30:02",699,688,11,0,185,174,11,0,760,575,172,10,3,68,2,4,54,5,3,30,2,1,0,0,0,0,0,0,0,0,0,1,0,0,1,0,0,1,0
41,VRANCEA,"SCOALĂ GENERALA ADJUDU VECHI",72,"MUNICIPIUL ADJUD",174860,1,PROV,PRCNCT,CD,CD_SV,"2021-01-21 12:30:02",1396,1387,9,0,358,349,9,0,1530,1172,342,15,1,79,0,25,100,4,10,111,5,4,0,1,0,0,0,0,1,0,0,0,0,1,0,0,0,0,1
41,VRANCEA,"SCOALA GIMNAZIALĂ ”ECATERINA TEODOROIU”",73,"ORAŞ MĂRĂŞEŞTI",174922,1,PROV,PRCNCT,CD,CD_SV,"2021-01-21 12:30:02",1320,1302,18,0,351,333,18,0,1480,1129,345,5,1,161,0,21,96,13,10,32,5,4,0,0,0,1,1,0,0,0,0,0,0,0,1,0,0,0,0
41,VRANCEA,"SCOALA PRIMARĂ ”SIRETU”",74,"ORAŞ MĂRĂŞEŞTI",174922,2,PART,PRCNCT,CD,CD_SV,"2021-01-21 12:30:02",1787,1776,11,0,510,499,11,0,1950,1440,465,32,13,305,4,3,31,36,6,53,6,5,0,0,0,1,0,1,0,0,0,1,0,0,10,3,0,0,0
41,VRANCEA,"CLUBUL ELEVILOR",75,"ORAŞ MĂRĂŞEŞTI",174922,2,PART,PRCNCT,CD,CD_SV,"2021-01-21 12:30:02",805,791,14,0,168,154,14,0,870,702,162,6,0,67,0,10,47,5,6,22,3,0,0,0,0,0,0,0,1,0,0,0,0,1,0,0,0,0,0
41,VRANCEA,"LICEUL TEHNOLOGIC ”EREMIA GRIGORESCU”",76,"ORAŞ MĂRĂŞEŞTI",174922,2,PART,PRCNCT,CD,CD_SV,"2021-01-21 12:30:02",1643,1638,4,1,457,452,4,1,1800,1343,449,6,2,178,0,49,107,7,23,67,5,4,0,0,4,0,0,0,0,0,0,0,0,1,4,0,0,0,0
41,VRANCEA,"LICEUL TEHNOLOGIC ”EREMIA GRIGORESCU”",77,"ORAŞ MĂRĂŞEŞTI",174922,2,PART,PRCNCT,CD,CD_SV,"2021-01-21 12:30:02",1442,1427,15,0,353,338,15,0,1570,1217,342,11,0,133,2,31,88,10,19,39,10,6,0,0,0,0,0,0,0,1,0,0,0,0,1,0,0,2,0
41,VRANCEA,"SCOALA GENERALA NR.2",78,"ORAŞ MĂRĂŞEŞTI",174922,2,PART,PRCNCT,CD,CD_SV,"2021-01-21 12:30:02",1168,1154,14,0,276,262,14,0,1280,1004,267,8,1,112,0,34,42,14,13,46,4,2,0,0,0,0,0,0,0,0,0,0,0,0,0,0,0,0,0
41,VRANCEA,"STATIE CFR MARASESTI",79,"ORAŞ MĂRĂŞEŞTI",174922,2,PART,PRCNCT,CD,CD_SV,"2021-01-21 12:30:02",310,284,26,0,87,61,26,0,310,223,81,4,2,35,0,5,18,2,5,13,2,0,0,0,0,0,0,0,0,0,0,0,0,0,1,0,0,0,0
41,VRANCEA,"ŞCOALA PRIMARĂ HARET",80,"ORAŞ MĂRĂŞEŞTI",174922,1,PROV,PRCNCT,CD,CD_SV,"2021-01-21 12:30:02",490,480,10,0,153,143,10,0,550,397,146,6,1,67,1,6,36,2,3,25,1,2,0,0,0,0,0,0,0,1,0,0,0,0,0,0,1,0,1
41,VRANCEA,"ŞCOALA PRIMARĂ PĂDURENI",81,"ORAŞ MĂRĂŞEŞTI",174922,2,PART,PRCNCT,CD,CD_SV,"2021-01-21 12:30:02",422,409,12,1,127,114,12,1,450,323,122,5,0,62,2,4,23,6,4,16,1,3,0,0,0,0,0,0,0,0,0,1,0,0,0,0,0,0,0
41,VRANCEA,"ŞCOALA PRIMARĂ CĂLIMĂNEŞTI",82,"ORAŞ MĂRĂŞEŞTI",174922,2,PART,PRCNCT,CD,CD_SV,"2021-01-21 12:30:02",463,451,12,0,142,130,12,0,500,358,135,5,2,53,1,9,17,2,11,27,3,2,0,0,0,0,0,0,0,1,1,0,0,2,6,0,0,0,0
41,VRANCEA,"ŞCOALA PRIMARĂ DOAGA",83,"ORAŞ MĂRĂŞEŞTI",174922,1,PROV,PRCNCT,CD,CD_SV,"2021-01-21 12:30:02",227,219,8,0,38,30,8,0,250,212,37,0,1,12,0,6,9,1,1,7,0,0,0,0,0,0,0,0,0,0,0,0,0,0,1,0,0,0,0
41,VRANCEA,"BIBLIOTECA ORASENEASCA ”ANA GEORGESCU”",84,"ORAŞ ODOBEŞTI",175019,1,PROV,PRCNCT,CD,CD_SV,"2021-01-21 12:30:02",1579,1523,51,5,599,543,51,5,1670,1071,575,18,6,276,0,35,111,16,8,102,5,9,0,0,1,1,1,0,2,0,0,1,0,2,1,2,0,0,2
41,VRANCEA,"LICEUL TEORETIC ”DUILIU ZAMFIRESCU” ODOBESTI",85,"ORAŞ ODOBEŞTI",175019,1,PROV,PRCNCT,CD,CD_SV,"2021-01-21 12:30:02",1640,1572,61,7,600,532,61,7,1740,1140,577,19,4,258,0,45,142,11,12,93,6,9,0,0,0,0,0,0,0,0,0,0,0,1,0,0,0,0,0
41,VRANCEA,"GRUPUL SCOLAR AGRICOL ODOBESTI",86,"ORAŞ ODOBEŞTI",175019,1,PROV,PRCNCT,CD,CD_SV,"2021-01-21 12:30:02",1634,1601,26,7,565,532,26,7,1770,1205,550,13,2,251,0,37,121,11,9,107,6,3,0,0,0,0,0,0,1,1,1,1,0,1,0,0,0,0,0
41,VRANCEA,"GRADINITA NR.2 CARAGEA",87,"ORAŞ ODOBEŞTI",175019,1,PROV,PRCNCT,CD,CD_SV,"2021-01-21 12:30:02",932,907,21,4,303,278,21,4,1000,697,296,5,2,112,0,29,84,5,10,50,1,2,0,0,0,1,0,0,0,0,0,0,0,0,0,1,1,0,0
41,VRANCEA,"ȘCOALA PRIMARĂ UNIREA ODOBEȘTI",88,"ORAŞ ODOBEŞTI",175019,1,PROV,PRCNCT,CD,CD_SV,"2021-01-21 12:30:02",801,764,34,3,239,202,34,3,840,601,233,4,2,68,0,40,59,4,9,43,5,2,0,0,0,0,0,0,0,1,0,1,0,0,0,0,0,0,1
41,VRANCEA,"ȘCOALA PRIMARĂ UNIREA ODOBEȘTI",89,"ORAŞ ODOBEŞTI",175019,1,PROV,PRCNCT,CD,CD_SV,"2021-01-21 12:30:02",1504,1468,28,8,500,464,28,8,1600,1100,487,13,0,201,0,41,96,14,14,108,5,4,0,0,0,1,0,0,0,0,0,1,0,1,1,0,0,0,0
41,VRANCEA,"CASA DE CULTURA A ORASULUI PANCIU",90,"ORAŞ PANCIU",175055,1,PROV,PRCNCT,CD,CD_SV,"2021-01-21 12:30:02",1395,1371,20,4,430,406,20,4,1520,1090,419,10,1,129,0,74,114,14,28,48,5,3,0,1,0,1,0,0,0,0,0,0,0,0,1,0,1,0,0
41,VRANCEA,"LICEUL TEHNOLOGIC ”ALEXANDRU IOAN CUZA” PANCIU",91,"ORAŞ PANCIU",175055,1,PROV,PRCNCT,CD,CD_SV,"2021-01-21 12:30:02",1333,1304,27,2,462,433,27,2,1440,978,445,17,0,140,1,115,108,7,17,49,3,2,0,0,0,0,0,0,0,0,0,1,0,0,2,0,0,0,0
41,VRANCEA,"FOSTUL SEDIU BANCPOST",92,"ORAŞ PANCIU",175055,1,PROV,PRCNCT,CD,CD_SV,"2021-01-21 12:30:02",1014,1000,14,0,296,282,14,0,1100,804,283,12,1,78,0,50,97,11,11,25,7,0,0,0,0,0,0,1,0,1,0,0,0,0,2,0,0,0,0
41,VRANCEA,"SPITALUL ORASENESC",93,"ORAŞ PANCIU",175055,1,PROV,PRCNCT,CD,CD_SV,"2021-01-21 12:30:02",1162,1140,22,0,323,301,22,0,1260,937,313,7,3,117,0,60,88,13,10,16,2,3,0,0,0,0,0,0,0,0,0,0,0,1,2,0,1,0,0
41,VRANCEA,"SCOALA GENERALA SATU-NOU",94,"ORAŞ PANCIU",175055,1,PROV,PRCNCT,CD,CD_SV,"2021-01-21 12:30:02",830,811,18,1,265,246,18,1,900,635,259,3,3,75,2,29,76,6,14,47,2,3,0,0,1,3,0,0,1,0,0,0,0,0,0,0,0,0,0
41,VRANCEA,"CLUBUL DE SOCIALIZARE CRUCEA DE JOS",95,"ORAŞ PANCIU",175055,3,PART,PRCNCT,CD,CD_SV,"2021-01-21 12:30:02",417,400,15,2,174,157,15,2,440,266,170,4,0,32,0,37,60,9,9,21,0,2,0,0,0,0,0,0,0,0,0,0,0,0,0,0,0,0,0
41,VRANCEA,"SCOALA GENERALA DUMBRAVA",96,"ORAŞ PANCIU",175055,1,PROV,PRCNCT,CD,CD_SV,"2021-01-21 12:30:02",391,381,10,0,126,116,10,0,440,314,121,4,1,42,0,16,37,2,6,11,0,4,0,0,0,0,1,0,0,1,0,0,0,0,1,0,0,0,0
41,VRANCEA,"ȘCOALA GENERALĂ CRUCEA DE SUS",97,"ORAŞ PANCIU",175055,1,PROV,PRCNCT,CD,CD_SV,"2021-01-21 12:30:02",729,719,10,0,256,246,10,0,790,534,252,3,1,85,1,38,64,10,12,32,2,2,0,0,0,0,0,0,1,0,0,0,0,0,2,0,2,0,1
41,VRANCEA,"CAMINUL CULTURAL NEICU",98,"ORAŞ PANCIU",175055,1,PROV,PRCNCT,CD,CD_SV,"2021-01-21 12:30:02",555,538,14,3,162,145,14,3,590,428,154,3,5,53,0,18,40,10,4,25,1,1,0,0,0,0,0,0,0,0,0,0,0,0,0,1,0,1,0
41,VRANCEA,"ȘCOALA GIMNAZIALĂ ANDREIAȘU DE JOS",99,"ANDREIAŞU DE JOS",175126,3,PART,PRCNCT,CD,CD_SV,"2021-01-21 12:30:02",506,463,29,14,236,193,29,14,510,274,226,4,6,79,1,4,103,3,4,26,1,1,0,0,0,0,0,0,0,0,0,0,1,0,0,0,0,1,2
41,VRANCEA,"ȘCOALA PRIMARĂ NR.1 RĂCHITAȘU",100,"ANDREIAŞU DE JOS",175126,2,PART,PRCNCT,CD,CD_SV,"2021-01-21 12:30:02",577,557,20,0,209,189,20,0,620,411,196,5,8,34,0,1,133,5,4,16,0,0,0,0,0,0,0,0,0,0,0,1,0,0,1,1,0,0,0
41,VRANCEA,"ȘCOALA GIMNAZIALĂ ANDREIAȘU DE SUS",101,"ANDREIAŞU DE JOS",175126,1,PROV,PRCNCT,CD,CD_SV,"2021-01-21 12:30:02",387,374,12,1,133,120,12,1,410,277,125,5,3,32,1,6,61,2,7,12,1,1,0,0,0,1,0,0,0,1,0,0,0,0,0,0,0,0,0
41,VRANCEA,"SCOALA GIMNAZIALA CU CLASELE I-VIII BALESTI",102,BĂLEŞTI,175206,1,PROV,PRCNCT,CD,CD_SV,"2021-01-21 12:30:02",869,842,14,13,319,292,14,13,930,611,301,9,9,70,0,9,54,140,4,14,2,2,0,0,0,1,0,0,0,0,0,2,0,1,2,0,0,0,0
41,VRANCEA,"SCOALA GIMNAZIALA CU CLASELE I-VIII BALESTI",103,BĂLEŞTI,175206,2,PART,PRCNCT,CD,CD_SV,"2021-01-21 12:30:02",738,718,10,10,307,287,10,10,790,483,293,6,8,71,1,3,47,130,9,16,2,8,0,0,0,1,1,0,0,2,0,0,0,1,1,0,0,0,0
41,VRANCEA,"CAMIN CULTURAL(SALA FESTIVITATI)",104,BÂRSEŞTI,175224,1,PROV,PRCNCT,CD,CD_SV,"2021-01-21 12:30:02",1229,1155,36,38,606,532,36,38,1270,664,580,17,9,115,1,16,326,57,18,28,0,6,0,1,0,0,0,1,1,1,0,0,1,1,1,3,3,0,0
41,VRANCEA,"CĂMIN CULTURAL",105,BILIEŞTI,178929,1,PROV,PRCNCT,CD,CD_SV,"2021-01-21 12:30:02",1058,1008,50,0,395,345,50,0,1110,715,382,11,2,93,0,24,209,6,14,28,3,2,0,0,1,0,0,1,0,0,0,0,0,0,0,1,0,0,0
41,VRANCEA,"SCOALA GENERALA NR. 2 BILIESTI",106,BILIEŞTI,178929,2,PART,PRCNCT,CD,CD_SV,"2021-01-21 12:30:02",1086,1046,40,0,415,375,40,0,1150,735,407,5,3,73,0,17,250,3,7,52,1,2,0,0,1,0,0,0,0,0,0,0,0,1,0,0,0,0,0
41,VRANCEA,"ȘCOALA GIMNAZIALĂ BOGHEȘTI",107,BOGHEŞTI,175260,1,PROV,PRCNCT,CD,CD_SV,"2021-01-21 12:30:02",662,658,4,0,168,164,4,0,720,552,157,10,1,51,0,4,75,5,2,16,1,1,0,0,0,0,0,0,0,0,0,1,0,0,0,1,0,0,0
41,VRANCEA,SCOALA,108,BOGHEŞTI,175260,1,PROV,PRCNCT,CD,CD_SV,"2021-01-21 12:30:02",419,408,11,0,123,112,11,0,450,327,120,2,1,59,0,5,27,2,1,20,1,4,0,0,0,0,0,0,0,0,0,0,0,0,0,0,1,0,0
41,VRANCEA,"SCOALA IUGANI",109,BOGHEŞTI,175260,2,PART,PRCNCT,CD,CD_SV,"2021-01-21 12:30:02",128,118,10,0,44,34,10,0,130,86,37,4,3,20,1,2,9,1,0,3,0,0,0,0,0,0,0,0,0,0,0,0,0,0,1,0,0,0,0
41,VRANCEA,"GRĂDINIŢA CU PROGRAM NORMAL BOLOTEŞTI",110,BOLOTEŞTI,175368,1,PROV,PRCNCT,CD,CD_SV,"2021-01-21 12:30:02",660,611,42,7,272,225,40,7,670,398,265,5,2,73,0,47,100,7,5,30,1,1,0,0,0,0,0,0,0,0,0,0,0,0,0,1,0,0,0
41,VRANCEA,"SCOALA GIMNAZIALA PUTNA",111,BOLOTEŞTI,175368,1,PROV,PRCNCT,CD,CD_SV,"2021-01-21 12:30:02",577,527,29,21,285,236,29,20,580,295,273,10,2,51,0,22,143,3,6,40,0,6,0,0,0,0,0,0,0,0,0,1,0,0,0,0,0,1,0
41,VRANCEA,"ŞCOALA PRIMARĂ IVĂNCEŞTI",112,BOLOTEŞTI,175368,2,PART,PRCNCT,CD,CD_SV,"2021-01-21 12:30:02",404,367,22,15,162,125,22,15,400,238,155,3,4,26,0,11,96,4,1,13,1,2,1,0,0,0,0,0,0,0,0,0,0,0,0,0,0,0,0
41,VRANCEA,"SCOALA GIMNAZIALA GAGESTI",113,BOLOTEŞTI,175368,3,PART,PRCNCT,CD,CD_SV,"2021-01-21 12:30:02",1322,1254,45,23,506,438,45,23,1380,874,492,12,2,105,1,58,223,7,9,80,3,2,0,0,0,0,0,0,0,2,0,0,0,1,0,0,0,1,0
41,VRANCEA,"SCOALA GIMNAZIALA GAGESTI",114,BOLOTEŞTI,175368,1,PROV,PRCNCT,CD,CD_SV,"2021-01-21 12:30:02",548,512,30,6,245,209,30,6,560,315,239,4,2,45,2,13,151,1,5,19,1,1,0,1,0,0,0,0,0,0,0,0,0,0,0,0,0,0,0
41,VRANCEA,"SCOALA CU CLASELE I - IV VITANESTII DE SUB MAGURA",115,BOLOTEŞTI,175368,1,PROV,PRCNCT,CD,CD_SV,"2021-01-21 12:30:02",607,576,24,7,222,191,24,7,640,418,215,6,1,31,0,16,129,3,6,23,2,3,0,0,1,0,0,0,0,0,0,0,0,0,0,1,0,0,0
41,VRANCEA,"CAMINUL CULTURAL",116,BORDEŞTI,175439,2,PART,PRCNCT,CD,CD_SV,"2021-01-21 12:30:02",1056,995,40,21,397,336,40,21,1100,703,372,14,11,100,2,11,166,30,18,36,3,3,0,0,0,1,1,1,0,0,0,0,0,0,0,0,0,0,0
41,VRANCEA,"SCOALA CU CLASELE I-IV",117,BORDEŞTI,175439,2,PART,PRCNCT,CD,CD_SV,"2021-01-21 12:30:02",432,412,14,6,171,151,14,6,450,279,166,2,3,44,1,1,72,13,7,28,0,0,0,0,0,0,0,0,0,0,0,0,0,0,0,0,0,0,0
41,VRANCEA,"CAMIN CULTURAL",118,BROŞTENI,175466,1,PROV,PRCNCT,CD,CD_SV,"2021-01-21 12:30:02",1397,1373,22,2,413,389,22,2,1520,1107,393,18,2,118,0,21,149,6,7,80,3,4,0,0,1,0,0,1,0,0,0,0,0,2,0,1,0,0,0
41,VRANCEA,"GRĂDINIȚA DE COPII - SALA II",119,BROŞTENI,175466,2,PART,PRCNCT,CD,CD_SV,"2021-01-21 12:30:02",537,528,9,0,152,143,9,0,580,428,146,6,0,37,0,7,46,12,0,41,1,1,0,0,0,0,0,0,0,0,0,0,0,0,1,0,0,0,0
41,VRANCEA,"SCOALA PRIMARA CIMPINEANCA",120,CÂMPINEANCA,174780,2,PART,PRCNCT,CD,CD_SV,"2021-01-21 12:30:02",1979,1945,30,4,618,584,30,4,2140,1522,603,14,1,206,0,73,174,23,21,84,11,5,0,0,0,1,2,1,0,0,0,0,0,0,1,1,0,0,0
41,VRANCEA,"SCOALA PRIMARA CIMPINEANCA",121,CÂMPINEANCA,174780,1,PROV,PRCNCT,CD,CD_SV,"2021-01-21 12:30:02",1677,1635,38,4,523,481,38,4,1790,1267,508,10,5,195,0,49,159,19,11,64,0,3,0,0,0,1,0,0,0,0,0,1,0,0,6,0,0,0,0
41,VRANCEA,"SCOALA PRIMARA CÎMPURI",122,CÂMPURI,175670,2,PART,PRCNCT,CD,CD_SV,"2021-01-21 12:30:02",806,798,8,0,212,204,8,0,880,668,197,13,2,118,0,7,29,26,2,12,0,1,0,0,0,0,0,0,0,0,0,0,0,1,0,1,0,0,0
41,VRANCEA,"ŞCOALA GIMNAZIALA CÎMPURI",123,CÂMPURI,175670,1,PROV,PRCNCT,CD,CD_SV,"2021-01-21 12:30:02",896,884,12,0,172,160,12,0,980,808,165,6,1,78,1,6,46,6,1,23,1,1,0,0,0,0,0,0,0,0,0,1,0,0,0,1,0,0,0
41,VRANCEA,"SCOALA GIMNAZIALA ROTILESTII MICI",124,CÂMPURI,175670,1,PROV,PRCNCT,CD,CD_SV,"2021-01-21 12:30:02",553,539,14,0,154,140,14,0,600,446,149,2,3,76,2,2,50,1,4,9,3,1,0,0,0,0,1,0,0,0,0,0,0,0,0,0,0,0,0
41,VRANCEA,"SCOALA PRIMARA FETESTI",125,CÂMPURI,175670,2,PART,PRCNCT,CD,CD_SV,"2021-01-21 12:30:02",762,745,17,0,160,143,17,0,820,660,147,11,2,80,0,5,12,5,2,39,0,2,0,0,0,0,0,0,0,0,1,0,0,0,0,0,1,0,0
41,VRANCEA,"CĂMIN CULTURAL",126,CÂRLIGELE,175732,1,PROV,PRCNCT,CD,CD_SV,"2021-01-21 12:30:02",1121,1089,30,2,336,304,30,2,1200,864,325,11,0,158,0,32,74,11,8,35,3,3,0,0,0,0,0,0,0,0,0,0,0,0,1,0,0,0,0
41,VRANCEA,"SCOALA BLIDARI",127,CÂRLIGELE,175732,1,PROV,PRCNCT,CD,CD_SV,"2021-01-21 12:30:02",480,465,15,0,164,149,15,0,510,346,161,2,1,67,1,5,38,14,1,35,0,0,0,0,0,0,0,0,0,0,0,0,0,0,0,0,0,0,0
41,VRANCEA,"ȘCOALA GIMNAZIALĂ CU CLASELE I-IV ” EPISCOP MITROFAN ”",128,CÂRLIGELE,175732,1,PROV,PRCNCT,CD,CD_SV,"2021-01-21 12:30:02",398,386,12,0,130,118,12,0,430,300,126,4,0,68,1,3,17,4,4,24,1,2,0,0,0,0,0,0,0,1,0,0,0,0,1,0,0,0,0
41,VRANCEA,GRĂDINIȚĂ,129,CÂRLIGELE,175732,1,PROV,PRCNCT,CD,CD_SV,"2021-01-21 12:30:02",579,562,17,0,190,173,17,0,620,430,180,8,2,98,1,4,24,12,4,27,2,6,0,0,0,0,0,0,1,0,0,0,0,1,0,0,0,0,0
41,VRANCEA,"GRĂDINIȚA CU PROGRAM NORMAL CHIOJDENI",130,CHIOJDENI,175509,2,PART,PRCNCT,CD,CD_SV,"2021-01-21 12:30:02",546,534,11,1,202,190,11,1,590,388,200,2,0,34,0,2,118,31,1,12,0,1,0,0,0,0,0,0,0,0,0,0,0,1,0,0,0,0,0
41,VRANCEA,"ȘCOALA PRIMARĂ CĂTĂUȚI",131,CHIOJDENI,175509,1,PROV,PRCNCT,CD,CD_SV,"2021-01-21 12:30:02",275,262,13,0,106,93,13,0,290,184,100,1,5,13,0,1,63,9,2,8,1,2,0,0,0,0,0,0,0,0,0,0,0,0,0,1,0,0,0
41,VRANCEA,"ȘCOALA PRIMARĂ LUNCILE",132,CHIOJDENI,175509,1,PROV,PRCNCT,CD,CD_SV,"2021-01-21 12:30:02",756,748,8,0,342,334,8,0,820,478,320,15,7,85,0,1,203,9,2,6,3,3,0,0,0,0,0,0,0,0,0,0,0,2,5,0,1,0,0
41,VRANCEA,"ȘCOALA PRIMARĂ TULBUREA",133,CHIOJDENI,175509,1,PROV,PRCNCT,CD,CD_SV,"2021-01-21 12:30:02",272,263,9,0,137,128,9,0,290,153,132,4,1,35,0,2,67,8,7,12,0,1,0,0,0,0,0,0,0,0,0,0,0,0,0,0,0,0,0
41,VRANCEA,"CAMIN CULTURAL CIORASTI",134,CIORĂŞTI,175590,2,PART,PRCNCT,CD,CD_SV,"2021-01-21 12:30:02",693,684,9,0,227,218,9,0,760,533,206,8,13,40,0,3,116,5,8,21,3,3,0,0,1,0,0,0,0,2,0,0,0,1,0,1,0,0,2
41,VRANCEA,"ŞCOALA CODREŞTI",135,CIORĂŞTI,175590,2,PART,PRCNCT,CD,CD_SV,"2021-01-21 12:30:02",184,177,7,0,67,60,7,0,200,133,66,0,1,15,0,7,38,1,3,2,0,0,0,0,0,0,0,0,0,0,0,0,0,0,0,0,0,0,0
41,VRANCEA,"SCOALA PRIMARA MIHALCENI",136,CIORĂŞTI,175590,2,PART,PRCNCT,CD,CD_SV,"2021-01-21 12:30:02",540,532,8,0,158,150,8,0,590,432,147,10,1,22,0,6,88,3,6,12,1,1,0,0,0,0,0,0,1,0,0,0,0,2,4,0,1,0,0
41,VRANCEA,"ŞCOALA GENERALĂ CLASELE I-IV",137,CIORĂŞTI,175590,1,PROV,PRCNCT,CD,CD_SV,"2021-01-21 12:30:02",342,328,14,0,146,132,14,0,359,213,137,4,5,23,0,3,75,4,15,11,2,0,0,0,0,1,1,0,0,0,0,0,0,1,1,0,0,0,0
41,VRANCEA,"SCOALA SALCIA VECHE",138,CIORĂŞTI,175590,2,PART,PRCNCT,CD,CD_SV,"2021-01-21 12:30:02",240,233,7,0,105,98,7,0,260,155,102,1,2,24,1,2,66,1,1,7,0,0,0,0,0,0,0,0,0,0,0,0,0,0,0,0,0,0,0
41,VRANCEA,"SCOALA SATU NOU",139,CIORĂŞTI,175590,1,PROV,PRCNCT,CD,CD_SV,"2021-01-21 12:30:02",206,196,10,0,104,94,10,0,220,116,99,4,1,31,1,1,49,1,4,6,1,1,0,0,0,0,0,0,0,0,0,1,0,0,1,2,0,0,0
41,VRANCEA,"GRĂDINIŢA CU PROGRAM NORMAL CIORĂŞTI",140,CIORĂŞTI,175590,2,PART,PRCNCT,CD,CD_SV,"2021-01-21 12:30:02",172,160,12,0,70,58,12,0,169,99,67,2,1,16,0,7,36,2,1,5,0,0,0,0,0,0,0,0,0,0,0,0,0,0,0,0,0,0,0
41,VRANCEA,PRIMARIE,141,CORBIŢA,175787,2,PART,PRCNCT,CD,CD_SV,"2021-01-21 12:30:02",358,342,16,0,156,140,16,0,380,224,151,5,0,84,1,4,30,2,2,19,2,4,0,0,0,0,0,0,0,1,0,0,0,0,1,0,0,0,1
41,VRANCEA,"SCOALA PRIMARA BUDA",142,CORBIŢA,175787,1,PROV,PRCNCT,CD,CD_SV,"2021-01-21 12:30:02",406,397,9,0,140,131,9,0,440,300,127,11,2,60,0,13,27,5,3,15,0,2,0,0,0,0,1,0,0,0,0,0,0,1,0,0,0,0,0
41,VRANCEA,"SCOALA RADACINESTI",143,CORBIŢA,175787,1,PROV,PRCNCT,CD,CD_SV,"2021-01-21 12:30:02",354,346,8,0,135,127,8,0,380,245,132,1,2,82,0,7,22,5,3,11,0,0,0,0,0,0,1,0,0,1,0,0,0,0,0,0,0,0,0
41,VRANCEA,"SCOALA OCHEŞEŞTI",144,CORBIŢA,175787,1,PROV,PRCNCT,CD,CD_SV,"2021-01-21 12:30:02",278,272,6,0,116,110,6,0,300,184,113,2,1,56,0,5,30,4,3,13,0,2,0,0,0,0,0,0,0,0,0,0,0,0,0,0,0,0,0
41,VRANCEA,"ȘCOALA GIMNAZIALĂ „VICTOR SLĂVESCU” COTEȘTI",145,COTEŞTI,175885,2,PART,PRCNCT,CD,CD_SV,"2021-01-21 12:30:02",1122,1081,40,1,316,275,40,1,1191,875,309,4,3,144,2,10,65,9,12,53,5,4,0,0,0,0,0,0,0,0,2,0,0,0,1,0,1,0,1
41,VRANCEA,"SCOALA PRIMARA COTESTI",146,COTEŞTI,175885,1,PROV,PRCNCT,CD,CD_SV,"2021-01-21 12:30:02",466,457,9,0,123,114,9,0,500,377,120,2,1,49,0,5,28,4,7,23,2,0,0,0,0,0,0,0,0,0,0,1,0,0,1,0,0,0,0
41,VRANCEA,"CAMINUL CULTURAL BUDESTI",147,COTEŞTI,175885,1,PROV,PRCNCT,CD,CD_SV,"2021-01-21 12:30:02",1548,1497,48,3,425,374,48,3,1650,1225,411,11,3,126,2,26,136,39,9,62,5,3,0,0,0,0,0,0,1,0,0,1,0,0,0,0,1,0,0
41,VRANCEA,"SCOALA VALEA COTESTI",148,COTEŞTI,175885,1,PROV,PRCNCT,CD,CD_SV,"2021-01-21 12:30:02",610,598,12,0,159,147,12,0,660,501,159,0,0,47,1,12,45,10,3,40,0,0,0,0,0,0,0,0,0,0,0,0,0,0,0,0,1,0,0
41,VRANCEA,"GRADINITA GOLESTII DE SUS",149,COTEŞTI,175885,1,PROV,PRCNCT,CD,CD_SV,"2021-01-21 12:30:02",370,347,23,0,145,122,23,0,390,245,139,6,0,53,0,8,43,4,8,22,1,0,0,0,0,0,0,0,0,0,0,0,0,0,0,0,0,0,0
41,VRANCEA,"CAMIN CULTURAL DUMBRAVENI",150,DUMBRĂVENI,175938,1,PROV,PRCNCT,CD,CD_SV,"2021-01-21 12:30:02",1651,1616,24,11,460,425,24,11,1780,1320,451,8,1,203,0,32,119,20,12,55,1,4,0,0,0,0,0,0,0,0,0,0,0,0,3,0,0,2,0
41,VRANCEA,"CĂMINUL CULTURAL CÂNDEȘTI",151,DUMBRĂVENI,175938,2,PART,PRCNCT,CD,CD_SV,"2021-01-21 12:30:02",1176,1142,29,5,332,298,29,5,1260,928,321,4,7,123,2,12,79,16,8,74,2,4,0,1,0,0,0,0,0,0,0,0,0,0,0,0,0,0,0
41,VRANCEA,"ȘCOALA PRIMARĂ ALEXANDRU VLAHUȚĂ DRAGOSLOVENI",152,DUMBRĂVENI,175938,3,PART,PRCNCT,CD,CD_SV,"2021-01-21 12:30:02",945,897,39,9,260,212,39,9,990,730,253,5,2,74,0,13,117,16,6,22,0,2,0,0,1,0,0,0,0,0,0,1,0,0,0,0,0,0,1
41,VRANCEA,"LICEUL TEORETIC ”GRIGORE GHEBA” DUMITREȘTI",153,DUMITREŞTI,175983,1,PROV,PRCNCT,CD,CD_SV,"2021-01-21 12:30:02",644,605,32,7,295,256,32,7,669,374,285,7,3,79,0,9,176,3,6,10,0,0,0,0,0,0,0,0,0,0,0,1,1,0,0,0,0,0,0
41,VRANCEA,"ȘCOALA PRIMARĂ DUMITREȘTII DE SUS",154,DUMITREŞTI,175983,1,PROV,PRCNCT,CD,CD_SV,"2021-01-21 12:30:02",226,213,9,4,139,126,9,4,240,101,133,3,3,45,0,4,67,1,2,13,0,0,0,0,0,1,0,0,0,0,0,0,0,0,0,0,0,0,0
41,VRANCEA,"ȘCOALA PRIMARĂ MOTNĂU",155,DUMITREŞTI,175983,1,PROV,PRCNCT,CD,CD_SV,"2021-01-21 12:30:02",289,266,16,7,149,126,16,7,300,151,146,1,2,43,0,1,77,4,1,15,0,5,0,0,0,0,0,0,0,0,0,0,0,0,0,0,0,0,0
41,VRANCEA,"ȘCOALA PRIMARĂ TRESTIA",156,DUMITREŞTI,175983,1,PROV,PRCNCT,CD,CD_SV,"2021-01-21 12:30:02",138,124,13,1,72,58,13,1,140,68,70,2,0,21,0,0,45,1,0,2,0,0,0,0,0,0,0,0,0,0,0,0,0,0,1,0,0,0,0
41,VRANCEA,"ȘCOALA PRIMARĂ TINOASA",157,DUMITREŞTI,175983,1,PROV,PRCNCT,CD,CD_SV,"2021-01-21 12:30:02",150,137,11,2,102,89,11,2,150,48,101,0,1,12,0,1,81,2,0,5,0,0,0,0,0,0,0,0,0,0,0,0,0,0,0,0,0,0,0
41,VRANCEA,"ȘCOALA GIMNAZIALĂ LĂSTUNI",158,DUMITREŞTI,175983,1,PROV,PRCNCT,CD,CD_SV,"2021-01-21 12:30:02",277,264,13,0,121,108,13,0,290,169,119,0,2,45,1,4,50,1,3,12,0,0,0,0,0,0,0,0,0,0,0,1,0,1,0,0,1,0,0
41,VRANCEA,"ȘCOALA PRIMARĂ POIENIȚA",159,DUMITREŞTI,175983,1,PROV,PRCNCT,CD,CD_SV,"2021-01-21 12:30:02",194,177,10,7,105,88,10,7,200,95,100,5,0,21,0,1,68,2,6,1,0,0,0,0,0,0,1,0,0,0,0,0,0,0,0,0,0,0,0
41,VRANCEA,"ȘCOALA PRIMARĂ DUMITREȘTII - FAȚĂ",160,DUMITREŞTI,175983,1,PROV,PRCNCT,CD,CD_SV,"2021-01-21 12:30:02",191,174,17,0,96,79,17,0,190,94,92,2,2,26,0,2,57,1,0,5,0,0,0,0,0,1,0,0,0,0,0,0,0,0,0,0,0,0,0
41,VRANCEA,"ȘCOALA PRIMARĂ BICEȘTII DE SUS",161,DUMITREŞTI,175983,1,PROV,PRCNCT,CD,CD_SV,"2021-01-21 12:30:02",601,579,22,0,310,288,22,0,640,330,296,10,4,82,2,2,168,3,4,26,0,5,0,0,0,0,0,0,0,0,0,1,0,1,1,1,0,0,0
41,VRANCEA,"ȘCOALA PRIMARĂ GĂLOIEȘTI",162,DUMITREŞTI,175983,2,PART,PRCNCT,CD,CD_SV,"2021-01-21 12:30:02",485,468,13,4,212,195,13,4,520,308,204,8,0,54,0,2,125,3,4,6,1,3,0,0,0,0,0,0,0,0,0,1,1,0,0,2,1,1,0
41,VRANCEA,"ȘCOALA PRIMARĂ BICEȘTII DE JOS",163,DUMITREŞTI,175983,1,PROV,PRCNCT,CD,CD_SV,"2021-01-21 12:30:02",566,545,18,3,259,238,18,3,600,341,246,8,5,43,2,2,169,2,3,19,0,2,1,0,0,0,0,0,0,0,1,0,0,1,1,0,0,0,0
41,VRANCEA,"ȘCOALA GIMNAZIALĂ FITIONEȘTI",164,FITIONEŞTI,176150,1,PROV,PRCNCT,CD,CD_SV,"2021-01-21 12:30:02",673,666,7,0,198,191,7,0,740,542,191,6,1,79,1,16,40,8,12,31,0,0,0,0,0,1,0,0,0,0,0,0,0,0,1,0,1,0,1
41,VRANCEA,"SCOALA CU CLASELE I-IV PISC",165,FITIONEŞTI,176150,2,PART,PRCNCT,CD,CD_SV,"2021-01-21 12:30:02",542,535,6,1,114,107,6,1,590,476,110,4,0,35,0,9,35,9,1,15,1,2,0,0,0,0,2,0,0,0,0,1,0,0,0,0,0,0,0
41,VRANCEA,"GRADINITA GHIMICESTI",166,FITIONEŞTI,176150,1,PROV,PRCNCT,CD,CD_SV,"2021-01-21 12:30:02",336,322,14,0,102,88,14,0,360,258,98,4,0,36,0,9,24,6,4,13,1,0,0,0,0,0,0,0,1,0,0,0,0,0,2,2,0,0,0
41,VRANCEA,"SCOALA I-IV MANASTIOARA",167,FITIONEŞTI,176150,1,PROV,PRCNCT,CD,CD_SV,"2021-01-21 12:30:02",501,487,14,0,124,110,14,0,540,416,120,4,0,39,0,16,33,5,5,18,2,0,0,0,0,1,0,0,0,0,0,0,0,0,0,0,1,0,0
41,VRANCEA,"CENTRUL DE ZI SOCIO-EDUCATIONAL MULTIFUNCTIONAL COMUNA FITIONESTI",168,FITIONEŞTI,176150,1,PROV,PRCNCT,CD,CD_SV,"2021-01-21 12:30:02",143,131,12,0,34,22,12,0,140,106,33,0,1,8,0,1,18,3,1,2,0,0,0,0,0,0,0,0,0,0,0,0,0,0,0,0,0,0,0
41,VRANCEA,"CAMINUL CULTURAL",169,GAROAFA,176212,1,PROV,PRCNCT,CD,CD_SV,"2021-01-21 12:30:02",1653,1614,33,6,542,503,33,6,1780,1238,522,11,9,95,0,38,262,18,8,91,2,6,0,0,0,0,0,0,0,0,0,0,0,1,0,0,1,0,0
41,VRANCEA,"ŞCOALA PRIMARĂ",170,GAROAFA,176212,1,PROV,PRCNCT,CD,CD_SV,"2021-01-21 12:30:02",614,592,17,5,162,140,17,5,650,488,157,2,3,38,0,13,65,7,2,29,1,2,0,0,0,0,0,0,0,0,0,0,0,0,0,0,0,0,0
41,VRANCEA,ŞCOALA,171,GAROAFA,176212,1,PROV,PRCNCT,CD,CD_SV,"2021-01-21 12:30:02",381,363,18,0,136,118,18,0,400,264,132,4,0,28,0,6,74,6,2,14,0,2,0,0,0,0,0,0,0,0,0,0,0,0,0,0,0,0,0
41,VRANCEA,"ŞCOALA GIMNAZIALĂ ”PETRACHE BLÎNDU”",172,GAROAFA,176212,1,PROV,PRCNCT,CD,CD_SV,"2021-01-21 12:30:02",1363,1319,44,0,428,384,44,0,1450,1022,418,8,2,96,0,12,170,14,8,107,1,2,0,1,0,1,0,0,0,1,0,1,1,1,0,1,0,0,1
41,VRANCEA,"ŞCOALA GIMNAZIALĂ GOLEŞTI",173,GOLEŞTI,174824,2,PART,PRCNCT,CD,CD_SV,"2021-01-21 12:30:02",1457,1397,60,0,534,474,60,0,1540,1006,529,4,1,169,1,47,147,14,20,114,10,6,0,1,0,0,0,0,0,0,0,0,0,0,0,0,0,0,0
41,VRANCEA,"CĂMIN CULTURAL GOLEŞTI",174,GOLEŞTI,174824,2,PART,PRCNCT,CD,CD_SV,"2021-01-21 12:30:02",1550,1536,14,0,527,513,14,0,1690,1163,511,15,1,178,0,59,143,17,23,81,4,5,0,0,0,0,0,0,0,1,0,0,0,0,0,0,0,0,0
41,VRANCEA,"GRĂDINIŢA CU PROGRAM PRELUNGIT GOLEŞTI",175,GOLEŞTI,174824,1,PROV,PRCNCT,CD,CD_SV,"2021-01-21 12:30:02",960,940,20,0,332,312,20,0,1030,698,331,1,0,100,0,45,93,12,20,46,5,1,0,1,0,0,0,2,1,0,0,0,0,0,0,3,1,0,1
41,VRANCEA,"GRĂDINIȚA CU PROGRAM NORMAL GOLOGANU",176,GOLOGANU,178938,2,PART,PRCNCT,CD,CD_SV,"2021-01-21 12:30:02",1197,1171,24,2,367,341,24,2,1290,923,350,13,4,146,0,29,81,7,34,45,0,6,0,0,0,0,0,0,0,0,0,1,0,0,1,0,0,0,0
41,VRANCEA,"ȘCOALA GIMNAZIALĂ ”PROF. GENERAL GHEORGHE GHEORGHIU” GOLOGANU",177,GOLOGANU,178938,1,PROV,PRCNCT,CD,CD_SV,"2021-01-21 12:30:02",1430,1402,28,0,523,495,28,0,1550,1027,502,15,6,203,0,36,123,19,52,50,5,7,0,0,0,1,0,2,0,1,0,1,0,0,0,1,0,0,1
41,VRANCEA,"CĂMINUL CULTURAL „NICOLAE CIORĂSCU” GUGEŞTI",178,GUGEŞTI,176301,1,PROV,PRCNCT,CD,CD_SV,"2021-01-21 12:30:02",1670,1626,24,20,523,479,24,20,1790,1267,498,19,6,249,1,27,106,12,6,75,7,10,0,1,0,2,1,0,0,0,0,0,0,1,0,0,0,0,0
41,VRANCEA,"ŞCOALA GIMNAZIALĂ NR.2 GUGEŞTI",179,GUGEŞTI,176301,1,PROV,PRCNCT,CD,CD_SV,"2021-01-21 12:30:02",1493,1457,25,11,470,434,25,11,1610,1140,453,15,2,242,1,18,104,12,12,54,3,4,0,0,0,0,0,0,0,0,0,0,0,0,2,0,0,1,0
41,VRANCEA,"GRĂDINIȚA CU PROGRAM NORMAL NR.3 GUGEŞTI",180,GUGEŞTI,176301,1,PROV,PRCNCT,CD,CD_SV,"2021-01-21 12:30:02",910,888,16,6,301,279,16,6,980,679,294,6,1,163,1,10,63,11,2,28,3,6,1,0,0,0,1,0,1,1,0,0,0,1,1,0,1,0,0
41,VRANCEA,"ŞCOALA GIMNAZIALĂ ”ALEXANDRU VLAHUȚĂ” GUGEŞTI",181,GUGEŞTI,176301,1,PROV,PRCNCT,CD,CD_SV,"2021-01-21 12:30:02",1023,1005,9,9,297,279,9,9,1100,803,292,4,1,156,1,19,51,8,5,45,1,5,0,0,0,0,0,0,0,0,0,0,0,0,1,0,0,0,0
41,VRANCEA,"ŞCOALA GIMNAZIALĂ NR.4 OREAVU",182,GUGEŞTI,176301,1,PROV,PRCNCT,CD,CD_SV,"2021-01-21 12:30:02",466,444,17,5,145,123,17,5,490,345,140,4,1,55,1,4,58,5,6,10,0,1,0,0,0,0,0,0,0,0,0,0,0,0,0,0,0,0,0
41,VRANCEA,"ȘCOALA GIMNAZIALĂ GURA CALIȚEI",183,"GURA CALIŢEI",176338,2,PART,PRCNCT,CD,CD_SV,"2021-01-21 12:30:02",856,825,29,2,284,253,29,2,910,626,274,8,2,52,0,8,149,13,9,35,1,3,0,0,0,1,0,1,0,0,0,0,0,0,1,1,0,0,0
41,VRANCEA,"ȘCOALA PRIMARĂ ”NICOLAE V. BĂLAN” LACU LUI BABAN",184,"GURA CALIŢEI",176338,1,PROV,PRCNCT,CD,CD_SV,"2021-01-21 12:30:02",376,357,18,1,109,90,18,1,390,281,103,2,4,13,0,4,45,23,6,9,0,0,0,0,0,1,0,0,0,0,1,0,0,0,0,1,0,0,0
41,VRANCEA,"SCOALA GENERALA POIENILE",185,"GURA CALIŢEI",176338,1,PROV,PRCNCT,CD,CD_SV,"2021-01-21 12:30:02",317,304,13,0,102,89,13,0,340,238,98,2,2,39,1,2,39,3,5,6,0,0,0,0,0,0,0,0,1,0,0,0,0,1,1,0,0,0,0
41,VRANCEA,"ȘCOALA PRIMARĂ PLOPU",186,"GURA CALIŢEI",176338,2,PART,PRCNCT,CD,CD_SV,"2021-01-21 12:30:02",284,272,10,2,99,87,10,2,300,201,96,0,3,22,0,3,56,3,1,7,0,4,0,0,0,0,0,0,0,0,0,0,0,0,0,0,0,0,0
41,VRANCEA,"ȘCOALA PRIMARĂ DEALU LUNG",187,"GURA CALIŢEI",176338,1,PROV,PRCNCT,CD,CD_SV,"2021-01-21 12:30:02",337,329,8,0,67,59,8,0,360,293,64,2,1,26,0,2,22,1,2,5,1,0,0,0,0,0,0,0,0,2,0,0,1,0,1,1,0,0,0
41,VRANCEA,"CAMINUL CULTURAL",188,HOMOCEA,176445,1,PROV,PRCNCT,CD,CD_SV,"2021-01-21 12:30:02",1658,1625,33,0,339,306,33,0,1800,1461,313,23,3,74,0,11,137,3,5,74,1,1,0,0,1,1,0,0,2,0,0,2,0,0,0,0,1,0,0
41,VRANCEA,"CAMINUL CULTURAL",189,HOMOCEA,176445,2,PART,PRCNCT,CD,CD_SV,"2021-01-21 12:30:02",1032,1021,11,0,290,279,11,0,1130,840,280,9,1,99,0,4,96,8,5,64,0,2,0,0,0,1,0,0,0,0,0,0,0,0,0,0,0,1,0
41,VRANCEA,"ȘCOALA VECHE SAT COSTIȘA",190,HOMOCEA,176445,2,PART,PRCNCT,CD,CD_SV,"2021-01-21 12:30:02",308,300,8,0,106,98,8,0,330,224,101,5,0,8,1,7,72,0,1,8,1,2,0,0,0,0,0,0,0,0,0,1,0,0,0,0,0,0,0
41,VRANCEA,"GRADINITA NR. 1 CENTRU HOMOCEA",191,HOMOCEA,176445,1,PROV,PRCNCT,CD,CD_SV,"2021-01-21 12:30:02",1729,1713,16,0,310,294,16,0,1890,1580,292,14,4,64,0,9,152,1,7,51,3,2,0,1,0,0,0,0,0,0,0,0,0,0,1,1,0,0,0
41,VRANCEA,"SCOALA CU CLASELE I-VIII",192,HOMOCEA,176445,2,PART,PRCNCT,CD,CD_SV,"2021-01-21 12:30:02",1274,1262,12,0,265,253,12,0,1380,1115,256,8,1,70,0,5,136,3,3,35,0,3,0,0,0,0,0,0,0,0,0,0,0,0,0,0,1,0,0
41,VRANCEA,"SCOALA GIMNAZIALA JARISTEA",193,JARIŞTEA,176506,1,PROV,PRCNCT,CD,CD_SV,"2021-01-21 12:30:02",1696,1649,47,0,547,500,47,0,1820,1273,528,10,9,114,0,22,272,23,15,68,4,5,0,0,0,2,0,0,0,0,1,0,0,1,1,0,0,0,0
41,VRANCEA,"SCOALA PRIMARA NR 2 MARGINEA",194,JARIŞTEA,176506,4,PART,PRCNCT,CD,CD_SV,"2021-01-21 12:30:02",742,716,25,1,269,243,25,1,790,521,256,12,1,58,0,26,119,5,3,41,2,0,0,0,0,0,0,0,0,1,0,0,0,0,0,0,0,0,1
41,VRANCEA,"SCOALA PRIMARA VARSATURA",195,JARIŞTEA,176506,1,PROV,PRCNCT,CD,CD_SV,"2021-01-21 12:30:02",486,469,17,0,138,121,17,0,520,382,132,6,0,17,0,2,81,6,1,23,0,1,0,0,0,0,0,0,0,1,0,0,0,0,0,0,0,0,0
41,VRANCEA,"SCOALA PRIMARA PADURENI",196,JARIŞTEA,176506,2,PART,PRCNCT,CD,CD_SV,"2021-01-21 12:30:02",418,388,30,0,161,131,30,0,430,269,152,7,2,33,1,4,87,3,4,19,0,1,0,0,0,0,0,0,0,0,0,0,0,0,0,0,0,0,0
41,VRANCEA,"SCOALA PRIMARA SCINTEIA",197,JARIŞTEA,176506,2,PART,PRCNCT,CD,CD_SV,"2021-01-21 12:30:02",188,173,14,1,78,63,14,1,190,112,76,1,1,10,0,5,57,1,1,0,0,0,0,0,0,0,0,0,1,0,0,0,0,0,1,0,0,0,0
41,VRANCEA,"SCOALA CU CLASELE I-IV JITIA",198,JITIA,176551,2,PART,PRCNCT,CD,CD_SV,"2021-01-21 12:30:02",615,603,10,2,187,175,10,2,670,483,181,4,2,86,0,9,57,5,6,14,0,2,0,0,0,0,0,0,0,0,0,0,0,0,2,0,0,0,0
41,VRANCEA,"SCOALA CU CLASELE I-IV JITIA DE JOS NR.1",199,JITIA,176551,1,PROV,PRCNCT,CD,CD_SV,"2021-01-21 12:30:02",336,328,7,1,116,108,7,1,360,244,110,5,1,64,0,2,25,2,3,12,0,1,0,0,0,0,0,0,1,0,0,0,0,0,0,0,0,0,0
41,VRANCEA,"ȘCOALA PRIMARĂ CERBU",200,JITIA,176551,1,PROV,PRCNCT,CD,CD_SV,"2021-01-21 12:30:02",186,180,6,0,86,80,6,0,200,114,82,3,1,41,1,4,26,2,1,5,1,0,0,0,0,0,0,0,0,1,0,0,0,0,0,0,0,0,0
41,VRANCEA,"SCOALA CU CLASELE I-IV DEALU SARII",201,JITIA,176551,1,PROV,PRCNCT,CD,CD_SV,"2021-01-21 12:30:02",156,148,8,0,73,65,8,0,160,87,70,0,3,31,0,5,24,4,1,4,0,1,0,0,0,0,0,0,0,0,0,0,0,0,0,0,0,0,0
41,VRANCEA,"SCOALA GIMNAZIALA MAICANESTI",202,MĂICĂNEŞTI,176613,1,PROV,PRCNCT,CD,CD_SV,"2021-01-21 12:30:02",1180,1152,24,4,396,368,24,4,1270,874,369,24,3,79,1,11,217,3,9,36,0,2,0,1,1,0,0,0,0,0,1,1,0,0,6,1,0,0,0
41,VRANCEA,"SCOALA GENERALA TATARU",203,MĂICĂNEŞTI,176613,2,PART,PRCNCT,CD,CD_SV,"2021-01-21 12:30:02",701,674,27,0,282,255,27,0,740,458,276,3,3,47,1,15,176,5,2,20,0,2,1,0,0,0,0,0,0,0,0,1,0,1,2,1,1,1,0
41,VRANCEA,"SCOALA GIMNAZIALA RIMNICENI",204,MĂICĂNEŞTI,176613,1,PROV,PRCNCT,CD,CD_SV,"2021-01-21 12:30:02",1259,1218,41,0,513,472,41,0,1340,827,489,20,4,118,0,10,286,9,16,24,3,11,0,0,0,1,0,1,1,3,0,0,0,0,4,0,2,0,0
41,VRANCEA,"SCOALA GENERALA SLOBOZIA-BOTESTI",205,MĂICĂNEŞTI,176613,2,PART,PRCNCT,CD,CD_SV,"2021-01-21 12:30:02",251,229,20,2,110,88,20,2,250,140,99,5,6,39,0,3,51,1,1,2,0,1,0,0,0,0,0,0,0,0,0,0,0,0,1,0,0,0,0
41,VRANCEA,"SCOALA GENERALA SATU-NOU",206,MĂICĂNEŞTI,176613,1,PROV,PRCNCT,CD,CD_SV,"2021-01-21 12:30:02",240,220,20,0,93,73,20,0,240,147,87,5,1,27,0,9,38,4,1,7,0,1,0,0,0,0,0,0,0,0,0,0,0,0,0,0,0,0,0
41,VRANCEA,"GRADINITA CU PROGRAM NORMAL STUPINA",207,MĂICĂNEŞTI,176613,1,PROV,PRCNCT,CD,CD_SV,"2021-01-21 12:30:02",297,279,18,0,135,117,18,0,310,176,127,4,3,33,0,7,68,2,4,8,0,0,0,0,0,0,0,0,0,3,0,0,0,0,2,0,0,0,0
41,VRANCEA,"CĂMINUL CULTURAL ”DIMITRIE CANTEMIR”",208,MERA,176686,1,PROV,PRCNCT,CD,CD_SV,"2021-01-21 12:30:02",1078,1062,16,0,304,288,16,0,1170,866,293,8,3,100,0,8,106,6,4,61,3,2,0,0,0,1,0,0,0,1,1,0,0,0,0,0,0,0,0
41,VRANCEA,"ȘCOALA GIMNAZIALĂ NR.1- CORP A",209,MERA,176686,1,PROV,PRCNCT,CD,CD_SV,"2021-01-21 12:30:02",1628,1613,15,0,412,397,15,0,1780,1368,391,13,8,123,3,6,146,3,10,83,1,4,0,0,0,1,0,0,0,2,0,0,2,1,2,3,1,0,0
41,VRANCEA,"ȘOALA GIMNAZIALĂ PETRE MIRONESCU -MERA",210,MERA,176686,1,PROV,PRCNCT,CD,CD_SV,"2021-01-21 12:30:02",556,542,14,0,164,150,14,0,590,426,155,7,2,81,1,5,42,0,4,19,2,0,0,0,0,0,0,0,0,1,0,0,0,0,0,0,0,0,0
41,VRANCEA,"GRĂDINIȚA CU PROGRAM NORMAL MILCOVUL",211,MILCOVUL,176748,2,PART,PRCNCT,CD,CD_SV,"2021-01-21 12:30:02",1112,1073,29,10,426,387,29,10,1180,754,413,5,8,154,2,43,139,6,10,41,8,5,0,0,0,0,0,0,0,2,0,0,0,0,2,1,0,0,0
41,VRANCEA,"GRĂDINIȚA CU PROGRAM NORMAL MILCOVUL",212,MILCOVUL,176748,2,PART,PRCNCT,CD,CD_SV,"2021-01-21 12:30:02",1132,1086,39,7,448,402,39,7,1200,752,428,17,3,161,0,41,149,16,6,46,3,2,0,0,0,0,0,0,0,0,0,0,0,1,1,1,1,0,0
41,VRANCEA,"GRĂDINIȚA CU PROGRAM NORMAL LĂMOTEȘTI",213,MILCOVUL,176748,1,PROV,PRCNCT,CD,CD_SV,"2021-01-21 12:30:02",889,863,21,5,306,280,21,5,950,644,297,9,0,96,0,26,99,9,4,54,6,1,0,0,0,1,0,0,0,0,0,0,0,0,1,0,0,0,0
41,VRANCEA,"SCOALA PRIMARA DIOCHETI-REDIU",214,MOVILIŢA,176793,1,PROV,PRCNCT,CD,CD_SV,"2021-01-21 12:30:02",571,560,11,0,141,130,11,0,620,479,135,6,0,57,0,10,39,6,4,13,0,6,0,0,0,0,0,0,0,0,0,0,0,0,0,0,0,0,0
41,VRANCEA,"GRADINITA SPERIETI",215,MOVILIŢA,176793,1,PROV,PRCNCT,CD,CD_SV,"2021-01-21 12:30:02",408,392,16,0,122,106,16,0,430,308,117,4,1,52,0,9,31,8,1,14,0,1,0,0,0,0,0,0,0,1,0,0,0,0,0,0,0,0,0
41,VRANCEA,"SCOALA NR.2",216,MOVILIŢA,176793,1,PROV,PRCNCT,CD,CD_SV,"2021-01-21 12:30:02",653,642,11,0,178,167,11,0,700,522,172,3,3,66,0,16,47,6,5,27,1,2,0,0,0,0,0,0,0,0,1,0,0,0,0,1,0,0,0
41,VRANCEA,"SCOALA NR.1",217,MOVILIŢA,176793,1,PROV,PRCNCT,CD,CD_SV,"2021-01-21 12:30:02",747,736,11,0,164,153,11,0,810,646,158,5,1,36,0,21,46,15,0,32,1,6,0,0,0,0,0,0,0,1,0,0,0,0,0,0,0,0,0
41,VRANCEA,"SCOALA PRIMARA TROTUSANU",218,MOVILIŢA,176793,1,PROV,PRCNCT,CD,CD_SV,"2021-01-21 12:30:02",387,378,9,0,106,97,9,0,420,314,103,3,0,35,0,18,22,3,6,10,1,5,0,0,0,0,0,0,0,0,0,0,1,0,1,1,0,0,0
41,VRANCEA,"SCOALA PRIMARA FRECATEI",219,MOVILIŢA,176793,1,PROV,PRCNCT,CD,CD_SV,"2021-01-21 12:30:02",411,401,10,0,94,84,10,0,440,346,92,2,0,37,1,3,20,2,4,24,0,0,0,0,0,0,0,0,0,0,0,0,0,0,0,1,0,0,0
41,VRANCEA,"CAMIN CULTURAL NANESTI",220,NĂNEŞTI,176855,2,PART,PRCNCT,CD,CD_SV,"2021-01-21 12:30:02",1065,1049,16,0,233,217,16,0,1160,927,218,8,7,81,5,28,58,9,4,24,0,3,0,1,1,0,0,0,0,0,0,1,0,1,0,1,0,0,1
41,VRANCEA,"CAMIN CULTURAL CALIENII-VECHI",221,NĂNEŞTI,176855,1,PROV,PRCNCT,CD,CD_SV,"2021-01-21 12:30:02",583,565,18,0,163,145,18,0,620,457,157,4,2,90,1,8,20,12,7,13,1,2,0,0,0,0,0,0,0,0,0,0,0,1,1,0,0,0,1
41,VRANCEA,"SCOALA CALIENII-NOI",222,NĂNEŞTI,176855,1,PROV,PRCNCT,CD,CD_SV,"2021-01-21 12:30:02",278,262,16,0,87,71,16,0,290,203,83,2,2,34,0,5,20,2,2,14,1,3,0,0,0,0,1,0,0,0,0,0,1,0,0,0,0,0,0
41,VRANCEA,"CĂMINUL CULTURAL",223,NĂRUJA,176891,1,PROV,PRCNCT,CD,CD_SV,"2021-01-21 12:30:02",1015,995,20,0,412,392,20,0,1100,688,394,14,4,268,0,7,54,10,12,34,4,2,0,0,0,0,0,1,0,0,0,0,0,0,0,1,0,0,1
41,VRANCEA,"ŞCOALA CU CLASELE I-IV",224,NĂRUJA,176891,1,PROV,PRCNCT,CD,CD_SV,"2021-01-21 12:30:02",554,541,13,0,224,211,13,0,600,376,217,7,0,129,0,2,23,8,13,38,0,3,0,0,0,0,0,0,0,0,0,1,0,0,0,0,0,0,0
41,VRANCEA,"ȘCOALA GIMNAZIALĂ ”DUMITRU PRICOP”",225,NEGRILEŞTI,178885,2,PART,PRCNCT,CD,CD_SV,"2021-01-21 12:30:02",1441,1405,12,24,520,484,12,24,1550,1030,486,26,8,308,1,26,88,20,5,26,2,6,0,0,0,1,0,1,0,0,1,0,0,0,0,0,0,1,0
41,VRANCEA,"SCOALA ” DIMITRIE GUSTI” NEREJU",226,NEREJU,176944,1,PROV,PRCNCT,CD,CD_SV,"2021-01-21 12:30:02",1422,1403,19,0,539,520,19,0,1540,1001,524,13,2,160,1,12,208,11,14,97,4,10,0,0,0,0,1,0,0,1,0,1,0,1,1,2,0,0,0
41,VRANCEA,"SCOALA GIMNAZIALA NEREJU-MIC",227,NEREJU,176944,1,PROV,PRCNCT,CD,CD_SV,"2021-01-21 12:30:02",1507,1492,15,0,541,526,15,0,1640,1099,511,21,9,108,0,11,237,14,4,119,2,4,0,0,2,1,1,0,0,1,0,0,1,2,1,2,1,0,0
41,VRANCEA,"INTERNAT SCOLAR",228,NEREJU,176944,1,PROV,PRCNCT,CD,CD_SV,"2021-01-21 12:30:02",597,586,11,0,189,178,11,0,650,461,175,5,9,41,0,1,62,1,3,58,0,1,0,0,0,2,0,0,1,0,2,1,0,0,0,1,0,0,1
41,VRANCEA,"ȘCOALA GIMNAZIALĂ NISTOREȘTI",229,NISTOREŞTI,177003,2,PART,PRCNCT,CD,CD_SV,"2021-01-21 12:30:02",903,875,24,4,287,259,24,4,970,683,269,15,3,129,1,6,37,2,16,67,1,6,0,0,0,0,0,0,0,2,0,0,0,1,0,1,0,0,0
41,VRANCEA,"GRĂDINIȚA, SAT VETREȘTI-HERĂSTRĂU",230,NISTOREŞTI,177003,1,PROV,PRCNCT,CD,CD_SV,"2021-01-21 12:30:02",857,821,23,13,329,293,23,13,910,581,316,9,4,152,1,13,28,13,10,91,0,4,0,0,1,0,0,0,1,0,0,0,0,0,0,2,0,0,0
41,VRANCEA,"SCOALA GIMNAZIALĂ OBREJIŢA",231,OBREJIŢA,178947,2,PART,PRCNCT,CD,CD_SV,"2021-01-21 12:30:02",1330,1301,24,5,416,387,24,5,1430,1014,403,8,5,163,0,8,115,26,12,59,4,10,0,2,0,1,0,0,1,0,0,0,0,0,1,1,0,0,0
41,VRANCEA,"CAMIN CULTURAL PALTIN",232,PALTIN,177101,1,PROV,PRCNCT,CD,CD_SV,"2021-01-21 12:30:02",1128,1114,14,0,455,441,14,0,1230,775,437,18,0,246,1,10,99,5,4,63,3,2,0,0,0,0,1,0,0,0,0,0,0,2,0,1,0,0,0
41,VRANCEA,"CAMIN CULTURAL PRAHUDA",233,PALTIN,177101,2,PART,PRCNCT,CD,CD_SV,"2021-01-21 12:30:02",467,443,24,0,224,200,24,0,490,266,215,9,0,107,0,5,49,1,7,42,1,0,0,0,0,0,0,0,0,0,0,1,0,1,1,0,0,0,0
41,VRANCEA,"CAMIN CULTURAL PĂULEȘTI",234,PĂULEŞTI,178910,2,PART,PRCNCT,CD,CD_SV,"2021-01-21 12:30:02",616,602,10,4,255,241,10,4,670,415,244,8,3,144,0,15,50,9,5,12,1,3,0,0,0,0,1,0,0,0,0,0,0,2,0,2,0,0,0
41,VRANCEA,"ŞCOALA CU CLASELE I-IV FUNDATURA",235,PĂULEŞTI,178910,2,PART,PRCNCT,CD,CD_SV,"2021-01-21 12:30:02",448,434,10,4,175,161,10,4,480,305,164,7,4,76,0,13,40,21,3,11,0,0,0,0,0,0,0,0,0,0,0,0,0,0,0,0,0,0,0
41,VRANCEA,"CĂMINUL CULTURAL HĂULIȘCA",236,PĂULEŞTI,178910,1,PROV,PRCNCT,CD,CD_SV,"2021-01-21 12:30:02",559,539,14,6,256,236,14,6,590,334,241,2,13,149,0,2,43,13,4,24,0,1,0,0,0,0,0,0,0,0,1,1,0,1,0,1,1,0,0
41,VRANCEA,"SCOALA PRIMARA SURLEA",237,PĂUNEŞTI,177236,1,PROV,PRCNCT,CD,CD_SV,"2021-01-21 12:30:02",1146,1134,12,0,289,277,12,0,1250,961,276,9,4,55,0,15,128,6,12,49,1,6,0,0,0,1,1,0,0,1,0,0,0,0,0,1,0,0,0
41,VRANCEA,"SCOALA PRIMARA NOVACESTI",238,PĂUNEŞTI,177236,2,PART,PRCNCT,CD,CD_SV,"2021-01-21 12:30:02",1473,1461,12,0,351,339,12,0,1600,1249,334,7,10,71,0,14,154,4,4,83,1,1,0,0,0,0,0,0,0,0,0,0,0,2,0,0,0,0,0
41,VRANCEA,"SCOALA PRIMARA BOSTANESTI",239,PĂUNEŞTI,177236,1,PROV,PRCNCT,CD,CD_SV,"2021-01-21 12:30:02",906,897,9,0,260,251,9,0,990,730,245,12,3,67,0,18,91,6,10,41,1,6,0,0,1,0,1,0,1,0,0,0,0,0,1,1,0,0,0
41,VRANCEA,"GRADINITA CU PROGRAM NORMAL VIISOARA",240,PĂUNEŞTI,177236,1,PROV,PRCNCT,CD,CD_SV,"2021-01-21 12:30:02",805,794,11,0,187,176,11,0,880,693,177,9,1,49,1,9,80,5,4,23,2,1,0,0,0,0,0,0,1,1,0,0,0,0,0,0,0,0,1
41,VRANCEA,"CAMIN CULTURAL PAUNESTI",241,PĂUNEŞTI,177236,1,PROV,PRCNCT,CD,CD_SV,"2021-01-21 12:30:02",1128,1116,12,0,285,273,12,0,1230,945,276,5,4,71,0,19,118,11,3,50,2,2,0,0,0,0,0,0,0,0,0,0,0,0,0,0,0,0,0
41,VRANCEA,"SCOALA GENERALA NR.1, CORP A",242,PLOSCUŢENI,178894,1,PROV,PRCNCT,CD,CD_SV,"2021-01-21 12:30:02",1007,999,8,0,218,210,8,0,1100,882,214,3,1,92,0,44,42,4,2,25,0,2,0,0,0,1,0,0,0,0,0,0,0,1,0,0,0,0,1
41,VRANCEA,"SCOALA GENERALA NR.1, CORP B",243,PLOSCUŢENI,178894,1,PROV,PRCNCT,CD,CD_SV,"2021-01-21 12:30:02",1154,1145,9,0,259,250,9,0,1260,1001,250,8,1,108,0,47,50,3,1,36,2,2,0,0,0,0,0,0,0,0,0,0,0,0,1,0,0,0,0
41,VRANCEA,"SCOALA PRIMARA SAT ARGEA",244,PLOSCUŢENI,178894,2,PART,PRCNCT,CD,CD_SV,"2021-01-21 12:30:02",373,362,11,0,97,86,11,0,400,303,96,0,1,66,0,4,14,1,4,4,0,1,0,0,0,0,0,0,0,0,0,0,0,0,0,2,0,0,0
41,VRANCEA,"CAMIN CULTURAL POIANA CRISTEI, PRIMARIA COMUNEI POIANA CRISTEI",245,"POIANA CRISTEI",177263,2,PART,PRCNCT,CD,CD_SV,"2021-01-21 12:30:02",983,947,30,6,340,304,30,6,1050,710,329,7,4,162,0,7,97,4,9,38,0,10,0,0,0,0,0,0,0,1,0,0,0,0,0,1,0,0,0
41,VRANCEA,"SCOALA CU CLASELE I-IV SAT PODU LACULUI, SCOALA COORDONATOARE POIANA CRISTEI",246,"POIANA CRISTEI",177263,3,PART,PRCNCT,CD,CD_SV,"2021-01-21 12:30:02",525,501,16,8,192,168,16,8,560,368,185,3,4,84,1,4,59,1,8,21,2,3,0,0,0,0,0,1,0,0,0,0,0,0,0,1,0,0,0
41,VRANCEA,"SCOALA CU CLASELE I-IV SAT MAHRIU, SCOALA COORDONATORARE POIANA CRISTEI",247,"POIANA CRISTEI",177263,2,PART,PRCNCT,CD,CD_SV,"2021-01-21 12:30:02",307,296,10,1,82,71,10,1,330,248,80,2,0,33,0,2,25,1,3,10,0,2,0,0,0,0,0,0,0,0,0,0,0,0,0,2,2,0,0
41,VRANCEA,"SCOALA CU CLASELE I-IV SAT PETREANU. SCOALA COORDONATOARE POIANA CRISTEI",248,"POIANA CRISTEI",177263,1,PROV,PRCNCT,CD,CD_SV,"2021-01-21 12:30:02",134,126,8,0,49,41,8,0,140,91,46,2,1,16,0,1,20,1,6,2,0,0,0,0,0,0,0,0,0,0,0,0,0,0,0,0,0,0,0
41,VRANCEA,"SCOALA CU CLASELE I-VIII SAT TIRITU, SCOALA COORDONATOARE POIANA CRISTEI",249,"POIANA CRISTEI",177263,2,PART,PRCNCT,CD,CD_SV,"2021-01-21 12:30:02",231,225,5,1,70,64,5,1,250,180,70,0,0,25,0,1,28,2,8,4,1,0,0,0,0,1,0,0,0,0,0,0,0,0,0,0,0,0,0
41,VRANCEA,"SCOALA GIMNAZIALA PROFESOR DOCTOR GENERAL GHEORGHE V. ZAHARIA",250,POPEŞTI,178901,1,PROV,PRCNCT,CD,CD_SV,"2021-01-21 12:30:02",1126,1098,28,0,328,300,28,0,1210,882,315,9,4,90,0,16,108,23,19,54,1,1,0,0,0,0,0,1,1,0,0,0,0,0,1,0,0,0,0
41,VRANCEA,"GRĂDINIȚA CU PROGRAM NORMAL NR.2 POPEȘTI",251,POPEŞTI,178901,1,PROV,PRCNCT,CD,CD_SV,"2021-01-21 12:30:02",918,904,14,0,227,213,14,0,990,763,221,4,2,65,0,10,60,30,7,36,2,6,0,0,0,0,1,0,0,0,0,0,0,2,1,1,0,0,0
41,VRANCEA,"SCOALA PRIMARA TERCHESTI",252,POPEŞTI,178901,1,PROV,PRCNCT,CD,CD_SV,"2021-01-21 12:30:02",493,484,9,0,109,100,9,0,530,421,107,1,1,37,0,3,27,6,7,23,1,2,0,0,0,0,0,0,0,0,0,0,0,0,0,1,0,0,0
41,VRANCEA,"ŞCOALA GIMNAZIALĂ PUFEŞTI",253,PUFEŞTI,177352,2,PART,PRCNCT,CD,CD_SV,"2021-01-21 12:30:02",1329,1312,15,2,399,382,15,2,400,1,389,10,0,85,0,24,85,5,9,169,2,6,0,0,0,1,0,0,0,0,0,0,0,2,0,1,0,0,0
41,VRANCEA,"GRĂDINIŢA CIORANI",254,PUFEŞTI,177352,2,PART,PRCNCT,CD,CD_SV,"2021-01-21 12:30:02",824,810,13,1,233,219,13,1,890,657,221,12,0,62,0,12,48,1,4,88,2,2,0,0,0,1,0,0,0,0,0,0,0,0,0,1,0,0,0
41,VRANCEA,"ŞCOALA GIMNAZIALĂ DOMNEŞTI-TÂRG",255,PUFEŞTI,177352,2,PART,PRCNCT,CD,CD_SV,"2021-01-21 12:30:02",1241,1222,18,1,350,331,18,1,1350,1000,334,14,2,100,0,24,32,8,20,139,3,3,0,0,1,0,0,0,0,1,0,0,0,0,0,2,0,1,0
41,VRANCEA,"CĂMINUL CULTURAL RĂCOASA",256,RĂCOASA,177405,1,PROV,PRCNCT,CD,CD_SV,"2021-01-21 12:30:02",938,924,12,2,237,223,12,2,1020,783,222,11,4,100,1,4,47,25,12,26,3,2,0,0,0,0,1,0,0,0,0,0,0,0,0,1,0,0,0
41,VRANCEA,"SCOALA PRIMARA GOGOIU",257,RĂCOASA,177405,2,PART,PRCNCT,CD,CD_SV,"2021-01-21 12:30:02",191,182,9,0,56,47,9,0,200,144,52,4,0,23,0,6,8,3,4,5,1,2,0,0,0,0,0,0,0,0,0,0,0,0,0,0,0,0,0
41,VRANCEA,"SCOALA PRIMARA MARASTI",258,RĂCOASA,177405,1,PROV,PRCNCT,CD,CD_SV,"2021-01-21 12:30:02",420,407,13,0,111,98,13,0,450,339,103,4,4,28,0,1,22,14,13,19,1,2,0,0,1,0,1,0,0,0,0,0,0,0,0,1,0,0,0
41,VRANCEA,"SCOALA PRIMARA VARNITA",259,RĂCOASA,177405,1,PROV,PRCNCT,CD,CD_SV,"2021-01-21 12:30:02",458,438,19,1,132,112,19,1,480,348,127,3,2,56,0,7,29,5,2,23,1,1,0,0,0,0,0,0,0,1,0,0,1,0,1,0,0,0,0
41,VRANCEA,"SCOALA PRIMARA VERDEA",260,RĂCOASA,177405,1,PROV,PRCNCT,CD,CD_SV,"2021-01-21 12:30:02",591,575,14,2,205,189,14,2,640,435,195,6,4,81,0,9,46,14,5,35,1,3,1,0,0,0,0,0,0,0,0,0,0,0,0,0,0,0,0
41,VRANCEA,"ŞCOALA GIMNAZIALĂ CU CLASELE I-VIII RĂSTOACA",261,RĂSTOACA,178956,1,PROV,PRCNCT,CD,CD_SV,"2021-01-21 12:30:02",1267,1222,17,28,418,373,17,28,1340,922,409,9,0,84,0,34,255,6,11,16,0,3,0,0,0,0,0,0,0,0,0,0,0,0,0,0,0,0,0
41,VRANCEA,"ŞCOALA GIMNAZIALĂ CU CLASELE I-VIII RĂSTOACA",262,RĂSTOACA,178956,1,PROV,PRCNCT,CD,CD_SV,"2021-01-21 12:30:02",883,840,17,26,311,268,17,26,930,619,302,7,2,77,0,12,171,3,8,22,4,3,0,1,0,0,0,0,0,1,0,0,0,0,0,0,0,0,0
41,VRANCEA,"SCOALA GIMNAZIALA SINDRILARI NR. 1",263,REGHIU,177469,1,PROV,PRCNCT,CD,CD_SV,"2021-01-21 12:30:02",966,945,21,0,360,339,21,0,1040,680,341,11,8,135,0,6,132,3,6,48,1,3,0,1,0,0,1,0,0,0,0,2,0,2,1,0,0,0,0
41,VRANCEA,"SCOALA PRIMARA REGHIU",264,REGHIU,177469,1,PROV,PRCNCT,CD,CD_SV,"2021-01-21 12:30:02",534,518,16,0,188,172,16,0,570,382,179,7,2,78,1,11,55,3,5,21,1,2,0,0,1,0,0,0,0,0,0,1,0,0,0,0,0,0,0
41,VRANCEA,"ȘCOALA PRIMARĂ RĂIUȚI",265,REGHIU,177469,1,PROV,PRCNCT,CD,CD_SV,"2021-01-21 12:30:02",264,256,8,0,113,105,8,0,280,167,108,4,1,34,0,3,45,7,2,12,1,1,0,0,0,1,0,0,0,1,1,0,0,0,0,0,0,0,0
41,VRANCEA,"ȘCOALA GIMNAZIALĂ RUGINEȘTI",266,RUGINEŞTI,177557,1,PROV,PRCNCT,CD,CD_SV,"2021-01-21 12:30:02",802,795,4,3,225,218,4,3,880,655,217,5,3,92,0,16,57,2,4,38,3,3,0,0,0,0,0,1,0,0,0,0,0,0,1,0,0,0,0
41,VRANCEA,"ȘCOALA GIMNAZIALĂ RUGINEȘTI",267,RUGINEŞTI,177557,2,PART,PRCNCT,CD,CD_SV,"2021-01-21 12:30:02",789,777,10,2,230,218,10,2,860,630,219,10,1,80,0,25,37,5,15,47,3,2,0,0,0,0,0,0,1,2,0,0,0,2,0,0,0,0,0
41,VRANCEA,"SCOALA GIMNAZIALA ANGHELESTI",268,RUGINEŞTI,177557,1,PROV,PRCNCT,CD,CD_SV,"2021-01-21 12:30:02",1020,1004,16,0,241,225,16,0,1110,869,228,9,4,103,0,16,66,6,1,32,1,2,0,0,0,0,0,0,0,1,0,0,0,0,0,0,0,0,0
41,VRANCEA,"SCOALA GENERALA",269,RUGINEŞTI,177557,1,PROV,PRCNCT,CD,CD_SV,"2021-01-21 12:30:02",572,565,5,2,209,202,5,2,620,411,197,10,2,111,0,8,31,2,5,36,0,2,0,0,0,0,0,0,0,0,0,0,0,0,1,0,0,1,0
41,VRANCEA,"SCOALA GENERALA",270,RUGINEŞTI,177557,2,PART,PRCNCT,CD,CD_SV,"2021-01-21 12:30:02",273,259,13,1,94,80,13,1,290,196,91,0,3,33,0,8,20,5,7,14,0,1,0,0,0,0,0,0,1,1,0,0,0,1,0,0,0,0,0
41,VRANCEA,"PRIMARIA COMUNEI SIHLEA",271,SIHLEA,177600,2,PART,PRCNCT,CD,CD_SV,"2021-01-21 12:30:02",1907,1896,9,2,485,474,9,2,2090,1605,462,18,5,138,0,34,168,37,11,48,1,8,0,0,0,0,1,0,1,0,0,1,0,0,13,1,0,0,0
41,VRANCEA,"SCOALA CĂIATA",272,SIHLEA,177600,2,PART,PRCNCT,CD,CD_SV,"2021-01-21 12:30:02",604,584,20,0,178,158,20,0,640,462,175,3,0,52,0,10,59,6,12,31,1,2,0,0,0,0,0,0,1,0,0,0,0,0,0,0,0,0,1
41,VRANCEA,"GRADINIŢA BOGZA",273,SIHLEA,177600,1,PROV,PRCNCT,CD,CD_SV,"2021-01-21 12:30:02",716,699,17,0,140,123,17,0,770,630,138,2,0,62,0,6,25,6,9,24,0,2,0,0,0,0,0,0,0,0,0,0,0,1,1,1,0,0,1
41,VRANCEA,"SCOALA VOETIN",274,SIHLEA,177600,3,PART,PRCNCT,CD,CD_SV,"2021-01-21 12:30:02",898,881,17,0,195,178,17,0,970,775,179,11,5,80,0,6,42,8,5,33,0,0,0,0,0,0,0,0,0,1,0,0,0,1,1,2,0,0,0
41,VRANCEA,"ŞCOALA GIMNAZIALĂ SLOBOZIA BRADULUI SALA A",275,"SLOBOZIA BRADULUI",177655,1,PROV,PRCNCT,CD,CD_SV,"2021-01-21 12:30:02",731,703,28,0,215,187,28,0,770,555,202,11,2,74,0,4,110,0,2,11,0,1,0,0,0,0,0,0,0,0,0,0,0,0,0,0,0,0,0
41,VRANCEA,"ŞCOALA GIMNAZIALĂ SLOBOZIA BRADULUI SALA B",276,"SLOBOZIA BRADULUI",177655,1,PROV,PRCNCT,CD,CD_SV,"2021-01-21 12:30:02",841,818,23,0,293,270,23,0,900,607,277,15,1,81,0,3,135,3,1,42,1,4,0,0,0,0,0,1,0,0,0,0,1,2,3,0,0,0,0
41,VRANCEA,"ŞCOALA GIMNAZIALĂ SLOBOZIA BRADULUI SALA C",277,"SLOBOZIA BRADULUI",177655,1,PROV,PRCNCT,CD,CD_SV,"2021-01-21 12:30:02",1166,1146,20,0,354,334,20,0,1260,906,341,11,2,64,0,1,262,2,1,8,0,1,0,0,0,1,0,0,0,0,0,0,0,0,1,0,0,0,0
41,VRANCEA,"ŞCOALA GIMNAZIALĂ COROTENI",278,"SLOBOZIA BRADULUI",177655,1,PROV,PRCNCT,CD,CD_SV,"2021-01-21 12:30:02",790,757,15,18,343,310,15,18,830,487,323,13,7,95,0,1,191,7,6,15,3,2,0,0,0,1,0,0,0,0,0,0,0,1,1,0,0,0,0
41,VRANCEA,"ŞCOALA PRIMARĂ CORNETU SALA A",279,"SLOBOZIA BRADULUI",177655,1,PROV,PRCNCT,CD,CD_SV,"2021-01-21 12:30:02",529,519,10,0,206,196,10,0,570,364,188,11,7,38,0,0,138,2,1,6,0,1,0,0,0,0,0,0,1,0,0,0,0,0,1,0,0,0,0
41,VRANCEA,"ŞCOALA PRIMARĂ CORNETU SALA B",280,"SLOBOZIA BRADULUI",177655,1,PROV,PRCNCT,CD,CD_SV,"2021-01-21 12:30:02",559,552,7,0,220,213,7,0,610,390,202,17,1,31,0,2,160,1,0,4,1,1,0,0,0,0,0,0,0,0,0,0,0,0,2,0,0,0,0
41,VRANCEA,"CĂMINUL CULTURAL",281,"SLOBOZIA CIORĂŞTI",177726,2,PART,PRCNCT,CD,CD_SV,"2021-01-21 12:30:02",1134,1083,44,7,367,316,44,7,1200,833,348,19,0,178,1,14,66,8,7,64,1,5,0,0,0,0,1,0,0,1,0,1,0,0,1,0,0,0,0
41,VRANCEA,"GRĂDINIȚA CU PROGRAM NORMAL JILIȘTE",282,"SLOBOZIA CIORĂŞTI",177726,1,PROV,PRCNCT,CD,CD_SV,"2021-01-21 12:30:02",589,571,18,0,206,188,18,0,630,424,195,11,0,89,0,8,26,5,3,62,0,2,0,0,0,0,0,0,0,0,0,0,0,0,0,0,0,0,0
41,VRANCEA,"SCOALA GENERAL[ SIMION MEHEDINTI",283,SOVEJA,177762,1,PROV,PRCNCT,CD,CD_SV,"2021-01-21 12:30:02",1107,1044,57,6,483,420,57,6,1150,667,457,18,8,117,1,29,261,12,8,10,5,6,0,0,0,0,0,1,0,0,1,0,1,1,0,3,0,1,0
41,VRANCEA,"FOSTA SCOALA GENERALA",284,SOVEJA,177762,2,PART,PRCNCT,CD,CD_SV,"2021-01-21 12:30:02",779,735,29,15,339,295,29,15,810,471,327,10,2,74,0,7,196,15,15,11,2,5,0,0,0,1,0,0,0,0,0,0,0,0,0,0,0,0,1
41,VRANCEA,"CAMINUL CULTURAL",285,SPULBER,178965,1,PROV,PRCNCT,CD,CD_SV,"2021-01-21 12:30:02",1048,1017,16,15,544,513,16,15,1120,576,515,20,9,152,0,8,227,13,5,100,1,3,0,0,1,0,0,0,0,1,0,0,0,0,1,3,0,0,0
41,VRANCEA,"CAMINUL CULTURAL STRAOANE DE JOS",286,STRĂOANE,177799,2,PART,PRCNCT,CD,CD_SV,"2021-01-21 12:30:02",1157,1141,14,2,391,375,14,2,1260,869,386,4,1,182,0,36,64,56,7,36,1,1,0,0,0,0,0,0,1,0,0,0,1,0,0,1,0,0,0
41,VRANCEA,"CAMINUL CULTURAL STRAOANE DE SUS",287,STRĂOANE,177799,2,PART,PRCNCT,CD,CD_SV,"2021-01-21 12:30:02",729,715,12,2,241,227,12,2,780,539,238,3,0,124,0,20,43,19,9,19,0,2,0,0,0,0,0,0,1,0,0,0,0,0,0,1,0,0,0
41,VRANCEA,"SCOALA GENERALA REPEDEA",288,STRĂOANE,177799,1,PROV,PRCNCT,CD,CD_SV,"2021-01-21 12:30:02",303,291,12,0,97,85,12,0,330,233,93,1,3,49,0,6,21,7,2,7,0,0,0,0,0,0,1,0,0,0,0,0,0,0,0,0,0,0,0
41,VRANCEA,"CAMIN CULTURAL",289,STRĂOANE,177799,2,PART,PRCNCT,CD,CD_SV,"2021-01-21 12:30:02",823,802,16,5,305,284,16,5,880,575,296,6,3,143,0,41,41,18,6,33,6,4,0,0,0,1,0,0,0,0,0,1,0,1,1,0,0,0,0
41,VRANCEA,"SCOALA GIMNAZIALA SURAIA",290,SURAIA,177842,1,PROV,PRCNCT,CD,CD_SV,"2021-01-21 12:30:02",1795,1770,23,2,486,461,23,2,1970,1484,464,17,5,103,0,35,261,15,9,35,3,2,0,0,0,0,0,0,0,0,0,0,0,0,0,0,0,1,0
41,VRANCEA,"PRIMĂRIA COMUNEI SURAIA",291,SURAIA,177842,1,PROV,PRCNCT,CD,CD_SV,"2021-01-21 12:30:02",1543,1528,15,0,440,425,15,0,1680,1240,427,6,7,76,1,43,235,15,15,35,0,3,1,0,0,0,0,0,0,1,0,1,0,0,1,0,0,0,0
41,VRANCEA,"GRĂDINIȚA CU PROGRAM NORMAL NR. 2 SURAIA",292,SURAIA,177842,2,PART,PRCNCT,CD,CD_SV,"2021-01-21 12:30:02",1601,1573,21,7,443,415,21,7,1720,1277,423,16,4,87,0,30,231,11,6,43,2,9,0,0,0,0,0,0,0,0,0,0,0,0,1,2,0,0,1
41,VRANCEA,"CAMIN CULTURAL",293,TĂNĂSOAIA,177879,2,PART,PRCNCT,CD,CD_SV,"2021-01-21 12:30:02",769,739,12,18,284,254,12,18,810,526,278,4,2,147,0,14,71,3,1,34,1,3,0,0,0,1,0,0,0,0,0,1,0,0,0,1,0,1,0
41,VRANCEA,"BIROU ASISTENŢĂ",294,TĂNĂSOAIA,177879,2,PART,PRCNCT,CD,CD_SV,"2021-01-21 12:30:02",592,572,11,9,215,195,11,9,630,415,205,7,3,94,0,5,55,7,2,36,0,3,0,0,0,0,0,1,0,1,0,0,0,0,1,0,0,0,0
41,VRANCEA,"SCOALA GENERALA",295,TĂNĂSOAIA,177879,2,PART,PRCNCT,CD,CD_SV,"2021-01-21 12:30:02",224,201,18,5,113,90,18,5,220,107,104,7,2,62,0,5,20,1,1,10,1,1,0,0,0,0,0,0,0,0,0,0,1,0,0,1,0,0,1
41,VRANCEA,"SCOALA GENERALA",296,TĂNĂSOAIA,177879,1,PROV,PRCNCT,CD,CD_SV,"2021-01-21 12:30:02",211,186,16,9,76,51,16,9,210,134,75,1,0,42,1,1,23,3,2,3,0,0,0,0,0,0,0,0,0,0,0,0,0,0,0,0,0,0,0
41,VRANCEA,"SCOALA GIMNAZIALA TATARANU",297,TĂTĂRANU,177986,1,PROV,PRCNCT,CD,CD_SV,"2021-01-21 12:30:02",1190,1166,24,0,320,296,24,0,1290,970,305,12,3,140,2,22,72,10,7,41,1,3,0,0,0,0,3,0,0,1,0,0,0,1,1,1,0,0,0
41,VRANCEA,"FOSTA SCOALA GENERALA MARTINESTI",298,TĂTĂRANU,177986,2,PART,PRCNCT,CD,CD_SV,"2021-01-21 12:30:02",563,549,14,0,159,145,14,0,610,451,147,7,5,67,0,14,39,6,7,9,1,1,0,0,0,0,0,0,0,0,0,0,0,0,1,2,0,0,0
41,VRANCEA,"FOSTA SCOALA PRIMARA VIJIITOAREA",299,TĂTĂRANU,177986,2,PART,PRCNCT,CD,CD_SV,"2021-01-21 12:30:02",204,186,18,0,98,80,18,0,210,112,93,3,2,54,0,4,25,2,1,7,0,0,0,0,0,0,0,0,0,0,0,0,0,0,0,0,0,0,0
41,VRANCEA,"SCOALA GIMNAZIALA NR. 2 BORDEASCA VECHE",300,TĂTĂRANU,177986,2,PART,PRCNCT,CD,CD_SV,"2021-01-21 12:30:02",648,617,27,4,228,197,27,4,680,452,216,3,9,90,0,24,45,18,11,25,0,1,0,0,0,0,1,0,0,1,0,0,0,0,0,0,0,0,0
41,VRANCEA,"FOSTA SCOALA GENERALA BORDEASCA NOUA",301,TĂTĂRANU,177986,1,PROV,PRCNCT,CD,CD_SV,"2021-01-21 12:30:02",349,333,16,0,120,104,16,0,370,250,115,4,1,61,1,11,17,7,3,4,1,4,0,0,0,0,0,0,0,0,0,0,0,1,1,1,0,2,1
41,VRANCEA,"FOSTA SCOALA GENERALA NR. 1 BORDEASCA VECHE",302,TĂTĂRANU,177986,1,PROV,PRCNCT,CD,CD_SV,"2021-01-21 12:30:02",885,857,28,0,277,249,28,0,940,663,267,8,2,115,1,14,88,5,10,24,0,3,0,0,0,0,0,0,0,0,0,1,1,1,1,1,0,2,0
41,VRANCEA,PRIMARIE,303,TÂMBOEŞTI,178046,2,PART,PRCNCT,CD,CD_SV,"2021-01-21 12:30:02",1108,1041,30,37,462,395,30,37,1150,688,423,30,9,77,0,8,254,14,8,37,1,5,0,0,0,3,0,3,1,0,0,1,0,2,6,2,0,0,1
41,VRANCEA,"SCOALA SLIMNIC",304,TÂMBOEŞTI,178046,2,PART,PRCNCT,CD,CD_SV,"2021-01-21 12:30:02",1269,1177,61,31,553,461,61,31,1300,747,526,21,6,139,1,11,303,11,16,28,1,7,0,0,0,1,0,0,0,1,0,0,0,1,5,1,0,0,0
41,VRANCEA,"SCOALA TRESTIENI",305,TÂMBOEŞTI,178046,2,PART,PRCNCT,CD,CD_SV,"2021-01-21 12:30:02",185,143,35,7,109,67,35,7,160,51,107,1,1,12,0,1,88,1,2,1,1,0,0,0,0,0,0,0,0,0,0,0,0,0,1,0,0,0,0
41,VRANCEA,"CASA OBŞTII TULNICI",306,TULNICI,178117,1,PROV,PRCNCT,CD,CD_SV,"2021-01-21 12:30:02",1168,1150,16,2,404,386,16,2,1260,856,379,17,8,112,1,9,189,7,11,43,1,1,0,0,0,0,0,0,1,0,0,0,1,0,1,1,0,0,1
41,VRANCEA,"CASA OBŞTII TULNICI",307,TULNICI,178117,1,PROV,PRCNCT,CD,CD_SV,"2021-01-21 12:30:02",1208,1193,8,7,372,357,8,7,1300,928,348,20,4,80,0,15,178,5,8,51,0,5,0,1,1,0,1,0,0,0,1,0,1,0,0,0,0,0,1
41,VRANCEA,"ŞCOALA GIMNAZIALĂ COZA - SALA 1",308,TULNICI,178117,1,PROV,PRCNCT,CD,CD_SV,"2021-01-21 12:30:02",674,648,23,3,209,183,23,3,710,501,198,8,3,88,0,10,68,1,2,27,0,0,0,0,0,0,0,0,1,0,0,0,0,1,0,0,0,0,0
41,VRANCEA,"ŞCOALA LEPŞA",309,TULNICI,178117,1,PROV,PRCNCT,CD,CD_SV,"2021-01-21 12:30:02",417,386,31,0,142,111,31,0,420,278,138,3,1,37,0,16,49,4,2,24,2,0,0,0,0,2,0,0,0,0,0,0,0,0,1,0,0,0,1
41,VRANCEA,"ȘCOALA GIMNAZIALĂ ȚIFEȘTI",310,ŢIFEŞTI,178180,1,PROV,PRCNCT,CD,CD_SV,"2021-01-21 12:30:02",866,844,22,0,210,188,22,0,930,720,202,7,1,51,0,11,91,4,3,38,2,1,0,0,0,1,0,0,0,0,0,0,0,0,0,0,0,0,0
41,VRANCEA,"ȘCOALA GIMNAZIALĂ BĂTINEȘTI",311,ŢIFEŞTI,178180,1,PROV,PRCNCT,CD,CD_SV,"2021-01-21 12:30:02",1335,1313,22,0,372,350,22,0,1450,1078,359,12,1,104,2,15,177,8,7,41,1,0,0,1,0,1,0,0,0,0,0,0,1,0,0,1,0,0,0
41,VRANCEA,"ȘCOALA GIMNAZIALĂ CLIPICEȘTI",312,ŢIFEŞTI,178180,1,PROV,PRCNCT,CD,CD_SV,"2021-01-21 12:30:02",710,694,16,0,160,144,16,0,760,600,147,11,2,36,0,5,53,5,5,38,1,2,0,0,0,1,0,0,1,0,0,0,0,0,0,0,0,0,0
41,VRANCEA,"ȘCOALA CU CLASELE I-IV OLEȘEȘTI",313,ŢIFEŞTI,178180,1,PROV,PRCNCT,CD,CD_SV,"2021-01-21 12:30:02",735,718,17,0,211,194,17,0,790,579,204,3,4,46,0,16,105,2,6,22,1,1,0,0,0,1,0,2,0,0,0,1,0,0,0,0,0,0,1
41,VRANCEA,"GRĂDINIȚA CU PROGRAM NORNAL SÎRBI",314,ŢIFEŞTI,178180,1,PROV,PRCNCT,CD,CD_SV,"2021-01-21 12:30:02",637,630,7,0,148,141,7,0,690,542,142,5,1,36,0,7,64,0,6,20,3,5,0,0,0,0,0,0,0,0,1,0,0,0,0,0,0,0,0
41,VRANCEA,"CONSILIUL LOCAL URECHEŞTI",315,URECHEŞTI,178279,2,PART,PRCNCT,CD,CD_SV,"2021-01-21 12:30:02",1840,1796,44,0,598,554,44,0,1980,1382,582,11,5,145,0,9,300,47,12,62,0,1,0,0,0,2,1,1,0,0,0,0,1,0,1,0,0,0,0
41,VRANCEA,"ŞCOALA PRIMARĂ URECHEŞTI",316,URECHEŞTI,178279,1,PROV,PRCNCT,CD,CD_SV,"2021-01-21 12:30:02",476,454,22,0,169,147,22,0,500,331,167,1,1,32,1,10,69,27,3,15,4,2,0,0,1,0,0,0,1,1,0,0,0,1,0,0,0,0,0
41,VRANCEA,"SCOALA GIMNAZIALĂ ” VASILE IFTIMESCU ” VALEA SARII",317,"VALEA SĂRII",178313,3,PART,PRCNCT,CD,CD_SV,"2021-01-21 12:30:02",666,651,13,2,227,212,13,2,720,493,222,5,0,78,0,2,87,2,14,34,0,2,0,0,0,0,1,0,0,1,0,1,0,0,0,0,0,0,0
41,VRANCEA,"SALĂ FESTIVITĂŢI",318,"VALEA SĂRII",178313,1,PROV,PRCNCT,CD,CD_SV,"2021-01-21 12:30:02",633,614,13,6,204,185,13,6,680,476,197,6,1,64,1,6,56,7,37,20,2,3,0,0,0,0,0,0,0,0,0,0,0,0,1,0,0,0,0
41,VRANCEA,"SCOALA GENERALA PODURI",319,"VALEA SĂRII",178313,1,PROV,PRCNCT,CD,CD_SV,"2021-01-21 12:30:02",247,239,5,3,92,84,5,3,260,168,88,2,2,41,0,2,30,3,5,6,0,0,0,0,0,0,0,0,0,0,0,0,0,0,0,1,0,0,0
41,VRANCEA,"OBŞTEA PRISACA",320,"VALEA SĂRII",178313,3,PART,PRCNCT,CD,CD_SV,"2021-01-21 12:30:02",161,151,10,0,63,53,10,0,170,107,60,1,2,31,0,1,10,2,8,6,0,0,0,0,0,0,0,0,0,0,0,0,1,0,1,0,0,0,0
41,VRANCEA,"ŞCOALA GIMNAZIALĂ VÎNĂTORI",321,VÂNĂTORI,178607,1,PROV,PRCNCT,CD,CD_SV,"2021-01-21 12:30:02",1256,1206,47,3,437,387,47,3,1330,893,429,6,2,118,0,81,124,22,19,51,4,4,0,0,0,0,1,0,0,1,0,0,1,0,1,2,0,0,0
41,VRANCEA,"GRĂDINIŢA CU PROGRAM NORMAL JORĂŞTI",322,VÂNĂTORI,178607,1,PROV,PRCNCT,CD,CD_SV,"2021-01-21 12:30:02",1317,1288,29,0,386,357,29,0,1420,1034,377,8,1,119,0,37,95,13,30,68,2,4,0,2,1,1,0,0,1,0,0,0,0,0,2,2,0,0,0
41,VRANCEA,"GRĂDINIŢA CU PROGRAM PRELUNGIT PETREŞTI",323,VÂNĂTORI,178607,1,PROV,PRCNCT,CD,CD_SV,"2021-01-21 12:30:02",1278,1240,27,11,419,381,27,11,1360,941,409,8,2,111,0,36,140,17,29,62,9,4,0,0,0,0,0,0,0,0,0,0,0,1,0,0,0,0,0
41,VRANCEA,"ŞCOALA GIMNAZIALĂ MIRCEŞTII NOI",324,VÂNĂTORI,178607,1,PROV,PRCNCT,CD,CD_SV,"2021-01-21 12:30:02",799,769,30,0,284,254,30,0,840,556,270,8,6,101,0,36,50,6,10,57,2,4,0,0,0,0,0,1,0,0,0,0,0,0,0,2,0,0,1
41,VRANCEA,"DISPENSARUL UMAN MIRCEŞTII VECHI",325,VÂNĂTORI,178607,1,PROV,PRCNCT,CD,CD_SV,"2021-01-21 12:30:02",284,264,19,1,113,93,19,1,290,177,111,2,0,38,0,13,28,2,4,24,1,1,0,0,0,0,0,0,0,0,0,0,0,0,0,0,0,0,0
41,VRANCEA,"ŞCOALA PRIMARĂ BALTA RAŢEI",326,VÂNĂTORI,178607,1,PROV,PRCNCT,CD,CD_SV,"2021-01-21 12:30:02",260,237,23,0,97,74,23,0,260,163,92,4,1,19,0,7,29,1,7,29,0,0,0,0,0,0,0,0,0,0,0,0,0,0,0,0,0,0,0
41,VRANCEA,"GRĂDINIŢA CU PROGRAM NORMAL RĂDULEŞTI",327,VÂNĂTORI,178607,1,PROV,PRCNCT,CD,CD_SV,"2021-01-21 12:30:02",740,709,31,0,230,199,31,0,780,550,222,5,3,65,0,18,65,8,4,51,1,6,0,0,1,0,0,0,1,0,1,0,0,0,0,1,0,0,0
41,VRANCEA,"CAMIN CULTURAL VIRTESCOIU",328,VÂRTEŞCOIU,178689,1,PROV,PRCNCT,CD,CD_SV,"2021-01-21 12:30:02",1303,1272,31,0,398,367,31,0,1400,1002,382,9,7,171,0,18,68,13,14,84,4,3,0,0,0,2,0,0,0,1,0,1,0,2,1,0,0,0,0
41,VRANCEA,"CĂMIN CULTURAL FARAOANELE",329,VÂRTEŞCOIU,178689,1,PROV,PRCNCT,CD,CD_SV,"2021-01-21 12:30:02",1026,1001,25,0,368,343,25,0,1100,732,344,12,12,177,1,11,60,12,3,63,3,4,1,0,0,1,0,0,1,1,0,0,1,1,0,1,0,2,1
41,VRANCEA,"SCOALA BECIU",330,VÂRTEŞCOIU,178689,2,PART,PRCNCT,CD,CD_SV,"2021-01-21 12:30:02",362,348,14,0,138,124,14,0,380,242,130,8,0,67,0,4,25,1,1,30,0,0,0,0,0,0,0,0,0,0,0,0,0,1,0,0,0,0,1
41,VRANCEA,"SCOALA PRIMARA RIMNICEANCA",331,VÂRTEŞCOIU,178689,2,PART,PRCNCT,CD,CD_SV,"2021-01-21 12:30:02",249,234,13,2,105,90,13,2,260,155,105,0,0,43,0,5,35,5,1,12,0,3,0,0,0,0,0,0,0,0,0,0,0,0,1,0,0,0,0
41,VRANCEA,"SALA DE SPORT VIDRA",332,VIDRA,178377,1,PROV,PRCNCT,CD,CD_SV,"2021-01-21 12:30:02",1524,1458,58,8,483,422,53,8,1600,1117,465,15,3,202,1,26,116,14,24,64,2,8,0,0,1,2,0,2,1,0,0,0,0,1,0,0,0,0,1
41,VRANCEA,"SCOALA GENERALA",333,VIDRA,178377,1,PROV,PRCNCT,CD,CD_SV,"2021-01-21 12:30:02",300,287,13,0,80,67,13,0,320,240,75,3,2,27,0,4,26,4,0,11,1,1,0,0,0,0,0,0,0,0,0,0,0,0,0,0,0,0,1
41,VRANCEA,"SCOALA GENERALA",334,VIDRA,178377,1,PROV,PRCNCT,CD,CD_SV,"2021-01-21 12:30:02",744,718,25,1,203,177,25,1,790,587,192,9,2,79,0,5,55,6,5,31,6,0,0,0,0,0,0,0,1,0,0,0,0,0,2,2,0,0,0
41,VRANCEA,"SCOALA GENERALA",335,VIDRA,178377,1,PROV,PRCNCT,CD,CD_SV,"2021-01-21 12:30:02",493,476,11,6,170,153,11,6,529,359,160,9,1,61,0,12,50,10,2,24,0,0,0,0,0,0,0,1,0,0,0,0,0,0,0,0,0,0,0
41,VRANCEA,"SCOALA GENERALA",336,VIDRA,178377,1,PROV,PRCNCT,CD,CD_SV,"2021-01-21 12:30:02",671,654,16,1,185,168,16,1,720,535,179,2,4,93,0,8,31,7,6,28,1,1,0,0,0,1,1,0,0,0,0,0,0,1,1,0,0,0,0
41,VRANCEA,"SCOALA GENERALA",337,VIDRA,178377,1,PROV,PRCNCT,CD,CD_SV,"2021-01-21 12:30:02",720,712,7,1,228,220,7,1,780,552,211,16,1,94,0,2,38,5,2,63,0,2,0,0,0,0,0,0,0,0,0,0,0,0,5,0,0,0,0
41,VRANCEA,"SCOALA GENERALA",338,VIDRA,178377,2,PART,PRCNCT,CD,CD_SV,"2021-01-21 12:30:02",371,361,9,1,120,110,9,1,400,280,113,4,3,47,0,6,23,9,4,21,0,0,0,0,0,0,0,0,0,0,0,0,0,1,0,1,1,0,0
41,VRANCEA,"ȘCOALA GENERALĂ TICHIRIȘ - ȘCOALA NOUĂ",339,VIDRA,178377,1,PROV,PRCNCT,CD,CD_SV,"2021-01-21 12:30:02",647,636,11,0,200,189,11,0,700,500,180,16,4,92,0,3,37,6,6,27,2,4,0,1,0,0,1,0,0,0,0,0,0,1,0,0,0,0,0
41,VRANCEA,"SCOALA GENERALA",340,VIDRA,178377,1,PROV,PRCNCT,CD,CD_SV,"2021-01-21 12:30:02",567,560,7,0,184,177,7,0,620,436,171,9,4,98,0,5,16,7,7,35,0,0,0,0,2,1,0,0,0,0,0,0,0,0,0,0,0,0,0
41,VRANCEA,"AȘEZĂMÂNT CULTURAL",341,VINTILEASCA,178475,1,PROV,PRCNCT,CD,CD_SV,"2021-01-21 12:30:02",627,611,15,1,196,180,15,1,670,474,183,7,6,69,0,13,42,9,10,29,4,6,0,0,0,0,0,0,0,0,0,0,0,0,1,0,0,0,0
41,VRANCEA,"GRADINITA „VOINICELUL” NECULELE",342,VINTILEASCA,178475,1,PROV,PRCNCT,CD,CD_SV,"2021-01-21 12:30:02",400,383,17,0,118,101,17,0,420,302,114,1,3,53,1,8,23,10,2,11,1,2,0,1,0,0,0,0,1,0,0,0,0,0,1,0,0,0,0
41,VRANCEA,"SCOALA GIMNAZIALA „ PICTOR MIHAIL BALASESCU” BAHNELE",343,VINTILEASCA,178475,2,PART,PRCNCT,CD,CD_SV,"2021-01-21 12:30:02",479,470,9,0,121,112,9,0,520,399,118,1,2,46,0,4,31,14,7,13,1,0,0,0,1,0,0,0,0,1,0,0,0,0,0,0,0,0,0
41,VRANCEA,"SCOALA ION CREANGA DUPA MAGURA",344,VINTILEASCA,178475,1,PROV,PRCNCT,CD,CD_SV,"2021-01-21 12:30:02",81,70,11,0,31,20,11,0,80,49,30,1,0,8,0,1,17,1,1,2,0,0,0,0,0,0,0,0,0,0,0,0,0,0,0,0,0,0,0
41,VRANCEA,"STAȚIE DE AȘTEPTARE MICROBUZ",345,VINTILEASCA,178475,1,PROV,PRCNCT,CD,CD_SV,"2021-01-21 12:30:02",73,58,15,0,36,21,15,0,60,24,36,0,0,8,0,1,16,4,3,3,1,0,0,0,0,0,0,0,0,0,0,0,0,0,0,0,0,0,0
41,VRANCEA,"SCOALA DIN VIZANTEA RAZASEASCA",346,VIZANTEA-LIVEZI,178545,2,PART,PRCNCT,CD,CD_SV,"2021-01-21 12:30:02",663,604,15,44,253,194,15,44,670,417,242,7,4,50,1,2,169,1,1,17,0,0,0,0,0,0,0,0,0,0,0,0,0,0,0,0,1,0,0
41,VRANCEA,"SCOALA DIN VIZANTEA MANASTIREASCA",347,VIZANTEA-LIVEZI,178545,2,PART,PRCNCT,CD,CD_SV,"2021-01-21 12:30:02",1487,1410,15,62,497,420,15,62,1550,1053,481,8,8,75,1,6,354,3,5,30,0,0,0,0,0,2,0,0,1,0,0,0,1,1,1,1,0,0,0
41,VRANCEA,"SOALA DIN PIISCU-RADULUI",348,VIZANTEA-LIVEZI,178545,2,PART,PRCNCT,CD,CD_SV,"2021-01-21 12:30:02",377,348,5,24,139,110,5,24,380,241,132,1,6,17,0,5,89,4,2,13,0,1,0,0,1,0,0,0,0,0,0,0,0,0,0,0,0,0,0
41,VRANCEA,"SCOALA DIN MESTEACANU",349,VIZANTEA-LIVEZI,178545,2,PART,PRCNCT,CD,CD_SV,"2021-01-21 12:30:02",308,294,5,9,110,96,5,9,320,210,103,5,2,19,0,1,64,8,1,5,1,1,0,0,0,0,0,0,0,2,0,0,0,0,0,1,0,0,0
41,VRANCEA,"SCOALA DIN LIVEZILE",350,VIZANTEA-LIVEZI,178545,2,PART,PRCNCT,CD,CD_SV,"2021-01-21 12:30:02",610,575,8,27,253,218,8,27,630,377,238,8,7,59,0,4,121,13,4,33,1,1,0,0,1,0,0,0,0,1,0,0,0,0,0,0,0,0,0
41,VRANCEA,"CAMIN CULTURAL VRINCIOAIA",351,VRÂNCIOAIA,178750,1,PROV,PRCNCT,CD,CD_SV,"2021-01-21 12:30:02",499,480,16,3,177,158,16,3,530,353,158,14,5,50,0,10,26,37,9,17,6,0,0,0,0,0,0,0,0,0,1,0,0,0,1,1,0,0,0
41,VRANCEA,"SCOALA PRIMARĂ POIANA - SALA GRADINIȚEI",352,VRÂNCIOAIA,178750,2,PART,PRCNCT,CD,CD_SV,"2021-01-21 12:30:02",610,574,20,16,228,196,20,12,630,402,212,14,2,71,1,3,42,28,16,35,1,2,0,2,1,1,1,0,0,0,0,1,0,2,3,1,0,1,0
41,VRANCEA,"CĂMIN CULTURAL SAT SPINEȘTI",353,VRÂNCIOAIA,178750,1,PROV,PRCNCT,CD,CD_SV,"2021-01-21 12:30:02",652,615,10,27,219,184,10,25,280,61,210,6,3,152,1,9,13,9,4,12,2,3,1,0,0,0,3,0,0,0,0,0,0,0,1,0,0,0,0
41,VRANCEA,"SALA DE FESTIVITĂŢI MUNCEI",354,VRÂNCIOAIA,178750,2,PART,PRCNCT,CD,CD_SV,"2021-01-21 12:30:02",597,570,5,22,181,154,5,22,630,449,172,4,5,95,0,14,24,11,10,12,1,1,0,0,0,1,0,0,1,0,0,0,0,0,0,0,2,0,0
41,VRANCEA,"SCOALA GENERALA VULTURU",355,VULTURU,178821,1,PROV,PRCNCT,CD,CD_SV,"2021-01-21 12:30:02",1279,1255,23,1,277,253,23,1,1380,1103,269,6,2,109,0,18,51,9,7,59,1,0,0,0,0,0,0,1,0,0,0,1,0,0,13,0,0,0,0
41,VRANCEA,"SCOALA GENERALA VULTURU",356,VULTURU,178821,2,PART,PRCNCT,CD,CD_SV,"2021-01-21 12:30:02",1295,1274,15,6,255,234,15,6,1400,1145,249,5,1,101,0,15,64,10,9,37,1,2,0,0,0,0,0,1,2,0,0,1,0,0,4,1,1,0,0
41,VRANCEA,"GRADINITA NR 1",357,VULTURU,178821,2,PART,PRCNCT,CD,CD_SV,"2021-01-21 12:30:02",1284,1259,24,1,275,250,24,1,1390,1115,267,4,4,120,0,19,59,8,3,41,6,3,0,0,0,0,0,0,0,0,0,0,0,0,7,1,0,0,0
41,VRANCEA,"SCOALA BOTARLAU",358,VULTURU,178821,1,PROV,PRCNCT,CD,CD_SV,"2021-01-21 12:30:02",1229,1203,26,0,278,252,26,0,1320,1042,261,16,1,89,1,17,54,10,7,78,3,1,0,0,0,0,0,0,0,0,0,0,0,0,1,0,0,0,0
41,VRANCEA,"SCOALA HANGULESTI",359,VULTURU,178821,1,PROV,PRCNCT,CD,CD_SV,"2021-01-21 12:30:02",965,934,31,0,278,247,31,0,1030,752,270,5,3,145,0,12,58,8,6,29,4,4,0,0,0,0,0,0,0,0,0,2,0,0,2,0,0,0,0
41,VRANCEA,"SCOALA MALURI",360,VULTURU,178821,1,PROV,PRCNCT,CD,CD_SV,"2021-01-21 12:30:02",475,453,22,0,122,100,22,0,500,378,117,4,1,51,0,8,27,6,5,16,1,1,0,0,0,0,0,0,1,0,0,0,0,0,1,0,0,0,0
41,VRANCEA,"SCOALA VADU ROSCA",361,VULTURU,178821,1,PROV,PRCNCT,CD,CD_SV,"2021-01-21 12:30:02",587,571,16,0,128,112,16,0,606,478,121,6,1,43,0,7,28,6,15,15,2,1,0,0,0,0,0,2,0,0,0,0,0,0,1,0,1,0,0
