precinct_county_nce,precinct_county_name,precinct_name,precinct_nr,uat_name,uat_siruta,report_version,report_stage_code,report_type_scope_code,report_type_category_code,report_type_code,created_at,a,a1,a2,a3,b,b1,b2,b3,c,d,e,f,g,"PARTIDUL MIȘCAREA POPULARĂ-voturi","PARTIDUL SOCIAL DEMOCRAT-voturi","ALIANȚA USR PLUS-voturi","PARTIDUL NAȚIONAL LIBERAL-voturi","UNIUNEA DEMOCRATĂ MAGHIARĂ DIN ROMÂNIA-voturi","PARTIDUL PRO ROMÂNIA-voturi","PARTIDUL ROMÂNIA MARE-voturi","PARTIDUL SOCIALIST ROMÂN-voturi","ALIANȚA RENAȘTEREA NAȚIONALĂ-voturi","PARTIDUL PUTERII UMANISTE (SOCIAL-LIBERAL)-voturi","PARTIDUL ECOLOGIST ROMÂN-voturi","ALIANȚA PENTRU UNIREA ROMÂNILOR-voturi"
18,GALAŢI,"ȘCOALA GIMNAZIALĂ NR. 26 (ŞCOALA GENERALĂ ”ION CREANGĂ” - ȘCOALA GENERALĂ NR. 26)",1,"MUNICIPIUL GALAŢI",75098,1,PROV,PRCNCT,S,S_SV,"2021-01-21 12:30:02",1194,1180,14,0,383,369,14,0,1309,926,380,3,0,25,119,78,103,4,8,3,2,0,3,16,19
18,GALAŢI,"ȘCOALA GIMNAZIALĂ NR. 26 (ŞCOALA GENERALĂ ”ION CREANGĂ” - ȘCOALA GENERALĂ NR. 26)",2,"MUNICIPIUL GALAŢI",75098,1,PROV,PRCNCT,S,S_SV,"2021-01-21 12:30:02",1152,1137,15,0,402,387,15,0,1251,849,398,4,0,23,114,106,105,1,16,5,0,0,4,5,19
18,GALAŢI,"ȘCOALA GIMNAZIALĂ NR. 28 (ŞCOALA GENERALĂ ”MIHAI EMINESCU” - ȘCOALA GENERALĂ NR. 28)",3,"MUNICIPIUL GALAŢI",75098,1,PROV,PRCNCT,S,S_SV,"2021-01-21 12:30:02",1240,1211,27,2,450,421,27,2,1336,886,444,6,0,31,112,113,142,2,9,1,1,1,2,6,24
18,GALAŢI,"ȘCOALA GIMNAZIALĂ NR. 28 (ŞCOALA GENERALĂ ”MIHAI EMINESCU” - ȘCOALA GENERALĂ NR. 28)",4,"MUNICIPIUL GALAŢI",75098,1,PROV,PRCNCT,S,S_SV,"2021-01-21 12:30:02",1056,1045,11,0,380,369,11,0,1153,773,376,2,2,12,130,101,91,2,12,6,0,0,3,8,11
18,GALAŢI,"ȘCOALA GIMNAZIALĂ NR. 28 (ŞCOALA GENERALĂ ”MIHAI EMINESCU” - ȘCOALA GENERALĂ NR. 28)",5,"MUNICIPIUL GALAŢI",75098,1,PROV,PRCNCT,S,S_SV,"2021-01-21 12:30:02",1311,1293,16,2,468,450,16,2,1431,963,463,4,1,24,137,125,113,2,16,2,2,2,4,11,25
18,GALAŢI,"ȘCOALA GIMNAZIALĂ NR. 28 (ŞCOALA GENERALĂ ”MIHAI EMINESCU” - ȘCOALA GENERALĂ NR. 28)",6,"MUNICIPIUL GALAŢI",75098,1,PROV,PRCNCT,S,S_SV,"2021-01-21 12:30:02",1282,1272,10,0,457,447,10,0,1396,939,448,9,0,29,142,115,114,2,15,6,3,2,3,5,12
18,GALAŢI,"ȘCOALA GIMNAZIALĂ NR. 28 (ŞCOALA GENERALĂ ”MIHAI EMINESCU” - ȘCOALA GENERALĂ NR. 28)",7,"MUNICIPIUL GALAŢI",75098,1,PROV,PRCNCT,S,S_SV,"2021-01-21 12:30:02",954,940,12,2,332,318,12,2,1040,708,328,4,0,29,109,56,75,1,19,4,3,0,1,15,16
18,GALAŢI,"S.C. ”APA-CANAL” S.A.",8,"MUNICIPIUL GALAŢI",75098,1,PROV,PRCNCT,S,S_SV,"2021-01-21 12:30:02",1670,1659,11,0,597,586,11,0,1834,1237,586,10,1,34,198,130,135,2,27,6,2,4,6,8,34
18,GALAŢI,"S.C. ”APA-CANAL” S.A.",9,"MUNICIPIUL GALAŢI",75098,1,PROV,PRCNCT,S,S_SV,"2021-01-21 12:30:02",1588,1575,8,5,595,583,8,4,1745,1150,587,8,0,48,162,162,126,2,20,3,3,3,7,18,33
18,GALAŢI,"S.C. ”APA-CANAL” S.A.",10,"MUNICIPIUL GALAŢI",75098,2,PART,PRCNCT,S,S_SV,"2021-01-21 12:30:02",1348,1327,19,2,473,452,19,2,1475,1002,464,7,2,18,123,130,125,2,14,2,1,2,4,15,28
18,GALAŢI,"ȘCOALA GIMNAZIALĂ ”CONSTANTIN GH. MARINESCU” (ȘCOALA GIMNAZIALĂ ”CONSTANTIN GHEORGHE MARINESCU” - SCOALA GENERALĂ NR.2)",11,"MUNICIPIUL GALAŢI",75098,1,PROV,PRCNCT,S,S_SV,"2021-01-21 12:30:02",1471,1457,14,0,496,482,14,0,1606,1110,487,9,0,40,146,132,101,2,28,3,1,3,3,12,16
18,GALAŢI,"ȘCOALA GIMNAZIALĂ ”CONSTANTIN GH. MARINESCU” (ȘCOALA GIMNAZIALĂ ”CONSTANTIN GHEORGHE MARINESCU” - SCOALA GENERALĂ NR.2)",12,"MUNICIPIUL GALAŢI",75098,1,PROV,PRCNCT,S,S_SV,"2021-01-21 12:30:02",1592,1575,16,1,510,493,16,1,1747,1237,498,10,2,31,163,115,101,4,20,7,2,1,11,13,30
18,GALAŢI,"LICEUL TEORETIC ”EMIL RACOVIȚĂ” (LICEUL ”EMIL RACOVIŢĂ” - ȘCOALA GENERALĂ NR. 6)",13,"MUNICIPIUL GALAŢI",75098,2,PART,PRCNCT,S,S_SV,"2021-01-21 12:30:02",1729,1711,14,4,539,521,14,4,1887,1348,525,9,5,37,151,123,136,2,19,4,2,1,7,12,31
18,GALAŢI,"LICEUL TEORETIC ”EMIL RACOVIȚĂ” (LICEUL ”EMIL RACOVIŢĂ” - ȘCOALA GENERALĂ NR. 6)",14,"MUNICIPIUL GALAŢI",75098,1,PROV,PRCNCT,S,S_SV,"2021-01-21 12:30:02",1273,1260,13,0,382,369,13,0,1393,1011,371,8,3,21,137,76,80,1,15,4,2,0,5,9,21
18,GALAŢI,"LICEUL TEORETIC ”EMIL RACOVIȚĂ” (LICEUL ”EMIL RACOVIŢĂ” - ȘCOALA GENERALĂ NR. 6)",15,"MUNICIPIUL GALAŢI",75098,1,PROV,PRCNCT,S,S_SV,"2021-01-21 12:30:02",1129,1119,10,0,258,248,10,0,1248,990,247,9,2,20,75,47,61,1,11,0,3,0,7,5,17
18,GALAŢI,"COLEGIUL NAȚIONAL ”MIHAIL KOGĂLNICEANU”",16,"MUNICIPIUL GALAŢI",75098,1,PROV,PRCNCT,S,S_SV,"2021-01-21 12:30:02",1163,1136,25,2,299,272,25,2,1265,966,296,3,0,21,101,52,56,1,16,1,3,1,3,8,33
18,GALAŢI,"COLEGIUL NAȚIONAL ”MIHAIL KOGĂLNICEANU”",17,"MUNICIPIUL GALAŢI",75098,1,PROV,PRCNCT,S,S_SV,"2021-01-21 12:30:02",1175,1155,17,3,371,351,17,3,1273,902,363,6,2,25,111,90,69,0,15,4,2,1,12,10,24
18,GALAŢI,"COLEGIUL NAȚIONAL ”COSTACHE NEGRI” (LICEUL PEDAGOGIC ”COSTACHE NEGRI”)",18,"MUNICIPIUL GALAŢI",75098,1,PROV,PRCNCT,S,S_SV,"2021-01-21 12:30:02",1113,1095,15,3,353,335,15,3,1208,855,347,5,1,22,111,65,99,1,10,4,0,2,2,7,24
18,GALAŢI,"COLEGIUL NAȚIONAL ”COSTACHE NEGRI” (LICEUL PEDAGOGIC ”COSTACHE NEGRI”)",19,"MUNICIPIUL GALAŢI",75098,2,PART,PRCNCT,S,S_SV,"2021-01-21 12:30:02",1533,1522,11,0,474,463,11,0,1680,1206,460,12,2,36,125,118,108,4,18,5,1,3,7,5,30
18,GALAŢI,"COLEGIUL NAȚIONAL ”COSTACHE NEGRI” (LICEUL PEDAGOGIC ”COSTACHE NEGRI”)",20,"MUNICIPIUL GALAŢI",75098,1,PROV,PRCNCT,S,S_SV,"2021-01-21 12:30:02",1516,1486,16,14,494,464,16,14,1651,1157,489,4,1,41,121,140,114,1,13,3,1,1,10,10,34
18,GALAŢI,"COLEGIUL NAȚIONAL ”COSTACHE NEGRI” (LICEUL PEDAGOGIC ”COSTACHE NEGRI”)",21,"MUNICIPIUL GALAŢI",75098,1,PROV,PRCNCT,S,S_SV,"2021-01-21 12:30:02",1470,1458,8,4,471,459,8,4,1608,1137,460,6,5,28,134,121,111,0,18,4,1,0,4,11,28
18,GALAŢI,"COLEGIUL NAȚIONAL ”COSTACHE NEGRI” (LICEUL PEDAGOGIC ”COSTACHE NEGRI”)",22,"MUNICIPIUL GALAŢI",75098,1,PROV,PRCNCT,S,S_SV,"2021-01-21 12:30:02",1458,1443,15,0,480,465,15,0,1590,1110,473,4,3,31,141,131,109,2,16,2,0,2,4,12,23
18,GALAŢI,"ȘCOALA GIMNAZIALĂ ”ELENA CUZA” (ȘCOALA NR.15)",23,"MUNICIPIUL GALAŢI",75098,1,PROV,PRCNCT,S,S_SV,"2021-01-21 12:30:02",1362,1350,12,0,404,392,12,0,1486,1082,394,9,1,17,120,80,83,2,23,4,4,3,6,5,47
18,GALAŢI,"ȘCOALA GIMNAZIALĂ ”ELENA CUZA” (ȘCOALA NR.15)",24,"MUNICIPIUL GALAŢI",75098,2,PART,PRCNCT,S,S_SV,"2021-01-21 12:30:02",1711,1703,8,0,399,391,8,0,1882,1483,394,5,0,21,109,101,87,1,19,5,3,2,1,6,39
18,GALAŢI,"GRĂDINIȚA CU PROGRAM NORMAL ”IOAN NENIȚESCU” (GRĂDINIȚA NR. 15)",25,"MUNICIPIUL GALAŢI",75098,1,PROV,PRCNCT,S,S_SV,"2021-01-21 12:30:02",1387,1376,9,2,365,354,9,2,1515,1150,356,9,0,25,98,52,83,1,23,11,4,1,10,9,39
18,GALAŢI,"GRĂDINIȚA CU PROGRAM NORMAL ”IOAN NENIȚESCU” (GRĂDINIȚA NR. 15)",26,"MUNICIPIUL GALAŢI",75098,1,PROV,PRCNCT,S,S_SV,"2021-01-21 12:30:02",1328,1318,10,0,360,350,10,0,1449,1089,351,8,1,27,99,55,80,4,18,2,1,3,3,5,54
18,GALAŢI,"COLEGIUL NAȚIONAL ”VASILE ALECSANDRI”",27,"MUNICIPIUL GALAŢI",75098,1,PROV,PRCNCT,S,S_SV,"2021-01-21 12:30:02",962,934,19,9,318,290,19,9,1033,715,313,5,0,15,107,64,64,4,16,4,3,1,1,12,22
18,GALAŢI,"COLEGIUL NAȚIONAL ”VASILE ALECSANDRI”",28,"MUNICIPIUL GALAŢI",75098,1,PROV,PRCNCT,S,S_SV,"2021-01-21 12:30:02",1366,1353,13,0,403,390,13,0,1491,1088,398,5,0,34,93,82,130,2,8,8,5,0,4,10,22
18,GALAŢI,"COLEGIUL NAȚIONAL ”VASILE ALECSANDRI”",29,"MUNICIPIUL GALAŢI",75098,1,PROV,PRCNCT,S,S_SV,"2021-01-21 12:30:02",1323,1305,15,3,414,396,15,3,1448,1034,404,8,2,22,106,105,88,0,18,3,3,0,8,6,45
18,GALAŢI,"ȘCOALA GIMNAZIALĂ NR. 16 (ȘCOALA GENERALĂ ”NICOLAE BĂLCESCU” - ȘCOALA GENERALĂ NR. 16)",30,"MUNICIPIUL GALAŢI",75098,1,PROV,PRCNCT,S,S_SV,"2021-01-21 12:30:02",1369,1356,11,2,434,421,11,2,1499,1065,430,4,0,22,142,104,92,5,20,4,3,1,8,4,25
18,GALAŢI,"ȘCOALA GIMNAZIALĂ NR. 16 (ȘCOALA GENERALĂ ”NICOLAE BĂLCESCU” - ȘCOALA GENERALĂ NR. 16)",31,"MUNICIPIUL GALAŢI",75098,1,PROV,PRCNCT,S,S_SV,"2021-01-21 12:30:02",1187,1169,12,6,325,307,12,6,1289,964,316,6,3,34,101,54,70,1,14,3,1,1,8,3,26
18,GALAŢI,"ȘCOALA GIMNAZIALĂ NR. 16 (ȘCOALA GENERALĂ ”NICOLAE BĂLCESCU” - ȘCOALA GENERALĂ NR. 16)",32,"MUNICIPIUL GALAŢI",75098,2,PART,PRCNCT,S,S_SV,"2021-01-21 12:30:02",1227,1210,13,4,462,445,13,4,1393,931,453,9,0,23,108,117,124,4,21,7,0,1,6,8,34
18,GALAŢI,"ȘCOALA GIMNAZIALĂ NR. 16 (ȘCOALA GENERALĂ ”NICOLAE BĂLCESCU” - ȘCOALA GENERALĂ NR. 16)",33,"MUNICIPIUL GALAŢI",75098,1,PROV,PRCNCT,S,S_SV,"2021-01-21 12:30:02",1276,1264,12,0,452,440,12,0,1398,946,439,10,3,33,138,116,81,1,17,2,2,2,7,6,34
18,GALAŢI,"ȘCOALA GIMNAZIALĂ NR. 25 (ȘCOALA GENERALĂ ”PETRU RAREȘ” - ȘCOALA GENERALĂ NR. 25)",34,"MUNICIPIUL GALAŢI",75098,1,PROV,PRCNCT,S,S_SV,"2021-01-21 12:30:02",1515,1493,20,2,441,419,20,2,1633,1192,433,8,0,20,147,106,86,3,13,2,2,2,5,7,40
18,GALAŢI,"ȘCOALA GIMNAZIALĂ NR. 25 (ȘCOALA GENERALĂ ”PETRU RAREȘ” - ȘCOALA GENERALĂ NR. 25)",35,"MUNICIPIUL GALAŢI",75098,1,PROV,PRCNCT,S,S_SV,"2021-01-21 12:30:02",1628,1510,14,104,615,497,14,104,1655,1040,590,16,9,33,221,113,117,0,23,5,10,0,10,11,47
18,GALAŢI,"ȘCOALA GIMNAZIALĂ NR. 25 (ȘCOALA GENERALĂ ”PETRU RAREȘ” - ȘCOALA GENERALĂ NR. 25)",36,"MUNICIPIUL GALAŢI",75098,1,PROV,PRCNCT,S,S_SV,"2021-01-21 12:30:02",1248,1237,10,1,365,354,10,1,1375,1010,353,10,2,23,100,74,95,3,18,1,0,1,2,10,26
18,GALAŢI,"UNIVERSITATEA ”DUNĂREA DE JOS” GALAȚI (UNIVERSITATEA GALAŢI)",37,"MUNICIPIUL GALAŢI",75098,1,PROV,PRCNCT,S,S_SV,"2021-01-21 12:30:02",1503,1472,17,14,453,422,17,14,1638,1185,446,5,2,23,132,78,124,3,17,5,0,5,6,11,42
18,GALAŢI,"ȘCOALA GIMNAZIALĂ ”LUDOVIC COSMA” (ȘCOALA GENERALĂ NR. 19)",38,"MUNICIPIUL GALAŢI",75098,1,PROV,PRCNCT,S,S_SV,"2021-01-21 12:30:02",1338,1287,15,36,394,343,15,36,1425,1031,383,7,4,21,109,77,87,3,11,10,0,1,6,11,47
18,GALAŢI,"ȘCOALA GIMNAZIALĂ ”LUDOVIC COSMA” (ȘCOALA GENERALĂ NR. 19)",39,"MUNICIPIUL GALAŢI",75098,1,PROV,PRCNCT,S,S_SV,"2021-01-21 12:30:02",1525,1512,13,0,476,463,13,0,1671,1195,467,8,1,33,146,95,102,1,20,12,4,3,6,14,31
18,GALAŢI,"LICEUL TEHNOLOGIC ”RADU NEGRU” (COLEGIUL TEHNIC ”RADU NEGRU” - GRUP ȘCOLAR ”RADU NEGRU”)",40,"MUNICIPIUL GALAŢI",75098,1,PROV,PRCNCT,S,S_SV,"2021-01-21 12:30:02",1776,1621,15,140,579,424,15,140,1791,1212,561,11,7,34,218,107,96,6,36,3,6,2,4,12,37
18,GALAŢI,"LICEUL TEHNOLOGIC ”RADU NEGRU” (COLEGIUL TEHNIC ”RADU NEGRU” - GRUP ȘCOLAR ”RADU NEGRU”)",41,"MUNICIPIUL GALAŢI",75098,2,PART,PRCNCT,S,S_SV,"2021-01-21 12:30:02",1889,1879,9,1,574,564,9,1,2071,1497,563,7,4,54,160,139,124,4,18,12,4,4,5,16,23
18,GALAŢI,"COLEGIUL DE INDUSTRIE ALIMENTARĂ ”ELENA DOAMNA” (GRUP ȘCOLAR ”ELENA DOAMNA”)",42,"MUNICIPIUL GALAŢI",75098,1,PROV,PRCNCT,S,S_SV,"2021-01-21 12:30:02",1909,1857,27,25,511,459,27,25,2040,1529,499,12,0,30,145,95,120,2,39,4,5,0,5,22,32
18,GALAŢI,"COLEGIUL DE INDUSTRIE ALIMENTARĂ ”ELENA DOAMNA” (GRUP ȘCOLAR ”ELENA DOAMNA”)",43,"MUNICIPIUL GALAŢI",75098,1,PROV,PRCNCT,S,S_SV,"2021-01-21 12:30:02",1651,1600,14,37,471,420,14,37,1771,1300,460,10,1,34,142,98,96,5,16,17,9,5,7,4,27
18,GALAŢI,"ȘCOALA GIMNAZIALĂ NR. 20 (ȘCOALA GENERALĂ NR. 20 ”TRAIAN”)",44,"MUNICIPIUL GALAŢI",75098,1,PROV,PRCNCT,S,S_SV,"2021-01-21 12:30:02",1948,1942,6,0,566,560,6,0,2143,1577,559,5,2,35,143,154,129,7,16,33,6,1,1,7,27
18,GALAŢI,"ȘCOALA GIMNAZIALĂ NR. 20 (ȘCOALA GENERALĂ NR. 20 ”TRAIAN”)",45,"MUNICIPIUL GALAŢI",75098,1,PROV,PRCNCT,S,S_SV,"2021-01-21 12:30:02",1917,1897,20,0,32,12,20,0,2111,2079,32,0,0,1,3,9,9,1,3,0,1,0,0,0,5
18,GALAŢI,"ȘCOALA GIMNAZIALĂ NR. 20 (ȘCOALA GENERALĂ NR. 20 ”TRAIAN”)",46,"MUNICIPIUL GALAŢI",75098,1,PROV,PRCNCT,S,S_SV,"2021-01-21 12:30:02",1937,1906,13,18,468,437,13,18,2112,1644,462,3,3,36,105,106,105,3,23,9,7,4,7,10,47
18,GALAŢI,"ȘCOALA GIMNAZIALĂ NR. 24 (ȘCOALA GENERALĂ NR. 24)",47,"MUNICIPIUL GALAŢI",75098,1,PROV,PRCNCT,S,S_SV,"2021-01-21 12:30:02",1541,1523,15,3,609,591,15,3,1696,1087,606,3,0,37,176,153,167,4,25,1,7,0,5,16,15
18,GALAŢI,"LICEUL TEHNOLOGIC ”GENERAL DE MARINA NICOLAE DUMITRESCU MAICAN” (LICEUL TEHNOLOGIC DE MARINĂ - GRUP ȘCOLAR INDUSTRIAL DE MARINĂ - LICEUL DE MARINĂ)",48,"MUNICIPIUL GALAŢI",75098,1,PROV,PRCNCT,S,S_SV,"2021-01-21 12:30:02",1405,1393,12,0,303,291,12,0,1540,1237,288,15,0,24,106,30,49,1,10,1,2,1,0,3,61
18,GALAŢI,"LICEUL TEHNOLOGIC ”GENERAL DE MARINA NICOLAE DUMITRESCU MAICAN” (LICEUL TEHNOLOGIC DE MARINĂ - GRUP ȘCOLAR INDUSTRIAL DE MARINĂ - LICEUL DE MARINĂ)",49,"MUNICIPIUL GALAŢI",75098,1,PROV,PRCNCT,S,S_SV,"2021-01-21 12:30:02",1482,1452,17,13,417,387,17,13,1612,1195,405,12,0,22,118,66,82,5,18,2,3,1,8,8,72
18,GALAŢI,"LICEUL TEHNOLOGIC ”GENERAL DE MARINA NICOLAE DUMITRESCU MAICAN” (LICEUL TEHNOLOGIC DE MARINĂ - GRUP ȘCOLAR INDUSTRIAL DE MARINĂ - LICEUL DE MARINĂ)",50,"MUNICIPIUL GALAŢI",75098,1,PROV,PRCNCT,S,S_SV,"2021-01-21 12:30:02",1342,1327,15,0,434,419,15,0,1473,1039,426,6,2,30,140,94,101,1,23,1,1,1,6,2,26
18,GALAŢI,"COLEGIUL NAȚIONAL ”ALEXANDRU IOAN CUZA” (GRĂDINIȚA NR. 59 - FOSTA ȘCOALĂ GENERALĂ NR. 8)",51,"MUNICIPIUL GALAŢI",75098,1,PROV,PRCNCT,S,S_SV,"2021-01-21 12:30:02",1299,1275,20,4,476,452,20,4,1406,930,472,3,1,31,135,142,103,3,18,3,1,1,4,7,24
18,GALAŢI,"COLEGIUL NAȚIONAL ”ALEXANDRU IOAN CUZA” (GRĂDINIȚA NR. 59 - FOSTA ȘCOALĂ GENERALĂ NR. 8)",52,"MUNICIPIUL GALAŢI",75098,1,PROV,PRCNCT,S,S_SV,"2021-01-21 12:30:02",1436,1426,10,0,525,515,10,0,1575,1050,516,9,0,31,182,114,102,3,25,3,3,0,10,18,25
18,GALAŢI,"COLEGIUL NAȚIONAL ”ALEXANDRU IOAN CUZA” (GRĂDINIȚA NR. 59 - FOSTA ȘCOALĂ GENERALĂ NR. 8)",53,"MUNICIPIUL GALAŢI",75098,1,PROV,PRCNCT,S,S_SV,"2021-01-21 12:30:02",1405,1393,12,0,430,418,12,0,1543,1113,424,4,2,31,111,109,104,3,19,2,4,2,3,14,22
18,GALAŢI,"COLEGIUL NAȚIONAL ”ALEXANDRU IOAN CUZA” (GRĂDINIȚA NR. 59 - FOSTA ȘCOALĂ GENERALĂ NR. 8)",54,"MUNICIPIUL GALAŢI",75098,1,PROV,PRCNCT,S,S_SV,"2021-01-21 12:30:02",1846,1832,14,0,364,350,14,0,2025,1661,360,2,2,27,111,75,70,3,18,8,1,0,4,7,36
18,GALAŢI,"LICEUL CU PROGRAM SPORTIV (LICEUL CU PROGRAM DE EDUCAȚIE FIZICĂ - LICEUL INDUSTRIAL NR.12)",55,"MUNICIPIUL GALAŢI",75098,1,PROV,PRCNCT,S,S_SV,"2021-01-21 12:30:02",2005,1985,20,0,271,251,20,0,2185,1914,263,7,1,11,89,48,63,3,10,2,1,0,3,3,30
18,GALAŢI,"LICEUL CU PROGRAM SPORTIV (LICEUL CU PROGRAM DE EDUCAȚIE FIZICĂ - LICEUL INDUSTRIAL NR.12)",56,"MUNICIPIUL GALAŢI",75098,1,PROV,PRCNCT,S,S_SV,"2021-01-21 12:30:02",1993,1980,11,2,97,84,11,2,2174,2077,97,0,0,3,23,32,17,0,4,1,2,1,0,3,11
18,GALAŢI,"LICEUL CU PROGRAM SPORTIV (LICEUL CU PROGRAM DE EDUCAȚIE FIZICĂ - LICEUL INDUSTRIAL NR.12)",57,"MUNICIPIUL GALAŢI",75098,1,PROV,PRCNCT,S,S_SV,"2021-01-21 12:30:02",1849,1799,12,38,400,350,12,38,1954,1554,388,9,3,34,116,70,50,1,27,6,0,3,12,12,57
18,GALAŢI,"LICEUL CU PROGRAM SPORTIV (LICEUL CU PROGRAM DE EDUCAȚIE FIZICĂ - LICEUL INDUSTRIAL NR.12)",58,"MUNICIPIUL GALAŢI",75098,1,PROV,PRCNCT,S,S_SV,"2021-01-21 12:30:02",1909,1894,13,2,428,413,13,2,2087,1659,420,8,0,27,146,104,71,2,10,5,2,0,6,6,41
18,GALAŢI,"ȘCOALA GIMNAZIALĂ NR. 17 (ȘCOALA GENERALĂ ”NICHITA STĂNESCU” - ȘCOALA GENERALĂ NR. 17)",59,"MUNICIPIUL GALAŢI",75098,1,PROV,PRCNCT,S,S_SV,"2021-01-21 12:30:02",1809,1786,23,0,475,452,23,0,1980,1505,463,10,2,21,156,89,66,2,12,12,1,2,7,16,79
18,GALAŢI,"ȘCOALA GIMNAZIALĂ NR. 17 (ȘCOALA GENERALĂ ”NICHITA STĂNESCU” - ȘCOALA GENERALĂ NR. 17)",60,"MUNICIPIUL GALAŢI",75098,1,PROV,PRCNCT,S,S_SV,"2021-01-21 12:30:02",1781,1769,12,0,451,439,12,0,1969,1518,434,15,2,24,158,83,66,2,25,10,4,4,8,14,36
18,GALAŢI,"ȘCOALA GIMNAZIALĂ NR. 17 (ȘCOALA GENERALĂ ”NICHITA STĂNESCU” - ȘCOALA GENERALĂ NR. 17)",61,"MUNICIPIUL GALAŢI",75098,1,PROV,PRCNCT,S,S_SV,"2021-01-21 12:30:02",1798,1788,10,0,388,378,10,0,1976,1588,378,10,0,22,139,58,57,1,15,3,2,2,10,10,59
18,GALAŢI,"COLEGIUL ECONOMIC ”VIRGIL MADGEARU” (GRUP ȘCOLAR ECONOMIC ADMINISTRATIV ”VIRGIL MADGEARU”)",62,"MUNICIPIUL GALAŢI",75098,1,PROV,PRCNCT,S,S_SV,"2021-01-21 12:30:02",1318,1291,25,2,371,344,25,2,1418,1047,357,12,2,16,127,68,72,2,11,2,1,3,10,9,36
18,GALAŢI,"ȘCOALA GIMNAZIALĂ NR. 29 (ȘCOALA GENERALĂ ”SFÂNTA ANA” - ȘCOALA GENERALĂ NR. 29)",63,"MUNICIPIUL GALAŢI",75098,1,PROV,PRCNCT,S,S_SV,"2021-01-21 12:30:02",1616,1596,18,2,428,408,18,2,1762,1325,419,7,2,22,150,77,86,2,13,10,3,2,7,15,32
18,GALAŢI,"ȘCOALA GIMNAZIALĂ NR. 29 (ȘCOALA GENERALĂ ”SFÂNTA ANA” - ȘCOALA GENERALĂ NR. 29)",64,"MUNICIPIUL GALAŢI",75098,1,PROV,PRCNCT,S,S_SV,"2021-01-21 12:30:02",1542,1531,11,0,448,437,11,0,1702,1254,434,14,0,25,158,94,72,1,17,4,2,1,4,12,44
18,GALAŢI,"ȘCOALA GIMNAZIALĂ NR. 29 (ȘCOALA GENERALĂ ”SFÂNTA ANA” - ȘCOALA GENERALĂ NR. 29)",65,"MUNICIPIUL GALAŢI",75098,1,PROV,PRCNCT,S,S_SV,"2021-01-21 12:30:02",1342,1323,19,0,400,381,19,0,1470,1070,392,5,3,14,165,79,60,0,18,0,2,2,4,8,40
18,GALAŢI,"ȘCOALA GIMNAZIALĂ NR. 29 (ȘCOALA GENERALĂ ”SFÂNTA ANA” - ȘCOALA GENERALĂ NR. 29)",66,"MUNICIPIUL GALAŢI",75098,1,PROV,PRCNCT,S,S_SV,"2021-01-21 12:30:02",1466,1453,7,6,473,460,7,6,1608,1135,465,3,5,20,151,114,105,1,23,3,4,1,3,15,25
18,GALAŢI,"ȘCOALA GIMNAZIALĂ NR. 22 (ȘCOALA GENERALĂ ”DIMITRIE CANTEMIR” - ȘCOALA GENERALĂ NR. 22)",67,"MUNICIPIUL GALAŢI",75098,1,PROV,PRCNCT,S,S_SV,"2021-01-21 12:30:02",1485,1466,19,0,416,397,19,0,1619,1203,410,6,0,17,158,72,60,4,25,4,1,0,4,7,58
18,GALAŢI,"ȘCOALA GIMNAZIALĂ NR. 22 (ȘCOALA GENERALĂ ”DIMITRIE CANTEMIR” - ȘCOALA GENERALĂ NR. 22)",68,"MUNICIPIUL GALAŢI",75098,1,PROV,PRCNCT,S,S_SV,"2021-01-21 12:30:02",1447,1441,6,0,497,491,6,0,1597,1100,490,6,1,26,191,89,79,4,32,7,1,3,11,6,41
18,GALAŢI,"ȘCOALA GIMNAZIALĂ NR. 22 (ȘCOALA GENERALĂ ”DIMITRIE CANTEMIR” - ȘCOALA GENERALĂ NR. 22)",69,"MUNICIPIUL GALAŢI",75098,1,PROV,PRCNCT,S,S_SV,"2021-01-21 12:30:02",1512,1503,9,0,401,392,9,0,1673,1272,390,11,0,32,161,50,64,1,12,6,3,1,3,11,46
18,GALAŢI,"GRĂDINIȚA CU PROGRAM PRELUNGIT ”MOTANUL ÎNCĂLȚAT” (GRĂDINIȚA CU PROGRAM PRELUNGIT ”PRICHINDEL” - GRĂDINIȚA ”PRICHINDEL” - GRĂDINIȚA NR. 62)",70,"MUNICIPIUL GALAŢI",75098,1,PROV,PRCNCT,S,S_SV,"2021-01-21 12:30:02",1511,1496,14,1,508,493,14,1,1658,1150,490,18,0,29,191,103,74,2,24,8,1,3,4,18,33
18,GALAŢI,"GRĂDINIȚA CU PROGRAM PRELUNGIT ”MOTANUL ÎNCĂLȚAT” (GRĂDINIȚA CU PROGRAM PRELUNGIT ”PRICHINDEL” - GRĂDINIȚA ”PRICHINDEL” - GRĂDINIȚA NR. 62)",71,"MUNICIPIUL GALAŢI",75098,1,PROV,PRCNCT,S,S_SV,"2021-01-21 12:30:02",1475,1461,14,0,443,429,14,0,1612,1169,432,8,3,25,171,88,73,0,21,2,1,1,11,9,30
18,GALAŢI,"GRĂDINIȚA CU PROGRAM PRELUNGIT ”MOTANUL ÎNCĂLȚAT” (GRĂDINIȚA CU PROGRAM PRELUNGIT ”PRICHINDEL” - GRĂDINIȚA ”PRICHINDEL” - GRĂDINIȚA NR. 62)",72,"MUNICIPIUL GALAŢI",75098,1,PROV,PRCNCT,S,S_SV,"2021-01-21 12:30:02",1390,1369,20,1,444,423,20,1,1508,1064,435,9,0,27,132,107,82,0,21,10,3,1,8,9,35
18,GALAŢI,"STAȚIE DE POMPARE APE UZATE S.C. APĂ-CANAL S.A.",73,"MUNICIPIUL GALAŢI",75098,1,PROV,PRCNCT,S,S_SV,"2021-01-21 12:30:02",476,461,15,0,147,132,15,0,523,376,146,1,0,13,51,22,27,0,9,2,0,1,3,4,14
18,GALAŢI,"ȘCOALA GIMNAZIALĂ ”DAN BARBILIAN” (ȘCOALA GENERALĂ ”DAN BARBILIAN” - ȘCOALA GENERALĂ NR. 43)",74,"MUNICIPIUL GALAŢI",75098,1,PROV,PRCNCT,S,S_SV,"2021-01-21 12:30:02",1626,1603,21,2,469,446,21,2,1773,1304,464,3,2,11,185,124,61,1,24,2,1,0,9,8,38
18,GALAŢI,"ȘCOALA GIMNAZIALĂ ”DAN BARBILIAN” (ȘCOALA GENERALĂ ”DAN BARBILIAN” - ȘCOALA GENERALĂ NR. 43)",75,"MUNICIPIUL GALAŢI",75098,1,PROV,PRCNCT,S,S_SV,"2021-01-21 12:30:02",1461,1446,15,0,439,424,15,0,1590,1151,427,10,2,19,172,98,72,1,7,1,3,1,9,9,35
18,GALAŢI,"ȘCOALA GIMNAZIALĂ ”DAN BARBILIAN” (ȘCOALA GENERALĂ ”DAN BARBILIAN” - ȘCOALA GENERALĂ NR. 43)",76,"MUNICIPIUL GALAŢI",75098,1,PROV,PRCNCT,S,S_SV,"2021-01-21 12:30:02",1461,1423,9,29,470,432,9,29,1581,1111,458,9,3,27,143,109,85,2,22,2,5,1,10,9,43
18,GALAŢI,"ȘCOALA GIMNAZIALĂ ”DAN BARBILIAN” (ȘCOALA GENERALĂ ”DAN BARBILIAN” - ȘCOALA GENERALĂ NR. 43)",77,"MUNICIPIUL GALAŢI",75098,1,PROV,PRCNCT,S,S_SV,"2021-01-21 12:30:02",1491,1485,6,0,434,428,6,0,1638,1204,421,13,0,22,160,94,67,0,20,3,0,0,3,13,39
18,GALAŢI,"ȘCOALA GIMNAZIALĂ ”DAN BARBILIAN” (ȘCOALA GENERALĂ ”DAN BARBILIAN” - ȘCOALA GENERALĂ NR. 43)",78,"MUNICIPIUL GALAŢI",75098,1,PROV,PRCNCT,S,S_SV,"2021-01-21 12:30:02",1511,1496,13,2,456,441,13,2,1652,1196,453,3,0,24,192,88,56,2,28,2,0,0,14,9,38
18,GALAŢI,"ȘCOALA GIMNAZIALĂ ”DAN BARBILIAN” (ȘCOALA GENERALĂ ”DAN BARBILIAN” - ȘCOALA GENERALĂ NR. 43)",79,"MUNICIPIUL GALAŢI",75098,1,PROV,PRCNCT,S,S_SV,"2021-01-21 12:30:02",1449,1438,11,0,436,425,11,0,1587,1151,427,8,1,18,146,90,75,1,27,7,3,2,13,14,31
18,GALAŢI,"ȘCOALA GIMNAZIALĂ ”DAN BARBILIAN” (ȘCOALA GENERALĂ ”DAN BARBILIAN” - ȘCOALA GENERALĂ NR. 43)",80,"MUNICIPIUL GALAŢI",75098,1,PROV,PRCNCT,S,S_SV,"2021-01-21 12:30:02",1531,1520,11,0,438,427,11,0,3344,2906,431,6,1,19,164,112,77,1,9,4,3,6,4,14,18
18,GALAŢI,"ȘCOALA GIMNAZIALĂ NR. 3 (ȘCOALA GENERALĂ NR. 3)",81,"MUNICIPIUL GALAŢI",75098,1,PROV,PRCNCT,S,S_SV,"2021-01-21 12:30:02",1579,1549,25,5,503,473,25,5,1722,1219,497,6,0,34,145,110,79,1,20,3,3,3,13,12,74
18,GALAŢI,"ȘCOALA GIMNAZIALĂ NR. 3 (ȘCOALA GENERALĂ NR. 3)",82,"MUNICIPIUL GALAŢI",75098,1,PROV,PRCNCT,S,S_SV,"2021-01-21 12:30:02",1586,1576,10,0,440,430,10,0,1741,1301,430,9,1,18,178,86,64,2,24,4,3,0,3,9,39
18,GALAŢI,"ȘCOALA GIMNAZIALĂ NR. 3 (ȘCOALA GENERALĂ NR. 3)",83,"MUNICIPIUL GALAŢI",75098,1,PROV,PRCNCT,S,S_SV,"2021-01-21 12:30:02",1484,1482,2,0,422,420,2,0,1647,1225,415,6,1,18,139,96,76,2,13,1,0,2,6,8,54
18,GALAŢI,"ȘCOALA GIMNAZIALĂ NR. 3 (ȘCOALA GENERALĂ NR. 3)",84,"MUNICIPIUL GALAŢI",75098,1,PROV,PRCNCT,S,S_SV,"2021-01-21 12:30:02",1684,1676,8,0,531,523,8,0,1853,1322,521,9,1,23,200,103,87,1,27,3,3,1,7,13,53
18,GALAŢI,"ȘCOALA GIMNAZIALĂ NR. 3 (ȘCOALA GENERALĂ NR. 3)",85,"MUNICIPIUL GALAŢI",75098,1,PROV,PRCNCT,S,S_SV,"2021-01-21 12:30:02",1399,1387,12,0,437,425,12,0,1531,1094,428,6,3,33,129,108,74,1,21,5,2,2,5,7,41
18,GALAŢI,"ȘCOALA GIMNAZIALĂ ”IULIA HAȘDEU” (ȘCOALA GENERALĂ ”IULIA HAȘDEU” - ȘCOALA GENERALĂ NR. 40)",86,"MUNICIPIUL GALAŢI",75098,1,PROV,PRCNCT,S,S_SV,"2021-01-21 12:30:02",1445,1424,18,3,475,454,18,3,1569,1094,463,10,2,21,175,101,92,2,15,7,0,1,9,9,31
18,GALAŢI,"ȘCOALA GIMNAZIALĂ ”IULIA HAȘDEU” (ȘCOALA GENERALĂ ”IULIA HAȘDEU” - ȘCOALA GENERALĂ NR. 40)",87,"MUNICIPIUL GALAŢI",75098,1,PROV,PRCNCT,S,S_SV,"2021-01-21 12:30:02",1385,1374,9,2,385,374,9,2,1514,1129,376,6,3,21,145,76,65,1,10,3,5,4,10,8,28
18,GALAŢI,"ȘCOALA GIMNAZIALĂ ”IULIA HAȘDEU” (ȘCOALA GENERALĂ ”IULIA HAȘDEU” - ȘCOALA GENERALĂ NR. 40)",88,"MUNICIPIUL GALAŢI",75098,1,PROV,PRCNCT,S,S_SV,"2021-01-21 12:30:02",1384,1376,8,0,407,399,8,0,1516,1109,401,4,2,22,168,79,62,1,17,5,2,2,7,5,31
18,GALAŢI,"ȘCOALA GIMNAZIALĂ ”IULIA HAȘDEU” (ȘCOALA GENERALĂ ”IULIA HAȘDEU” - ȘCOALA GENERALĂ NR. 40)",89,"MUNICIPIUL GALAŢI",75098,1,PROV,PRCNCT,S,S_SV,"2021-01-21 12:30:02",1456,1441,12,3,499,484,12,3,1592,1093,488,10,1,27,170,107,89,1,20,4,2,1,9,10,48
18,GALAŢI,"ȘCOALA GIMNAZIALĂ ”IULIA HAȘDEU” (ȘCOALA GENERALĂ ”IULIA HAȘDEU” - ȘCOALA GENERALĂ NR. 40)",90,"MUNICIPIUL GALAŢI",75098,1,PROV,PRCNCT,S,S_SV,"2021-01-21 12:30:02",1597,1583,10,4,449,435,10,4,1744,1295,441,7,1,32,146,101,100,1,15,2,1,2,6,8,27
18,GALAŢI,"ȘCOALA GIMNAZIALĂ ”IULIA HAȘDEU” (ȘCOALA GENERALĂ ”IULIA HAȘDEU” - ȘCOALA GENERALĂ NR. 40)",91,"MUNICIPIUL GALAŢI",75098,1,PROV,PRCNCT,S,S_SV,"2021-01-21 12:30:02",1277,1269,8,0,366,358,8,0,1397,1031,358,7,1,18,111,84,65,2,19,2,3,0,9,15,30
18,GALAŢI,"ȘCOALA GIMNAZIALĂ NR. 9 (ȘCOALA GIMNAZIALĂ NR. 9 ”CALISTRAT HOGAȘ”)",92,"MUNICIPIUL GALAŢI",75098,1,PROV,PRCNCT,S,S_SV,"2021-01-21 12:30:02",1456,1449,5,2,471,464,5,2,1606,1135,457,11,3,23,148,114,73,2,20,7,3,0,8,14,45
18,GALAŢI,"ȘCOALA GIMNAZIALĂ NR. 9 (ȘCOALA GIMNAZIALĂ NR. 9 ”CALISTRAT HOGAȘ”)",93,"MUNICIPIUL GALAŢI",75098,1,PROV,PRCNCT,S,S_SV,"2021-01-21 12:30:02",1274,1263,11,0,301,290,11,0,1385,1084,298,3,0,19,84,69,60,2,19,4,1,0,3,7,30
18,GALAŢI,"ȘCOALA GIMNAZIALĂ NR. 9 (ȘCOALA GIMNAZIALĂ NR. 9 ”CALISTRAT HOGAȘ”)",94,"MUNICIPIUL GALAŢI",75098,1,PROV,PRCNCT,S,S_SV,"2021-01-21 12:30:02",1443,1424,19,0,435,416,19,0,1553,1118,428,7,0,12,125,92,89,1,26,4,2,6,7,8,56
18,GALAŢI,"GRĂDINIȚA CU PROGRAM NORMAL NR. 59 (FOSTA ȘCOALĂ GIMNAZIALĂ ”NICOLAE MANTU”)",95,"MUNICIPIUL GALAŢI",75098,1,PROV,PRCNCT,S,S_SV,"2021-01-21 12:30:02",1632,1582,22,28,531,482,22,27,1751,1220,526,5,0,31,171,125,103,0,31,5,1,2,14,9,34
18,GALAŢI,"GRĂDINIȚA CU PROGRAM NORMAL NR. 59 (FOSTA ȘCOALĂ GIMNAZIALĂ ”NICOLAE MANTU”)",96,"MUNICIPIUL GALAŢI",75098,1,PROV,PRCNCT,S,S_SV,"2021-01-21 12:30:02",1450,1410,14,26,465,425,14,26,1559,1094,458,4,3,29,150,87,99,2,13,3,6,7,6,17,39
18,GALAŢI,"ȘCOALA GIMNAZIALĂ NR. 5 (ȘCOALA GENERALĂ ”CUZA VODĂ” - ȘCOALA GENERALĂ NR. 5)",97,"MUNICIPIUL GALAŢI",75098,2,PART,PRCNCT,S,S_SV,"2021-01-21 12:30:02",1523,1513,10,0,453,443,10,0,1672,1219,442,9,2,25,124,101,96,3,29,7,1,5,7,9,35
18,GALAŢI,"ȘCOALA GIMNAZIALĂ NR. 5 (ȘCOALA GENERALĂ ”CUZA VODĂ” - ȘCOALA GENERALĂ NR. 5)",98,"MUNICIPIUL GALAŢI",75098,1,PROV,PRCNCT,S,S_SV,"2021-01-21 12:30:02",1295,1273,20,2,417,395,20,2,1405,988,407,8,2,25,130,83,76,3,19,4,1,0,5,13,48
18,GALAŢI,"ȘCOALA GIMNAZIALĂ NR. 5 (ȘCOALA GENERALĂ ”CUZA VODĂ” - ȘCOALA GENERALĂ NR. 5)",99,"MUNICIPIUL GALAŢI",75098,1,PROV,PRCNCT,S,S_SV,"2021-01-21 12:30:02",1548,1535,13,0,435,422,13,0,1710,1275,415,19,1,31,116,98,79,1,22,8,1,0,9,9,41
18,GALAŢI,"ȘCOALA GIMNAZIALĂ NR. 5 (ȘCOALA GENERALĂ ”CUZA VODĂ” - ȘCOALA GENERALĂ NR. 5)",100,"MUNICIPIUL GALAŢI",75098,1,PROV,PRCNCT,S,S_SV,"2021-01-21 12:30:02",1373,1363,9,1,420,410,9,1,1504,1084,407,12,1,40,131,94,76,1,15,4,1,2,2,12,29
18,GALAŢI,"LICEUL TEORETIC ”DUNAREA”",101,"MUNICIPIUL GALAŢI",75098,1,PROV,PRCNCT,S,S_SV,"2021-01-21 12:30:02",1331,1313,16,2,404,386,16,2,1441,1037,392,8,4,18,128,91,78,1,20,2,2,3,8,10,31
18,GALAŢI,"LICEUL TEORETIC ”DUNAREA”",102,"MUNICIPIUL GALAŢI",75098,1,PROV,PRCNCT,S,S_SV,"2021-01-21 12:30:02",1276,1260,16,0,355,339,16,0,1388,1033,349,6,0,9,121,75,75,2,16,2,0,0,4,10,35
18,GALAŢI,"LICEUL TEORETIC ”DUNAREA”",103,"MUNICIPIUL GALAŢI",75098,1,PROV,PRCNCT,S,S_SV,"2021-01-21 12:30:02",1402,1391,10,1,416,405,10,1,1547,1131,411,2,3,25,161,87,69,1,23,3,1,3,8,6,24
18,GALAŢI,"GRĂDINIȚA CU PROGRAM PRELUNGIT NR. 30",104,"MUNICIPIUL GALAŢI",75098,1,PROV,PRCNCT,S,S_SV,"2021-01-21 12:30:02",1529,1513,13,3,406,390,13,3,1670,1264,397,7,2,30,126,76,76,1,15,1,1,6,11,5,49
18,GALAŢI,"GRĂDINIȚA CU PROGRAM PRELUNGIT NR. 30",105,"MUNICIPIUL GALAŢI",75098,1,PROV,PRCNCT,S,S_SV,"2021-01-21 12:30:02",1452,1444,8,0,403,395,8,0,1597,1194,395,5,3,19,125,92,94,0,15,5,1,1,9,10,24
18,GALAŢI,"GRĂDINIȚA CU PROGRAM PRELUNGIT NR. 30",106,"MUNICIPIUL GALAŢI",75098,1,PROV,PRCNCT,S,S_SV,"2021-01-21 12:30:02",1136,1124,10,2,297,285,10,2,1080,783,291,4,2,18,101,70,45,0,13,4,3,1,2,6,28
18,GALAŢI,"GRĂDINIȚA CU PROGRAM PRELUNGIT NR. 30",107,"MUNICIPIUL GALAŢI",75098,1,PROV,PRCNCT,S,S_SV,"2021-01-21 12:30:02",1346,1337,9,0,402,393,9,0,1543,1141,395,7,0,20,140,85,67,3,20,4,1,0,7,12,36
18,GALAŢI,"GRĂDINIȚA CU PROGRAM PRELUNGIT NR. 30",108,"MUNICIPIUL GALAŢI",75098,1,PROV,PRCNCT,S,S_SV,"2021-01-21 12:30:02",1351,1338,10,3,409,396,10,3,1483,1074,403,5,1,21,117,108,94,2,12,2,1,2,6,9,29
18,GALAŢI,"GRĂDINIȚA CU PROGRAM PRELUNGIT NR. 30",109,"MUNICIPIUL GALAŢI",75098,1,PROV,PRCNCT,S,S_SV,"2021-01-21 12:30:02",1414,1403,9,2,429,418,9,2,1549,1120,423,5,1,30,150,88,87,5,15,2,1,0,5,8,32
18,GALAŢI,"ȘCOALA GIMNAZIALĂ NR. 10 (ȘCOALA GENERALĂ ”PETRE ȚUȚEA” - ȘCOALA GENERALĂ NR. 10)",110,"MUNICIPIUL GALAŢI",75098,1,PROV,PRCNCT,S,S_SV,"2021-01-21 12:30:02",1587,1572,15,0,513,498,15,0,1739,1226,498,11,4,33,162,109,98,1,24,9,1,0,11,9,41
18,GALAŢI,"ȘCOALA GIMNAZIALĂ NR. 10 (ȘCOALA GENERALĂ ”PETRE ȚUȚEA” - ȘCOALA GENERALĂ NR. 10)",111,"MUNICIPIUL GALAŢI",75098,1,PROV,PRCNCT,S,S_SV,"2021-01-21 12:30:02",1613,1601,12,0,484,472,12,0,1780,1296,479,4,1,30,178,84,67,5,19,8,2,3,12,10,61
18,GALAŢI,"ȘCOALA GIMNAZIALĂ NR. 10 (ȘCOALA GENERALĂ ”PETRE ȚUȚEA” - ȘCOALA GENERALĂ NR. 10)",112,"MUNICIPIUL GALAŢI",75098,1,PROV,PRCNCT,S,S_SV,"2021-01-21 12:30:02",1666,1648,18,0,505,487,18,0,1837,1332,492,9,4,28,173,92,95,3,22,1,2,1,6,17,52
18,GALAŢI,"ȘCOALA GIMNAZIALĂ NR. 10 (ȘCOALA GENERALĂ ”PETRE ȚUȚEA” - ȘCOALA GENERALĂ NR. 10)",113,"MUNICIPIUL GALAŢI",75098,1,PROV,PRCNCT,S,S_SV,"2021-01-21 12:30:02",1453,1443,10,0,444,434,10,0,1592,1148,429,12,3,33,168,77,91,3,14,1,2,2,5,10,23
18,GALAŢI,"ȘCOALA GIMNAZIALĂ NR. 10 (ȘCOALA GENERALĂ ”PETRE ȚUȚEA” - ȘCOALA GENERALĂ NR. 10)",114,"MUNICIPIUL GALAŢI",75098,1,PROV,PRCNCT,S,S_SV,"2021-01-21 12:30:02",1742,1734,7,1,514,506,7,1,1926,1412,503,8,3,31,177,98,89,2,17,3,4,12,9,10,51
18,GALAŢI,"LICEUL DE TRANSPORTURI AUTO ”TRAIAN VUIA” (COLEGIUL TEHNIC ”TRAIAN VUIA” - GRUP ŞCOLAR TRANSPORTURI AUTO)",115,"MUNICIPIUL GALAŢI",75098,1,PROV,PRCNCT,S,S_SV,"2021-01-21 12:30:02",1299,1271,17,11,434,406,17,11,1410,976,424,8,2,18,139,113,74,0,14,8,4,6,5,13,30
18,GALAŢI,"LICEUL DE TRANSPORTURI AUTO ”TRAIAN VUIA” (COLEGIUL TEHNIC ”TRAIAN VUIA” - GRUP ŞCOLAR TRANSPORTURI AUTO)",116,"MUNICIPIUL GALAŢI",75098,1,PROV,PRCNCT,S,S_SV,"2021-01-21 12:30:02",1376,1367,9,0,428,419,9,0,1505,1077,420,6,2,22,123,105,100,3,13,3,5,1,2,8,35
18,GALAŢI,"LICEUL DE TRANSPORTURI AUTO ”TRAIAN VUIA” (COLEGIUL TEHNIC ”TRAIAN VUIA” - GRUP ŞCOLAR TRANSPORTURI AUTO)",117,"MUNICIPIUL GALAŢI",75098,1,PROV,PRCNCT,S,S_SV,"2021-01-21 12:30:02",1283,1274,7,2,371,362,7,2,1415,1044,364,5,2,29,116,87,62,1,22,2,1,3,8,13,20
18,GALAŢI,"ȘCOALA GIMNAZIALĂ ”SFINȚII ÎMPĂRAȚI” (ȘCOALA GENERALĂ ”SFINȚII ÎMPĂRAȚI” - ȘCOALA GENERALĂ NR. 42)",118,"MUNICIPIUL GALAŢI",75098,1,PROV,PRCNCT,S,S_SV,"2021-01-21 12:30:02",1702,1686,15,1,568,552,15,1,1866,1298,559,6,3,28,187,112,132,1,23,2,2,2,5,22,43
18,GALAŢI,"ȘCOALA GIMNAZIALĂ ”SFINȚII ÎMPĂRAȚI” (ȘCOALA GENERALĂ ”SFINȚII ÎMPĂRAȚI” - ȘCOALA GENERALĂ NR. 42)",119,"MUNICIPIUL GALAŢI",75098,1,PROV,PRCNCT,S,S_SV,"2021-01-21 12:30:02",1556,1547,9,0,508,499,9,0,1708,1200,503,4,1,26,140,139,117,0,17,12,4,3,8,11,26
18,GALAŢI,"ȘCOALA GIMNAZIALĂ ”SFINȚII ÎMPĂRAȚI” (ȘCOALA GENERALĂ ”SFINȚII ÎMPĂRAȚI” - ȘCOALA GENERALĂ NR. 42)",120,"MUNICIPIUL GALAŢI",75098,1,PROV,PRCNCT,S,S_SV,"2021-01-21 12:30:02",1349,1337,12,0,400,388,12,0,1479,1079,397,2,1,23,145,84,80,2,10,3,2,1,7,10,30
18,GALAŢI,"ȘCOALA GIMNAZIALĂ ”SFÂNTUL GRIGORE TEOLOGUL” (ȘCOALA GENERALĂ ”SFÂNTUL GRIGORE TEOLOGUL” - ȘCOALA GENERALĂ NR. 41)",121,"MUNICIPIUL GALAŢI",75098,1,PROV,PRCNCT,S,S_SV,"2021-01-21 12:30:02",1733,1721,9,3,462,450,9,3,1904,1442,457,3,2,20,169,111,76,1,19,4,3,1,5,13,35
18,GALAŢI,"ȘCOALA GIMNAZIALĂ ”SFÂNTUL GRIGORE TEOLOGUL” (ȘCOALA GENERALĂ ”SFÂNTUL GRIGORE TEOLOGUL” - ȘCOALA GENERALĂ NR. 41)",122,"MUNICIPIUL GALAŢI",75098,1,PROV,PRCNCT,S,S_SV,"2021-01-21 12:30:02",1730,1720,8,2,498,488,8,2,1901,1403,487,8,3,41,156,112,91,1,18,1,5,4,11,10,37
18,GALAŢI,"ȘCOALA GIMNAZIALĂ ”SFÂNTUL GRIGORE TEOLOGUL” (ȘCOALA GENERALĂ ”SFÂNTUL GRIGORE TEOLOGUL” - ȘCOALA GENERALĂ NR. 41)",123,"MUNICIPIUL GALAŢI",75098,1,PROV,PRCNCT,S,S_SV,"2021-01-21 12:30:02",1738,1729,9,0,480,471,9,0,1913,1433,468,10,2,23,170,107,88,0,13,2,1,2,11,14,37
18,GALAŢI,"ȘCOALA GIMNAZIALĂ ”SFÂNTUL GRIGORE TEOLOGUL” (ȘCOALA GENERALĂ ”SFÂNTUL GRIGORE TEOLOGUL” - ȘCOALA GENERALĂ NR. 41)",124,"MUNICIPIUL GALAŢI",75098,1,PROV,PRCNCT,S,S_SV,"2021-01-21 12:30:02",1741,1730,8,3,409,398,8,3,1915,1506,404,5,0,29,151,73,78,0,22,2,2,2,6,6,33
18,GALAŢI,"LICEUL TEHNOLOGIC ”ANGHEL SALIGNY” (GRUP ȘCOLAR INDUSTRIAL ”ANGHEL SALIGNY” - LICEUL INDUSTRIAL NR.9)",125,"MUNICIPIUL GALAŢI",75098,1,PROV,PRCNCT,S,S_SV,"2021-01-21 12:30:02",1991,1984,7,0,413,406,7,0,2185,1772,409,4,0,26,135,73,64,4,26,6,2,13,13,10,37
18,GALAŢI,"LICEUL TEHNOLOGIC ”ANGHEL SALIGNY” (GRUP ȘCOLAR INDUSTRIAL ”ANGHEL SALIGNY” - LICEUL INDUSTRIAL NR.9)",126,"MUNICIPIUL GALAŢI",75098,1,PROV,PRCNCT,S,S_SV,"2021-01-21 12:30:02",1736,1716,19,1,59,39,19,1,1895,1836,54,4,1,4,16,10,8,0,3,0,0,1,0,3,9
18,GALAŢI,"LICEUL TEHNOLOGIC ”ANGHEL SALIGNY” (GRUP ȘCOLAR INDUSTRIAL ”ANGHEL SALIGNY” - LICEUL INDUSTRIAL NR.9)",127,"MUNICIPIUL GALAŢI",75098,1,PROV,PRCNCT,S,S_SV,"2021-01-21 12:30:02",1874,1865,9,0,113,104,9,0,2087,1974,109,4,0,9,37,24,13,0,3,0,3,0,1,0,19
18,GALAŢI,"LICEUL TEHNOLOGIC ”ANGHEL SALIGNY” (GRUP ȘCOLAR INDUSTRIAL ”ANGHEL SALIGNY” - LICEUL INDUSTRIAL NR.9)",128,"MUNICIPIUL GALAŢI",75098,1,PROV,PRCNCT,S,S_SV,"2021-01-21 12:30:02",1887,1881,6,0,404,398,6,0,2077,1673,395,6,3,17,108,76,67,1,19,4,3,7,8,9,76
18,GALAŢI,"LICEUL TEORETIC ”SFÂNTA MARIA” (GRUP ȘCOLAR INDUSTRIAL ”SFÂNTA MARIA” - LICEUL INDUSTRIAL NR.10)",129,"MUNICIPIUL GALAŢI",75098,1,PROV,PRCNCT,S,S_SV,"2021-01-21 12:30:02",1247,1226,21,0,405,384,21,0,1347,942,400,4,1,27,125,107,77,2,14,2,5,1,5,6,29
18,GALAŢI,"LICEUL TEORETIC ”SFÂNTA MARIA” (GRUP ȘCOLAR INDUSTRIAL ”SFÂNTA MARIA” - LICEUL INDUSTRIAL NR.10)",130,"MUNICIPIUL GALAŢI",75098,1,PROV,PRCNCT,S,S_SV,"2021-01-21 12:30:02",1476,1463,13,0,480,467,13,0,1613,1133,473,5,2,34,190,91,92,1,21,4,0,1,5,8,26
18,GALAŢI,"ȘCOALA GIMNAZIALĂ ”ȘTEFAN CEL MARE” (ȘCOALA GENERALĂ ”ȘTEFAN CEL MARE” - ȘCOALA GENERALĂ NR. 13)",131,"MUNICIPIUL GALAŢI",75098,1,PROV,PRCNCT,S,S_SV,"2021-01-21 12:30:02",1409,1386,23,0,407,384,23,0,1541,1134,394,10,3,20,150,83,78,1,19,2,2,4,7,5,23
18,GALAŢI,"ȘCOALA GIMNAZIALĂ ”ȘTEFAN CEL MARE” (ȘCOALA GENERALĂ ”ȘTEFAN CEL MARE” - ȘCOALA GENERALĂ NR. 13)",132,"MUNICIPIUL GALAŢI",75098,1,PROV,PRCNCT,S,S_SV,"2021-01-21 12:30:02",1516,1506,10,0,488,478,10,0,1673,1185,479,8,1,36,154,103,110,2,16,1,1,4,3,11,38
18,GALAŢI,"ȘCOALA GIMNAZIALĂ ”GRIGORE MOISIL” (ȘCOALA GENERALĂ ”GRIGORE MOISIL” - ȘCOALA GENERALĂ NR. 38)",133,"MUNICIPIUL GALAŢI",75098,1,PROV,PRCNCT,S,S_SV,"2021-01-21 12:30:02",1733,1718,15,0,512,497,15,0,1893,1381,506,5,1,28,169,95,93,2,26,6,2,6,6,8,65
18,GALAŢI,"ȘCOALA GIMNAZIALĂ ”GRIGORE MOISIL” (ȘCOALA GENERALĂ ”GRIGORE MOISIL” - ȘCOALA GENERALĂ NR. 38)",134,"MUNICIPIUL GALAŢI",75098,1,PROV,PRCNCT,S,S_SV,"2021-01-21 12:30:02",1352,1339,13,0,431,418,13,0,1482,1051,423,8,0,18,167,86,72,1,17,2,3,0,7,6,44
18,GALAŢI,"ȘCOALA GIMNAZIALĂ ”GRIGORE MOISIL” (ȘCOALA GENERALĂ ”GRIGORE MOISIL” - ȘCOALA GENERALĂ NR. 38)",135,"MUNICIPIUL GALAŢI",75098,1,PROV,PRCNCT,S,S_SV,"2021-01-21 12:30:02",1436,1426,10,0,408,398,10,0,1582,1174,397,7,4,30,118,81,69,1,17,5,0,4,4,16,52
18,GALAŢI,"ȘCOALA GIMNAZIALĂ ”GRIGORE MOISIL” (ȘCOALA GENERALĂ ”GRIGORE MOISIL” - ȘCOALA GENERALĂ NR. 38)",136,"MUNICIPIUL GALAŢI",75098,1,PROV,PRCNCT,S,S_SV,"2021-01-21 12:30:02",1691,1685,5,1,484,478,5,1,1854,1370,475,7,2,30,174,76,87,1,25,6,2,3,9,10,52
18,GALAŢI,"ȘCOALA GIMNAZIALĂ ”GHEORGHE MUNTEANU” (ȘCOALA GENERALĂ ”GHEORGHE MUNTEANU” - ȘCOALA GENERALĂ NR. 31)",137,"MUNICIPIUL GALAŢI",75098,1,PROV,PRCNCT,S,S_SV,"2021-01-21 12:30:02",1507,1491,16,0,455,439,16,0,1644,1189,446,9,0,28,154,98,87,2,20,3,0,1,2,6,45
18,GALAŢI,"ȘCOALA GIMNAZIALĂ ”GHEORGHE MUNTEANU” (ȘCOALA GENERALĂ ”GHEORGHE MUNTEANU” - ȘCOALA GENERALĂ NR. 31)",138,"MUNICIPIUL GALAŢI",75098,1,PROV,PRCNCT,S,S_SV,"2021-01-21 12:30:02",1533,1516,17,0,371,354,17,0,1671,1300,364,7,0,10,139,61,46,1,24,9,1,3,13,8,49
18,GALAŢI,"ȘCOALA GIMNAZIALĂ ”GHEORGHE MUNTEANU” (ȘCOALA GENERALĂ ”GHEORGHE MUNTEANU” - ȘCOALA GENERALĂ NR. 31)",139,"MUNICIPIUL GALAŢI",75098,1,PROV,PRCNCT,S,S_SV,"2021-01-21 12:30:02",1436,1425,11,0,348,337,11,0,1571,1223,339,8,1,16,130,62,60,1,14,3,3,1,9,8,32
18,GALAŢI,"GRĂDINIȚA CU PROGRAM NORMAL NR. 29, ARONDATĂ GRĂDINIȚEI CU PROGRAM PRELUNGIT ”CAMIL RESSU” (GRĂDINIȚA FILEȘTI - GRĂDINIȚA NR.29)",140,"MUNICIPIUL GALAŢI",75098,1,PROV,PRCNCT,S,S_SV,"2021-01-21 12:30:02",490,474,16,0,167,151,16,0,522,355,160,4,3,62,29,20,12,0,4,5,4,1,6,1,16
18,GALAŢI,"LICEUL TEHNOLOGIC ”PAUL DIMO” (COLEGIUL TEHNIC ”PAUL DIMO” - LICEUL ENERGETIC NR.4)",141,"MUNICIPIUL GALAŢI",75098,2,PART,PRCNCT,S,S_SV,"2021-01-21 12:30:02",1413,1394,19,0,376,357,19,0,1546,1170,364,10,2,17,115,64,54,3,19,4,2,6,11,4,65
18,GALAŢI,"LICEUL TEHNOLOGIC ”PAUL DIMO” (COLEGIUL TEHNIC ”PAUL DIMO” - LICEUL ENERGETIC NR.4)",142,"MUNICIPIUL GALAŢI",75098,1,PROV,PRCNCT,S,S_SV,"2021-01-21 12:30:02",1421,1408,10,3,357,344,10,3,1562,1205,349,6,2,16,126,71,51,0,16,3,3,2,5,9,47
18,GALAŢI,"LICEUL TEHNOLOGIC ”PAUL DIMO” (COLEGIUL TEHNIC ”PAUL DIMO” - LICEUL ENERGETIC NR.4)",143,"MUNICIPIUL GALAŢI",75098,1,PROV,PRCNCT,S,S_SV,"2021-01-21 12:30:02",1470,1460,8,2,391,381,8,2,1618,1227,385,4,2,12,150,71,59,1,19,1,4,5,9,7,47
18,GALAŢI,"LICEUL TEHNOLOGIC ”PAUL DIMO” (COLEGIUL TEHNIC ”PAUL DIMO” - LICEUL ENERGETIC NR.4)",144,"MUNICIPIUL GALAŢI",75098,1,PROV,PRCNCT,S,S_SV,"2021-01-21 12:30:02",1098,1086,12,0,324,312,12,0,1196,872,320,4,0,20,123,45,51,1,17,4,4,5,2,11,37
18,GALAŢI,"ȘCOALA GIMNAZIALĂ NR. 33 (ȘCOALA GENERALĂ ”SFÂNTUL DUMITRU” - ȘCOALA GENERALĂ NR.33)",145,"MUNICIPIUL GALAŢI",75098,1,PROV,PRCNCT,S,S_SV,"2021-01-21 12:30:02",1420,1402,18,0,396,378,18,0,1553,1157,387,5,4,13,150,57,77,2,12,3,5,7,12,7,42
18,GALAŢI,"ȘCOALA GIMNAZIALĂ NR. 33 (ȘCOALA GENERALĂ ”SFÂNTUL DUMITRU” - ȘCOALA GENERALĂ NR.33)",146,"MUNICIPIUL GALAŢI",75098,1,PROV,PRCNCT,S,S_SV,"2021-01-21 12:30:02",1754,1747,7,0,398,391,7,0,1934,1536,388,10,0,18,123,103,67,1,20,5,2,3,4,10,32
18,GALAŢI,"ȘCOALA GIMNAZIALĂ NR. 33 (ȘCOALA GENERALĂ ”SFÂNTUL DUMITRU” - ȘCOALA GENERALĂ NR.33)",147,"MUNICIPIUL GALAŢI",75098,1,PROV,PRCNCT,S,S_SV,"2021-01-21 12:30:02",1379,1369,10,0,351,341,10,0,1512,1161,341,10,0,9,129,82,48,2,16,0,0,0,7,5,43
18,GALAŢI,"ȘCOALA GIMNAZIALĂ NR. 33 (ȘCOALA GENERALĂ ”SFÂNTUL DUMITRU” - ȘCOALA GENERALĂ NR.33)",148,"MUNICIPIUL GALAŢI",75098,1,PROV,PRCNCT,S,S_SV,"2021-01-21 12:30:02",1352,1342,10,0,368,358,10,0,1486,1118,365,2,1,18,161,54,52,1,14,0,5,3,6,5,46
18,GALAŢI,"ȘCOALA GIMNAZIALĂ ”MIHAI VITEAZUL” (ȘCOALA GENERALĂ ”MIHAI VITEAZUL” - ȘCOALA GENERALĂ NR. 34)",149,"MUNICIPIUL GALAŢI",75098,1,PROV,PRCNCT,S,S_SV,"2021-01-21 12:30:02",1567,1546,19,2,405,384,19,2,1712,1307,391,11,3,15,143,77,62,1,14,1,4,1,11,5,57
18,GALAŢI,"ȘCOALA GIMNAZIALĂ ”MIHAI VITEAZUL” (ȘCOALA GENERALĂ ”MIHAI VITEAZUL” - ȘCOALA GENERALĂ NR. 34)",150,"MUNICIPIUL GALAŢI",75098,1,PROV,PRCNCT,S,S_SV,"2021-01-21 12:30:02",1411,1400,11,0,405,394,11,0,1541,1136,391,12,2,24,132,69,55,3,31,3,0,1,11,9,53
18,GALAŢI,"GRĂDINIȚA CU PROGRAM PRELUNGIT NR. 47, ARONDATĂ GRĂDINIȚEI CU PROGRAM NORMAL ”ION CREANGĂ” (GRĂDINIȚA NR.47)",151,"MUNICIPIUL GALAŢI",75098,1,PROV,PRCNCT,S,S_SV,"2021-01-21 12:30:02",1757,1750,7,0,425,418,7,0,1930,1505,411,12,2,25,140,88,63,1,21,5,2,1,9,5,51
18,GALAŢI,"GRĂDINIȚA CU PROGRAM PRELUNGIT NR. 47, ARONDATĂ GRĂDINIȚEI CU PROGRAM NORMAL ”ION CREANGĂ” (GRĂDINIȚA NR.47)",152,"MUNICIPIUL GALAŢI",75098,1,PROV,PRCNCT,S,S_SV,"2021-01-21 12:30:02",1629,1619,7,3,361,351,7,3,1779,1418,353,5,3,16,126,64,65,3,16,5,1,5,4,6,42
18,GALAŢI,"GRĂDINIȚA CU PROGRAM PRELUNGIT NR. 47, ARONDATĂ GRĂDINIȚEI CU PROGRAM NORMAL ”ION CREANGĂ” (GRĂDINIȚA NR.47)",153,"MUNICIPIUL GALAŢI",75098,1,PROV,PRCNCT,S,S_SV,"2021-01-21 12:30:02",1704,1670,13,21,371,337,13,21,1935,1564,368,2,1,18,118,61,55,3,19,4,7,5,9,4,65
18,GALAŢI,"GRĂDINIȚA CU PROGRAM PRELUNGIT NR. 47, ARONDATĂ GRĂDINIȚEI CU PROGRAM NORMAL ”ION CREANGĂ” (GRĂDINIȚA NR.47)",154,"MUNICIPIUL GALAŢI",75098,1,PROV,PRCNCT,S,S_SV,"2021-01-21 12:30:02",1759,1740,19,0,145,126,19,0,1908,1763,143,2,0,4,60,7,22,2,3,2,4,0,1,2,36
18,GALAŢI,"LICEUL TEHNOLOGIC ”AUREL VLAICU” (COLEGIUL TEHNIC ”AUREL VLAICU” - GRUP ȘCOLAR METALURGIC - LICEUL INDUSTRIAL NR. 3 )",155,"MUNICIPIUL GALAŢI",75098,1,PROV,PRCNCT,S,S_SV,"2021-01-21 12:30:02",1641,1629,12,0,336,324,12,0,1792,1456,328,5,3,17,123,57,56,4,14,8,1,5,6,6,31
18,GALAŢI,"LICEUL TEHNOLOGIC ”AUREL VLAICU” (COLEGIUL TEHNIC ”AUREL VLAICU” - GRUP ȘCOLAR METALURGIC - LICEUL INDUSTRIAL NR. 3 )",156,"MUNICIPIUL GALAŢI",75098,1,PROV,PRCNCT,S,S_SV,"2021-01-21 12:30:02",1877,1863,14,0,140,126,14,0,2068,1928,136,1,3,4,44,17,30,0,3,1,1,1,4,3,28
18,GALAŢI,"LICEUL TEHNOLOGIC ”AUREL VLAICU” (COLEGIUL TEHNIC ”AUREL VLAICU” - GRUP ȘCOLAR METALURGIC - LICEUL INDUSTRIAL NR. 3 )",157,"MUNICIPIUL GALAŢI",75098,1,PROV,PRCNCT,S,S_SV,"2021-01-21 12:30:02",1530,1519,11,0,406,395,11,0,1673,1267,397,8,1,16,148,69,91,2,15,5,3,2,4,6,36
18,GALAŢI,"LICEUL TEHNOLOGIC ”AUREL VLAICU” (COLEGIUL TEHNIC ”AUREL VLAICU” - GRUP ȘCOLAR METALURGIC - LICEUL INDUSTRIAL NR. 3 )",158,"MUNICIPIUL GALAŢI",75098,1,PROV,PRCNCT,S,S_SV,"2021-01-21 12:30:02",1738,1726,12,0,367,355,12,0,1916,1549,359,5,3,22,120,64,51,2,13,4,2,5,5,7,64
18,GALAŢI,"LICEUL TEORETIC ”MIRCEA ELIADE” (GRUP ȘCOLAR INDUSTRIAL ”GHEORGHE ASACHI” - LICEUL INDUSTRIAL NR. 8)",159,"MUNICIPIUL GALAŢI",75098,1,PROV,PRCNCT,S,S_SV,"2021-01-21 12:30:02",1990,1975,13,2,303,288,13,2,2170,1867,301,2,0,21,111,39,32,1,16,4,0,1,5,9,62
18,GALAŢI,"LICEUL TEORETIC ”MIRCEA ELIADE” (GRUP ȘCOLAR INDUSTRIAL ”GHEORGHE ASACHI” - LICEUL INDUSTRIAL NR. 8)",160,"MUNICIPIUL GALAŢI",75098,1,PROV,PRCNCT,S,S_SV,"2021-01-21 12:30:02",1959,1947,12,0,315,303,12,0,2133,1818,303,11,1,18,96,68,57,1,13,3,5,4,4,7,27
18,GALAŢI,"LICEUL TEORETIC ”MIRCEA ELIADE” (GRUP ȘCOLAR INDUSTRIAL ”GHEORGHE ASACHI” - LICEUL INDUSTRIAL NR. 8)",161,"MUNICIPIUL GALAŢI",75098,1,PROV,PRCNCT,S,S_SV,"2021-01-21 12:30:02",1927,1907,20,0,301,281,20,0,2075,1774,295,4,2,11,87,58,44,1,22,4,1,2,7,11,47
18,GALAŢI,"LICEUL TEHNOLOGIC ”CAROL I” (LICEUL TEHNOLOGIC CĂI FERATE - GRUP ȘCOLAR INDUSTRIAL TRANSPORTURI CF - LICEUL CFR)",162,"MUNICIPIUL GALAŢI",75098,1,PROV,PRCNCT,S,S_SV,"2021-01-21 12:30:02",1530,1515,12,3,430,415,12,3,1663,1233,426,4,0,34,136,98,84,0,18,3,3,3,4,8,35
18,GALAŢI,"LICEUL TEHNOLOGIC ”CAROL I” (LICEUL TEHNOLOGIC CĂI FERATE - GRUP ȘCOLAR INDUSTRIAL TRANSPORTURI CF - LICEUL CFR)",163,"MUNICIPIUL GALAŢI",75098,1,PROV,PRCNCT,S,S_SV,"2021-01-21 12:30:02",1484,1474,10,0,421,411,10,0,1639,1218,409,9,3,21,136,96,82,2,17,0,4,0,2,11,38
18,GALAŢI,"LICEUL TEHNOLOGIC ”CAROL I” (LICEUL TEHNOLOGIC CĂI FERATE - GRUP ȘCOLAR INDUSTRIAL TRANSPORTURI CF - LICEUL CFR)",164,"MUNICIPIUL GALAŢI",75098,1,PROV,PRCNCT,S,S_SV,"2021-01-21 12:30:02",1544,1530,14,0,410,396,14,0,1692,1282,406,4,0,17,132,115,62,0,22,9,3,5,1,6,34
18,GALAŢI,"ȘCOALA GIMNAZIALĂ ”MIRON COSTIN” (ȘCOALA GENERALĂ ”MIRON COSTIN” - ȘCOALA GENERALĂ NR.12)",165,"MUNICIPIUL GALAŢI",75098,1,PROV,PRCNCT,S,S_SV,"2021-01-21 12:30:02",1496,1484,12,0,476,464,12,0,1636,1160,467,9,0,15,158,115,86,3,17,7,4,3,9,14,36
18,GALAŢI,"ȘCOALA GIMNAZIALĂ ”MIRON COSTIN” (ȘCOALA GENERALĂ ”MIRON COSTIN” - ȘCOALA GENERALĂ NR.12)",166,"MUNICIPIUL GALAŢI",75098,1,PROV,PRCNCT,S,S_SV,"2021-01-21 12:30:02",1487,1469,18,0,446,428,18,0,1626,1180,431,14,1,25,142,94,78,1,16,6,3,5,6,9,46
18,GALAŢI,"ȘCOALA GIMNAZIALĂ ”MIRON COSTIN” (ȘCOALA GENERALĂ ”MIRON COSTIN” - ȘCOALA GENERALĂ NR.12)",167,"MUNICIPIUL GALAŢI",75098,1,PROV,PRCNCT,S,S_SV,"2021-01-21 12:30:02",1548,1531,16,1,420,403,16,1,1692,1272,411,8,1,33,118,99,90,1,15,4,2,6,4,8,31
18,GALAŢI,"ȘCOALA GIMNAZIALĂ ”MIRON COSTIN” (ȘCOALA GENERALĂ ”MIRON COSTIN” - ȘCOALA GENERALĂ NR.12)",168,"MUNICIPIUL GALAŢI",75098,1,PROV,PRCNCT,S,S_SV,"2021-01-21 12:30:02",1510,1496,12,2,430,416,12,2,1668,1238,424,4,2,22,127,110,82,1,17,3,1,1,12,7,41
18,GALAŢI,"ȘCOALA GIMNAZIALĂ ”MIRON COSTIN” (ȘCOALA GENERALĂ ”MIRON COSTIN” - ȘCOALA GENERALĂ NR.12)",169,"MUNICIPIUL GALAŢI",75098,1,PROV,PRCNCT,S,S_SV,"2021-01-21 12:30:02",1500,1487,13,0,453,440,13,0,1645,1192,450,3,0,24,166,87,95,1,20,0,1,0,6,7,43
18,GALAŢI,"ȘCOALA GIMNAZIALĂ ”MIRON COSTIN” (ȘCOALA GENERALĂ ”MIRON COSTIN” - ȘCOALA GENERALĂ NR.12)",170,"MUNICIPIUL GALAŢI",75098,1,PROV,PRCNCT,S,S_SV,"2021-01-21 12:30:02",1531,1517,11,3,503,489,11,3,1686,1183,495,8,0,25,139,137,82,2,27,3,3,4,8,13,52
18,GALAŢI,"ȘCOALA GIMNAZIALĂ ”MIRON COSTIN” (ȘCOALA GENERALĂ ”MIRON COSTIN” - ȘCOALA GENERALĂ NR.12)",171,"MUNICIPIUL GALAŢI",75098,1,PROV,PRCNCT,S,S_SV,"2021-01-21 12:30:02",1433,1415,18,0,436,418,18,0,1556,1120,429,7,0,24,157,85,69,1,20,1,2,2,10,15,43
18,GALAŢI,"ȘCOALA GIMNAZIALĂ ”MIRON COSTIN” (ȘCOALA GENERALĂ ”MIRON COSTIN” - ȘCOALA GENERALĂ NR.12)",172,"MUNICIPIUL GALAŢI",75098,1,PROV,PRCNCT,S,S_SV,"2021-01-21 12:30:02",1470,1447,23,0,476,453,23,0,1597,1121,466,5,5,31,141,121,103,0,18,7,6,2,6,8,23
18,GALAŢI,"ȘCOALA GIMNAZIALĂ ”MIRON COSTIN” (ȘCOALA GENERALĂ ”MIRON COSTIN” - ȘCOALA GENERALĂ NR.12)",173,"MUNICIPIUL GALAŢI",75098,1,PROV,PRCNCT,S,S_SV,"2021-01-21 12:30:02",1448,1433,15,0,464,449,15,0,1592,1128,456,7,1,26,147,103,90,1,15,0,2,4,6,15,47
18,GALAŢI,"ȘCOALA GIMNAZIALĂ ”MIRON COSTIN” (ȘCOALA GENERALĂ ”MIRON COSTIN” - ȘCOALA GENERALĂ NR.12)",174,"MUNICIPIUL GALAŢI",75098,1,PROV,PRCNCT,S,S_SV,"2021-01-21 12:30:02",1340,1333,7,0,362,355,7,0,1461,1099,355,7,0,17,108,106,62,0,12,3,4,2,6,4,31
18,GALAŢI,"GRĂDINIȚA CU PROGRAM NORMAL NR. 20, ARONDATĂ ȘCOLII GIMNAZIALE ”MIRON COSTIN” (GRĂDINIȚA NR. 20 - ANEXA ȘCOLII NR. 12)",175,"MUNICIPIUL GALAŢI",75098,1,PROV,PRCNCT,S,S_SV,"2021-01-21 12:30:02",1570,1556,14,0,462,448,14,0,1704,1242,458,3,1,38,118,139,90,2,16,8,1,3,3,13,27
18,GALAŢI,"GRĂDINIȚA CU PROGRAM NORMAL NR. 20, ARONDATĂ ȘCOLII GIMNAZIALE ”MIRON COSTIN” (GRĂDINIȚA NR. 20 - ANEXA ȘCOLII NR. 12)",176,"MUNICIPIUL GALAŢI",75098,1,PROV,PRCNCT,S,S_SV,"2021-01-21 12:30:02",1419,1407,12,0,386,374,12,0,1550,1164,381,4,1,25,148,67,77,1,11,4,1,0,3,16,28
18,GALAŢI,"ŞCOALA NR.1",177,"MUNICIPIUL TECUCI",75203,1,PROV,PRCNCT,S,S_SV,"2021-01-21 12:30:02",1304,1291,13,0,343,330,13,0,1425,1082,330,12,1,13,111,22,95,3,5,13,3,1,7,3,54
18,GALAŢI,"ŞCOALA NR.1",178,"MUNICIPIUL TECUCI",75203,1,PROV,PRCNCT,S,S_SV,"2021-01-21 12:30:02",1304,1299,5,0,290,285,5,0,1432,1142,277,10,3,10,75,15,82,0,12,4,5,1,7,7,59
18,GALAŢI,"ŞCOALA NR.1",179,"MUNICIPIUL TECUCI",75203,1,PROV,PRCNCT,S,S_SV,"2021-01-21 12:30:02",1498,1489,9,0,352,343,9,0,1653,1301,336,10,6,9,83,45,112,0,19,5,4,2,4,7,46
18,GALAŢI,"ŞCOALA NR.10",180,"MUNICIPIUL TECUCI",75203,1,PROV,PRCNCT,S,S_SV,"2021-01-21 12:30:02",930,921,9,0,289,280,9,0,1023,734,284,5,0,6,105,23,90,1,15,1,3,2,3,1,34
18,GALAŢI,"ŞCOALA NR.10",181,"MUNICIPIUL TECUCI",75203,1,PROV,PRCNCT,S,S_SV,"2021-01-21 12:30:02",749,739,10,0,230,220,10,0,816,586,225,3,2,5,83,20,76,1,3,6,0,0,5,4,22
18,GALAŢI,"ŞCOALA NR.2",182,"MUNICIPIUL TECUCI",75203,2,PART,PRCNCT,S,S_SV,"2021-01-21 12:30:02",996,977,19,0,255,236,19,0,1077,822,238,15,2,4,79,18,82,3,4,3,2,1,4,7,31
18,GALAŢI,"ŞCOALA NR.2",183,"MUNICIPIUL TECUCI",75203,1,PROV,PRCNCT,S,S_SV,"2021-01-21 12:30:02",1441,1431,10,0,317,307,10,0,1574,1257,299,12,6,2,106,19,91,2,16,7,1,1,4,5,45
18,GALAŢI,"SPAŢIU ALIMENTAŢIE PUBLICĂ OBOR",184,"MUNICIPIUL TECUCI",75203,1,PROV,PRCNCT,S,S_SV,"2021-01-21 12:30:02",1639,1627,11,1,355,343,11,1,1794,1439,347,5,3,8,115,19,101,1,21,6,4,11,6,3,52
18,GALAŢI,"ŞCOALA NR.4",185,"MUNICIPIUL TECUCI",75203,1,PROV,PRCNCT,S,S_SV,"2021-01-21 12:30:02",1044,978,47,19,378,312,47,19,1077,699,367,7,4,12,130,18,134,1,13,8,4,1,11,3,32
18,GALAŢI,"ŞCOALA NR.4",186,"MUNICIPIUL TECUCI",75203,1,PROV,PRCNCT,S,S_SV,"2021-01-21 12:30:02",743,717,26,0,231,205,26,0,788,557,228,2,1,6,85,27,73,0,8,2,0,2,7,2,16
18,GALAŢI,"LICEUL SPIRU HARET",187,"MUNICIPIUL TECUCI",75203,1,PROV,PRCNCT,S,S_SV,"2021-01-21 12:30:02",1208,1182,26,0,407,381,26,0,1301,894,403,4,0,9,145,52,137,3,12,1,3,1,5,4,31
18,GALAŢI,"LICEUL SPIRU HARET",188,"MUNICIPIUL TECUCI",75203,1,PROV,PRCNCT,S,S_SV,"2021-01-21 12:30:02",690,675,15,0,182,167,15,0,745,563,177,3,2,5,61,22,52,1,9,0,2,0,1,3,21
18,GALAŢI,"COLEGIUL AGRICOL",189,"MUNICIPIUL TECUCI",75203,1,PROV,PRCNCT,S,S_SV,"2021-01-21 12:30:02",1012,985,27,0,287,260,27,0,1090,803,284,3,0,8,94,25,86,1,13,2,3,3,4,4,41
18,GALAŢI,"COLEGIUL AGRICOL",190,"MUNICIPIUL TECUCI",75203,1,PROV,PRCNCT,S,S_SV,"2021-01-21 12:30:02",1269,1252,17,0,387,370,17,0,1383,996,380,7,0,19,139,40,114,0,15,8,0,0,2,9,34
18,GALAŢI,"GRĂDINIŢA NR.17",191,"MUNICIPIUL TECUCI",75203,1,PROV,PRCNCT,S,S_SV,"2021-01-21 12:30:02",1167,1152,15,0,314,299,15,0,1278,964,309,5,0,9,87,32,82,2,25,15,1,0,3,2,51
18,GALAŢI,"GRĂDINIŢA NR.17",192,"MUNICIPIUL TECUCI",75203,1,PROV,PRCNCT,S,S_SV,"2021-01-21 12:30:02",909,896,13,0,223,210,13,0,991,768,217,5,1,4,72,24,77,3,7,1,2,1,1,1,24
18,GALAŢI,"ŞCOALA NR.11",193,"MUNICIPIUL TECUCI",75203,1,PROV,PRCNCT,S,S_SV,"2021-01-21 12:30:02",845,832,13,0,239,226,13,0,918,679,232,6,1,9,85,24,73,0,13,1,0,1,1,1,24
18,GALAŢI,"ŞCOALA NR.11",194,"MUNICIPIUL TECUCI",75203,1,PROV,PRCNCT,S,S_SV,"2021-01-21 12:30:02",1152,1132,19,1,321,301,19,1,1248,927,310,7,4,12,116,38,73,1,15,2,6,1,6,7,33
18,GALAŢI,"ŞCOALA NR.11",195,"MUNICIPIUL TECUCI",75203,1,PROV,PRCNCT,S,S_SV,"2021-01-21 12:30:02",1195,1183,12,0,344,332,12,0,1304,960,334,10,0,6,111,55,108,1,14,2,0,0,7,4,26
18,GALAŢI,"ŞCOALA NR.8",196,"MUNICIPIUL TECUCI",75203,1,PROV,PRCNCT,S,S_SV,"2021-01-21 12:30:02",1299,1281,18,0,391,373,18,0,1419,1028,381,7,3,15,133,38,114,1,20,1,1,0,7,7,44
18,GALAŢI,"ŞCOALA NR.6",197,"MUNICIPIUL TECUCI",75203,1,PROV,PRCNCT,S,S_SV,"2021-01-21 12:30:02",1433,1387,46,0,462,416,46,0,1537,1075,452,8,2,11,153,37,151,4,21,5,6,1,5,11,47
18,GALAŢI,"ŞCOALA NR.6",198,"MUNICIPIUL TECUCI",75203,1,PROV,PRCNCT,S,S_SV,"2021-01-21 12:30:02",1146,1114,32,0,321,289,32,0,1227,906,317,2,2,8,114,31,110,0,14,2,4,0,7,1,26
18,GALAŢI,"ŞCOALA NR.7",199,"MUNICIPIUL TECUCI",75203,1,PROV,PRCNCT,S,S_SV,"2021-01-21 12:30:02",1111,1106,5,0,329,324,5,0,1221,892,313,9,7,6,113,20,90,2,11,2,4,2,8,6,49
18,GALAŢI,"ŞCOALA NR.7",200,"MUNICIPIUL TECUCI",75203,1,PROV,PRCNCT,S,S_SV,"2021-01-21 12:30:02",1006,1002,4,0,273,269,4,0,1112,839,265,5,3,6,92,36,68,2,9,1,3,0,9,1,38
18,GALAŢI,"GRĂDINIŢA DIN CARTIERUL N BALCESCU",201,"MUNICIPIUL TECUCI",75203,1,PROV,PRCNCT,S,S_SV,"2021-01-21 12:30:02",995,987,8,0,245,237,8,0,1089,844,233,7,5,7,69,23,75,1,9,4,0,0,5,1,39
18,GALAŢI,"GRĂDINIŢA 18",202,"MUNICIPIUL TECUCI",75203,1,PROV,PRCNCT,S,S_SV,"2021-01-21 12:30:02",1288,1239,49,0,385,336,49,0,1372,987,375,9,1,13,189,31,78,0,15,1,3,1,3,4,37
18,GALAŢI,"GRĂDINIŢA NR.2",203,"MUNICIPIUL TECUCI",75203,1,PROV,PRCNCT,S,S_SV,"2021-01-21 12:30:02",1048,1041,7,0,292,285,7,0,1145,853,291,1,0,5,92,42,102,2,13,2,1,0,5,7,20
18,GALAŢI,"GRĂDINIŢA NR.2",204,"MUNICIPIUL TECUCI",75203,1,PROV,PRCNCT,S,S_SV,"2021-01-21 12:30:02",1232,1221,11,0,313,302,11,0,1350,1037,309,3,1,8,115,39,91,0,24,3,5,0,2,1,21
18,GALAŢI,"LICEUL CALISTRAT HOGAŞ",205,"MUNICIPIUL TECUCI",75203,1,PROV,PRCNCT,S,S_SV,"2021-01-21 12:30:02",1875,1853,22,0,41,19,22,0,2315,2274,41,0,0,2,8,3,12,2,2,0,1,1,0,1,9
18,GALAŢI,"LICEUL CALISTRAT HOGAŞ",206,"MUNICIPIUL TECUCI",75203,1,PROV,PRCNCT,S,S_SV,"2021-01-21 12:30:02",2003,1988,15,0,382,367,15,0,2158,1776,369,10,3,8,134,36,128,0,12,3,3,2,4,7,32
18,GALAŢI,"GRĂDINIŢA CU PROGRAM NORMAL NR.1",207,"MUNICIPIUL TECUCI",75203,1,PROV,PRCNCT,S,S_SV,"2021-01-21 12:30:02",841,828,13,0,179,166,13,0,915,736,175,4,0,5,49,12,61,2,7,4,2,1,1,6,25
18,GALAŢI,"LICEUL TEHNOLOGIC ”ELENA CARAGIANI”",208,"MUNICIPIUL TECUCI",75203,1,PROV,PRCNCT,S,S_SV,"2021-01-21 12:30:02",1621,1597,24,0,222,198,24,0,1319,1097,214,6,2,7,82,22,58,2,12,2,0,1,4,4,20
18,GALAŢI,"ŞCOALA NR.9",209,"MUNICIPIUL TECUCI",75203,1,PROV,PRCNCT,S,S_SV,"2021-01-21 12:30:02",996,981,15,0,341,326,15,0,1083,742,329,9,3,9,113,7,133,3,11,4,4,4,7,1,33
18,GALAŢI,"CASA DE CULTURA „ION CREANGĂ” BERESTI",210,"ORAŞ BEREŞTI",75338,1,PROV,PRCNCT,S,S_SV,"2021-01-21 12:30:02",1311,1234,56,21,569,492,56,21,1393,824,551,9,9,5,204,6,268,1,22,1,7,0,11,4,22
18,GALAŢI,"SALA DE SPORT",211,"ORAŞ BEREŞTI",75338,1,PROV,PRCNCT,S,S_SV,"2021-01-21 12:30:02",1369,1299,31,39,580,510,31,39,1485,905,559,8,13,5,260,10,210,0,16,5,8,2,16,3,24
18,GALAŢI,"GRADINIŢA NR.2 CĂSUŢA PITICILOR",212,"ORAŞ TÂRGU BUJOR",75472,1,PROV,PRCNCT,S,S_SV,"2021-01-21 12:30:02",753,720,22,11,247,214,22,11,794,547,240,2,5,7,145,6,47,1,6,1,6,0,2,2,17
18,GALAŢI,"GRADINIŢA NR.2 CĂSUŢA PITICILOR",213,"ORAŞ TÂRGU BUJOR",75472,1,PROV,PRCNCT,S,S_SV,"2021-01-21 12:30:02",822,810,11,1,235,223,11,1,876,641,218,7,10,3,140,19,19,1,6,6,3,0,5,1,15
18,GALAŢI,"ŞCOALA GIMNAZIALĂ ”GRIGORE HAGIU”",214,"ORAŞ TÂRGU BUJOR",75472,1,PROV,PRCNCT,S,S_SV,"2021-01-21 12:30:02",1363,1326,20,17,411,374,20,17,1462,1051,393,15,3,9,204,33,91,3,12,4,5,1,5,3,23
18,GALAŢI,"CASA DE CULTURA ”MIHAI EMINESCU”",215,"ORAŞ TÂRGU BUJOR",75472,1,PROV,PRCNCT,S,S_SV,"2021-01-21 12:30:02",1063,1034,28,1,402,373,28,1,1145,743,390,9,3,6,171,41,112,3,12,1,3,4,9,2,26
18,GALAŢI,"GRĂDINIŢA MOSCU",216,"ORAŞ TÂRGU BUJOR",75472,1,PROV,PRCNCT,S,S_SV,"2021-01-21 12:30:02",1024,993,16,15,352,321,16,15,1114,762,340,6,6,3,218,8,41,1,11,4,4,2,8,5,35
18,GALAŢI,"SCOALA GENERALĂ UMBRĂREŞTI",217,"ORAŞ TÂRGU BUJOR",75472,1,PROV,PRCNCT,S,S_SV,"2021-01-21 12:30:02",915,894,21,0,289,268,21,0,989,700,280,4,5,3,153,13,42,3,12,4,3,0,15,1,31
18,GALAŢI,"ŞCOALA NR. 2 BARCEA",218,BARCEA,75515,1,PROV,PRCNCT,S,S_SV,"2021-01-21 12:30:02",846,830,16,0,252,236,16,0,913,661,245,3,4,6,47,20,133,1,12,2,0,2,5,2,15
18,GALAŢI,"ŞCOALA NR. 2 BARCEA",219,BARCEA,75515,1,PROV,PRCNCT,S,S_SV,"2021-01-21 12:30:02",910,877,33,0,290,257,33,0,974,684,278,9,3,6,60,24,139,0,19,3,3,1,4,4,15
18,GALAŢI,"ŞCOALA NR. 3 BARCEA",220,BARCEA,75515,1,PROV,PRCNCT,S,S_SV,"2021-01-21 12:30:02",1018,994,24,0,303,279,24,0,1098,795,292,7,4,5,99,21,118,0,9,4,1,1,4,2,28
18,GALAŢI,"ŞCOALA NR. 1 BARCEA",221,BARCEA,75515,1,PROV,PRCNCT,S,S_SV,"2021-01-21 12:30:02",1088,1077,11,0,324,313,11,0,1186,862,315,8,1,17,121,18,116,0,10,4,2,0,5,2,20
18,GALAŢI,"ŞCOALA NR. 4 PODOLENI",222,BARCEA,75515,1,PROV,PRCNCT,S,S_SV,"2021-01-21 12:30:02",1270,1258,12,0,386,374,12,0,1384,998,357,16,13,5,101,8,150,2,22,5,2,0,8,1,53
18,GALAŢI,"CĂMINUL CULTURAL BĂLĂBĂNEŞTI",223,BĂLĂBĂNEŞTI,75542,1,PROV,PRCNCT,S,S_SV,"2021-01-21 12:30:02",623,594,29,0,265,236,29,0,658,393,256,1,6,30,132,13,29,3,17,3,1,1,14,3,10
18,GALAŢI,"CAMIN CULTURAL BURSUCANI",224,BĂLĂBĂNEŞTI,75542,1,PROV,PRCNCT,S,S_SV,"2021-01-21 12:30:02",506,488,18,0,192,174,18,0,538,346,183,4,5,19,97,4,38,0,12,3,0,0,2,0,8
18,GALAŢI,"SCOALA GENERALĂ LUNGEŞTI",225,BĂLĂBĂNEŞTI,75542,1,PROV,PRCNCT,S,S_SV,"2021-01-21 12:30:02",478,458,20,0,186,166,20,0,506,320,178,6,2,9,102,6,23,0,7,1,0,0,6,2,22
18,GALAŢI,"CĂMINUL CULTURAL BĂLĂŞEŞTI",226,BĂLĂŞEŞTI,75613,1,PROV,PRCNCT,S,S_SV,"2021-01-21 12:30:02",971,933,38,0,321,283,38,0,1028,707,306,9,6,21,182,10,48,1,3,3,4,0,9,4,21
18,GALAŢI,"GRADINITA CIUREŞTII NOI",227,BĂLĂŞEŞTI,75613,1,PROV,PRCNCT,S,S_SV,"2021-01-21 12:30:02",446,416,30,0,135,105,30,0,458,323,135,0,0,7,75,7,18,0,4,5,2,0,4,1,12
18,GALAŢI,"SCOALA GENERALĂ CIUREŞTI",228,BĂLĂŞEŞTI,75613,1,PROV,PRCNCT,S,S_SV,"2021-01-21 12:30:02",252,240,12,0,74,62,12,0,264,190,67,3,4,1,33,5,15,0,6,0,2,1,2,0,2
18,GALAŢI,"SCOALA GENERALĂ PUPEZENI",229,BĂLĂŞEŞTI,75613,2,PART,PRCNCT,S,S_SV,"2021-01-21 12:30:02",160,148,12,0,69,57,12,0,163,94,67,0,2,7,40,3,9,0,1,0,0,0,1,1,5
18,GALAŢI,"”ȘCOALA GIMNAZIALĂ NR. 1 BĂLENI”",230,BĂLENI,75668,1,PROV,PRCNCT,S,S_SV,"2021-01-21 12:30:02",981,902,45,34,347,271,45,31,1031,684,337,7,3,12,205,11,55,5,10,0,4,0,12,0,23
18,GALAŢI,"”ȘCOALA GIMNAZIALĂ NR. 1 BĂLENI”",231,BĂLENI,75668,1,PROV,PRCNCT,S,S_SV,"2021-01-21 12:30:02",990,922,38,30,358,290,38,30,1058,700,349,6,3,9,206,11,65,1,8,1,3,0,12,1,32
18,GALAŢI,"GRĂDINIȚA BĂNEASA",232,BĂNEASA,75686,1,PROV,PRCNCT,S,S_SV,"2021-01-21 12:30:02",1248,1158,54,36,527,437,54,36,1322,795,503,19,5,27,289,14,96,0,36,2,5,1,7,1,25
18,GALAŢI,"SCOALA PRIMARA ”ION VODA CEL VITEAZ ROSCANI",233,BĂNEASA,75686,1,PROV,PRCNCT,S,S_SV,"2021-01-21 12:30:02",509,464,33,12,236,191,33,12,526,290,227,6,3,9,108,2,63,0,18,2,4,0,6,0,15
18,GALAŢI,"ŞCOALA GIMNAZIALĂ NR. 1 SAT BEREŞTI - MERIA",234,BEREŞTI-MERIA,75356,1,PROV,PRCNCT,S,S_SV,"2021-01-21 12:30:02",440,415,20,5,160,135,20,5,456,296,151,3,6,11,58,6,51,0,4,3,1,1,9,1,6
18,GALAŢI,"ŞCOALA GIMNAZIALĂ NR. 1 SAT SLIVNA",235,BEREŞTI-MERIA,75356,1,PROV,PRCNCT,S,S_SV,"2021-01-21 12:30:02",568,549,16,3,159,140,16,3,610,451,151,6,2,7,73,8,25,1,8,5,4,0,2,5,13
18,GALAŢI,"CĂMIN CULTURAL",236,BEREŞTI-MERIA,75356,1,PROV,PRCNCT,S,S_SV,"2021-01-21 12:30:02",242,211,30,1,111,80,30,1,232,121,107,1,3,6,59,9,17,0,3,1,2,0,2,2,6
18,GALAŢI,"ŞCOALA PRIMARĂ ANDRONACHI GOGA NR. 1 SAT ALDEŞTI",237,BEREŞTI-MERIA,75356,1,PROV,PRCNCT,S,S_SV,"2021-01-21 12:30:02",355,333,17,5,129,107,17,5,372,243,128,1,0,13,77,4,14,1,5,0,2,0,2,2,8
18,GALAŢI,"GRĂDINIŢA CU PROGRAM NORMAL NR. 1 SAT PLEŞA",238,BEREŞTI-MERIA,75356,1,PROV,PRCNCT,S,S_SV,"2021-01-21 12:30:02",512,491,13,8,185,164,13,8,556,371,175,8,2,8,87,5,38,0,8,2,3,0,5,1,18
18,GALAŢI,"ȘCOALA GIMNAZIALĂ NR.1 SAT BALINTEȘTI",239,BEREŞTI-MERIA,75356,1,PROV,PRCNCT,S,S_SV,"2021-01-21 12:30:02",773,743,19,11,310,280,19,11,823,513,296,8,6,7,180,10,44,2,10,3,1,0,7,3,29
18,GALAŢI,"ȘCOALA GIMNAZIALĂ UNIREA BRANIȘTEA",240,BRANIŞTEA,75711,1,PROV,PRCNCT,S,S_SV,"2021-01-21 12:30:02",1267,1227,26,14,345,305,26,14,1361,1016,341,3,1,32,85,22,119,2,21,5,4,0,8,5,38
18,GALAŢI,"ȘCOALA GIMNAZIALĂ UNIREA BRANIȘTEA",241,BRANIŞTEA,75711,1,PROV,PRCNCT,S,S_SV,"2021-01-21 12:30:02",1046,1017,21,8,278,249,21,8,1129,851,270,8,0,33,82,24,79,1,13,1,1,0,9,3,24
18,GALAŢI,"SCOALA GENERALA VASILE ALECSANDRI",242,BRANIŞTEA,75711,2,PART,PRCNCT,S,S_SV,"2021-01-21 12:30:02",933,908,25,0,267,242,25,0,993,726,260,4,3,39,63,24,46,2,7,5,4,0,29,2,39
18,GALAŢI,"SCOALA GENERALĂ TRAIAN",243,BRANIŞTEA,75711,1,PROV,PRCNCT,S,S_SV,"2021-01-21 12:30:02",507,469,36,2,214,176,36,2,516,302,214,0,0,51,41,28,49,1,8,4,1,0,6,4,21
18,GALAŢI,"SCOALA GIMNAZIALA NR.1 BRĂHĂŞEŞTI",244,BRĂHĂŞEŞTI,75766,1,PROV,PRCNCT,S,S_SV,"2021-01-21 12:30:02",1387,1327,53,7,399,340,53,6,1461,1062,377,12,10,2,171,1,130,1,8,4,4,5,9,0,42
18,GALAŢI,"SCOALA GIMNAZIALA NR.1 BRĂHĂŞEŞTI",245,BRĂHĂŞEŞTI,75766,1,PROV,PRCNCT,S,S_SV,"2021-01-21 12:30:02",1066,1027,34,5,331,292,34,5,1135,804,306,12,13,4,131,5,112,0,3,3,4,0,6,5,33
18,GALAŢI,"SCOALA GIMNAZIALA TOFLEA",246,BRĂHĂŞEŞTI,75766,1,PROV,PRCNCT,S,S_SV,"2021-01-21 12:30:02",1578,1567,11,0,272,261,11,0,1726,1454,247,13,12,3,184,3,15,4,3,1,1,1,19,0,13
18,GALAŢI,"SCOALA GIMNAZIALA TOFLEA",247,BRĂHĂŞEŞTI,75766,1,PROV,PRCNCT,S,S_SV,"2021-01-21 12:30:02",1174,1166,8,0,191,183,8,0,1285,1094,168,11,12,0,128,1,13,1,1,2,0,1,14,0,7
18,GALAŢI,"SCOALA GIMNAZIALA TOFLEA",248,BRĂHĂŞEŞTI,75766,1,PROV,PRCNCT,S,S_SV,"2021-01-21 12:30:02",1479,1470,9,0,244,235,9,0,1626,1382,219,11,14,0,160,0,16,7,4,1,1,0,14,2,14
18,GALAŢI,"SCOALA NATALIA NEGRU",249,BUCIUMENI,75819,1,PROV,PRCNCT,S,S_SV,"2021-01-21 12:30:02",941,909,32,0,267,235,32,0,1003,736,254,7,6,26,97,27,48,1,10,1,2,0,4,1,37
18,GALAŢI,"SCOALA SMARANDA BRAESCU",250,BUCIUMENI,75819,1,PROV,PRCNCT,S,S_SV,"2021-01-21 12:30:02",397,381,16,0,122,106,16,0,418,296,112,2,8,7,51,8,14,1,14,2,1,0,3,2,9
18,GALAŢI,"SCOALA CU CLASE I-IV",251,BUCIUMENI,75819,1,PROV,PRCNCT,S,S_SV,"2021-01-21 12:30:02",334,323,11,0,83,72,11,0,355,272,81,1,1,8,31,7,11,1,1,2,2,2,5,1,10
18,GALAŢI,"SCOALA CU CLASE I-IV",252,BUCIUMENI,75819,1,PROV,PRCNCT,S,S_SV,"2021-01-21 12:30:02",371,351,20,0,137,117,20,0,386,249,131,3,3,9,46,3,21,1,18,3,3,0,4,3,20
18,GALAŢI,"SCOALA PRIMARA NR.3",253,CAVADINEŞTI,75864,1,PROV,PRCNCT,S,S_SV,"2021-01-21 12:30:02",209,177,26,6,107,75,26,6,194,87,101,5,1,3,44,1,44,0,3,0,1,0,2,0,3
18,GALAŢI,"SCOALA GIMNAZIALĂ NR.2",254,CAVADINEŞTI,75864,1,PROV,PRCNCT,S,S_SV,"2021-01-21 12:30:02",960,858,68,34,434,332,68,34,951,517,424,7,3,5,156,12,210,1,10,7,6,0,5,1,11
18,GALAŢI,"SCOALA GIMNAZIALA GĂNEŞTI",255,CAVADINEŞTI,75864,1,PROV,PRCNCT,S,S_SV,"2021-01-21 12:30:02",770,720,36,14,266,216,36,14,794,528,260,4,2,4,108,7,102,1,9,3,2,0,3,1,20
18,GALAŢI,"SCOALA GENERALĂ VĂDENI",256,CAVADINEŞTI,75864,2,PART,PRCNCT,S,S_SV,"2021-01-21 12:30:02",406,353,40,13,199,146,40,13,387,188,187,7,5,1,71,3,93,0,4,2,4,0,3,3,3
18,GALAŢI,"SCOALA GENERALĂ COMĂNEŞTI",257,CAVADINEŞTI,75864,1,PROV,PRCNCT,S,S_SV,"2021-01-21 12:30:02",195,169,22,4,89,63,22,4,187,98,89,0,0,1,47,4,32,0,1,0,1,0,2,0,1
18,GALAŢI,"CĂMIN CULTURAL",258,CERŢEŞTI,75917,1,PROV,PRCNCT,S,S_SV,"2021-01-21 12:30:02",718,702,16,0,276,260,16,0,772,496,267,3,6,5,95,3,134,0,5,2,2,0,6,1,14
18,GALAŢI,"CĂMIN CULTURAL",259,CERŢEŞTI,75917,1,PROV,PRCNCT,S,S_SV,"2021-01-21 12:30:02",617,606,11,0,249,238,11,0,666,417,232,7,10,3,70,5,114,0,17,0,2,0,4,1,16
18,GALAŢI,"CĂMIN CULTURAL",260,CERŢEŞTI,75917,1,PROV,PRCNCT,S,S_SV,"2021-01-21 12:30:02",590,568,22,0,229,207,22,0,625,396,219,2,8,3,77,9,86,0,20,2,1,0,6,3,12
18,GALAŢI,"SCOALA NOUA - SAT CORNI",261,CORNI,76004,2,PART,PRCNCT,S,S_SV,"2021-01-21 12:30:02",670,649,21,0,257,236,21,0,756,499,238,6,13,5,96,7,93,1,6,0,1,3,8,1,17
18,GALAŢI,"SCOALA GENERALA MĂCIŞENI",262,CORNI,76004,1,PROV,PRCNCT,S,S_SV,"2021-01-21 12:30:02",666,651,15,0,256,241,15,0,727,471,243,10,3,10,100,7,95,0,3,0,2,1,4,1,20
18,GALAŢI,"SCOALA GENERALA URLEŞTI",263,CORNI,76004,1,PROV,PRCNCT,S,S_SV,"2021-01-21 12:30:02",384,373,11,0,111,100,11,0,410,299,104,5,2,7,44,4,35,0,2,1,0,0,2,1,8
18,GALAŢI,"ŞCOALA NR.2 COROD",264,COROD,75953,1,PROV,PRCNCT,S,S_SV,"2021-01-21 12:30:02",1231,1214,17,0,321,304,17,0,1341,1020,306,10,5,71,69,22,63,1,7,3,2,0,5,3,60
18,GALAŢI,"GRĂDINIŢA NR 2",265,COROD,75953,1,PROV,PRCNCT,S,S_SV,"2021-01-21 12:30:02",1222,1207,15,0,332,317,15,0,1340,1008,322,5,5,80,76,19,76,2,8,5,2,0,8,3,43
18,GALAŢI,"ŞCOALA NR.3 COROD",266,COROD,75953,1,PROV,PRCNCT,S,S_SV,"2021-01-21 12:30:02",1513,1496,17,0,373,356,17,0,1652,1296,335,9,12,100,79,11,60,1,5,5,0,0,12,2,60
18,GALAŢI,"ŞCOALA BLÎNZI",267,COROD,75953,1,PROV,PRCNCT,S,S_SV,"2021-01-21 12:30:02",982,972,10,0,170,160,10,0,1072,902,159,9,2,26,69,9,23,1,3,0,1,0,4,2,21
18,GALAŢI,"ŞCOALA BRĂTULEŞTI",268,COROD,75953,1,PROV,PRCNCT,S,S_SV,"2021-01-21 12:30:02",493,481,12,0,98,86,12,0,528,430,95,2,1,17,28,3,18,1,4,1,0,0,6,0,17
18,GALAŢI,"ŞCOALA CĂRĂPCEŞTI",269,COROD,75953,1,PROV,PRCNCT,S,S_SV,"2021-01-21 12:30:02",657,642,15,0,162,147,15,0,706,544,150,5,7,56,44,4,18,0,2,2,3,0,9,1,11
18,GALAŢI,"CĂMIN CULTURAL ”G-RAL EREMIA GRIGORESCU”",270,COSMEŞTI,76040,1,PROV,PRCNCT,S,S_SV,"2021-01-21 12:30:02",1285,1218,38,29,381,314,38,29,1373,992,375,6,0,12,196,19,57,0,8,5,3,0,7,2,66
18,GALAŢI,"ŞCOALA CU CLASELE I-VIII COSMEŞTII-VALE",271,COSMEŞTI,76040,1,PROV,PRCNCT,S,S_SV,"2021-01-21 12:30:02",963,920,22,21,297,254,22,21,1034,737,283,6,8,6,177,13,35,0,3,1,5,1,10,0,32
18,GALAŢI,"ŞCOALA CU CLASELE I-IV BĂLTĂREŢI",272,COSMEŞTI,76040,1,PROV,PRCNCT,S,S_SV,"2021-01-21 12:30:02",727,699,17,11,234,206,17,11,803,569,226,6,2,3,108,12,57,1,3,2,1,3,2,2,32
18,GALAŢI,"CAMIN CULTURAL DIN SAT FURCENII VECHI",273,COSMEŞTI,76040,1,PROV,PRCNCT,S,S_SV,"2021-01-21 12:30:02",1305,1284,13,8,318,297,13,8,1418,1100,306,9,3,15,138,24,75,1,6,2,4,1,5,2,33
18,GALAŢI,"SCOALA CU CLASELE I-VIII FURCENII NOI",274,COSMEŞTI,76040,1,PROV,PRCNCT,S,S_SV,"2021-01-21 12:30:02",1296,1271,16,9,312,287,16,9,1420,1108,297,7,8,5,139,4,61,0,14,4,3,1,7,1,58
18,GALAŢI,"CAMINUL CULTURAL COSTACHE NEGRI",275,"COSTACHE NEGRI",76111,2,PART,PRCNCT,S,S_SV,"2021-01-21 12:30:02",1231,1192,22,17,418,379,22,17,1310,892,405,9,4,52,138,14,93,2,35,3,2,4,6,9,47
18,GALAŢI,"CAMINUL CULTURAL COSTACHE NEGRI",276,"COSTACHE NEGRI",76111,1,PROV,PRCNCT,S,S_SV,"2021-01-21 12:30:02",1089,1019,52,18,414,344,52,18,1125,711,397,9,8,47,155,9,88,0,33,2,4,4,7,5,43
18,GALAŢI,"CĂMINUL CULTURAL CUCA",277,CUCA,76139,1,PROV,PRCNCT,S,S_SV,"2021-01-21 12:30:02",1005,901,83,21,443,339,83,21,1013,570,417,9,17,8,139,11,169,3,34,2,4,2,11,4,30
18,GALAŢI,"ŞCOALA GENERALĂ CUCA",278,CUCA,76139,1,PROV,PRCNCT,S,S_SV,"2021-01-21 12:30:02",929,823,92,14,395,289,92,14,944,549,368,5,22,22,134,10,142,0,23,5,2,0,6,2,22
18,GALAŢI,"ȘCOALA GIMNAZIALĂ PROF. EMIL PANAITESCU",279,CUDALBI,76157,1,PROV,PRCNCT,S,S_SV,"2021-01-21 12:30:02",1768,1737,31,0,540,509,31,0,1930,1390,506,16,18,11,179,35,91,3,95,6,5,1,13,3,64
18,GALAŢI,"ŞCOALA GIMNAZIALA PROF. EMIL PANAITESCU",280,CUDALBI,76157,1,PROV,PRCNCT,S,S_SV,"2021-01-21 12:30:02",1542,1506,36,0,435,399,36,0,1660,1225,412,13,10,8,114,39,66,3,102,8,3,1,8,3,57
18,GALAŢI,"ŞCOALA GIMNAZIALA PROF. EMIL PANAITESCU",281,CUDALBI,76157,1,PROV,PRCNCT,S,S_SV,"2021-01-21 12:30:02",1343,1287,56,0,351,295,56,0,1413,1062,326,19,6,11,109,20,48,1,70,11,2,1,9,2,42
18,GALAŢI,"LICEUL TEHNOLOGIC NR.1",282,CUDALBI,76157,1,PROV,PRCNCT,S,S_SV,"2021-01-21 12:30:02",1600,1571,29,0,371,342,29,0,1734,1363,359,6,6,14,103,26,66,1,66,5,4,2,12,1,59
18,GALAŢI,"ŞCOALA GIMNAZIALA ELENA DOAMNA,",283,"CUZA VODĂ",77595,1,PROV,PRCNCT,S,S_SV,"2021-01-21 12:30:02",1255,1210,44,1,351,306,44,1,1337,986,337,5,9,8,132,17,75,2,41,4,7,1,11,4,35
18,GALAŢI,"ŞCOALA GIMNAZIALA ELENA DOAMNA,",284,"CUZA VODĂ",77595,1,PROV,PRCNCT,S,S_SV,"2021-01-21 12:30:02",1148,1072,69,7,367,291,69,7,1187,820,352,5,10,16,113,12,61,1,83,5,2,4,5,5,45
18,GALAŢI,"SCOALA DIN SATUL DRĂGĂNEŞTI",285,DRĂGĂNEŞTI,75221,1,PROV,PRCNCT,S,S_SV,"2021-01-21 12:30:02",1877,1848,25,4,529,500,25,4,2035,1506,510,9,10,23,143,53,178,2,43,5,3,2,9,2,47
18,GALAŢI,"CAMINUL CULTURAL DIN SATUL DRĂGĂNEŞTI",286,DRĂGĂNEŞTI,75221,1,PROV,PRCNCT,S,S_SV,"2021-01-21 12:30:02",1971,1936,34,1,558,523,34,1,2120,1562,535,11,12,54,106,30,141,7,33,3,6,0,15,5,135
18,GALAŢI,"SCOALA DIN MALUL ALB",287,DRĂGĂNEŞTI,75221,1,PROV,PRCNCT,S,S_SV,"2021-01-21 12:30:02",1734,1691,36,7,548,505,36,7,1871,1323,525,11,12,15,113,60,226,3,28,6,2,2,16,6,48
18,GALAŢI,"ŞCOALA DRĂGUŞENI",288,DRĂGUŞENI,76175,1,PROV,PRCNCT,S,S_SV,"2021-01-21 12:30:02",1536,1504,32,0,431,399,32,0,1662,1231,410,9,12,9,192,13,77,3,26,6,6,5,11,2,60
18,GALAŢI,"GRADINITA CU PROGRAM NORMAL NR.1",289,DRĂGUŞENI,76175,1,PROV,PRCNCT,S,S_SV,"2021-01-21 12:30:02",766,745,21,0,187,166,21,0,821,634,171,9,7,7,71,5,54,0,2,1,2,0,2,2,25
18,GALAŢI,"SCOALA NICOPOLE",290,DRĂGUŞENI,76175,1,PROV,PRCNCT,S,S_SV,"2021-01-21 12:30:02",482,459,23,0,151,128,23,0,504,353,138,7,6,9,49,3,50,0,2,0,0,0,3,0,22
18,GALAŢI,"GRADINITA CU PROGRAM NORMAL NR.1",291,DRĂGUŞENI,76175,1,PROV,PRCNCT,S,S_SV,"2021-01-21 12:30:02",472,461,11,0,157,146,11,0,509,352,155,1,1,1,78,5,50,2,5,0,3,0,4,1,6
18,GALAŢI,"SCOALA ŞTIETEŞTI",292,DRĂGUŞENI,76175,1,PROV,PRCNCT,S,S_SV,"2021-01-21 12:30:02",259,247,12,0,128,116,12,0,274,146,125,1,2,2,38,3,66,0,1,2,1,0,1,1,10
18,GALAŢI,"SCOALA GIMNAZIALA NR.1",293,DRĂGUŞENI,76175,3,PART,PRCNCT,S,S_SV,"2021-01-21 12:30:02",581,572,9,0,149,140,9,0,638,489,139,5,5,2,77,2,27,2,0,2,1,0,5,3,18
18,GALAŢI,"SCOALA GHINGHEŞTI",294,DRĂGUŞENI,76175,1,PROV,PRCNCT,S,S_SV,"2021-01-21 12:30:02",252,228,16,8,105,81,16,8,261,156,95,2,8,2,53,2,19,0,4,1,0,0,3,1,10
18,GALAŢI,"CAMINUL CULTURAL FIRTANESTI",295,FÂRŢĂNEŞTI,76255,1,PROV,PRCNCT,S,S_SV,"2021-01-21 12:30:02",1420,1359,61,0,455,394,61,0,1502,1047,436,11,8,2,294,26,45,3,4,1,2,0,10,0,49
18,GALAŢI,"CAMINUL CULTURAL FIRTANESTI",296,FÂRŢĂNEŞTI,76255,1,PROV,PRCNCT,S,S_SV,"2021-01-21 12:30:02",1483,1448,35,0,464,429,35,0,1598,1134,443,4,17,6,262,19,56,1,17,6,2,0,23,5,46
18,GALAŢI,"CĂMINUL CULTURAL VIILE",297,FÂRŢĂNEŞTI,76255,1,PROV,PRCNCT,S,S_SV,"2021-01-21 12:30:02",1284,1255,29,0,402,373,29,0,1392,990,388,7,7,6,256,36,34,3,4,2,3,2,17,2,23
18,GALAŢI,"GRADINITA CU PROGRAM NORMAL NR. 1 FOLTESTI - SALA NR.1",298,FOLTEŞTI,76282,1,PROV,PRCNCT,S,S_SV,"2021-01-21 12:30:02",897,870,27,0,245,218,27,0,963,718,230,7,8,9,110,17,53,0,7,3,3,2,5,2,19
18,GALAŢI,"GRADINITA CU PROGRAM NORMAL NR.1 FOLTESTI - SALA NR.2",299,FOLTEŞTI,76282,1,PROV,PRCNCT,S,S_SV,"2021-01-21 12:30:02",918,902,16,0,287,271,16,0,993,706,276,6,5,14,139,26,68,0,6,0,0,0,1,2,20
18,GALAŢI,"SCOALA GIMNAZIALA NR.1 STOICANI",300,FOLTEŞTI,76282,1,PROV,PRCNCT,S,S_SV,"2021-01-21 12:30:02",884,851,28,5,279,246,28,5,937,658,269,5,5,6,122,19,57,1,21,4,4,0,8,5,22
18,GALAŢI,"ŞCOALA GENERALA NR.1 FRUMUŞIŢA (ŞCOALA DIN CENTRU)",301,FRUMUŞIŢA,76317,1,PROV,PRCNCT,S,S_SV,"2021-01-21 12:30:02",1856,1808,25,23,532,484,25,23,1990,1458,509,11,12,12,304,18,77,0,21,10,10,6,17,5,29
18,GALAŢI,"SCOALA GENERALĂ NR.2 PETRU RAREŞ",302,FRUMUŞIŢA,76317,1,PROV,PRCNCT,S,S_SV,"2021-01-21 12:30:02",883,825,50,8,323,265,50,8,914,591,314,4,5,11,177,8,55,1,11,4,1,2,12,3,29
18,GALAŢI,"SCOALA GENERALA IJDILENI",303,FRUMUŞIŢA,76317,1,PROV,PRCNCT,S,S_SV,"2021-01-21 12:30:02",813,767,29,17,244,198,29,17,850,606,230,10,4,11,110,9,71,2,5,5,1,0,2,1,13
18,GALAŢI,"SCOALA GENERALA TĂMĂOANI",304,FRUMUŞIŢA,76317,1,PROV,PRCNCT,S,S_SV,"2021-01-21 12:30:02",990,951,36,3,290,251,36,3,1045,755,283,4,3,11,174,16,36,0,4,1,4,1,4,1,31
18,GALAŢI,"ŞCOALA GENERALA FUNDENI",305,FUNDENI,76353,1,PROV,PRCNCT,S,S_SV,"2021-01-21 12:30:02",700,667,32,1,245,212,32,1,738,493,232,8,5,7,81,15,52,1,12,1,5,0,3,2,53
18,GALAŢI,"SCOALA ELEMENTARA LUNGOCI",306,FUNDENI,76353,1,PROV,PRCNCT,S,S_SV,"2021-01-21 12:30:02",454,419,35,0,187,152,35,0,463,276,180,5,2,8,104,10,22,2,5,3,1,0,6,2,17
18,GALAŢI,"ŞCOALA GENERALA HANU CONACHI",307,FUNDENI,76353,1,PROV,PRCNCT,S,S_SV,"2021-01-21 12:30:02",1221,1206,15,0,326,311,15,0,1327,1001,316,6,4,44,90,17,100,8,20,5,3,0,3,2,24
18,GALAŢI,"ŞCOALA GENERALA HANU CONACHI",308,FUNDENI,76353,1,PROV,PRCNCT,S,S_SV,"2021-01-21 12:30:02",884,854,30,0,253,223,30,0,946,693,247,3,3,27,62,18,79,2,15,4,1,1,10,0,28
18,GALAŢI,"ŞCOALA GIMNAZIALĂ NR.1 GHIDIGENI",309,GHIDIGENI,76406,1,PROV,PRCNCT,S,S_SV,"2021-01-21 12:30:02",1706,1695,11,0,569,558,11,0,1866,1297,543,19,7,7,129,10,261,3,33,1,8,0,5,7,79
18,GALAŢI,"ȘCOALA GEFU",310,GHIDIGENI,76406,1,PROV,PRCNCT,S,S_SV,"2021-01-21 12:30:02",852,846,6,0,408,402,6,0,931,523,379,16,13,2,94,2,232,6,7,3,3,0,2,10,18
18,GALAŢI,"ȘCOALA GÂRBOVĂȚ",311,GHIDIGENI,76406,1,PROV,PRCNCT,S,S_SV,"2021-01-21 12:30:02",222,207,15,0,81,66,15,0,227,146,79,2,0,1,17,1,39,1,3,0,1,0,1,0,15
18,GALAŢI,"ȘCOALA TĂLPIGI",312,GHIDIGENI,76406,1,PROV,PRCNCT,S,S_SV,"2021-01-21 12:30:02",1684,1668,16,0,708,692,16,0,1837,1129,646,38,24,5,119,5,340,1,31,7,2,3,7,8,118
18,GALAŢI,"ȘCOALA SLOBOZIA",313,GHIDIGENI,76406,1,PROV,PRCNCT,S,S_SV,"2021-01-21 12:30:02",659,638,21,0,236,215,21,0,706,470,229,4,3,2,53,5,109,1,10,3,1,0,7,0,38
18,GALAŢI,"ŞCOALA GIMNAZIALA NR.1 GOHOR",314,GOHOR,76497,1,PROV,PRCNCT,S,S_SV,"2021-01-21 12:30:02",1416,1305,66,45,606,495,66,45,1433,827,587,8,11,8,400,17,74,2,11,2,8,0,27,3,35
18,GALAŢI,"ŞCOALA CU CLASELE I-IV IREASCA",315,GOHOR,76497,1,PROV,PRCNCT,S,S_SV,"2021-01-21 12:30:02",244,218,17,9,111,85,17,9,249,138,106,3,2,4,64,4,17,0,3,0,1,0,5,1,7
18,GALAŢI,"ŞCOALA CU CLASELE I-IV NĂRTEŞTI",316,GOHOR,76497,1,PROV,PRCNCT,S,S_SV,"2021-01-21 12:30:02",732,660,59,13,321,249,59,13,736,415,301,10,10,2,127,6,93,1,8,4,3,1,12,5,39
18,GALAŢI,"ŞCOALA GIMNAZIALA - SAT GARA BERHECI",317,GOHOR,76497,1,PROV,PRCNCT,S,S_SV,"2021-01-21 12:30:02",603,558,44,1,249,204,44,1,615,366,236,13,0,4,127,5,56,1,12,1,2,0,2,3,23
18,GALAŢI,"SCOALA NOUA GRIVITA",318,GRIVIŢA,76558,1,PROV,PRCNCT,S,S_SV,"2021-01-21 12:30:02",1559,1534,23,2,334,309,23,2,1696,1362,326,5,3,21,171,19,47,2,9,1,4,0,10,1,41
18,GALAŢI,"ŞCOALA VECHE GRIVIŢA",319,GRIVIŢA,76558,1,PROV,PRCNCT,S,S_SV,"2021-01-21 12:30:02",994,976,18,0,215,197,18,0,1076,861,203,3,9,4,108,2,43,3,11,3,1,2,4,0,22
18,GALAŢI,"SCOALA PRIMARA, SAT CĂLMĂŢUI",320,GRIVIŢA,76558,1,PROV,PRCNCT,S,S_SV,"2021-01-21 12:30:02",587,570,17,0,157,140,17,0,625,468,148,5,4,8,82,4,23,1,8,0,2,0,2,1,17
18,GALAŢI,"SCOALA GIMNAZIALA NR. 1",321,INDEPENDENŢA,76585,1,PROV,PRCNCT,S,S_SV,"2021-01-21 12:30:02",1356,1333,23,0,379,356,23,0,1474,1095,371,3,5,21,108,38,67,2,72,5,1,1,12,3,41
18,GALAŢI,"SCOALA GIMNAZIALA NR. 2",322,INDEPENDENŢA,76585,1,PROV,PRCNCT,S,S_SV,"2021-01-21 12:30:02",1646,1605,38,3,459,418,38,3,1768,1309,448,6,5,18,131,42,107,2,71,6,3,1,5,5,57
18,GALAŢI,"CLADIREA GRADINITA NR.1",323,INDEPENDENŢA,76585,1,PROV,PRCNCT,S,S_SV,"2021-01-21 12:30:02",975,953,21,1,206,184,21,1,1048,842,199,3,4,8,67,13,35,3,25,9,3,2,6,1,27
18,GALAŢI,"ŞCOALA NR.2 IVEŞTI",324,IVEŞTI,76601,1,PROV,PRCNCT,S,S_SV,"2021-01-21 12:30:02",750,731,14,5,308,289,14,5,808,500,296,5,7,1,73,15,157,2,10,0,3,0,2,3,30
18,GALAŢI,"ŞCOALA GIMNAZIALĂ ”VICTOR ION POPA ” IVEŞTI (ŞCOALA GIMNAZIALA NR.3 IVEŞTI)",325,IVEŞTI,76601,2,PART,PRCNCT,S,S_SV,"2021-01-21 12:30:02",1542,1521,17,4,571,550,17,4,1680,1109,516,28,27,7,105,11,269,4,18,6,6,1,22,18,49
18,GALAŢI,"LICEUL TEHNOLOGIC ”HORTENSIA PAPADAT – BENGESCU”",326,IVEŞTI,76601,1,PROV,PRCNCT,S,S_SV,"2021-01-21 12:30:02",1015,996,19,0,295,276,19,0,1099,804,284,7,4,7,92,15,121,2,9,1,1,1,6,0,29
18,GALAŢI,"LICEUL TEHNOLOGIC ”HORTENSIA PAPADAT – BENGESCU”",327,IVEŞTI,76601,1,PROV,PRCNCT,S,S_SV,"2021-01-21 12:30:02",1093,1071,21,1,451,429,21,1,1183,732,407,21,23,3,126,11,181,1,7,6,5,1,14,7,45
18,GALAŢI,"ŞCOALA GIMNAZIALA ”NEGOIŢĂ DĂNĂILĂ”",328,IVEŞTI,76601,1,PROV,PRCNCT,S,S_SV,"2021-01-21 12:30:02",1932,1894,25,13,544,506,25,13,2106,1562,520,17,7,9,156,44,207,0,30,3,2,0,10,6,53
18,GALAŢI,"ŞCOALA GIMNAZIALA ”GEN.EREMIA GRIGORESCU”",329,IVEŞTI,76601,1,PROV,PRCNCT,S,S_SV,"2021-01-21 12:30:02",1749,1716,31,2,489,456,31,2,1901,1412,474,10,5,11,156,50,193,2,6,2,1,1,6,5,41
18,GALAŢI,"CĂMINUL CULTURAL JORĂȘTI",330,JORĂŞTI,76638,1,PROV,PRCNCT,S,S_SV,"2021-01-21 12:30:02",919,885,34,0,365,331,34,0,981,616,345,11,9,17,229,3,48,1,13,5,9,0,6,1,13
18,GALAŢI,"SALĂ ÎNTRUNIRI LUNCA",331,JORĂŞTI,76638,1,PROV,PRCNCT,S,S_SV,"2021-01-21 12:30:02",200,168,32,0,109,77,32,0,183,74,106,1,2,11,60,1,24,1,2,2,2,0,0,1,2
18,GALAŢI,"CĂMINUL CULTURAL ZĂRNEȘTI",332,JORĂŞTI,76638,1,PROV,PRCNCT,S,S_SV,"2021-01-21 12:30:02",319,292,27,0,142,115,27,0,320,178,137,4,1,36,68,1,18,1,3,1,0,0,3,0,6
18,GALAŢI,"ŞCOALA GIMNAZIALĂ NR. 1",333,LIEŞTI,76674,1,PROV,PRCNCT,S,S_SV,"2021-01-21 12:30:02",1712,1694,18,0,443,425,18,0,1877,1434,427,11,5,17,120,51,140,2,6,6,5,1,14,9,56
18,GALAŢI,"ŞCOALA GIMNAZIALĂ NR. 2",334,LIEŞTI,76674,1,PROV,PRCNCT,S,S_SV,"2021-01-21 12:30:02",1431,1416,8,7,394,379,8,7,1576,1182,388,5,1,13,91,44,151,2,9,1,4,0,8,4,61
18,GALAŢI,"ŞCOALA GIMNAZIALĂ NR. 2",335,LIEŞTI,76674,1,PROV,PRCNCT,S,S_SV,"2021-01-21 12:30:02",1370,1359,11,0,391,380,11,0,1504,1113,370,19,2,10,92,24,150,2,8,3,1,2,10,7,61
18,GALAŢI,"ŞCOALA GIMNAZIALĂ NR. 3",336,LIEŞTI,76674,1,PROV,PRCNCT,S,S_SV,"2021-01-21 12:30:02",1429,1402,21,6,387,360,21,6,1551,1164,378,4,5,9,109,30,168,0,12,2,2,0,6,6,34
18,GALAŢI,"GRADINITA NR. 3",337,LIEŞTI,76674,1,PROV,PRCNCT,S,S_SV,"2021-01-21 12:30:02",1447,1429,18,0,402,384,18,0,1573,1171,389,8,5,11,87,11,214,1,5,2,3,0,8,5,42
18,GALAŢI,"ŞCOALA GIMNAZIALĂ ”SFÂNTUL NICOLAE”",338,LIEŞTI,76674,1,PROV,PRCNCT,S,S_SV,"2021-01-21 12:30:02",1551,1518,32,1,464,431,32,1,1686,1222,445,19,0,11,88,39,220,2,8,5,2,3,6,3,58
18,GALAŢI,"ŞCOALA NR.2 MATCA",339,MATCA,76692,1,PROV,PRCNCT,S,S_SV,"2021-01-21 12:30:02",1484,1467,17,0,490,473,17,0,1613,1123,475,10,5,16,154,25,68,2,97,5,5,0,6,4,93
18,GALAŢI,"ŞCOALA NR.1 SUSENI",340,MATCA,76692,1,PROV,PRCNCT,S,S_SV,"2021-01-21 12:30:02",1787,1776,11,0,584,573,11,0,2001,1417,564,12,8,7,208,24,58,2,101,10,13,2,16,3,120
18,GALAŢI,"SCOALA NR.1 MATCA",341,MATCA,76692,1,PROV,PRCNCT,S,S_SV,"2021-01-21 12:30:02",1502,1496,6,0,477,471,6,0,1650,1173,461,9,7,11,157,36,78,2,85,7,7,1,6,4,67
18,GALAŢI,"SCOALA NR.1 MATCA",342,MATCA,76692,1,PROV,PRCNCT,S,S_SV,"2021-01-21 12:30:02",1606,1593,13,0,526,513,13,0,1759,1233,510,6,10,21,182,45,80,1,75,10,5,0,9,2,80
18,GALAŢI,"ŞCOALA NR.1 MATCA",343,MATCA,76692,1,PROV,PRCNCT,S,S_SV,"2021-01-21 12:30:02",1586,1576,10,0,495,485,10,0,1737,1242,474,10,11,10,175,28,56,4,86,16,5,0,13,4,77
18,GALAŢI,"SCOALA NR.3 MATCA",344,MATCA,76692,1,PROV,PRCNCT,S,S_SV,"2021-01-21 12:30:02",1921,1908,13,0,673,660,13,0,2117,1444,656,13,4,22,218,50,65,1,116,13,5,2,8,2,154
18,GALAŢI,"SCOALA GIMNAZIALA NR 1 GHE. POALELUNGI MASTACANI",345,MĂSTĂCANI,76718,1,PROV,PRCNCT,S,S_SV,"2021-01-21 12:30:02",1132,1087,45,0,277,232,45,0,1206,929,270,5,2,7,155,15,39,4,6,7,1,2,7,2,25
18,GALAŢI,"SCOALA GIMNAZIALA NR. 3 MĂSTĂCANI",346,MĂSTĂCANI,76718,1,PROV,PRCNCT,S,S_SV,"2021-01-21 12:30:02",815,787,28,0,204,176,28,0,863,659,189,9,6,5,102,9,30,1,5,2,0,1,9,1,24
18,GALAŢI,"SCOALA GIMNAZIALA NR. 1 CHIRAFTEI",347,MĂSTĂCANI,76718,1,PROV,PRCNCT,S,S_SV,"2021-01-21 12:30:02",1108,1085,23,0,262,239,23,0,1190,928,243,10,9,7,138,19,14,4,11,3,2,3,12,3,27
18,GALAŢI,"SCOALA GIMNAZIALA NR. 2 CHIRAFTEI",348,MĂSTĂCANI,76718,1,PROV,PRCNCT,S,S_SV,"2021-01-21 12:30:02",1086,1059,18,9,199,172,18,9,1165,966,190,4,5,3,101,17,27,3,8,0,1,2,5,0,23
18,GALAŢI,"CAMIN CULTURAL",349,MOVILENI,76745,1,PROV,PRCNCT,S,S_SV,"2021-01-21 12:30:02",1594,1572,22,0,341,319,22,0,1727,1386,317,10,14,35,130,35,48,1,12,1,0,0,4,1,50
18,GALAŢI,"SCOALA NR.2 MOVILENI",350,MOVILENI,76745,1,PROV,PRCNCT,S,S_SV,"2021-01-21 12:30:02",1175,1158,16,1,309,292,16,1,1279,970,292,9,8,3,106,23,99,1,10,2,1,0,2,5,40
18,GALAŢI,"SCOALA GIMNAZIALA NR.2",351,MUNTENI,75258,1,PROV,PRCNCT,S,S_SV,"2021-01-21 12:30:02",1374,1333,32,9,516,475,32,9,1484,968,500,6,10,5,296,14,78,3,15,4,6,1,10,3,65
18,GALAŢI,"SCOALA GENERALĂ NR.1 SAT MUNTENI",352,MUNTENI,75258,1,PROV,PRCNCT,S,S_SV,"2021-01-21 12:30:02",1717,1680,29,8,653,616,29,8,1859,1206,612,25,16,4,273,15,170,2,19,4,3,2,6,4,110
18,GALAŢI,"SCOALA GENERALĂ FRUNZEASCA",353,MUNTENI,75258,1,PROV,PRCNCT,S,S_SV,"2021-01-21 12:30:02",1083,992,88,3,450,359,88,3,1096,646,441,4,5,7,208,15,110,1,8,7,1,1,9,2,72
18,GALAŢI,"SCOALA GENERALĂ – SAT ŢIGĂNEŞTI",354,MUNTENI,75258,1,PROV,PRCNCT,S,S_SV,"2021-01-21 12:30:02",875,841,28,6,328,294,28,6,930,602,321,5,2,5,180,9,56,1,12,6,4,1,8,2,37
18,GALAŢI,"SCOALA GENERALĂ UNGURENI",355,MUNTENI,75258,1,PROV,PRCNCT,S,S_SV,"2021-01-21 12:30:02",1130,1101,28,1,345,316,28,1,1217,872,321,11,13,7,148,12,76,0,5,2,2,0,10,3,56
18,GALAŢI,"SCOALA GENERALA NAMOLOASA",356,NĂMOLOASA,76763,1,PROV,PRCNCT,S,S_SV,"2021-01-21 12:30:02",796,778,18,0,254,236,18,0,859,605,246,5,3,13,151,9,39,2,7,3,5,0,2,1,14
18,GALAŢI,"SCOALA GENERALA NAMOLOASA SAT",357,NĂMOLOASA,76763,1,PROV,PRCNCT,S,S_SV,"2021-01-21 12:30:02",932,897,35,0,342,307,35,0,988,646,328,7,7,2,225,10,43,5,7,4,5,0,6,3,18
18,GALAŢI,"CĂMINUL CULTURAL DIN SATUL NEGRILEŞTI",358,NEGRILEŞTI,77579,1,PROV,PRCNCT,S,S_SV,"2021-01-21 12:30:02",1473,1374,57,42,628,529,57,42,1515,887,602,12,14,14,402,16,75,1,11,12,8,11,14,4,34
18,GALAŢI,"SCOALA GENERALĂ SLOBOZIA BLĂNEASA",359,NEGRILEŞTI,77579,1,PROV,PRCNCT,S,S_SV,"2021-01-21 12:30:02",836,779,41,16,431,374,41,16,856,425,410,9,12,4,281,14,45,1,9,5,2,0,4,3,42
18,GALAŢI,"ŞCOALA NICOREŞTI",360,NICOREŞTI,76807,1,PROV,PRCNCT,S,S_SV,"2021-01-21 12:30:02",1221,1150,71,0,356,285,71,0,1265,909,342,8,6,3,71,18,174,2,12,0,2,1,4,4,51
18,GALAŢI,"ŞCOALA FÎNTÂNI",361,NICOREŞTI,76807,1,PROV,PRCNCT,S,S_SV,"2021-01-21 12:30:02",480,459,21,0,137,116,21,0,527,369,134,1,2,3,54,9,38,0,2,2,1,1,2,3,19
18,GALAŢI,"ŞCOALA COASTA LUPEI",362,NICOREŞTI,76807,1,PROV,PRCNCT,S,S_SV,"2021-01-21 12:30:02",274,261,13,0,94,81,13,0,281,186,90,2,2,1,25,5,41,0,1,0,0,0,2,2,13
18,GALAŢI,"ŞCOALA PISCU CORBULUI",363,NICOREŞTI,76807,1,PROV,PRCNCT,S,S_SV,"2021-01-21 12:30:02",258,242,16,0,81,65,16,0,266,185,77,2,2,2,19,5,21,1,3,1,1,0,4,2,18
18,GALAŢI,"ŞCOALA MĂLURENI",364,NICOREŞTI,76807,1,PROV,PRCNCT,S,S_SV,"2021-01-21 12:30:02",168,157,11,0,61,50,11,0,172,111,60,1,0,3,22,5,18,1,1,2,0,0,1,1,6
18,GALAŢI,"ŞCOALA IONĂŞEŞTI",365,NICOREŞTI,76807,1,PROV,PRCNCT,S,S_SV,"2021-01-21 12:30:02",575,556,19,0,227,208,19,0,612,385,212,5,10,9,38,11,118,0,8,1,4,0,8,2,13
18,GALAŢI,"ŞCOALA DOBRINEŞTI.",366,NICOREŞTI,76807,1,PROV,PRCNCT,S,S_SV,"2021-01-21 12:30:02",471,405,66,0,198,132,66,0,447,249,188,6,4,4,22,13,109,0,4,3,0,1,4,1,27
18,GALAŢI,"CĂMIN CULTURAL OANCEA",367,OANCEA,76932,1,PROV,PRCNCT,S,S_SV,"2021-01-21 12:30:02",1603,1529,74,0,490,416,74,0,1670,1180,470,12,8,33,125,11,241,0,8,4,4,1,9,7,27
18,GALAŢI,"SCOALA NR.1 PECHEA",368,PECHEA,76969,1,PROV,PRCNCT,S,S_SV,"2021-01-21 12:30:02",1288,1263,25,0,352,327,25,0,1389,1037,343,5,4,13,128,44,63,2,40,1,3,0,8,8,33
18,GALAŢI,"SCOALA NR.2 PECHEA",369,PECHEA,76969,1,PROV,PRCNCT,S,S_SV,"2021-01-21 12:30:02",1454,1425,27,2,343,314,27,2,1572,1229,331,6,6,6,146,30,51,1,34,4,1,0,7,2,49
18,GALAŢI,"SCOALA NR.3 PECHEA",370,PECHEA,76969,1,PROV,PRCNCT,S,S_SV,"2021-01-21 12:30:02",1475,1458,17,0,312,295,17,0,1602,1290,299,7,6,6,125,20,52,3,29,3,1,0,7,4,49
18,GALAŢI,"GRĂDINIŢA NR.2 PECHEA",371,PECHEA,76969,1,PROV,PRCNCT,S,S_SV,"2021-01-21 12:30:02",1316,1297,19,0,299,280,19,0,1427,1128,288,6,5,8,122,20,61,0,32,3,5,1,8,0,28
18,GALAŢI,"CĂMINUL CULTURAL PECHEA",372,PECHEA,76969,1,PROV,PRCNCT,S,S_SV,"2021-01-21 12:30:02",1950,1928,22,0,395,373,22,0,2122,1727,379,9,7,12,157,29,54,0,54,2,5,4,7,1,54
18,GALAŢI,"SCOALA NR.4 PECHEA",373,PECHEA,76969,2,PART,PRCNCT,S,S_SV,"2021-01-21 12:30:02",1756,1736,20,0,401,381,20,0,1912,1511,385,6,10,11,172,19,37,1,57,10,6,1,10,2,59
18,GALAŢI,"CĂMIN CULTURAL PISCU",374,PISCU,76996,1,PROV,PRCNCT,S,S_SV,"2021-01-21 12:30:02",1188,1161,25,2,325,298,25,2,1274,949,318,3,4,11,137,37,53,3,7,2,4,2,4,1,57
18,GALAŢI,"SCOALA GIMNAZIALĂ ”DIMITRIE LUCHIAN ”CORP B , PISCU",375,PISCU,76996,1,PROV,PRCNCT,S,S_SV,"2021-01-21 12:30:02",965,927,32,6,294,256,32,6,1029,735,288,4,2,7,133,37,38,5,4,0,2,0,4,2,56
18,GALAŢI,"SCOALA GIMNAZIALĂ ” STEFAN CEL MARE” PISCU",376,PISCU,76996,1,PROV,PRCNCT,S,S_SV,"2021-01-21 12:30:02",1505,1471,30,4,436,402,30,4,1628,1192,427,7,2,25,176,48,59,8,21,6,3,3,9,2,67
18,GALAŢI,"ȘCOALA PRIMARĂ VAMEȘ",377,PISCU,76996,1,PROV,PRCNCT,S,S_SV,"2021-01-21 12:30:02",445,430,15,0,124,109,15,0,474,350,123,1,0,6,66,4,18,5,3,1,1,0,6,2,11
18,GALAŢI,"SCOALA GIMNAZIALA NR.1 COMUNA POIANA,JUDETUL GALATI",378,POIANA,77587,1,PROV,PRCNCT,S,S_SV,"2021-01-21 12:30:02",1064,980,46,38,518,434,46,38,1123,605,499,15,4,14,321,9,87,3,3,4,3,0,15,2,38
18,GALAŢI,"SCOALA PRIMARA NR.1 SAT VISINA, COMUNA POIANA, JUDETUL GALATI",379,POIANA,77587,1,PROV,PRCNCT,S,S_SV,"2021-01-21 12:30:02",424,379,25,20,246,201,25,20,435,189,232,10,4,7,158,8,25,0,7,0,2,0,11,1,13
18,GALAŢI,"SCOALA GIMNAZIALĂ",380,PRIPONEŞTI,77028,1,PROV,PRCNCT,S,S_SV,"2021-01-21 12:30:02",765,745,11,9,203,183,11,9,834,631,196,1,6,5,88,12,58,1,3,4,3,1,5,6,10
18,GALAŢI,"ȘCOALA GIMNAZIALĂ NR. 1",381,PRIPONEŞTI,77028,1,PROV,PRCNCT,S,S_SV,"2021-01-21 12:30:02",903,816,76,11,320,233,76,11,899,579,308,7,5,23,158,16,67,2,5,1,3,1,3,1,28
18,GALAŢI,"ȘCOALA PRIMARĂ",382,PRIPONEŞTI,77028,1,PROV,PRCNCT,S,S_SV,"2021-01-21 12:30:02",190,174,13,3,64,48,13,3,192,128,60,1,3,2,34,3,6,0,3,1,0,0,3,0,8
18,GALAŢI,"CĂMINUL CULTURAL RĂDEŞTI",383,RĂDEŞTI,77561,1,PROV,PRCNCT,S,S_SV,"2021-01-21 12:30:02",945,884,49,12,427,366,49,12,993,566,399,17,11,3,265,6,50,2,4,1,5,0,12,1,50
18,GALAŢI,"GRĂDINIŢA CRUCEANU",384,RĂDEŞTI,77561,1,PROV,PRCNCT,S,S_SV,"2021-01-21 12:30:02",255,247,8,0,111,103,8,0,270,159,104,3,4,3,77,3,6,0,1,1,1,0,1,1,10
18,GALAŢI,"FOSTA GRADINITA NR. 1 REDIU",385,REDIU,77082,1,PROV,PRCNCT,S,S_SV,"2021-01-21 12:30:02",1389,1220,97,72,553,404,97,52,1420,867,530,12,11,40,138,6,249,2,40,7,3,4,10,4,27
18,GALAŢI,"SCOALA NR1 PLEVNA",386,REDIU,77082,1,PROV,PRCNCT,S,S_SV,"2021-01-21 12:30:02",489,433,44,12,224,168,44,12,485,261,216,3,5,9,57,5,92,1,26,2,1,0,9,3,11
18,GALAŢI,"CAMINUL CULTURAL",387,SCÂNTEIEŞTI,77126,1,PROV,PRCNCT,S,S_SV,"2021-01-21 12:30:02",778,724,38,16,244,190,38,16,799,555,235,5,4,21,93,15,73,1,6,1,0,0,7,4,14
18,GALAŢI,"CAMINUL CULTURAL",388,SCÂNTEIEŞTI,77126,1,PROV,PRCNCT,S,S_SV,"2021-01-21 12:30:02",1283,1238,32,13,378,333,32,13,1376,998,362,9,7,23,167,12,74,3,28,4,3,3,17,4,24
18,GALAŢI,"GRADINITA DE COPII SCHELA",389,SCHELA,77153,1,PROV,PRCNCT,S,S_SV,"2021-01-21 12:30:02",1474,1416,58,0,517,459,58,0,1562,1045,507,6,4,92,171,29,102,2,41,7,2,5,4,4,48
18,GALAŢI,"GRADINITA DE COPII SCHELA",390,SCHELA,77153,1,PROV,PRCNCT,S,S_SV,"2021-01-21 12:30:02",1224,1186,38,0,432,394,38,0,1307,875,422,5,5,71,141,33,81,0,29,4,6,5,8,1,43
18,GALAŢI,"AȘEZĂMÂNTUL CULTURAL NEGREA",391,SCHELA,77153,1,PROV,PRCNCT,S,S_SV,"2021-01-21 12:30:02",573,540,33,0,208,175,33,0,595,387,202,2,4,16,73,3,71,0,14,5,1,0,6,3,10
18,GALAŢI,"SCOALA GIMNAZIALA SLOBOZIA-CONACHI",392,"SLOBOZIA CONACHI",77180,1,PROV,PRCNCT,S,S_SV,"2021-01-21 12:30:02",1465,1366,85,14,426,327,85,14,1506,1080,409,7,10,12,231,30,74,2,19,1,3,1,6,0,30
18,GALAŢI,"CENTRUL DE FORMARE PROFESIONALA",393,"SLOBOZIA CONACHI",77180,1,PROV,PRCNCT,S,S_SV,"2021-01-21 12:30:02",1291,1240,40,11,367,316,40,11,1364,997,358,5,4,12,207,22,64,2,15,2,2,1,4,2,25
18,GALAŢI,"SCOALA GIMNAZIALA IZVOARELE",394,"SLOBOZIA CONACHI",77180,1,PROV,PRCNCT,S,S_SV,"2021-01-21 12:30:02",846,804,30,12,262,220,30,12,897,635,255,5,2,0,141,23,17,5,10,3,4,1,2,1,48
18,GALAŢI,"SCOALA GENERALĂ ”SFÂNTA CUVIOASĂ PARASCHEVA” SMÎRDAN",395,SMÂRDAN,77224,1,PROV,PRCNCT,S,S_SV,"2021-01-21 12:30:02",1489,1435,53,1,464,410,53,1,1583,1119,451,12,1,10,133,178,56,3,14,4,2,4,11,3,33
18,GALAŢI,"ŞCOALA GENERALĂ ”SFÂNTA CUVIOASĂ PARASCHEVA” SMÂRDAN",396,SMÂRDAN,77224,1,PROV,PRCNCT,S,S_SV,"2021-01-21 12:30:02",1200,1153,47,0,355,308,47,0,1283,928,351,1,3,17,104,141,22,4,5,2,3,9,7,7,30
18,GALAŢI,"SCOALA GIMNAZIALĂ ”MIHAIL ŞI GAVRIL” M.KOGĂLNICEANU",397,SMÂRDAN,77224,1,PROV,PRCNCT,S,S_SV,"2021-01-21 12:30:02",944,913,31,0,281,250,31,0,1002,721,273,6,2,23,56,120,28,1,14,0,0,0,2,3,26
18,GALAŢI,"SCOALA PRIMARĂ NR.1 CIŞMELE",398,SMÂRDAN,77224,1,PROV,PRCNCT,S,S_SV,"2021-01-21 12:30:02",1244,1228,16,0,346,330,16,0,1352,1006,342,4,0,9,135,98,33,3,9,7,2,2,5,4,35
18,GALAŢI,"GRADINITA SMULTI",399,SMULŢI,77260,1,PROV,PRCNCT,S,S_SV,"2021-01-21 12:30:02",1195,1120,36,39,414,339,36,39,1235,821,392,10,12,11,213,7,60,3,44,3,7,1,16,2,25
18,GALAŢI,"CĂMINUL CULTURAL SUCEVENI",400,SUCEVENI,77288,2,PART,PRCNCT,S,S_SV,"2021-01-21 12:30:02",1029,929,67,33,414,314,67,33,1025,612,396,7,10,38,188,21,45,2,30,0,6,0,10,5,51
18,GALAŢI,"SCOALA GIMNAZIALĂ ROGOJENI",401,SUCEVENI,77288,1,PROV,PRCNCT,S,S_SV,"2021-01-21 12:30:02",488,441,30,17,233,186,30,17,489,256,225,7,1,24,142,2,27,1,10,1,3,0,5,3,7
18,GALAŢI,"SCOALA GIMNAZIALĂ NR.1 SUHURLUI",402,SUHURLUI,77601,1,PROV,PRCNCT,S,S_SV,"2021-01-21 12:30:02",1187,1123,55,9,404,340,55,9,1243,839,381,13,10,24,97,8,155,6,16,5,3,2,12,3,50
18,GALAŢI,"SCOALA GIMNAZIALA NR. 1",403,ŞENDRENI,75114,1,PROV,PRCNCT,S,S_SV,"2021-01-21 12:30:02",1831,1774,49,8,587,530,49,8,1960,1373,577,8,2,27,228,132,108,3,21,2,2,4,13,5,32
18,GALAŢI,"SCOALA GIMNAZIALA NR. 1",404,ŞENDRENI,75114,1,PROV,PRCNCT,S,S_SV,"2021-01-21 12:30:02",1250,1201,42,7,417,368,42,7,1326,909,411,5,1,11,169,82,77,0,10,1,4,8,13,6,30
18,GALAŢI,"GRADINITA MOVILENI",405,ŞENDRENI,75114,1,PROV,PRCNCT,S,S_SV,"2021-01-21 12:30:02",575,554,21,0,184,163,21,0,608,424,179,4,1,13,68,11,38,3,8,4,2,1,2,3,26
18,GALAŢI,"GRADINITA SERBESTII VECHI",406,ŞENDRENI,75114,1,PROV,PRCNCT,S,S_SV,"2021-01-21 12:30:02",744,720,24,0,244,220,24,0,799,555,238,2,4,31,78,22,41,2,7,2,1,0,10,0,44
18,GALAŢI,"ŞCOALA GIMNAZIALĂ NR. 1(ŞCOALA GENERALA DE 8 CLASETUDOR VLADIMIRESCU MOARĂ)",407,"TUDOR VLADIMIRESCU",77313,1,PROV,PRCNCT,S,S_SV,"2021-01-21 12:30:02",821,796,25,0,204,179,25,0,875,671,191,10,3,13,67,5,46,5,5,5,0,0,5,3,37
18,GALAŢI,"GRĂDINIŢA TUDOR VLADIMIRESCU,",408,"TUDOR VLADIMIRESCU",77313,1,PROV,PRCNCT,S,S_SV,"2021-01-21 12:30:02",1430,1385,45,0,408,363,45,0,1530,1122,396,7,5,46,144,26,86,3,13,7,3,5,9,10,44
18,GALAŢI,"SCOALA GENERALA DE 4 ANI - PRIVAL",409,"TUDOR VLADIMIRESCU",77313,1,PROV,PRCNCT,S,S_SV,"2021-01-21 12:30:02",968,933,35,0,317,282,35,0,1024,707,309,5,3,23,136,20,56,5,7,12,4,1,11,7,27
18,GALAŢI,"LICEUL TEHNOLOGIC ”TUDOR VLADIMIRESCU”",410,"TUDOR VLADIMIRESCU",77313,1,PROV,PRCNCT,S,S_SV,"2021-01-21 12:30:02",1197,1172,24,1,309,284,24,1,1290,981,296,8,5,14,124,16,59,2,16,5,2,0,6,8,44
18,GALAŢI,"GRADINITA TULUCESTI",411,TULUCEŞTI,77331,1,PROV,PRCNCT,S,S_SV,"2021-01-21 12:30:02",1881,1836,37,8,493,448,37,8,2031,1538,469,11,13,18,190,59,115,4,16,5,6,1,12,4,39
18,GALAŢI,"SCOALA TULUCESTI",412,TULUCEŞTI,77331,1,PROV,PRCNCT,S,S_SV,"2021-01-21 12:30:02",1818,1779,31,8,476,437,31,8,1974,1498,466,9,1,14,176,57,101,4,28,3,3,0,6,7,67
18,GALAŢI,"SCOALA TATARCA",413,TULUCEŞTI,77331,1,PROV,PRCNCT,S,S_SV,"2021-01-21 12:30:02",682,665,15,2,155,138,15,2,732,577,144,4,7,5,63,12,30,0,9,3,0,3,3,1,15
18,GALAŢI,"SCOALA SIVITA",414,TULUCEŞTI,77331,1,PROV,PRCNCT,S,S_SV,"2021-01-21 12:30:02",1066,1038,21,7,326,298,21,7,1152,826,313,7,6,21,149,31,37,0,20,1,3,3,7,3,38
18,GALAŢI,"ŞCOALA VECHE ŞIVIŢA",415,TULUCEŞTI,77331,1,PROV,PRCNCT,S,S_SV,"2021-01-21 12:30:02",1057,1029,26,2,296,268,26,2,1138,842,284,10,2,23,111,35,65,0,10,3,0,1,3,5,28
18,GALAŢI,"SCOALA TUDOR PAMFILE",416,ŢEPU,77377,1,PROV,PRCNCT,S,S_SV,"2021-01-21 12:30:02",1227,1113,98,16,628,514,98,16,1243,615,589,23,16,26,334,16,122,4,11,4,9,1,14,3,45
18,GALAŢI,"GRĂDINIŢA PROFESOR IOAN BASOC",417,ŢEPU,77377,1,PROV,PRCNCT,S,S_SV,"2021-01-21 12:30:02",883,821,42,20,429,367,42,20,923,494,407,13,9,5,254,9,74,3,18,4,6,1,5,2,26
18,GALAŢI,"ȘCOALA GIMNAZIALĂ NR. 1 UMBRĂREȘTI",418,UMBRĂREŞTI,77402,1,PROV,PRCNCT,S,S_SV,"2021-01-21 12:30:02",1700,1689,11,0,387,376,11,0,1869,1482,358,20,9,6,144,15,102,1,18,3,0,1,3,3,62
18,GALAŢI,"ȘCOALA GIMNAZIALĂ „ SFÂNTUL STELIAN” UMBRĂREȘTI - DEAL",419,UMBRĂREŞTI,77402,1,PROV,PRCNCT,S,S_SV,"2021-01-21 12:30:02",1201,1189,12,0,304,292,12,0,1309,1005,289,15,0,9,122,17,71,1,11,0,4,0,4,2,48
18,GALAŢI,"ȘCOALA GIMNAZIALĂ „ SFÂNTUL STELIAN„ UMBRĂREȘTI - DEAL",420,UMBRĂREŞTI,77402,1,PROV,PRCNCT,S,S_SV,"2021-01-21 12:30:02",855,838,17,0,230,213,17,0,925,695,219,4,7,3,85,14,70,2,11,3,1,1,6,1,22
18,GALAŢI,"ȘCOALA GIMNAZIALĂ TORCEȘTI",421,UMBRĂREŞTI,77402,1,PROV,PRCNCT,S,S_SV,"2021-01-21 12:30:02",601,588,13,0,218,205,13,0,655,437,212,4,2,6,88,6,45,5,7,1,1,1,10,0,42
18,GALAŢI,"ȘCOALA GIMNAZIALĂ CONDREA",422,UMBRĂREŞTI,77402,1,PROV,PRCNCT,S,S_SV,"2021-01-21 12:30:02",580,564,16,0,178,162,16,0,627,449,168,7,3,6,44,8,42,1,15,2,0,1,6,2,41
18,GALAŢI,"ȘCOALA GIMNAZIALĂ SALCIA",423,UMBRĂREŞTI,77402,1,PROV,PRCNCT,S,S_SV,"2021-01-21 12:30:02",718,707,11,0,180,169,11,0,783,603,163,10,7,8,58,4,46,1,17,0,0,0,4,2,23
18,GALAŢI,"IMOBIL PROPRIETATE CLINCIU MARIA",424,UMBRĂREŞTI,77402,1,PROV,PRCNCT,S,S_SV,"2021-01-21 12:30:02",278,265,13,0,100,87,13,0,296,196,97,1,2,2,44,5,32,2,3,1,0,0,2,1,5
18,GALAŢI,"ȘCOALA GIMNAZIALĂ NR.1",425,"VALEA MĂRULUI",77475,1,PROV,PRCNCT,S,S_SV,"2021-01-21 12:30:02",1009,949,27,33,296,236,27,33,1081,785,284,5,7,6,141,34,43,1,10,4,2,1,6,5,31
18,GALAŢI,"ȘCOALA GIMNAZIALĂ NR. 1",426,"VALEA MĂRULUI",77475,1,PROV,PRCNCT,S,S_SV,"2021-01-21 12:30:02",809,776,15,18,205,174,15,16,872,667,196,4,5,3,108,11,20,1,7,3,3,0,8,2,30
18,GALAŢI,"ȘCOALA COASTA VĂII",427,"VALEA MĂRULUI",77475,1,PROV,PRCNCT,S,S_SV,"2021-01-21 12:30:02",398,387,11,0,89,78,11,0,425,336,85,3,1,3,27,15,16,1,6,0,1,0,3,0,13
18,GALAŢI,"ȘCOALA MÎNDRESTI",428,"VALEA MĂRULUI",77475,1,PROV,PRCNCT,S,S_SV,"2021-01-21 12:30:02",808,757,20,31,268,217,20,31,871,603,262,1,5,3,168,15,32,4,5,2,7,2,4,3,17
18,GALAŢI,"SCOALA SFINTUL NICOLAE",429,VÂNĂTORI,75150,1,PROV,PRCNCT,S,S_SV,"2021-01-21 12:30:02",1283,1217,66,0,451,385,66,0,1342,891,445,2,4,33,169,63,99,2,23,6,4,1,7,3,35
18,GALAŢI,"SCOALA SFINTUL NICOLAE",430,VÂNĂTORI,75150,1,PROV,PRCNCT,S,S_SV,"2021-01-21 12:30:02",1256,1184,72,0,460,388,72,0,1317,857,451,8,1,24,165,65,85,2,36,1,6,0,8,3,56
18,GALAŢI,"SCOALA GIMNAZIALA MARIA GRECU ODAIA MANOLACHE",431,VÂNĂTORI,75150,1,PROV,PRCNCT,S,S_SV,"2021-01-21 12:30:02",1688,1664,24,0,466,442,24,0,1832,1366,448,11,7,17,206,80,51,1,23,2,4,0,5,3,56
18,GALAŢI,"GRADINITA COPII",432,VÂNĂTORI,75150,1,PROV,PRCNCT,S,S_SV,"2021-01-21 12:30:02",1365,1273,86,6,515,423,86,6,1399,884,511,2,2,32,147,117,107,2,39,3,2,0,4,6,52
18,GALAŢI,"SCOALA GIMNAZIALĂ VÎRLEZI",433,VÂRLEZI,77509,2,PART,PRCNCT,S,S_SV,"2021-01-21 12:30:02",989,872,65,52,466,355,65,46,965,499,447,11,8,5,258,13,117,2,5,4,0,0,17,0,26
18,GALAŢI,"GRĂDINIŢA CRĂIEŞTI",434,VÂRLEZI,77509,1,PROV,PRCNCT,S,S_SV,"2021-01-21 12:30:02",700,643,36,21,340,287,36,17,707,367,322,8,10,6,190,13,71,4,5,4,5,0,4,3,17
18,GALAŢI,"CAMINUL CULTURAL",435,VLĂDEŞTI,77536,1,PROV,PRCNCT,S,S_SV,"2021-01-21 12:30:02",1306,1218,62,26,404,316,62,26,1370,966,386,11,7,20,203,13,77,2,20,9,6,1,9,2,24
18,GALAŢI,"ȘCOALA GIMNAZIALĂ BRĂNEȘTI",436,VLĂDEŞTI,77536,1,PROV,PRCNCT,S,S_SV,"2021-01-21 12:30:02",908,830,62,16,305,227,62,16,937,632,284,14,7,7,140,8,86,1,13,2,3,0,8,1,15
