precinct_county_nce,precinct_county_name,precinct_name,precinct_nr,uat_name,uat_siruta,report_version,report_stage_code,report_type_scope_code,report_type_category_code,report_type_code,created_at,a,a1,a2,a3,b,b1,b2,b3,c,d,e,f,g,"ALIANȚA USR PLUS-voturi","UNIUNEA DEMOCRATĂ MAGHIARĂ DIN ROMÂNIA-voturi","PARTIDUL SOCIAL DEMOCRAT-voturi","PARTIDUL PRO ROMÂNIA-voturi","PARTIDUL NAȚIONAL LIBERAL-voturi","PARTIDUL MIȘCAREA POPULARĂ-voturi","PARTIDUL VERDE-voturi","PARTIDUL ECOLOGIST ROMÂN-voturi","ALIANȚA RENAȘTEREA NAȚIONALĂ-voturi","PARTIDUL ROMÂNIA MARE-voturi","ALIANȚA PENTRU UNIREA ROMÂNILOR-voturi","PARTIDUL PUTERII UMANISTE (SOCIAL-LIBERAL)-voturi","PARTIDUL NOUA ROMÂNIE-voturi","PARTIDUL SOCIALIST ROMÂN-voturi","PARTIDUL NAȚIUNEA ROMÂNĂ-voturi"
8,BRAŞOV,"SEMINARUL TEOLOGIC LICEAL ORTODOX ”DUMITRU STĂNILOAIE”",1,"MUNICIPIUL BRAŞOV",40198,1,PROV,PRCNCT,S,S_SV,"2021-01-21 12:30:02",1523,1515,8,0,515,507,8,0,1699,1184,504,7,4,189,15,79,17,134,21,1,7,10,3,24,2,0,2,0
8,BRAŞOV,"SEMINARUL TEOLOGIC LICEAL ORTODOX ”DUMITRU STĂNILOAIE”",2,"MUNICIPIUL BRAŞOV",40198,1,PROV,PRCNCT,S,S_SV,"2021-01-21 12:30:02",1207,1191,16,0,409,393,16,0,1300,886,399,5,0,167,16,51,5,121,13,5,4,1,1,11,4,0,0,0
8,BRAŞOV,"GRĂDINIŢA CU PROGRAM PRELUNGIT NR. 2",3,"MUNICIPIUL BRAŞOV",40198,1,PROV,PRCNCT,S,S_SV,"2021-01-21 12:30:02",980,966,12,2,343,329,12,2,1100,757,336,5,2,106,16,55,14,108,13,4,5,0,1,12,0,0,0,2
8,BRAŞOV,"GRĂDINIŢA CU PROGRAM PRELUNGIT NR. 2",4,"MUNICIPIUL BRAŞOV",40198,1,PROV,PRCNCT,S,S_SV,"2021-01-21 12:30:02",1153,1113,23,17,428,388,23,17,1300,872,421,4,3,158,37,56,9,114,13,0,5,0,0,22,4,0,1,2
8,BRAŞOV,"LICEUL ”ANDREI MUREŞANU”",5,"MUNICIPIUL BRAŞOV",40198,1,PROV,PRCNCT,S,S_SV,"2021-01-21 12:30:02",1413,1369,30,14,503,459,30,14,1500,997,499,4,0,199,21,100,15,104,12,2,10,5,2,22,1,2,3,1
8,BRAŞOV,"LICEUL ”ANDREI MUREŞANU”",6,"MUNICIPIUL BRAŞOV",40198,2,PART,PRCNCT,S,S_SV,"2021-01-21 12:30:02",1365,1332,18,15,438,407,17,14,1500,1062,428,8,2,183,33,54,15,95,17,4,5,1,0,14,2,0,0,5
8,BRAŞOV,"COLEGIUL TEHNIC ”MARIA BAIULESCU”",7,"MUNICIPIUL BRAŞOV",40198,1,PROV,PRCNCT,S,S_SV,"2021-01-21 12:30:02",1319,1297,20,2,428,406,20,2,1400,972,423,2,3,167,35,64,11,95,14,1,6,1,1,20,6,0,0,2
8,BRAŞOV,"COLEGIUL TEHNIC ”MARIA BAIULESCU”",8,"MUNICIPIUL BRAŞOV",40198,1,PROV,PRCNCT,S,S_SV,"2021-01-21 12:30:02",1434,1426,7,1,393,385,7,1,1600,1207,386,5,2,126,27,79,12,87,24,4,4,6,3,8,2,0,3,1
8,BRAŞOV,"COLEGIUL NAŢIONAL ”APRILY LAJOS”",9,"MUNICIPIUL BRAŞOV",40198,1,PROV,PRCNCT,S,S_SV,"2021-01-21 12:30:02",948,919,27,2,318,289,27,2,1000,682,313,5,0,107,38,47,10,67,12,2,6,3,3,11,3,1,3,0
8,BRAŞOV,"COLEGIUL NAŢIONAL ”APRILY LAJOS”",10,"MUNICIPIUL BRAŞOV",40198,2,PART,PRCNCT,S,S_SV,"2021-01-21 12:30:02",948,924,22,2,374,350,22,2,1000,626,366,6,2,148,26,55,12,96,11,0,2,3,1,7,3,0,1,1
8,BRAŞOV,"COLEGIUL NAŢIONAL ”APRILY LAJOS”",11,"MUNICIPIUL BRAŞOV",40198,1,PROV,PRCNCT,S,S_SV,"2021-01-21 12:30:02",719,710,9,0,239,230,9,0,800,561,233,4,2,90,19,40,1,64,8,0,2,0,0,4,4,1,0,0
8,BRAŞOV,"COLEGIUL NAŢIONAL ”UNIREA”",12,"MUNICIPIUL BRAŞOV",40198,1,PROV,PRCNCT,S,S_SV,"2021-01-21 12:30:02",1250,1208,40,2,445,403,40,2,1300,855,436,7,2,185,18,65,15,96,15,4,7,0,3,19,5,1,2,1
8,BRAŞOV,"COLEGIUL NAŢIONAL ”UNIREA”",13,"MUNICIPIUL BRAŞOV",40198,2,PART,PRCNCT,S,S_SV,"2021-01-21 12:30:02",1270,1242,22,6,423,395,22,6,1400,977,414,7,2,164,31,57,15,103,4,3,13,1,2,11,9,0,0,1
8,BRAŞOV,"ŞCOALA GIMNAZIALĂ NR. 8",14,"MUNICIPIUL BRAŞOV",40198,1,PROV,PRCNCT,S,S_SV,"2021-01-21 12:30:02",961,952,9,0,365,356,9,0,1100,735,359,5,1,134,30,53,14,94,14,4,4,2,0,4,6,0,0,0
8,BRAŞOV,"ŞCOALA GIMNAZIALĂ NR. 8",15,"MUNICIPIUL BRAŞOV",40198,1,PROV,PRCNCT,S,S_SV,"2021-01-21 12:30:02",1015,994,11,10,329,308,11,10,1100,771,324,3,2,115,24,51,10,96,11,3,4,1,1,3,2,1,1,1
8,BRAŞOV,"ŞCOALA GIMNAZIALĂ NR. 8",16,"MUNICIPIUL BRAŞOV",40198,1,PROV,PRCNCT,S,S_SV,"2021-01-21 12:30:02",1167,1146,20,1,461,440,20,1,1301,840,452,7,2,169,24,75,13,121,17,2,5,2,3,13,5,1,1,1
8,BRAŞOV,"ŞCOALA GIMNAZIALĂ NR. 8",17,"MUNICIPIUL BRAŞOV",40198,2,PART,PRCNCT,S,S_SV,"2021-01-21 12:30:02",1680,1658,22,0,569,547,22,0,1800,1231,556,9,4,195,29,99,15,149,18,5,5,5,6,24,5,0,0,1
8,BRAŞOV,"ŞCOALA GIMNAZIALĂ NR.5",18,"MUNICIPIUL BRAŞOV",40198,1,PROV,PRCNCT,S,S_SV,"2021-01-21 12:30:02",1451,1402,36,13,546,497,36,13,1600,1054,537,7,2,156,77,75,11,161,14,2,4,4,1,21,9,0,1,1
8,BRAŞOV,"ŞCOALA GIMNAZIALĂ NR.5",19,"MUNICIPIUL BRAŞOV",40198,1,PROV,PRCNCT,S,S_SV,"2021-01-21 12:30:02",1568,1536,18,14,537,505,18,14,1700,1163,523,14,0,176,60,93,10,117,16,6,6,5,0,29,3,0,0,2
8,BRAŞOV,"ŞCOALA GIMNAZIALĂ NR. 15",20,"MUNICIPIUL BRAŞOV",40198,1,PROV,PRCNCT,S,S_SV,"2021-01-21 12:30:02",1671,1624,25,22,618,571,25,22,1800,1182,611,6,1,216,40,114,27,148,20,2,11,6,2,19,5,0,1,0
8,BRAŞOV,"ŞCOALA GIMNAZIALĂ NR. 15",21,"MUNICIPIUL BRAŞOV",40198,1,PROV,PRCNCT,S,S_SV,"2021-01-21 12:30:02",1528,1512,16,0,550,534,16,0,1700,1150,540,7,3,195,30,111,16,128,23,1,3,2,1,16,12,1,1,0
8,BRAŞOV,"ŞCOALA GIMNAZIALĂ NR. 15",22,"MUNICIPIUL BRAŞOV",40198,1,PROV,PRCNCT,S,S_SV,"2021-01-21 12:30:02",1466,1429,37,0,527,490,37,0,1600,1073,522,3,2,192,29,106,9,125,14,4,9,2,2,21,5,2,0,2
8,BRAŞOV,"ŞCOALA GIMNAZIALĂ NR. 15",23,"MUNICIPIUL BRAŞOV",40198,1,PROV,PRCNCT,S,S_SV,"2021-01-21 12:30:02",1419,1402,16,1,564,547,16,1,1600,1036,556,6,2,168,64,94,15,146,17,3,10,2,2,29,1,4,1,0
8,BRAŞOV,"ŞCOALA GIMNAZIALĂ NR. 15",24,"MUNICIPIUL BRAŞOV",40198,1,PROV,PRCNCT,S,S_SV,"2021-01-21 12:30:02",1278,1265,11,2,391,378,11,2,1400,1009,387,4,0,139,9,106,12,78,12,1,5,0,3,18,3,0,1,0
8,BRAŞOV,"ŞCOALA GIMNAZIALĂ NR. 15",25,"MUNICIPIUL BRAŞOV",40198,1,PROV,PRCNCT,S,S_SV,"2021-01-21 12:30:02",1199,1189,10,0,352,342,10,0,1300,948,348,3,1,141,16,66,8,73,7,1,10,1,2,16,2,1,1,3
8,BRAŞOV,"ŞCOALA GIMNAZIALĂ NR. 15",26,"MUNICIPIUL BRAŞOV",40198,1,PROV,PRCNCT,S,S_SV,"2021-01-21 12:30:02",1172,1149,18,5,440,417,18,5,1300,860,438,1,1,117,101,47,11,103,20,2,7,5,2,19,1,1,1,1
8,BRAŞOV,"LICEUL DE MUZICĂ ”TUDOR CIORTEA”",27,"MUNICIPIUL BRAŞOV",40198,1,PROV,PRCNCT,S,S_SV,"2021-01-21 12:30:02",1341,1298,17,26,516,473,17,26,1500,984,508,6,2,185,34,66,12,143,21,2,11,3,1,18,10,1,1,0
8,BRAŞOV,"ŞCOALA GIMNAZIALĂ NR. 12",28,"MUNICIPIUL BRAŞOV",40198,1,PROV,PRCNCT,S,S_SV,"2021-01-21 12:30:02",1621,1594,26,1,578,551,26,1,1800,1222,568,8,2,211,50,79,11,154,20,3,5,4,1,20,5,1,2,2
8,BRAŞOV,"ŞCOALA GIMNAZIALĂ NR. 12",29,"MUNICIPIUL BRAŞOV",40198,2,PART,PRCNCT,S,S_SV,"2021-01-21 12:30:02",1456,1439,17,0,491,474,17,0,1600,1109,482,6,3,184,23,70,15,119,10,4,8,1,5,25,14,1,2,1
8,BRAŞOV,"GRĂDINIŢA CU PROGRAM PRELUNGIT ”CASUTA BUCURIEI” NR. 11",30,"MUNICIPIUL BRAŞOV",40198,1,PROV,PRCNCT,S,S_SV,"2021-01-21 12:30:02",880,865,15,0,255,240,15,0,1000,745,248,5,2,64,19,53,9,61,7,4,9,1,2,14,0,3,2,0
8,BRAŞOV,"GRĂDINIŢA CU PROGRAM PRELUNGIT ”CASUTA BUCURIEI” NR. 11",31,"MUNICIPIUL BRAŞOV",40198,1,PROV,PRCNCT,S,S_SV,"2021-01-21 12:30:02",868,855,13,0,362,349,13,0,1000,638,356,5,1,106,30,69,19,89,12,0,8,1,1,13,6,0,1,1
8,BRAŞOV,"COLEGIUL ”EMIL RACOVIŢĂ”",32,"MUNICIPIUL BRAŞOV",40198,1,PROV,PRCNCT,S,S_SV,"2021-01-21 12:30:02",1553,1519,34,0,521,487,34,0,1700,1179,511,7,3,165,35,101,17,116,19,2,8,2,4,25,10,3,2,2
8,BRAŞOV,"COLEGIUL ”EMIL RACOVIŢĂ”",33,"MUNICIPIUL BRAŞOV",40198,1,PROV,PRCNCT,S,S_SV,"2021-01-21 12:30:02",1342,1325,15,2,471,454,15,2,1500,1029,466,4,1,180,23,87,13,117,12,0,5,2,4,14,5,1,2,1
8,BRAŞOV,"COLEGIUL ”EMIL RACOVIŢĂ”",34,"MUNICIPIUL BRAŞOV",40198,1,PROV,PRCNCT,S,S_SV,"2021-01-21 12:30:02",1288,1272,16,0,459,443,16,0,1400,941,456,3,0,164,29,81,12,117,20,2,5,3,1,13,8,1,0,0
8,BRAŞOV,"COLEGIUL ”EMIL RACOVIŢĂ”",35,"MUNICIPIUL BRAŞOV",40198,1,PROV,PRCNCT,S,S_SV,"2021-01-21 12:30:02",860,852,8,0,356,348,8,0,898,543,354,0,1,166,34,34,9,75,5,1,2,1,1,16,8,0,1,1
8,BRAŞOV,"COLEGIUL NAŢIONAL ”DR. I. MEŞOTĂ”",36,"MUNICIPIUL BRAŞOV",40198,1,PROV,PRCNCT,S,S_SV,"2021-01-21 12:30:02",1638,1611,26,1,645,618,26,1,1803,1158,635,8,2,217,38,126,22,160,24,2,5,2,0,22,12,1,3,1
8,BRAŞOV,"COLEGIUL NAŢIONAL ”DR. I. MEŞOTĂ”",37,"MUNICIPIUL BRAŞOV",40198,1,PROV,PRCNCT,S,S_SV,"2021-01-21 12:30:02",930,902,25,3,354,326,25,3,1000,646,347,4,3,121,37,53,10,90,9,0,3,4,0,17,3,0,0,0
8,BRAŞOV,"COLEGIUL NAŢIONAL ”DR. I. MEŞOTĂ”",38,"MUNICIPIUL BRAŞOV",40198,1,PROV,PRCNCT,S,S_SV,"2021-01-21 12:30:02",1496,1477,19,0,548,529,19,0,1600,1052,541,5,2,211,20,83,19,139,23,2,9,7,1,20,3,1,2,1
8,BRAŞOV,"ŞCOALA GIMNAZIALĂ NR. 19",39,"MUNICIPIUL BRAŞOV",40198,1,PROV,PRCNCT,S,S_SV,"2021-01-21 12:30:02",1119,1097,21,1,442,420,21,1,1200,758,434,8,0,151,37,85,9,101,10,2,11,2,2,12,5,2,3,2
8,BRAŞOV,"ŞCOALA GIMNAZIALĂ NR. 19",40,"MUNICIPIUL BRAŞOV",40198,1,PROV,PRCNCT,S,S_SV,"2021-01-21 12:30:02",1355,1328,25,2,531,504,25,2,1500,969,527,3,1,169,19,108,21,128,21,4,8,10,5,25,4,0,4,1
8,BRAŞOV,"ŞCOALA GIMNAZIALĂ NR. 19",41,"MUNICIPIUL BRAŞOV",40198,1,PROV,PRCNCT,S,S_SV,"2021-01-21 12:30:02",964,950,14,0,329,315,14,0,1100,771,327,1,1,121,16,54,17,67,14,2,8,2,1,22,2,0,1,0
8,BRAŞOV,"ŞCOALA GIMNAZIALĂ NR. 19",42,"MUNICIPIUL BRAŞOV",40198,1,PROV,PRCNCT,S,S_SV,"2021-01-21 12:30:02",1514,1499,13,2,509,494,13,2,1700,1191,501,4,4,177,25,109,15,110,15,2,8,9,1,21,3,2,4,0
8,BRAŞOV,"ŞCOALA GIMNAZIALĂ NR. 19",43,"MUNICIPIUL BRAŞOV",40198,1,PROV,PRCNCT,S,S_SV,"2021-01-21 12:30:02",1424,1412,12,0,549,537,12,0,1600,1051,544,5,0,186,19,114,21,120,30,2,12,1,3,25,5,0,4,2
8,BRAŞOV,"VILA ORIZONT",44,"MUNICIPIUL BRAŞOV",40198,1,PROV,PRCNCT,S,S_SV,"2021-01-21 12:30:02",376,332,43,1,143,99,43,1,500,357,141,2,0,39,7,10,10,50,7,0,3,3,0,9,1,1,1,0
8,BRAŞOV,"ŞCOALA GIMNAZIALĂ NR. 27 ”ANATOL GHERMANSCHI”",45,"MUNICIPIUL BRAŞOV",40198,1,PROV,PRCNCT,S,S_SV,"2021-01-21 12:30:02",1456,1448,8,0,507,499,8,0,1600,1093,500,5,2,180,20,104,6,116,26,2,9,3,1,23,4,1,4,1
8,BRAŞOV,"ŞCOALA GIMNAZIALĂ NR. 27 ”ANATOL GHERMANSCHI”",46,"MUNICIPIUL BRAŞOV",40198,1,PROV,PRCNCT,S,S_SV,"2021-01-21 12:30:02",1415,1401,14,0,493,479,14,0,1600,1107,485,7,1,173,13,103,16,111,16,0,12,2,2,25,10,1,1,0
8,BRAŞOV,"ŞCOALA GIMNAZIALĂ NR. 27 ”ANATOL GHERMANSCHI”",47,"MUNICIPIUL BRAŞOV",40198,1,PROV,PRCNCT,S,S_SV,"2021-01-21 12:30:02",645,633,12,0,245,233,12,0,700,455,239,3,3,82,15,61,8,44,6,1,7,6,0,4,4,0,0,1
8,BRAŞOV,"ŞCOALA GIMNAZIALĂ NR. 27 ”ANATOL GHERMANSCHI”",48,"MUNICIPIUL BRAŞOV",40198,1,PROV,PRCNCT,S,S_SV,"2021-01-21 12:30:02",1586,1553,29,4,508,475,29,4,1700,1192,502,6,0,169,13,105,18,125,22,2,6,1,3,34,2,1,1,0
8,BRAŞOV,"ŞCOALA GIMNAZIALĂ NR. 27 ”ANATOL GHERMANSCHI”",49,"MUNICIPIUL BRAŞOV",40198,1,PROV,PRCNCT,S,S_SV,"2021-01-21 12:30:02",1437,1415,22,0,488,466,22,0,1600,1112,481,7,0,147,31,93,18,129,9,2,8,2,4,33,4,0,1,0
8,BRAŞOV,"ŞCOALA GIMNAZIALĂ NR. 27 ”ANATOL GHERMANSCHI”",50,"MUNICIPIUL BRAŞOV",40198,1,PROV,PRCNCT,S,S_SV,"2021-01-21 12:30:02",1521,1509,11,1,506,494,11,1,1700,1194,498,8,0,162,33,104,14,130,15,0,14,0,2,17,5,0,2,0
8,BRAŞOV,"ŞCOALA GIMNAZIALĂ NR. 27 ”ANATOL GHERMANSCHI”",51,"MUNICIPIUL BRAŞOV",40198,1,PROV,PRCNCT,S,S_SV,"2021-01-21 12:30:02",1540,1523,15,2,513,496,15,2,1700,1187,504,7,2,155,34,114,16,125,11,3,4,5,0,26,7,1,2,1
8,BRAŞOV,"ŞCOALA GIMNAZIALĂ NR. 11 „ST.O.IOSIF”",52,"MUNICIPIUL BRAŞOV",40198,1,PROV,PRCNCT,S,S_SV,"2021-01-21 12:30:02",1179,1160,19,0,453,434,19,0,1300,847,445,7,1,128,44,97,10,109,12,3,8,3,0,20,7,3,1,0
8,BRAŞOV,"ŞCOALA GIMNAZIALĂ NR. 11 „ST.O.IOSIF”",53,"MUNICIPIUL BRAŞOV",40198,1,PROV,PRCNCT,S,S_SV,"2021-01-21 12:30:02",1465,1450,15,0,510,495,15,0,1600,1090,505,5,0,186,11,105,13,115,21,4,12,4,3,26,2,2,1,0
8,BRAŞOV,"ŞCOALA GIMNAZIALĂ NR. 11 „ST.O.IOSIF”",54,"MUNICIPIUL BRAŞOV",40198,1,PROV,PRCNCT,S,S_SV,"2021-01-21 12:30:02",1072,1062,10,0,298,288,10,0,1200,902,294,4,0,96,5,74,9,63,8,1,3,5,1,23,3,2,1,0
8,BRAŞOV,"ŞCOALA GIMNAZIALĂ NR. 11 „ST.O.IOSIF”",55,"MUNICIPIUL BRAŞOV",40198,1,PROV,PRCNCT,S,S_SV,"2021-01-21 12:30:02",915,908,6,1,212,205,6,1,1000,788,210,2,0,60,6,52,9,44,6,0,8,1,1,21,1,1,0,0
8,BRAŞOV,"ŞCOALA GIMNAZIALĂ NR. 11 „ST.O.IOSIF”",56,"MUNICIPIUL BRAŞOV",40198,1,PROV,PRCNCT,S,S_SV,"2021-01-21 12:30:02",1400,1391,9,0,354,345,9,0,1500,1146,346,5,3,113,17,73,7,77,16,1,12,1,2,21,5,0,1,0
8,BRAŞOV,"ŞCOALA GIMNAZIALĂ NR. 11 „ST.O.IOSIF”",57,"MUNICIPIUL BRAŞOV",40198,1,PROV,PRCNCT,S,S_SV,"2021-01-21 12:30:02",1348,1338,10,0,413,403,10,0,1500,1087,408,5,0,115,14,102,17,87,7,3,9,4,1,41,5,2,0,1
8,BRAŞOV,"ȘCOALĂ GENERALĂ NR. 11 ȘTEFAN OCTAVIAN IOSIF",58,"MUNICIPIUL BRAŞOV",40198,1,PROV,PRCNCT,S,S_SV,"2021-01-21 12:30:02",1372,1366,6,0,355,349,6,0,1500,1145,349,5,1,111,17,62,14,95,14,0,9,2,1,19,2,1,2,0
8,BRAŞOV,"ȘCOALĂ GENERALĂ NR. 11 ȘTEFAN OCTAVIAN IOSIF",59,"MUNICIPIUL BRAŞOV",40198,1,PROV,PRCNCT,S,S_SV,"2021-01-21 12:30:02",980,970,10,0,346,336,10,0,1100,754,342,3,1,114,12,68,12,80,10,6,11,5,2,17,2,0,2,1
8,BRAŞOV,"ŞCOALA GIMNAZIALĂ NR. 11",60,"MUNICIPIUL BRAŞOV",40198,2,PART,PRCNCT,S,S_SV,"2021-01-21 12:30:02",1211,1192,17,2,398,379,17,2,1300,902,389,9,0,132,18,85,9,106,15,1,4,2,0,13,4,0,0,0
8,BRAŞOV,"ŞCOALA GIMNAZIALĂ NR. 11",61,"MUNICIPIUL BRAŞOV",40198,1,PROV,PRCNCT,S,S_SV,"2021-01-21 12:30:02",1315,1306,9,0,442,433,9,0,1400,958,439,3,0,144,8,100,13,109,20,5,13,0,0,25,2,0,0,0
8,BRAŞOV,"ŞCOALA GIMNAZIALĂ NR. 11",62,"MUNICIPIUL BRAŞOV",40198,1,PROV,PRCNCT,S,S_SV,"2021-01-21 12:30:02",1206,1197,9,0,399,390,9,0,1300,901,389,8,2,122,10,94,14,91,16,1,10,5,1,20,3,0,0,2
8,BRAŞOV,"ŞCOALA GIMNAZIALĂ NR. 11",63,"MUNICIPIUL BRAŞOV",40198,1,PROV,PRCNCT,S,S_SV,"2021-01-21 12:30:02",1254,1246,8,0,401,393,8,0,1400,999,393,7,1,130,17,69,13,102,10,1,10,4,1,29,5,1,1,0
8,BRAŞOV,"ŞCOALA GIMNAZIALĂ NR. 11",64,"MUNICIPIUL BRAŞOV",40198,1,PROV,PRCNCT,S,S_SV,"2021-01-21 12:30:02",1549,1539,5,5,522,512,5,5,1700,1178,511,9,2,151,25,105,21,136,15,0,11,6,2,27,4,5,3,0
8,BRAŞOV,"ŞCOALA GIMNAZIALĂ NR. 11",65,"MUNICIPIUL BRAŞOV",40198,1,PROV,PRCNCT,S,S_SV,"2021-01-21 12:30:02",1495,1489,6,0,460,454,6,0,1600,1140,451,8,1,128,24,103,8,113,14,1,8,5,5,31,5,0,3,3
8,BRAŞOV,"ŞCOALA GIMNAZIALĂ NR. 25",66,"MUNICIPIUL BRAŞOV",40198,1,PROV,PRCNCT,S,S_SV,"2021-01-21 12:30:02",1533,1504,27,2,583,554,27,2,1700,1117,582,1,0,221,12,121,18,131,15,2,12,2,4,25,12,2,1,4
8,BRAŞOV,"ŞCOALA GIMNAZIALĂ NR. 25",67,"MUNICIPIUL BRAŞOV",40198,1,PROV,PRCNCT,S,S_SV,"2021-01-21 12:30:02",1686,1674,10,2,584,572,10,2,1900,1316,578,6,0,241,18,110,14,122,16,1,12,6,1,28,7,0,0,2
8,BRAŞOV,"ŞCOALA GIMNAZIALĂ NR. 25",68,"MUNICIPIUL BRAŞOV",40198,1,PROV,PRCNCT,S,S_SV,"2021-01-21 12:30:02",852,844,8,0,307,299,8,0,900,593,304,2,1,119,11,54,9,58,11,4,10,3,4,16,1,1,2,1
8,BRAŞOV,"ŞCOALA GIMNAZIALĂ NR. 25",69,"MUNICIPIUL BRAŞOV",40198,1,PROV,PRCNCT,S,S_SV,"2021-01-21 12:30:02",1577,1559,15,3,559,541,15,3,1700,1141,553,3,3,198,8,111,14,141,15,4,8,1,4,35,5,4,2,3
8,BRAŞOV,"LICEUL DE ARTE PLASTICE „HANS MATTIS-TEUTSCH”",70,"MUNICIPIUL BRAŞOV",40198,1,PROV,PRCNCT,S,S_SV,"2021-01-21 12:30:02",1313,1287,22,4,481,455,22,4,1400,919,475,4,2,201,19,73,14,102,10,4,8,4,4,25,9,1,1,0
8,BRAŞOV,"LICEUL DE ARTE PLASTICE „HANS MATTIS-TEUTSCH”",71,"MUNICIPIUL BRAŞOV",40198,1,PROV,PRCNCT,S,S_SV,"2021-01-21 12:30:02",1207,1199,8,0,427,419,8,0,1300,873,420,5,2,152,16,72,10,103,23,2,9,2,2,17,7,4,1,0
8,BRAŞOV,"LICEUL DE ARTE PLASTICE „HANS MATTIS-TEUTSCH”",72,"MUNICIPIUL BRAŞOV",40198,1,PROV,PRCNCT,S,S_SV,"2021-01-21 12:30:02",1522,1516,6,0,569,563,6,0,1700,1131,566,1,2,222,16,125,18,118,19,1,13,1,3,21,5,2,1,1
8,BRAŞOV,"ȘCOALA GIMNAZIALĂ NR. 4",73,"MUNICIPIUL BRAŞOV",40198,1,PROV,PRCNCT,S,S_SV,"2021-01-21 12:30:02",1414,1391,21,2,465,442,21,2,1500,1035,463,1,1,175,28,78,14,114,15,8,16,0,1,10,1,1,1,1
8,BRAŞOV,"ȘCOALA GIMNAZIALĂ NR. 4",74,"MUNICIPIUL BRAŞOV",40198,2,PART,PRCNCT,S,S_SV,"2021-01-21 12:30:02",1166,1148,13,5,402,384,13,5,1300,898,400,2,0,160,21,70,7,99,14,1,6,0,0,15,6,0,0,1
8,BRAŞOV,"ȘCOALA GIMNAZIALĂ NR. 4",75,"MUNICIPIUL BRAŞOV",40198,3,PART,PRCNCT,S,S_SV,"2021-01-21 12:30:02",1246,1235,9,2,430,419,9,2,1400,970,423,7,0,151,24,80,24,90,14,1,8,1,2,17,3,2,4,2
8,BRAŞOV,"ȘCOALA GIMNAZIALĂ NR. 4",76,"MUNICIPIUL BRAŞOV",40198,3,PART,PRCNCT,S,S_SV,"2021-01-21 12:30:02",1322,1312,8,2,460,450,8,2,1500,1041,453,6,0,182,9,84,14,96,22,1,8,3,0,23,7,2,1,1
8,BRAŞOV,"ȘCOALA GIMNAZIALĂ NR. 4",77,"MUNICIPIUL BRAŞOV",40198,1,PROV,PRCNCT,S,S_SV,"2021-01-21 12:30:02",1558,1541,17,0,577,560,17,0,1700,1123,570,6,1,234,25,105,7,115,18,1,16,8,5,31,5,0,0,0
8,BRAŞOV,"ȘCOALA GIMNAZIALĂ NR. 4",78,"MUNICIPIUL BRAŞOV",40198,1,PROV,PRCNCT,S,S_SV,"2021-01-21 12:30:02",1142,1125,14,3,379,362,14,3,1200,821,377,2,0,169,2,64,5,89,18,3,4,1,0,17,2,0,3,0
8,BRAŞOV,"ŞCOALA GIMNAZIALĂ NR. 9 ”NICOLAE ORGHIDAN”",79,"MUNICIPIUL BRAŞOV",40198,1,PROV,PRCNCT,S,S_SV,"2021-01-21 12:30:02",1569,1554,12,3,381,366,12,3,1700,1319,375,6,0,107,21,68,8,87,9,3,7,4,7,43,10,1,0,0
8,BRAŞOV,"ŞCOALA GIMNAZIALĂ NR. 9 ”NICOLAE ORGHIDAN”",80,"MUNICIPIUL BRAŞOV",40198,2,PART,PRCNCT,S,S_SV,"2021-01-21 12:30:02",1621,1570,12,39,446,395,12,39,1800,1354,425,19,2,122,10,79,11,102,18,3,19,0,5,43,8,2,3,0
8,BRAŞOV,"ŞCOALA GIMNAZIALĂ NR. 9 ”NICOLAE ORGHIDAN”",81,"MUNICIPIUL BRAŞOV",40198,1,PROV,PRCNCT,S,S_SV,"2021-01-21 12:30:02",1396,1389,5,2,416,409,5,2,1500,1084,410,4,2,134,10,93,14,102,11,0,13,0,1,24,7,0,1,0
8,BRAŞOV,"ŞCOALA GIMNAZIALĂ NR. 9",82,"MUNICIPIUL BRAŞOV",40198,1,PROV,PRCNCT,S,S_SV,"2021-01-21 12:30:02",1475,1450,25,0,438,413,25,0,1600,1162,424,10,4,145,1,100,18,88,13,1,11,2,3,34,5,2,0,1
8,BRAŞOV,"ŞCOALA GIMNAZIALĂ NR. 9",83,"MUNICIPIUL BRAŞOV",40198,1,PROV,PRCNCT,S,S_SV,"2021-01-21 12:30:02",1039,1034,5,0,325,320,5,0,1100,775,317,6,2,96,6,84,8,67,10,2,8,1,2,27,5,0,0,1
8,BRAŞOV,"ŞCOALA GIMNAZIALĂ NR. 9",84,"MUNICIPIUL BRAŞOV",40198,1,PROV,PRCNCT,S,S_SV,"2021-01-21 12:30:02",1146,1139,7,0,318,311,7,0,1300,982,314,3,1,105,5,77,10,65,12,2,6,2,0,25,0,3,1,1
8,BRAŞOV,"ŞCOALA GIMNAZIALĂ NR. 9",85,"MUNICIPIUL BRAŞOV",40198,1,PROV,PRCNCT,S,S_SV,"2021-01-21 12:30:02",1424,1421,3,0,387,384,3,0,1600,1213,376,8,3,115,6,100,19,76,9,4,6,4,1,23,8,2,3,0
8,BRAŞOV,"ŞCOALA GIMNAZIALĂ NR. 9",86,"MUNICIPIUL BRAŞOV",40198,1,PROV,PRCNCT,S,S_SV,"2021-01-21 12:30:02",1621,1614,7,0,502,495,7,0,1800,1298,494,7,1,163,4,97,28,110,15,5,7,1,5,48,6,1,3,1
8,BRAŞOV,"ŞCOALA GIMNAZIALĂ NR. 9",87,"MUNICIPIUL BRAŞOV",40198,1,PROV,PRCNCT,S,S_SV,"2021-01-21 12:30:02",1573,1565,6,2,546,538,6,2,1700,1154,533,12,1,211,17,84,16,130,14,2,6,1,4,33,6,3,4,2
8,BRAŞOV,"ŞCOALA GIMNAZIALĂ NR. 9",88,"MUNICIPIUL BRAŞOV",40198,1,PROV,PRCNCT,S,S_SV,"2021-01-21 12:30:02",1458,1450,6,2,407,399,6,2,1600,1193,397,4,6,125,3,92,15,83,21,1,12,2,2,24,9,2,5,1
8,BRAŞOV,"ȘCOALĂ GENERALĂ NR. 9",89,"MUNICIPIUL BRAŞOV",40198,1,PROV,PRCNCT,S,S_SV,"2021-01-21 12:30:02",1453,1443,10,0,403,393,10,0,1600,1197,396,3,4,134,6,86,9,78,12,2,9,7,5,40,4,1,1,2
8,BRAŞOV,"ŞCOALA GIMNAZIALĂ NR. 3 ”GHEORGHE LAZĂR”",90,"MUNICIPIUL BRAŞOV",40198,1,PROV,PRCNCT,S,S_SV,"2021-01-21 12:30:02",1588,1557,31,0,474,443,31,0,1700,1226,463,5,6,168,18,93,13,115,16,1,11,0,2,19,3,2,1,1
8,BRAŞOV,"ŞCOALA GIMNAZIALĂ NR. 3 ”GHEORGHE LAZĂR”",91,"MUNICIPIUL BRAŞOV",40198,1,PROV,PRCNCT,S,S_SV,"2021-01-21 12:30:02",1552,1531,19,2,498,477,19,2,1700,1202,485,11,2,174,23,97,15,113,19,3,8,1,0,22,3,0,6,1
8,BRAŞOV,"ŞCOALA GIMNAZIALĂ NR. 3 ”GHEORGHE LAZĂR”",92,"MUNICIPIUL BRAŞOV",40198,2,PART,PRCNCT,S,S_SV,"2021-01-21 12:30:02",1678,1662,15,1,544,528,15,1,1800,1256,538,4,2,182,24,116,29,120,28,1,6,3,2,17,7,1,2,0
8,BRAŞOV,"ŞCOALA GIMNAZIALĂ NR. 3 ”GHEORGHE LAZĂR”",93,"MUNICIPIUL BRAŞOV",40198,1,PROV,PRCNCT,S,S_SV,"2021-01-21 12:30:02",1252,1242,10,0,409,399,10,0,1400,991,405,2,2,145,26,80,10,87,16,2,10,0,1,19,5,2,1,1
8,BRAŞOV,"ŞCOALA GIMNAZIALĂ NR. 3 ”GHEORGHE LAZĂR”",94,"MUNICIPIUL BRAŞOV",40198,1,PROV,PRCNCT,S,S_SV,"2021-01-21 12:30:02",1537,1531,6,0,473,467,6,0,1700,1227,469,4,0,141,35,97,14,130,17,3,5,6,2,13,4,0,0,2
8,BRAŞOV,"ŞCOALA GIMNAZIALĂ NR. 3 ”GHEORGHE LAZĂR”",95,"MUNICIPIUL BRAŞOV",40198,1,PROV,PRCNCT,S,S_SV,"2021-01-21 12:30:02",1464,1455,7,2,439,430,7,2,1600,1161,432,6,1,149,30,86,15,95,17,2,6,1,6,16,6,0,0,3
8,BRAŞOV,"ŞCOALA GIMNAZIALĂ NR. 3 ”GHEORGHE LAZĂR”",96,"MUNICIPIUL BRAŞOV",40198,1,PROV,PRCNCT,S,S_SV,"2021-01-21 12:30:02",1638,1625,12,1,532,519,12,1,1800,1268,524,2,6,191,24,91,17,129,23,8,12,0,1,21,5,0,0,2
8,BRAŞOV,"LICEUL TEHNOLOGIC SILVIC ”DOCTOR NICOLAE RUCĂREANU”",97,"MUNICIPIUL BRAŞOV",40198,1,PROV,PRCNCT,S,S_SV,"2021-01-21 12:30:02",1112,1081,30,1,376,345,30,1,1200,824,369,6,1,126,14,71,12,86,12,3,9,1,2,26,3,1,1,2
8,BRAŞOV,"LICEUL TEHNOLOGIC SILVIC ”DOCTOR NICOLAE RUCĂREANU”",98,"MUNICIPIUL BRAŞOV",40198,1,PROV,PRCNCT,S,S_SV,"2021-01-21 12:30:02",1379,1371,8,0,448,440,8,0,1500,1052,444,4,0,156,11,88,11,112,12,1,7,3,0,32,9,1,0,1
8,BRAŞOV,"LICEUL TEHNOLOGIC SILVIC ”DOCTOR NICOLAE RUCĂREANU”",99,"MUNICIPIUL BRAŞOV",40198,1,PROV,PRCNCT,S,S_SV,"2021-01-21 12:30:02",869,862,7,0,247,240,7,0,1000,753,243,2,2,77,17,50,15,57,9,1,3,0,0,11,1,2,0,0
8,BRAŞOV,"LICEUL TEHNOLOGIC SILVIC ”DOCTOR NICOLAE RUCĂREANU”",100,"MUNICIPIUL BRAŞOV",40198,1,PROV,PRCNCT,S,S_SV,"2021-01-21 12:30:02",1444,1428,16,0,439,423,16,0,1600,1161,436,2,1,149,20,84,11,101,14,1,14,4,3,28,5,1,0,1
8,BRAŞOV,"ŞCOALA GIMNAZIALĂ NR. 2",101,"MUNICIPIUL BRAŞOV",40198,2,PART,PRCNCT,S,S_SV,"2021-01-21 12:30:02",1512,1496,13,3,431,417,13,1,1700,1269,420,11,0,133,27,85,8,99,18,0,10,2,3,23,6,4,1,1
8,BRAŞOV,"ŞCOALA GIMNAZIALĂ NR. 2",102,"MUNICIPIUL BRAŞOV",40198,1,PROV,PRCNCT,S,S_SV,"2021-01-21 12:30:02",1470,1451,19,0,511,492,19,0,1600,1089,502,7,2,169,35,78,10,133,19,2,11,3,1,29,5,1,4,2
8,BRAŞOV,"ŞCOALA GIMNAZIALĂ NR. 2",103,"MUNICIPIUL BRAŞOV",40198,1,PROV,PRCNCT,S,S_SV,"2021-01-21 12:30:02",1438,1420,18,0,444,426,18,0,1600,1156,433,9,2,155,24,66,21,103,14,3,9,1,3,28,4,2,0,0
8,BRAŞOV,"ŞCOALA GIMNAZIALĂ NR. 2",104,"MUNICIPIUL BRAŞOV",40198,1,PROV,PRCNCT,S,S_SV,"2021-01-21 12:30:02",1586,1576,10,0,446,436,10,0,1800,1354,440,2,4,155,22,77,15,115,10,1,12,1,1,23,5,2,0,1
8,BRAŞOV,"ŞCOALA GIMNAZIALĂ NR. 2",105,"MUNICIPIUL BRAŞOV",40198,1,PROV,PRCNCT,S,S_SV,"2021-01-21 12:30:02",1441,1425,16,0,404,388,16,0,1600,1196,394,7,3,135,14,83,11,106,5,4,6,4,3,19,3,0,1,0
8,BRAŞOV,"ȘCOALA GIMNAZIALĂ NR. 2",106,"MUNICIPIUL BRAŞOV",40198,1,PROV,PRCNCT,S,S_SV,"2021-01-21 12:30:02",1775,1749,25,1,620,594,25,1,1900,1280,601,15,4,207,27,108,13,146,27,4,14,8,3,29,8,3,2,2
8,BRAŞOV,"COLEGIUL DE ŞTIINŢE ”GRIGORE ANTIPA”",107,"MUNICIPIUL BRAŞOV",40198,1,PROV,PRCNCT,S,S_SV,"2021-01-21 12:30:02",1461,1432,29,0,512,483,29,0,1600,1088,508,3,1,185,27,95,19,123,13,0,11,5,0,19,6,2,3,0
8,BRAŞOV,"COLEGIUL DE ŞTIINŢE ”GRIGORE ANTIPA”",108,"MUNICIPIUL BRAŞOV",40198,1,PROV,PRCNCT,S,S_SV,"2021-01-21 12:30:02",1493,1470,21,2,516,493,21,2,1600,1084,509,5,2,151,44,93,18,130,24,2,8,1,3,23,8,0,2,2
8,BRAŞOV,"COLEGIUL DE ŞTIINŢE ”GRIGORE ANTIPA”",109,"MUNICIPIUL BRAŞOV",40198,1,PROV,PRCNCT,S,S_SV,"2021-01-21 12:30:02",1418,1401,17,0,481,464,17,0,1600,1119,478,2,1,188,52,67,8,113,23,2,5,2,3,10,1,1,3,0
8,BRAŞOV,"COLEGIUL DE ŞTIINŢE ”GRIGORE ANTIPA”",110,"MUNICIPIUL BRAŞOV",40198,1,PROV,PRCNCT,S,S_SV,"2021-01-21 12:30:02",1215,1165,14,36,465,415,14,36,1400,935,456,5,4,173,26,86,11,104,14,2,9,0,2,19,5,3,1,1
8,BRAŞOV,"COLEGIUL NAŢIONAL DE INFORMATICĂ ”GRIGORE MOISIL”",111,"MUNICIPIUL BRAŞOV",40198,1,PROV,PRCNCT,S,S_SV,"2021-01-21 12:30:02",1217,1188,29,0,429,400,29,0,1300,871,425,3,1,133,22,101,17,94,13,1,11,3,0,19,10,0,1,0
8,BRAŞOV,"COLEGIUL NAŢIONAL DE INFORMATICĂ ”GRIGORE MOISIL”",112,"MUNICIPIUL BRAŞOV",40198,1,PROV,PRCNCT,S,S_SV,"2021-01-21 12:30:02",1406,1379,16,11,460,433,16,11,1500,1040,451,7,2,173,14,111,13,84,19,2,8,2,4,16,5,0,0,0
8,BRAŞOV,"COLEGIUL NAŢIONAL DE INFORMATICĂ ”GRIGORE MOISIL”",113,"MUNICIPIUL BRAŞOV",40198,1,PROV,PRCNCT,S,S_SV,"2021-01-21 12:30:02",1546,1539,7,0,386,379,7,0,1700,1314,377,7,2,111,13,75,10,104,17,2,10,3,2,26,2,0,1,1
8,BRAŞOV,"COLEGIUL NAŢIONAL DE INFORMATICĂ ”GRIGORE MOISIL”",114,"MUNICIPIUL BRAŞOV",40198,1,PROV,PRCNCT,S,S_SV,"2021-01-21 12:30:02",1351,1337,14,0,446,432,14,0,1500,1054,439,7,0,153,13,99,9,101,13,2,8,1,1,19,14,4,0,2
8,BRAŞOV,"COLEGIUL NAŢIONAL DE INFORMATICĂ ”GRIGORE MOISIL”",115,"MUNICIPIUL BRAŞOV",40198,1,PROV,PRCNCT,S,S_SV,"2021-01-21 12:30:02",1555,1546,7,2,560,551,7,2,1700,1140,553,6,1,179,23,109,22,136,27,1,9,2,2,25,10,4,2,2
8,BRAŞOV,"COLEGIUL NAŢIONAL DE INFORMATICĂ ”GRIGORE MOISIL”",116,"MUNICIPIUL BRAŞOV",40198,1,PROV,PRCNCT,S,S_SV,"2021-01-21 12:30:02",963,950,13,0,304,291,13,0,1100,796,298,6,0,103,6,60,11,76,14,2,10,0,1,10,3,0,2,0
8,BRAŞOV,"COLEGIUL NAŢIONAL DE INFORMATICĂ ”GRIGORE MOISIL”",117,"MUNICIPIUL BRAŞOV",40198,1,PROV,PRCNCT,S,S_SV,"2021-01-21 12:30:02",1282,1266,14,2,382,366,14,2,1400,1018,379,2,1,145,21,62,13,91,9,3,7,0,0,20,5,1,2,0
8,BRAŞOV,"COLEGIUL NAŢIONAL DE INFORMATICĂ ”GRIGORE MOISIL”",118,"MUNICIPIUL BRAŞOV",40198,1,PROV,PRCNCT,S,S_SV,"2021-01-21 12:30:02",1683,1676,5,2,576,569,5,2,1900,1324,568,4,2,236,17,89,22,125,20,4,12,3,0,31,3,1,5,0
8,BRAŞOV,"LICEUL CU PROGRAM SPORTIV",119,"MUNICIPIUL BRAŞOV",40198,1,PROV,PRCNCT,S,S_SV,"2021-01-21 12:30:02",1538,1515,15,8,550,527,15,8,1700,1150,545,4,1,166,36,113,12,143,26,3,7,3,5,17,10,0,1,3
8,BRAŞOV,"LICEUL CU PROGRAM SPORTIV",120,"MUNICIPIUL BRAŞOV",40198,1,PROV,PRCNCT,S,S_SV,"2021-01-21 12:30:02",1071,1064,7,0,358,351,7,0,1200,842,348,3,7,116,12,60,9,91,14,2,12,1,0,26,2,0,3,0
8,BRAŞOV,"LICEUL CU PROGRAM SPORTIV",121,"MUNICIPIUL BRAŞOV",40198,2,PART,PRCNCT,S,S_SV,"2021-01-21 12:30:02",1237,1227,10,0,390,380,10,0,1400,1010,387,0,3,123,21,86,8,93,17,3,8,0,6,17,4,1,0,0
8,BRAŞOV,"LICEUL CU PROGRAM SPORTIV",122,"MUNICIPIUL BRAŞOV",40198,1,PROV,PRCNCT,S,S_SV,"2021-01-21 12:30:02",1451,1439,12,0,444,432,12,0,1600,1156,435,6,3,127,22,105,13,94,24,4,11,1,2,22,6,1,2,1
8,BRAŞOV,"LICEUL CU PROGRAM SPORTIV",123,"MUNICIPIUL BRAŞOV",40198,1,PROV,PRCNCT,S,S_SV,"2021-01-21 12:30:02",1392,1383,9,0,387,378,9,0,1500,1113,380,4,3,116,11,86,12,87,15,0,14,4,2,24,3,2,2,2
8,BRAŞOV,"ŞCOALA GIMNAZIALĂ NR. 1",124,"MUNICIPIUL BRAŞOV",40198,1,PROV,PRCNCT,S,S_SV,"2021-01-21 12:30:02",1436,1417,18,1,502,483,18,1,1600,1098,493,8,1,157,25,109,18,125,11,4,6,3,1,20,3,5,5,1
8,BRAŞOV,"ŞCOALA GIMNAZIALĂ NR. 1",125,"MUNICIPIUL BRAŞOV",40198,1,PROV,PRCNCT,S,S_SV,"2021-01-21 12:30:02",1373,1354,15,4,440,421,15,4,1500,1060,426,8,6,150,18,101,6,92,14,3,6,0,5,23,2,1,2,3
8,BRAŞOV,"ŞCOALA GIMNAZIALĂ NR. 1",126,"MUNICIPIUL BRAŞOV",40198,1,PROV,PRCNCT,S,S_SV,"2021-01-21 12:30:02",1309,1297,12,0,460,448,12,0,1400,940,449,10,1,150,16,107,8,103,21,2,9,3,2,19,6,0,3,0
8,BRAŞOV,"ŞCOALA GIMNAZIALĂ NR. 1",127,"MUNICIPIUL BRAŞOV",40198,2,PART,PRCNCT,S,S_SV,"2021-01-21 12:30:02",1632,1615,16,1,560,543,16,1,1800,1240,555,2,3,205,32,93,17,134,26,8,12,2,4,16,2,1,1,2
8,BRAŞOV,"ŞCOALA GIMNAZIALĂ NR. 1",128,"MUNICIPIUL BRAŞOV",40198,1,PROV,PRCNCT,S,S_SV,"2021-01-21 12:30:02",1449,1434,15,0,403,388,15,0,1600,1197,398,5,0,123,18,96,13,87,16,1,11,2,3,22,2,4,0,0
8,BRAŞOV,"ŞCOALA GIMNAZIALĂ NR. 1",129,"MUNICIPIUL BRAŞOV",40198,1,PROV,PRCNCT,S,S_SV,"2021-01-21 12:30:02",927,918,9,0,294,285,9,0,1000,706,290,4,0,97,7,73,13,74,7,2,3,1,1,8,3,0,1,0
8,BRAŞOV,"ŞCOALA GIMNAZIALĂ NR. 1",130,"MUNICIPIUL BRAŞOV",40198,1,PROV,PRCNCT,S,S_SV,"2021-01-21 12:30:02",1034,1023,11,0,275,264,11,0,1100,825,271,3,1,71,10,71,11,61,14,1,2,0,0,23,3,0,2,2
8,BRAŞOV,"ŞCOALA GIMNAZIALĂ NR. 1",131,"MUNICIPIUL BRAŞOV",40198,1,PROV,PRCNCT,S,S_SV,"2021-01-21 12:30:02",1541,1536,5,0,463,458,5,0,1700,1237,462,1,0,160,19,107,13,111,13,4,8,2,3,17,4,0,0,1
8,BRAŞOV,"CENTRUL REGIONAL DE FORMARE PROFESIONALĂ BRAŞOV",132,"MUNICIPIUL BRAŞOV",40198,1,PROV,PRCNCT,S,S_SV,"2021-01-21 12:30:02",996,977,19,0,275,256,19,0,1100,825,267,7,1,80,7,60,13,65,8,3,4,1,0,16,6,3,0,1
8,BRAŞOV,"CENTRUL REGIONAL DE FORMARE PROFESIONALĂ BRAŞOV",133,"MUNICIPIUL BRAŞOV",40198,1,PROV,PRCNCT,S,S_SV,"2021-01-21 12:30:02",1253,1243,10,0,416,406,10,0,1400,984,414,2,0,142,21,103,12,76,24,2,2,1,3,23,4,0,0,1
8,BRAŞOV,"CANTINA STUDENŢEASCĂ",134,"MUNICIPIUL BRAŞOV",40198,1,PROV,PRCNCT,S,S_SV,"2021-01-21 12:30:02",1621,1581,40,0,607,567,40,0,1800,1193,599,5,3,206,44,89,12,175,26,1,8,2,0,24,8,2,0,2
8,BRAŞOV,"COLEGIUL NAŢIONAL ECONOMIC ”ANDREI BÂRSEANU”",135,"MUNICIPIUL BRAŞOV",40198,1,PROV,PRCNCT,S,S_SV,"2021-01-21 12:30:02",937,922,11,4,331,316,11,4,1000,669,329,1,1,119,22,53,6,73,17,4,6,4,3,14,5,1,1,1
8,BRAŞOV,"COLEGIUL NAŢIONAL ECONOMIC ”ANDREI BÂRSEANU”",136,"MUNICIPIUL BRAŞOV",40198,3,PART,PRCNCT,S,S_SV,"2021-01-21 12:30:02",1165,1158,6,1,383,376,6,1,1300,917,376,5,2,123,40,61,7,90,12,4,6,0,4,21,5,0,1,2
8,BRAŞOV,"COLEGIUL NAŢIONAL ECONOMIC ”ANDREI BÂRSEANU”",137,"MUNICIPIUL BRAŞOV",40198,1,PROV,PRCNCT,S,S_SV,"2021-01-21 12:30:02",1223,1191,25,7,432,400,25,7,1300,868,423,8,1,184,26,50,8,110,17,2,5,4,1,11,3,0,1,1
8,BRAŞOV,"ŞCOALA GIMNAZIALĂ NR. 14",138,"MUNICIPIUL BRAŞOV",40198,1,PROV,PRCNCT,S,S_SV,"2021-01-21 12:30:02",1315,1302,13,0,357,344,13,0,1400,1043,350,3,4,94,43,59,7,95,8,4,3,0,2,29,2,1,2,1
8,BRAŞOV,"ŞCOALA GIMNAZIALĂ NR. 14",139,"MUNICIPIUL BRAŞOV",40198,1,PROV,PRCNCT,S,S_SV,"2021-01-21 12:30:02",1432,1419,13,0,337,324,13,0,1600,1263,331,5,1,94,10,64,14,106,8,3,4,2,3,17,2,1,2,1
8,BRAŞOV,"ŞCOALA GIMNAZIALĂ NR. 14",140,"MUNICIPIUL BRAŞOV",40198,1,PROV,PRCNCT,S,S_SV,"2021-01-21 12:30:02",1612,1596,15,1,475,459,15,1,1800,1325,467,8,0,157,26,88,17,93,13,3,13,7,2,34,3,4,2,5
8,BRAŞOV,"ŞCOALA GIMNAZIALĂ NR. 14",141,"MUNICIPIUL BRAŞOV",40198,1,PROV,PRCNCT,S,S_SV,"2021-01-21 12:30:02",1529,1510,19,0,437,418,19,0,1700,1263,425,9,3,135,20,66,7,100,18,3,7,3,5,50,6,1,3,1
8,BRAŞOV,"ŞCOALA GIMNAZIALĂ NR. 14",142,"MUNICIPIUL BRAŞOV",40198,1,PROV,PRCNCT,S,S_SV,"2021-01-21 12:30:02",1489,1470,19,0,426,407,19,0,1600,1174,420,5,1,170,15,57,12,82,12,1,9,5,5,46,4,1,0,1
8,BRAŞOV,"ŞCOALA GIMNAZIALĂ NR. 14",143,"MUNICIPIUL BRAŞOV",40198,1,PROV,PRCNCT,S,S_SV,"2021-01-21 12:30:02",1663,1652,11,0,479,468,11,0,1800,1321,468,7,4,151,11,92,6,122,14,4,6,4,5,47,4,2,0,0
8,BRAŞOV,"ŞCOALA GIMNAZIALĂ NR. 14",144,"MUNICIPIUL BRAŞOV",40198,2,PART,PRCNCT,S,S_SV,"2021-01-21 12:30:02",1236,1221,14,1,398,383,14,1,1300,902,391,5,2,121,18,69,13,113,10,7,4,6,3,21,3,1,1,1
8,BRAŞOV,"ŞCOALA GIMNAZIALĂ NR. 14",145,"MUNICIPIUL BRAŞOV",40198,1,PROV,PRCNCT,S,S_SV,"2021-01-21 12:30:02",895,884,9,2,278,267,9,2,1000,722,273,2,3,93,14,46,15,61,12,1,7,2,5,13,3,0,0,1
8,BRAŞOV,"ŞCOALA GIMNAZIALĂ NR. 14",146,"MUNICIPIUL BRAŞOV",40198,1,PROV,PRCNCT,S,S_SV,"2021-01-21 12:30:02",1199,1194,5,0,351,346,5,0,1300,949,346,4,1,116,6,67,11,83,13,0,10,7,2,23,6,0,1,1
8,BRAŞOV,"ŞCOALA GIMNAZIALĂ NR. 14",147,"MUNICIPIUL BRAŞOV",40198,1,PROV,PRCNCT,S,S_SV,"2021-01-21 12:30:02",1359,1350,9,0,384,375,9,0,1500,1116,375,7,2,112,20,63,9,97,15,9,10,0,4,33,1,1,0,1
8,BRAŞOV,"ŞCOALA GIMNAZIALĂ NR. 14",148,"MUNICIPIUL BRAŞOV",40198,1,PROV,PRCNCT,S,S_SV,"2021-01-21 12:30:02",1310,1303,7,0,379,372,7,0,1400,1021,372,6,1,102,19,60,7,99,20,2,9,4,2,48,0,0,0,0
8,BRAŞOV,"ŞCOALA GIMNAZIALĂ NR. 14",149,"MUNICIPIUL BRAŞOV",40198,2,PART,PRCNCT,S,S_SV,"2021-01-21 12:30:02",1936,1916,14,6,762,742,14,6,2100,1338,749,10,3,308,25,88,24,176,44,8,12,6,2,45,8,0,3,0
8,BRAŞOV,"ŞCOALA GIMNAZIALĂ NR. 14",150,"MUNICIPIUL BRAŞOV",40198,1,PROV,PRCNCT,S,S_SV,"2021-01-21 12:30:02",1932,1914,18,0,660,642,18,0,2100,1440,650,4,6,255,12,87,19,180,38,4,11,3,2,35,3,1,0,0
8,BRAŞOV,"CARTIER AVANTGARDEN",151,"MUNICIPIUL BRAŞOV",40198,1,PROV,PRCNCT,S,S_SV,"2021-01-21 12:30:02",1985,1910,71,4,780,705,71,4,2100,1320,776,4,0,423,11,64,14,151,25,7,18,4,2,44,10,2,1,0
8,BRAŞOV,"CARTIER AVANTGARDEN",152,"MUNICIPIUL BRAŞOV",40198,2,PART,PRCNCT,S,S_SV,"2021-01-21 12:30:02",1917,1853,63,1,723,659,63,1,2000,1276,717,6,0,391,10,57,17,150,29,3,8,3,2,33,4,4,2,4
8,BRAŞOV,"ŞCOALA GIMNAZIALĂ NR. 30",153,"MUNICIPIUL BRAŞOV",40198,1,PROV,PRCNCT,S,S_SV,"2021-01-21 12:30:02",1583,1554,26,3,552,523,26,3,1700,1148,543,5,4,216,11,103,9,107,16,7,15,4,6,33,11,2,1,2
8,BRAŞOV,"ŞCOALA GIMNAZIALĂ NR. 30",154,"MUNICIPIUL BRAŞOV",40198,1,PROV,PRCNCT,S,S_SV,"2021-01-21 12:30:02",1703,1675,28,0,663,635,28,0,1800,1137,655,7,1,278,8,101,16,150,31,4,16,3,1,33,10,2,0,2
8,BRAŞOV,"ŞCOALA GIMNAZIALĂ NR. 30",155,"MUNICIPIUL BRAŞOV",40198,1,PROV,PRCNCT,S,S_SV,"2021-01-21 12:30:02",1648,1632,14,2,574,558,14,2,1800,1226,564,10,0,232,10,105,17,122,17,1,9,1,2,28,7,2,5,6
8,BRAŞOV,"ŞCOALA GIMNAZIALĂ NR. 30",156,"MUNICIPIUL BRAŞOV",40198,1,PROV,PRCNCT,S,S_SV,"2021-01-21 12:30:02",1512,1501,11,0,490,479,11,0,1700,1210,482,5,3,181,17,101,16,97,10,4,5,4,3,31,9,1,0,3
8,BRAŞOV,"ȘCOALA GIMNAZIALĂ NR. 30",157,"MUNICIPIUL BRAŞOV",40198,1,PROV,PRCNCT,S,S_SV,"2021-01-21 12:30:02",1585,1572,12,1,651,638,12,1,1700,1049,646,4,1,335,15,84,12,136,11,3,2,4,2,38,3,0,1,0
8,BRAŞOV,"ŞCOALA GIMNAZIALĂ NR. 30",158,"MUNICIPIUL BRAŞOV",40198,1,PROV,PRCNCT,S,S_SV,"2021-01-21 12:30:02",2069,2026,32,11,804,761,32,11,2200,1396,792,10,2,417,13,88,16,142,33,4,17,3,1,48,6,2,0,2
8,BRAŞOV,"ŞCOALA GIMNAZIALĂ NR. 13",159,"MUNICIPIUL BRAŞOV",40198,1,PROV,PRCNCT,S,S_SV,"2021-01-21 12:30:02",1912,1883,24,5,665,636,24,5,2100,1435,656,7,2,292,19,104,19,128,19,6,15,0,2,43,8,0,0,1
8,BRAŞOV,"ŞCOALA GIMNAZIALĂ NR. 13",160,"MUNICIPIUL BRAŞOV",40198,1,PROV,PRCNCT,S,S_SV,"2021-01-21 12:30:02",1287,1243,42,2,485,441,42,2,1400,915,475,9,1,164,25,80,16,131,12,2,6,4,1,29,3,1,1,0
8,BRAŞOV,"ŞCOALA GIMNAZIALĂ NR. 13",161,"MUNICIPIUL BRAŞOV",40198,2,PART,PRCNCT,S,S_SV,"2021-01-21 12:30:02",1546,1520,24,2,500,474,24,2,1700,1200,492,6,2,173,15,106,14,96,18,5,9,6,6,32,7,3,1,1
8,BRAŞOV,"ŞCOALA GIMNAZIALĂ NR. 13",162,"MUNICIPIUL BRAŞOV",40198,3,PART,PRCNCT,S,S_SV,"2021-01-21 12:30:02",1512,1504,8,0,500,492,8,0,1700,1200,492,5,3,162,14,116,14,114,20,2,10,4,1,28,3,2,1,1
8,BRAŞOV,"ŞCOALA GIMNAZIALĂ NR. 13",163,"MUNICIPIUL BRAŞOV",40198,1,PROV,PRCNCT,S,S_SV,"2021-01-21 12:30:02",1599,1586,13,0,538,525,13,0,1800,1262,531,5,0,180,11,124,14,128,23,3,11,1,5,23,3,1,1,3
8,BRAŞOV,"COLEGIUL ”NICOLAE TITULESCU”",164,"MUNICIPIUL BRAŞOV",40198,1,PROV,PRCNCT,S,S_SV,"2021-01-21 12:30:02",1589,1496,93,0,409,316,93,0,1700,1291,394,11,4,119,4,95,21,70,7,0,12,4,4,42,7,4,2,3
8,BRAŞOV,"COLEGIUL ”NICOLAE TITULESCU”",165,"MUNICIPIUL BRAŞOV",40198,1,PROV,PRCNCT,S,S_SV,"2021-01-21 12:30:02",1410,1385,22,3,378,353,22,3,1500,1122,373,4,1,94,12,97,23,82,12,5,11,2,1,25,6,1,0,2
8,BRAŞOV,"COLEGIUL ”NICOLAE TITULESCU”",166,"MUNICIPIUL BRAŞOV",40198,1,PROV,PRCNCT,S,S_SV,"2021-01-21 12:30:02",1403,1384,19,0,394,375,19,0,1500,1106,386,6,2,101,8,115,12,79,11,4,3,4,3,36,4,3,1,2
8,BRAŞOV,"COLEGIUL ”NICOLAE TITULESCU”",167,"MUNICIPIUL BRAŞOV",40198,1,PROV,PRCNCT,S,S_SV,"2021-01-21 12:30:02",1396,1387,9,0,367,358,9,0,1500,1133,356,8,3,102,4,72,15,88,16,2,7,2,2,38,2,2,3,1
8,BRAŞOV,"COLEGIUL ”NICOLAE TITULESCU”",168,"MUNICIPIUL BRAŞOV",40198,2,PART,PRCNCT,S,S_SV,"2021-01-21 12:30:02",1567,1556,11,0,383,372,11,0,1700,1317,375,7,1,105,4,87,14,100,14,2,9,0,1,28,3,2,5,1
8,BRAŞOV,"COLEGIUL ”NICOLAE TITULESCU”",169,"MUNICIPIUL BRAŞOV",40198,1,PROV,PRCNCT,S,S_SV,"2021-01-21 12:30:02",1402,1387,15,0,305,290,15,0,1500,1195,296,8,1,58,1,78,15,73,10,1,5,2,1,37,9,1,5,0
8,BRAŞOV,"ŞCOALA PROFESIONALĂ GERMANĂ „KRONSTADT”",170,"MUNICIPIUL BRAŞOV",40198,2,PART,PRCNCT,S,S_SV,"2021-01-21 12:30:02",1771,1713,48,10,737,679,48,10,1900,1163,732,5,0,435,8,61,12,121,27,7,10,7,7,31,2,0,2,2
8,BRAŞOV,"ŞCOALA PROFESIONALĂ GERMANĂ „KRONSTADT”",171,"MUNICIPIUL BRAŞOV",40198,2,PART,PRCNCT,S,S_SV,"2021-01-21 12:30:02",1830,1792,36,2,706,668,36,2,2000,1294,699,3,4,371,8,85,15,117,16,7,9,3,4,50,10,3,1,0
8,BRAŞOV,"COLEGIUL TEHNIC DE TRANSPORTURI",172,"MUNICIPIUL BRAŞOV",40198,1,PROV,PRCNCT,S,S_SV,"2021-01-21 12:30:02",744,726,18,0,204,186,18,0,800,596,198,6,0,40,4,39,3,47,6,0,4,1,0,44,2,2,4,2
8,BRAŞOV,"COLEGIUL TEHNIC DE TRANSPORTURI",173,"MUNICIPIUL BRAŞOV",40198,1,PROV,PRCNCT,S,S_SV,"2021-01-21 12:30:02",1160,1153,6,1,329,322,6,1,1300,971,320,7,2,84,9,99,15,65,4,1,8,1,3,26,3,0,1,1
8,BRAŞOV,"COLEGIUL TEHNIC DE TRANSPORTURI",174,"MUNICIPIUL BRAŞOV",40198,1,PROV,PRCNCT,S,S_SV,"2021-01-21 12:30:02",1606,1597,9,0,429,420,9,0,1800,1371,418,10,1,134,4,90,6,100,16,2,16,3,1,38,3,0,2,3
8,BRAŞOV,"ŞCOALA GIMNAZIALĂ NR. 31",175,"MUNICIPIUL BRAŞOV",40198,1,PROV,PRCNCT,S,S_SV,"2021-01-21 12:30:02",1362,1350,12,0,436,424,12,0,1500,1064,427,7,2,126,10,106,13,92,12,2,10,0,3,42,8,0,1,2
8,BRAŞOV,"ŞCOALA GIMNAZIALĂ NR. 31",176,"MUNICIPIUL BRAŞOV",40198,1,PROV,PRCNCT,S,S_SV,"2021-01-21 12:30:02",1412,1393,19,0,458,439,19,0,1500,1042,456,1,1,135,6,106,17,104,13,0,8,4,3,49,5,4,1,1
8,BRAŞOV,"ŞCOALA GIMNAZIALĂ NR. 31",177,"MUNICIPIUL BRAŞOV",40198,1,PROV,PRCNCT,S,S_SV,"2021-01-21 12:30:02",1145,1134,11,0,386,375,11,0,1200,814,380,4,2,96,6,104,11,92,11,0,8,2,0,31,10,6,1,2
8,BRAŞOV,"COLEGIUL TEHNIC ”REMUS RĂDULEŢ”",178,"MUNICIPIUL BRAŞOV",40198,1,PROV,PRCNCT,S,S_SV,"2021-01-21 12:30:02",541,527,11,3,162,148,11,3,600,438,159,2,1,48,8,23,8,41,9,1,7,0,0,12,1,1,0,0
8,BRAŞOV,"COLEGIUL TEHNIC ”REMUS RĂDULEŢ”",179,"MUNICIPIUL BRAŞOV",40198,1,PROV,PRCNCT,S,S_SV,"2021-01-21 12:30:02",989,979,10,0,254,244,10,0,1100,846,250,2,2,64,4,61,4,53,9,4,5,4,1,37,2,0,1,1
8,BRAŞOV,"COLEGIUL TEHNIC ”REMUS RĂDULEŢ”",180,"MUNICIPIUL BRAŞOV",40198,1,PROV,PRCNCT,S,S_SV,"2021-01-21 12:30:02",1106,1090,16,0,222,206,16,0,1200,978,217,5,0,48,6,64,3,47,12,0,3,0,3,26,3,1,0,1
8,BRAŞOV,"COLEGIUL TEHNIC ”REMUS RĂDULEŢ”",181,"MUNICIPIUL BRAŞOV",40198,1,PROV,PRCNCT,S,S_SV,"2021-01-21 12:30:02",1058,1048,10,0,248,238,10,0,1200,952,242,5,1,53,7,66,9,46,13,1,3,0,5,34,3,1,1,0
8,BRAŞOV,"COLEGIUL TEHNIC ”REMUS RĂDULEŢ”",182,"MUNICIPIUL BRAŞOV",40198,1,PROV,PRCNCT,S,S_SV,"2021-01-21 12:30:02",1014,1010,4,0,280,276,4,0,1100,820,279,1,0,80,4,84,11,54,9,1,3,0,4,24,3,1,0,1
8,BRAŞOV,"COLEGIUL TEHNIC SIMION MEHEDINŢI",183,"MUNICIPIUL CODLEA",40241,1,PROV,PRCNCT,S,S_SV,"2021-01-21 12:30:02",970,959,11,0,247,236,11,0,1100,853,245,2,0,30,3,62,7,64,11,6,0,2,2,54,3,0,1,0
8,BRAŞOV,"COLEGIUL TEHNIC SIMION MEHEDINŢI",184,"MUNICIPIUL CODLEA",40241,1,PROV,PRCNCT,S,S_SV,"2021-01-21 12:30:02",1155,1146,9,0,295,286,9,0,1300,1005,290,3,2,66,3,71,11,69,6,10,10,4,2,31,2,0,1,4
8,BRAŞOV,"COLEGIUL TEHNIC SIMION MEHEDINŢI",185,"MUNICIPIUL CODLEA",40241,2,PART,PRCNCT,S,S_SV,"2021-01-21 12:30:02",1117,1100,17,0,323,306,17,0,1200,877,312,11,0,67,1,109,11,51,14,3,3,3,3,37,6,2,1,1
8,BRAŞOV,"COLEGIUL TEHNIC SIMION MEHEDINTI",186,"MUNICIPIUL CODLEA",40241,1,PROV,PRCNCT,S,S_SV,"2021-01-21 12:30:02",1098,1087,11,0,293,282,11,0,1200,907,286,5,2,51,7,44,10,58,11,6,8,4,0,79,5,1,1,1
8,BRAŞOV,"ŞCOALA GENERALA NR.2",187,"MUNICIPIUL CODLEA",40241,1,PROV,PRCNCT,S,S_SV,"2021-01-21 12:30:02",1191,1068,23,100,426,303,23,100,1200,774,412,9,5,74,17,137,19,84,18,7,6,7,3,32,3,2,2,1
8,BRAŞOV,"GRADINITA NR.1",188,"MUNICIPIUL CODLEA",40241,1,PROV,PRCNCT,S,S_SV,"2021-01-21 12:30:02",1332,1214,18,100,502,384,18,100,1300,798,481,9,12,77,12,173,15,114,5,13,8,25,2,28,3,2,3,1
8,BRAŞOV,"GRADINITA NR.1",189,"MUNICIPIUL CODLEA",40241,1,PROV,PRCNCT,S,S_SV,"2021-01-21 12:30:02",1412,1295,19,98,520,403,19,98,1400,880,496,14,10,78,17,137,11,140,17,12,16,12,4,44,2,0,4,2
8,BRAŞOV,"GRUP SCOLAR FORESTIER",190,"MUNICIPIUL CODLEA",40241,1,PROV,PRCNCT,S,S_SV,"2021-01-21 12:30:02",1592,1562,30,0,504,474,30,0,1700,1196,498,4,2,99,6,107,12,157,15,4,8,30,7,42,4,1,3,3
8,BRAŞOV,"ŞCOALA GENERALA NR.1",191,"MUNICIPIUL CODLEA",40241,1,PROV,PRCNCT,S,S_SV,"2021-01-21 12:30:02",1348,1323,14,11,363,338,14,11,1500,1137,357,5,1,71,6,103,12,88,7,8,12,5,0,35,7,1,2,0
8,BRAŞOV,"GRADINITA NR.4",192,"MUNICIPIUL CODLEA",40241,1,PROV,PRCNCT,S,S_SV,"2021-01-21 12:30:02",1265,1244,21,0,271,250,21,0,1400,1129,264,7,0,42,2,69,14,68,9,7,6,7,4,31,1,1,3,0
8,BRAŞOV,"GRADINITA NR.4",193,"MUNICIPIUL CODLEA",40241,1,PROV,PRCNCT,S,S_SV,"2021-01-21 12:30:02",1793,1778,15,0,547,532,15,0,1900,1353,529,13,5,97,7,167,28,116,29,6,9,17,2,45,1,1,1,3
8,BRAŞOV,"ŞCOALA GENERALA NR. 3",194,"MUNICIPIUL CODLEA",40241,1,PROV,PRCNCT,S,S_SV,"2021-01-21 12:30:02",951,938,13,0,265,252,13,0,1000,735,254,10,1,43,4,76,9,67,6,2,7,4,1,33,1,0,0,1
8,BRAŞOV,"ŞCOALA GENERALA NR. 3",195,"MUNICIPIUL CODLEA",40241,1,PROV,PRCNCT,S,S_SV,"2021-01-21 12:30:02",1397,1385,12,0,451,439,12,0,1500,1049,439,12,0,89,4,135,25,90,19,9,9,14,1,36,4,1,3,0
8,BRAŞOV,"ŞCOALA GENERALA NR. 3",196,"MUNICIPIUL CODLEA",40241,1,PROV,PRCNCT,S,S_SV,"2021-01-21 12:30:02",1011,1007,4,0,297,293,4,0,1100,803,289,3,5,59,4,61,18,73,5,4,5,10,4,39,2,2,3,0
8,BRAŞOV,"LICEUL TEORETIC",197,"MUNICIPIUL CODLEA",40241,1,PROV,PRCNCT,S,S_SV,"2021-01-21 12:30:02",1285,1269,16,0,359,343,16,0,1400,1041,353,4,2,55,3,87,23,95,17,5,13,7,2,38,5,1,1,1
8,BRAŞOV,"ŞCOALA DE ARTE SI MESERII",198,"MUNICIPIUL CODLEA",40241,1,PROV,PRCNCT,S,S_SV,"2021-01-21 12:30:02",1042,1018,24,0,335,311,24,0,1100,765,320,12,3,48,2,81,14,79,10,9,7,23,2,37,4,0,3,1
8,BRAŞOV,"ŞCOALA DE ARTE SI MESERII",199,"MUNICIPIUL CODLEA",40241,1,PROV,PRCNCT,S,S_SV,"2021-01-21 12:30:02",1466,1456,10,0,264,254,10,0,1600,1336,243,17,4,30,6,46,28,55,6,6,7,4,4,43,1,1,1,5
8,BRAŞOV,"SERVICIUL PUBLIC DE ASISTENTA SOCIALA, STR. T. VLADIMIRESCU NR.8",200,"MUNICIPIUL FĂGĂRAŞ",40278,2,PART,PRCNCT,S,S_SV,"2021-01-21 12:30:02",1593,1572,21,0,284,263,21,0,1700,1416,274,8,2,39,5,81,12,49,9,5,6,3,0,54,2,3,3,3
8,BRAŞOV,"GRADINITA CU PROGRAM NORMAL „VOINICELUL”",201,"MUNICIPIUL FĂGĂRAŞ",40278,1,PROV,PRCNCT,S,S_SV,"2021-01-21 12:30:02",1708,1692,16,0,329,313,16,0,1900,1571,323,2,4,44,5,108,14,66,9,10,3,9,4,43,4,1,3,0
8,BRAŞOV,"CASA MUNICIPALĂ DE CULTURĂ",202,"MUNICIPIUL FĂGĂRAŞ",40278,1,PROV,PRCNCT,S,S_SV,"2021-01-21 12:30:02",1526,1486,19,21,383,344,19,20,1700,1317,375,4,4,66,11,74,23,123,10,4,11,10,3,33,7,0,0,0
8,BRAŞOV,"CASA MUNICIPALĂ DE CULTURĂ",203,"MUNICIPIUL FĂGĂRAŞ",40278,1,PROV,PRCNCT,S,S_SV,"2021-01-21 12:30:02",1304,1287,17,0,324,307,17,0,1400,1076,321,2,1,60,10,78,24,110,8,1,4,0,1,21,3,0,1,0
8,BRAŞOV,"ŞCOALA GIMNAZIALĂ ” OVID DENSUŞIANU” - ŞCOALA GENERALĂ NR.4",204,"MUNICIPIUL FĂGĂRAŞ",40278,1,PROV,PRCNCT,S,S_SV,"2021-01-21 12:30:02",1157,1145,12,0,239,227,12,0,1300,1061,234,2,3,25,4,72,9,49,15,4,5,4,1,41,3,1,1,0
8,BRAŞOV,"FUNDAŢIA CULTURALĂ ”NEGRU VODA”",205,"MUNICIPIUL FĂGĂRAŞ",40278,2,PART,PRCNCT,S,S_SV,"2021-01-21 12:30:02",994,965,27,2,307,278,27,2,1100,793,304,3,0,69,13,54,29,101,7,2,5,2,2,17,2,0,0,1
8,BRAŞOV,"COLEGIUL NAŢIONAL ”D-NA STANCA”",206,"MUNICIPIUL FĂGĂRAŞ",40278,1,PROV,PRCNCT,S,S_SV,"2021-01-21 12:30:02",1473,1455,18,0,368,350,18,0,1600,1232,359,9,0,71,7,76,22,109,13,7,8,1,2,38,3,1,1,0
8,BRAŞOV,"COLEGIUL NAŢIONAL ”D-NA STANCA”",207,"MUNICIPIUL FĂGĂRAŞ",40278,1,PROV,PRCNCT,S,S_SV,"2021-01-21 12:30:02",1342,1324,18,0,346,328,18,0,1500,1154,340,5,1,76,6,74,15,96,15,5,12,1,3,32,5,0,0,0
8,BRAŞOV,"COLEGIUL NAŢIONAL ”RADU NEGRU” - ŞCOALA GENERALĂ NR.1",208,"MUNICIPIUL FĂGĂRAŞ",40278,1,PROV,PRCNCT,S,S_SV,"2021-01-21 12:30:02",1137,1115,21,1,334,312,21,1,1200,866,330,3,1,83,4,73,19,103,13,2,11,0,3,13,2,1,2,1
8,BRAŞOV,"COLEGIUL NAŢIONAL ”RADU NEGRU” - ŞCOALA GENERALĂ NR.1",209,"MUNICIPIUL FĂGĂRAŞ",40278,1,PROV,PRCNCT,S,S_SV,"2021-01-21 12:30:02",1322,1304,18,0,335,317,18,0,1500,1165,326,9,0,63,14,78,11,105,13,1,8,4,1,25,1,2,0,0
8,BRAŞOV,"COLEGIUL NAŢIONAL „RADU NEGRU”",210,"MUNICIPIUL FĂGĂRAŞ",40278,1,PROV,PRCNCT,S,S_SV,"2021-01-21 12:30:02",1182,1160,22,0,288,266,22,0,1300,1012,284,2,2,61,3,91,15,70,13,2,4,1,1,19,3,0,1,0
8,BRAŞOV,"COLEGIUL NAŢIONAL „RADU NEGRU”",211,"MUNICIPIUL FĂGĂRAŞ",40278,1,PROV,PRCNCT,S,S_SV,"2021-01-21 12:30:02",1373,1358,15,0,325,310,15,0,1500,1175,323,1,1,59,10,83,10,101,14,3,5,5,3,22,7,1,0,0
8,BRAŞOV,"COLEGIUL NAŢIONAL ”D-NA STANCA”-ŞCOALA GIMNAZIALĂ NR.7",212,"MUNICIPIUL FĂGĂRAŞ",40278,1,PROV,PRCNCT,S,S_SV,"2021-01-21 12:30:02",1505,1488,17,0,279,262,17,0,1600,1321,276,2,1,43,6,78,19,72,16,2,4,0,4,27,3,1,1,0
8,BRAŞOV,"COLEGIUL NAŢIONAL ”D-NA STANCA”-ŞCOALA GIMNAZIALĂ NR.7",213,"MUNICIPIUL FĂGĂRAŞ",40278,1,PROV,PRCNCT,S,S_SV,"2021-01-21 12:30:02",1605,1592,13,0,277,264,13,0,1800,1523,268,7,2,35,11,58,15,77,11,2,8,3,0,47,1,0,0,0
8,BRAŞOV,"COLEGIUL NAŢIONAL ”D-NA STANCA”-ŞCOALA GIMNAZIALĂ NR. 7",214,"MUNICIPIUL FĂGĂRAŞ",40278,1,PROV,PRCNCT,S,S_SV,"2021-01-21 12:30:02",1630,1623,7,0,361,354,7,0,1800,1439,351,7,3,55,10,92,16,131,10,3,4,3,3,21,2,0,0,1
8,BRAŞOV,"COLEGIUL „AUREL VIJOLI”",215,"MUNICIPIUL FĂGĂRAŞ",40278,1,PROV,PRCNCT,S,S_SV,"2021-01-21 12:30:02",1411,1399,12,0,259,247,12,0,1500,1241,247,8,4,10,5,82,23,39,9,3,3,0,4,60,1,3,2,3
8,BRAŞOV,"COLEGIUL „AUREL VIJOLI”",216,"MUNICIPIUL FĂGĂRAŞ",40278,1,PROV,PRCNCT,S,S_SV,"2021-01-21 12:30:02",1165,1152,13,0,216,203,13,0,1300,1084,201,7,8,20,3,54,12,21,5,2,3,1,1,76,1,0,1,1
8,BRAŞOV,"LICEUL TEOLOGIC ORTODOX ”CONSTANTIN BRÂNCOVEANU”",217,"MUNICIPIUL FĂGĂRAŞ",40278,1,PROV,PRCNCT,S,S_SV,"2021-01-21 12:30:02",1849,1832,17,0,420,403,17,0,2000,1580,414,6,0,60,11,114,16,131,14,6,18,0,1,32,7,0,2,2
8,BRAŞOV,"GRĂDINIȚA CU PROGRAM PRELUNGIT ALBINUȚA",218,"MUNICIPIUL FĂGĂRAŞ",40278,2,PART,PRCNCT,S,S_SV,"2021-01-21 12:30:02",1079,1063,16,0,326,310,16,0,1200,874,325,1,0,80,5,72,21,81,14,4,11,1,2,29,4,1,0,0
8,BRAŞOV,"GRĂDINIȚA CU PROGRAM PRELUNGIT ALBINUȚA",219,"MUNICIPIUL FĂGĂRAŞ",40278,1,PROV,PRCNCT,S,S_SV,"2021-01-21 12:30:02",1183,1171,12,0,281,269,12,0,1300,1019,272,9,0,53,9,46,17,84,11,4,12,2,0,32,2,0,0,0
8,BRAŞOV,"LICEUL TEOLOGIC ORTODOX ” SF.. CONSTANTIN BRÂNCOVEANU”",220,"MUNICIPIUL FĂGĂRAŞ",40278,1,PROV,PRCNCT,S,S_SV,"2021-01-21 12:30:02",1710,1687,23,0,301,278,23,0,1900,1599,292,8,1,35,3,94,12,70,7,7,6,1,2,47,3,1,3,1
8,BRAŞOV,"LICEUL TEOLOGIC ORTODOX ” SF.. CONSTANTIN BRÂNCOVEANU” -GRĂDINIŢA CU PROGRAM NORMAL „MATEIAŞ BRÂNCOVEANU”,",221,"MUNICIPIUL FĂGĂRAŞ",40278,1,PROV,PRCNCT,S,S_SV,"2021-01-21 12:30:02",1116,1096,20,0,234,214,20,0,1200,966,223,11,0,41,6,48,26,54,7,2,6,0,1,30,2,0,0,0
8,BRAŞOV,"ŞCOALA GIMNAZIALĂ ” OVID DENSUŞIANU”",222,"MUNICIPIUL FĂGĂRAŞ",40278,1,PROV,PRCNCT,S,S_SV,"2021-01-21 12:30:02",1106,1088,18,0,274,256,18,0,1200,926,268,5,1,46,9,63,9,100,8,2,8,4,3,11,3,0,2,0
8,BRAŞOV,"ŞCOALA GIMNAZIALĂ NR. 1, CORPUL A (LÂNGĂ GRĂDINIŢĂ)",223,"MUNICIPIUL SĂCELE",40438,1,PROV,PRCNCT,S,S_SV,"2021-01-21 12:30:02",1229,1205,23,1,474,450,23,1,1400,926,470,2,2,125,112,73,15,109,7,1,2,0,2,15,4,2,3,0
8,BRAŞOV,"ŞCOALA GIMNAZIALĂ NR. 1 CORPUL B",224,"MUNICIPIUL SĂCELE",40438,1,PROV,PRCNCT,S,S_SV,"2021-01-21 12:30:02",1335,1302,32,1,295,262,32,1,1400,1105,285,6,4,64,34,65,11,63,6,3,6,2,1,27,2,1,0,0
8,BRAŞOV,"ŞCOALA GIMNAZIALĂ NR. 1 CORPUL F",225,"MUNICIPIUL SĂCELE",40438,1,PROV,PRCNCT,S,S_SV,"2021-01-21 12:30:02",1875,1851,24,0,526,502,24,0,2000,1474,520,4,2,121,75,92,16,125,28,1,15,0,3,33,4,1,2,4
8,BRAŞOV,"LICEU ZAJZONI RAB ISTVAN",226,"MUNICIPIUL SĂCELE",40438,1,PROV,PRCNCT,S,S_SV,"2021-01-21 12:30:02",1621,1595,24,2,508,482,24,2,1800,1292,500,4,4,100,151,67,15,105,17,2,4,2,2,27,5,1,1,1
8,BRAŞOV,"LICEUL GEORGE MOROIANU CORPUL C",227,"MUNICIPIUL SĂCELE",40438,1,PROV,PRCNCT,S,S_SV,"2021-01-21 12:30:02",1676,1644,29,3,616,584,29,3,1800,1184,605,8,3,100,245,82,10,103,16,3,5,0,3,31,6,0,0,1
8,BRAŞOV,"LICEUL GEORGE MOROIANU CORPUL C",228,"MUNICIPIUL SĂCELE",40438,2,PART,PRCNCT,S,S_SV,"2021-01-21 12:30:02",1515,1495,20,0,510,490,20,0,1700,1190,502,5,3,120,78,79,10,133,23,4,7,1,5,32,6,1,2,1
8,BRAŞOV,"SALA DE SPORT",229,"MUNICIPIUL SĂCELE",40438,1,PROV,PRCNCT,S,S_SV,"2021-01-21 12:30:02",1474,1462,12,0,477,465,12,0,1600,1123,466,8,3,81,26,128,12,142,16,2,12,3,2,31,10,1,0,0
8,BRAŞOV,"SALA DE SPORT",230,"MUNICIPIUL SĂCELE",40438,1,PROV,PRCNCT,S,S_SV,"2021-01-21 12:30:02",1398,1389,9,0,457,448,9,0,1500,1043,449,8,0,86,20,136,18,111,19,0,12,3,0,40,1,0,2,1
8,BRAŞOV,"LICEUL GEORGE MOROIANU",231,"MUNICIPIUL SĂCELE",40438,1,PROV,PRCNCT,S,S_SV,"2021-01-21 12:30:02",1720,1702,17,1,594,576,17,1,1900,1306,585,9,0,109,196,77,12,140,26,1,2,1,2,16,1,0,1,1
8,BRAŞOV,"ŞCOALA GIMNAZIALĂ NR.4 FRAŢII POPEEA",232,"MUNICIPIUL SĂCELE",40438,1,PROV,PRCNCT,S,S_SV,"2021-01-21 12:30:02",1680,1638,32,10,652,610,32,10,1800,1148,632,12,8,152,50,140,19,156,40,4,17,4,2,36,6,3,2,1
8,BRAŞOV,"ŞCOALA GIMNAZIALĂ NR.4 FRAŢII POPEEA",233,"MUNICIPIUL SĂCELE",40438,1,PROV,PRCNCT,S,S_SV,"2021-01-21 12:30:02",1342,1334,8,0,388,380,8,0,1500,1112,379,7,2,60,8,136,13,95,8,2,10,1,1,36,1,4,1,3
8,BRAŞOV,"ŞCOALA GIMNAZIALĂ NR.4 FRAŢII POPEEA",234,"MUNICIPIUL SĂCELE",40438,1,PROV,PRCNCT,S,S_SV,"2021-01-21 12:30:02",1072,1062,9,1,348,338,9,1,1200,852,342,6,0,76,16,98,11,91,14,5,12,0,1,11,5,1,0,1
8,BRAŞOV,"ŞCOALA GIMNAZIALĂ NR.4 FRAŢII POPEEA",235,"MUNICIPIUL SĂCELE",40438,1,PROV,PRCNCT,S,S_SV,"2021-01-21 12:30:02",1453,1445,6,2,371,363,6,2,1600,1229,367,3,1,63,19,128,16,84,15,3,9,4,2,18,3,1,0,2
8,BRAŞOV,"GRUP ŞCOLAR INDUSTRIAL VICTOR JINGA",236,"MUNICIPIUL SĂCELE",40438,1,PROV,PRCNCT,S,S_SV,"2021-01-21 12:30:02",1048,1036,11,1,236,224,11,1,1100,864,230,6,0,44,11,75,13,42,10,1,4,1,0,21,1,2,3,2
8,BRAŞOV,"GRUP ŞCOLAR INDUSTRIAL VICTOR JINGA",237,"MUNICIPIUL SĂCELE",40438,1,PROV,PRCNCT,S,S_SV,"2021-01-21 12:30:02",1121,1107,14,0,308,294,14,0,1200,892,303,5,0,47,15,110,15,64,15,0,10,0,0,20,4,1,1,1
8,BRAŞOV,"ŞCOALA GIMNAZIALĂ NR.5 CORPUL B",238,"MUNICIPIUL SĂCELE",40438,1,PROV,PRCNCT,S,S_SV,"2021-01-21 12:30:02",1120,1110,10,0,286,276,10,0,1200,914,274,10,2,55,62,40,4,74,5,1,4,1,0,20,2,1,3,2
8,BRAŞOV,"ŞCOALA GIMNAZIALĂ NR.5 CORPUL B",239,"MUNICIPIUL SĂCELE",40438,1,PROV,PRCNCT,S,S_SV,"2021-01-21 12:30:02",1302,1293,9,0,165,156,9,0,1400,1235,146,12,7,5,3,51,6,28,5,0,3,0,0,42,1,1,0,1
8,BRAŞOV,"ŞCOALA GIMNAZIALĂ NR.5 CORPUL A",240,"MUNICIPIUL SĂCELE",40438,1,PROV,PRCNCT,S,S_SV,"2021-01-21 12:30:02",1165,1154,11,0,162,151,11,0,1300,1138,138,15,9,1,1,59,4,27,6,0,8,1,1,18,2,2,3,5
8,BRAŞOV,"ŞCOALA GIMNAZIALĂ NR.5 CORPUL A",241,"MUNICIPIUL SĂCELE",40438,1,PROV,PRCNCT,S,S_SV,"2021-01-21 12:30:02",1405,1367,9,29,291,253,9,29,1500,1209,246,29,16,4,9,98,7,51,6,2,7,0,1,53,1,2,3,2
8,BRAŞOV,"ȘCOALA GIMNAZIALĂ NR.1 , CORPUL B",242,"MUNICIPIUL SĂCELE",40438,1,PROV,PRCNCT,S,S_SV,"2021-01-21 12:30:02",1260,1242,17,1,384,366,17,1,1400,1016,375,9,0,86,62,77,9,89,8,0,9,3,3,22,3,1,2,1
8,BRAŞOV,"PRIMĂRIA GHIMBAV",243,"ORAŞ GHIMBAV",40214,1,PROV,PRCNCT,S,S_SV,"2021-01-21 12:30:02",1570,1539,28,3,454,423,28,3,1700,1246,446,6,2,87,7,107,19,135,19,26,3,3,1,29,6,2,1,1
8,BRAŞOV,"ŞCOALA GENERALĂ GHIMBAV CLASELE V-VIII",244,"ORAŞ GHIMBAV",40214,1,PROV,PRCNCT,S,S_SV,"2021-01-21 12:30:02",1419,1358,59,2,481,420,59,2,1500,1019,476,5,0,101,12,87,20,127,16,39,14,10,2,33,11,2,0,2
8,BRAŞOV,"ŞCOALA GENERALĂ GHIMBAV CLASELE I-IV",245,"ORAŞ GHIMBAV",40214,1,PROV,PRCNCT,S,S_SV,"2021-01-21 12:30:02",1552,1513,37,2,461,422,37,2,1700,1239,454,6,1,129,8,76,15,132,16,32,3,2,0,34,4,1,0,2
8,BRAŞOV,"SALA DE SPORT",246,"ORAŞ GHIMBAV",40214,1,PROV,PRCNCT,S,S_SV,"2021-01-21 12:30:02",1647,1577,63,7,737,667,63,7,1700,963,732,4,1,295,8,78,23,196,24,32,9,6,2,53,3,2,1,0
8,BRAŞOV,"CENTRUL DE CULTURĂ MIHAIL SAULESCU",247,"ORAŞ PREDEAL",40303,1,PROV,PRCNCT,S,S_SV,"2021-01-21 12:30:02",1256,1223,33,0,404,371,33,0,1300,896,397,7,0,61,3,108,20,134,10,2,8,0,2,38,6,1,2,2
8,BRAŞOV,"LICEUL TEORETIC MIHAIL SAULESCU",248,"ORAŞ PREDEAL",40303,1,PROV,PRCNCT,S,S_SV,"2021-01-21 12:30:02",986,963,23,0,343,320,23,0,1100,757,335,6,2,54,2,84,20,104,12,5,18,2,4,26,2,1,1,0
8,BRAŞOV,"LICEUL TEORETIC MIHAIL SĂULESCU",249,"ORAŞ PREDEAL",40303,1,PROV,PRCNCT,S,S_SV,"2021-01-21 12:30:02",1174,1121,52,1,427,374,52,1,1200,773,415,11,1,94,1,102,14,87,21,4,14,0,3,65,7,1,1,1
8,BRAŞOV,"AGENȚIA POȘTALĂ",250,"ORAŞ PREDEAL",40303,1,PROV,PRCNCT,S,S_SV,"2021-01-21 12:30:02",321,302,19,0,95,76,19,0,300,205,94,0,1,30,4,14,1,22,4,2,4,0,0,10,2,0,1,0
8,BRAŞOV,"GRADINITA CU PROGRAM NORMAL TIMISUL DE JOS",251,"ORAŞ PREDEAL",40303,1,PROV,PRCNCT,S,S_SV,"2021-01-21 12:30:02",347,333,14,0,108,94,14,0,400,292,108,0,0,15,0,26,5,29,3,0,5,0,0,19,2,2,2,0
8,BRAŞOV,"AGENŢIA POŞTALĂ DÂMBUL MORII",252,"ORAŞ PREDEAL",40303,1,PROV,PRCNCT,S,S_SV,"2021-01-21 12:30:02",208,174,34,0,107,73,34,0,201,94,103,4,0,29,5,23,4,28,3,2,5,0,1,1,1,0,1,0
8,BRAŞOV,"ȘCOALA GENERALĂ NR. 1 RÂȘNOV",253,"ORAŞ RÂŞNOV",40367,1,PROV,PRCNCT,S,S_SV,"2021-01-21 12:30:02",1564,1534,28,2,513,483,28,2,1700,1187,506,6,1,113,4,96,18,172,12,3,21,2,1,52,5,0,6,1
8,BRAŞOV,"ȘCOALA GENERALĂ NR. 1 RÂȘNOV",254,"ORAŞ RÂŞNOV",40367,1,PROV,PRCNCT,S,S_SV,"2021-01-21 12:30:02",1303,1294,9,0,297,288,9,0,1400,1103,284,11,2,42,2,60,21,84,7,3,5,0,3,47,5,0,4,1
8,BRAŞOV,"ȘCOALA GENERALĂ NR. 3 RÂȘNOV",255,"ORAŞ RÂŞNOV",40367,1,PROV,PRCNCT,S,S_SV,"2021-01-21 12:30:02",1306,1272,34,0,472,438,34,0,1400,928,465,7,0,109,3,120,5,159,7,1,14,3,1,29,12,0,1,1
8,BRAŞOV,"ȘCOALA GENERALĂ NR. 3 RÂȘNOV",256,"ORAŞ RÂŞNOV",40367,2,PART,PRCNCT,S,S_SV,"2021-01-21 12:30:02",1649,1630,19,0,541,522,19,0,1800,1259,530,10,1,137,1,98,21,176,9,1,24,0,1,54,4,0,1,3
8,BRAŞOV,"GRĂDINIŢA NR.1",257,"ORAŞ RÂŞNOV",40367,1,PROV,PRCNCT,S,S_SV,"2021-01-21 12:30:02",925,907,17,1,291,273,17,1,1000,709,286,4,1,94,2,57,11,71,8,1,7,2,0,26,5,1,1,0
8,BRAŞOV,"ȘCOALA GENERALĂ NR. 2 RÂȘNOV",258,"ORAŞ RÂŞNOV",40367,1,PROV,PRCNCT,S,S_SV,"2021-01-21 12:30:02",1654,1645,9,0,467,458,9,0,1800,1333,455,10,2,112,5,101,13,127,14,1,19,5,2,53,1,1,0,1
8,BRAŞOV,"ȘCOALA GENERALĂ NR. 2 RÂȘNOV",259,"ORAŞ RÂŞNOV",40367,1,PROV,PRCNCT,S,S_SV,"2021-01-21 12:30:02",1440,1420,20,0,475,455,20,0,1600,1125,470,4,1,127,2,96,22,157,10,0,17,0,2,33,2,0,2,0
8,BRAŞOV,"ȘCOALA GENERALĂ NR. 2 RÂȘNOV",260,"ORAŞ RÂŞNOV",40367,2,PART,PRCNCT,S,S_SV,"2021-01-21 12:30:02",1239,1220,15,4,419,400,15,4,1400,981,411,3,5,106,5,80,11,120,14,4,11,1,4,48,3,2,1,1
8,BRAŞOV,"GRUP ȘCOLAR INDUSTRIAL RÂȘNOV",261,"ORAŞ RÂŞNOV",40367,1,PROV,PRCNCT,S,S_SV,"2021-01-21 12:30:02",1094,1067,27,0,395,368,27,0,1100,705,383,12,0,80,3,80,8,123,6,2,10,5,3,49,5,2,4,3
8,BRAŞOV,"GRUP ȘCOLAR INDUSTRIAL RÂȘNOV",262,"ORAŞ RÂŞNOV",40367,1,PROV,PRCNCT,S,S_SV,"2021-01-21 12:30:02",1541,1514,24,3,574,547,24,3,1700,1126,560,13,1,204,2,79,21,151,13,1,5,8,3,58,7,2,5,1
8,BRAŞOV,"GRUP ȘCOLAR INDUSTRIAL RÂȘNOV",263,"ORAŞ RÂŞNOV",40367,1,PROV,PRCNCT,S,S_SV,"2021-01-21 12:30:02",1465,1438,26,1,446,419,26,1,1600,1154,430,12,4,97,0,82,13,122,11,2,15,3,5,65,6,2,5,2
8,BRAŞOV,"ŞCOALA GENERALA I",264,"ORAŞ RUPEA",40394,1,PROV,PRCNCT,S,S_SV,"2021-01-21 12:30:02",1102,1089,13,0,254,241,13,0,1200,946,238,13,3,31,30,47,12,93,3,0,5,2,1,11,2,1,0,0
8,BRAŞOV,"CASA ORASENEASCA DE CULTURA",265,"ORAŞ RUPEA",40394,1,PROV,PRCNCT,S,S_SV,"2021-01-21 12:30:02",1243,1208,28,7,349,314,28,7,1300,951,340,6,3,38,38,71,18,132,1,0,2,0,2,35,2,0,1,0
8,BRAŞOV,"SCOALA GENERALA II",266,"ORAŞ RUPEA",40394,1,PROV,PRCNCT,S,S_SV,"2021-01-21 12:30:02",1559,1538,21,0,489,468,21,0,1700,1211,452,26,11,71,42,64,21,167,13,1,6,8,2,43,5,4,1,4
8,BRAŞOV,"CLUB MUNCITORESC BRAFOR GARA RUPEA",267,"ORAŞ RUPEA",40394,1,PROV,PRCNCT,S,S_SV,"2021-01-21 12:30:02",567,559,8,0,173,165,8,0,600,427,169,2,2,19,22,33,15,57,1,0,4,0,1,10,2,5,0,0
8,BRAŞOV,"SCOALA PRIMARA FISER",268,"ORAŞ RUPEA",40394,1,PROV,PRCNCT,S,S_SV,"2021-01-21 12:30:02",399,389,10,0,97,87,10,0,400,303,88,6,3,8,2,14,7,47,1,1,2,0,2,3,1,0,0,0
8,BRAŞOV,"PRIMARIA VICTORIA",269,"ORAŞ VICTORIA",40465,1,PROV,PRCNCT,S,S_SV,"2021-01-21 12:30:02",1266,1244,21,1,281,259,21,1,1400,1119,279,1,1,92,0,61,4,64,10,0,11,3,1,32,0,1,0,0
8,BRAŞOV,"LICEUL TEORETIC I.C. DRĂGUȘANU",270,"ORAŞ VICTORIA",40465,1,PROV,PRCNCT,S,S_SV,"2021-01-21 12:30:02",1609,1590,19,0,323,304,19,0,1800,1477,317,5,1,123,1,50,8,86,9,0,2,3,0,28,3,3,1,0
8,BRAŞOV,"ŞCOALA GIMNAZIALA VICTORIA",271,"ORAŞ VICTORIA",40465,1,PROV,PRCNCT,S,S_SV,"2021-01-21 12:30:02",1634,1608,25,1,390,364,25,1,1801,1411,377,12,1,138,3,58,7,106,16,2,9,0,1,29,5,1,1,1
8,BRAŞOV,"COLEGIUL TEHNIC DR. ALEXANDRU BĂRBAT",272,"ORAŞ VICTORIA",40465,1,PROV,PRCNCT,S,S_SV,"2021-01-21 12:30:02",1054,1033,20,1,284,263,20,1,1100,816,279,4,1,93,5,47,7,86,7,0,2,2,1,22,5,1,0,1
8,BRAŞOV,"GRĂDINIŢA NR. 1",273,"ORAŞ VICTORIA",40465,1,PROV,PRCNCT,S,S_SV,"2021-01-21 12:30:02",1468,1452,16,0,304,288,16,0,1600,1296,303,0,1,104,1,54,7,84,11,2,5,3,1,27,3,0,1,0
8,BRAŞOV,"GRĂDINIŢA BOBOCEL",274,"ORAŞ ZĂRNEŞTI",40492,1,PROV,PRCNCT,S,S_SV,"2021-01-21 12:30:02",1392,1380,12,0,438,426,12,0,1500,1062,421,17,0,59,3,141,27,77,16,3,9,10,2,63,6,2,2,1
8,BRAŞOV,"LICEUL TEORETIC M.I.MEŢIANU - CORP A",275,"ORAŞ ZĂRNEŞTI",40492,1,PROV,PRCNCT,S,S_SV,"2021-01-21 12:30:02",1350,1330,20,0,422,402,20,0,1500,1078,411,9,2,58,0,128,27,113,15,1,5,0,3,50,4,3,2,2
8,BRAŞOV,"LICEUL TEORETIC M.I.MEŢIANU - CORP B",276,"ORAŞ ZĂRNEŞTI",40492,1,PROV,PRCNCT,S,S_SV,"2021-01-21 12:30:02",1392,1371,20,1,520,499,20,1,1500,980,509,9,2,86,3,171,22,129,14,3,9,3,2,57,3,6,0,1
8,BRAŞOV,"LICEUL TEORETIC M.I.MEŢIANU - CORP B",277,"ORAŞ ZĂRNEŞTI",40492,1,PROV,PRCNCT,S,S_SV,"2021-01-21 12:30:02",1629,1606,19,4,548,525,19,4,1800,1252,528,14,6,55,4,175,44,131,14,4,6,4,6,74,5,2,1,3
8,BRAŞOV,"CASA DE CULTURĂ",278,"ORAŞ ZĂRNEŞTI",40492,1,PROV,PRCNCT,S,S_SV,"2021-01-21 12:30:02",1309,1292,17,0,440,423,17,0,1400,960,431,8,1,94,9,106,22,116,15,1,4,1,3,45,6,3,4,2
8,BRAŞOV,"GRĂDINIŢA VOINICELUL NR. 2",279,"ORAŞ ZĂRNEŞTI",40492,1,PROV,PRCNCT,S,S_SV,"2021-01-21 12:30:02",1200,1177,23,0,395,372,23,0,1300,905,382,13,0,76,4,133,18,95,9,0,12,0,2,26,1,2,3,1
8,BRAŞOV,"CLUBUL PENSIONARILOR - CARAIMAN",280,"ORAŞ ZĂRNEŞTI",40492,1,PROV,PRCNCT,S,S_SV,"2021-01-21 12:30:02",1410,1399,11,0,455,444,11,0,1600,1145,446,7,2,88,6,131,21,112,16,4,6,1,4,47,5,3,2,0
8,BRAŞOV,"CLUBUL PENSIONARILOR",281,"ORAŞ ZĂRNEŞTI",40492,1,PROV,PRCNCT,S,S_SV,"2021-01-21 12:30:02",1242,1226,15,1,433,417,15,1,1400,967,418,11,4,74,2,144,8,106,19,1,7,3,3,41,6,1,2,1
8,BRAŞOV,"ŞCOALA GIMNAZIALĂ NR. 3 POMPILIU DAN-CORP A",282,"ORAŞ ZĂRNEŞTI",40492,1,PROV,PRCNCT,S,S_SV,"2021-01-21 12:30:02",1030,1012,18,0,393,375,18,0,1100,707,380,10,3,92,12,89,17,105,13,2,8,5,4,30,3,0,0,0
8,BRAŞOV,"SC CO MSM CONSTRUCT SRL",283,"ORAŞ ZĂRNEŞTI",40492,1,PROV,PRCNCT,S,S_SV,"2021-01-21 12:30:02",1326,1297,21,8,480,451,21,8,1400,920,465,11,4,76,3,182,18,113,5,2,10,0,3,42,3,2,4,2
8,BRAŞOV,"ŞCOALA GIMNAZIALĂ NR. 1 GHEORGHE CRĂCIUN CORP B",284,"ORAŞ ZĂRNEŞTI",40492,1,PROV,PRCNCT,S,S_SV,"2021-01-21 12:30:02",1345,1323,17,5,385,363,17,5,1500,1115,374,9,2,50,1,149,20,89,10,5,7,1,2,29,4,3,4,0
8,BRAŞOV,"ŞCOALA GIMNAZIALĂ NR. 1 GHEORGHE CRĂCIUN",285,"ORAŞ ZĂRNEŞTI",40492,1,PROV,PRCNCT,S,S_SV,"2021-01-21 12:30:02",1395,1379,16,0,452,436,16,0,1500,1048,439,11,2,67,4,144,21,111,13,2,15,0,4,49,7,1,1,0
8,BRAŞOV,"LICEUL TEHNOLOGIC MALAXA",286,"ORAŞ ZĂRNEŞTI",40492,2,PART,PRCNCT,S,S_SV,"2021-01-21 12:30:02",1018,1000,12,6,268,250,12,6,1100,832,259,6,3,36,1,77,25,64,7,2,4,3,4,29,1,0,1,5
8,BRAŞOV,"SCOALA GIMNAZIALA NR. 2",287,"ORAŞ ZĂRNEŞTI",40492,1,PROV,PRCNCT,S,S_SV,"2021-01-21 12:30:02",1660,1642,18,0,235,217,18,0,1800,1565,202,21,12,15,1,54,57,34,2,2,3,2,3,20,1,1,4,3
8,BRAŞOV,"CĂMINUL CULTURAL TOHANUL NOU",288,"ORAŞ ZĂRNEŞTI",40492,2,PART,PRCNCT,S,S_SV,"2021-01-21 12:30:02",1225,1193,32,0,507,475,32,0,1300,793,498,6,3,101,4,125,31,169,13,2,8,6,0,27,4,2,4,2
8,BRAŞOV,"CAMINUL CULTURAL TOHANUL VECHI",289,"ORAŞ ZĂRNEŞTI",40492,1,PROV,PRCNCT,S,S_SV,"2021-01-21 12:30:02",1744,1712,32,0,512,480,32,0,1900,1388,496,12,4,96,5,157,23,125,19,1,10,3,3,41,7,2,3,1
8,BRAŞOV,"CĂMINUL CULTURAL APAȚA",290,APAŢA,40526,1,PROV,PRCNCT,S,S_SV,"2021-01-21 12:30:02",1270,1253,12,5,273,256,12,5,1400,1127,256,11,6,14,106,8,2,68,1,1,0,0,4,48,2,1,1,0
8,BRAŞOV,"CĂMINUL CULTURAL APAȚA",291,APAŢA,40526,1,PROV,PRCNCT,S,S_SV,"2021-01-21 12:30:02",1191,1168,23,0,274,251,23,0,1300,1026,263,6,5,13,130,20,3,46,1,0,2,0,2,42,2,1,0,1
8,BRAŞOV,"GRĂDINIȚA DE COPII",292,AUGUSTIN,42498,1,PROV,PRCNCT,S,S_SV,"2021-01-21 12:30:02",1361,1341,18,2,267,247,18,2,1500,1233,258,6,3,31,4,118,10,58,4,1,4,0,2,23,2,0,0,1
8,BRAŞOV,"SCOALA GENERALA BECLEAN",293,BECLEAN,40544,2,PART,PRCNCT,S,S_SV,"2021-01-21 12:30:02",720,684,36,0,195,159,36,0,800,605,189,5,1,22,1,42,7,90,2,1,1,0,0,18,3,0,0,2
8,BRAŞOV,"CLADIRE FOST SEDIU PRIMARIE",294,BECLEAN,40544,1,PROV,PRCNCT,S,S_SV,"2021-01-21 12:30:02",401,372,29,0,141,112,29,0,400,259,137,3,1,11,1,41,3,46,3,1,7,0,1,19,4,0,0,0
8,BRAŞOV,"CAMIN CULTURAL BOHOLT",295,BECLEAN,40544,1,PROV,PRCNCT,S,S_SV,"2021-01-21 12:30:02",175,154,21,0,77,56,21,0,200,123,77,0,0,4,1,7,15,38,3,0,2,0,0,5,1,1,0,0
8,BRAŞOV,"SCOALA GENERALA CALBOR",296,BECLEAN,40544,1,PROV,PRCNCT,S,S_SV,"2021-01-21 12:30:02",217,193,22,2,89,65,22,2,200,111,86,2,1,13,0,6,7,44,4,0,3,0,1,6,2,0,0,0
8,BRAŞOV,"CAMIN CULTURAL LUTA",297,BECLEAN,40544,1,PROV,PRCNCT,S,S_SV,"2021-01-21 12:30:02",79,59,20,0,45,25,20,0,100,55,45,0,0,8,1,11,1,16,1,1,1,0,0,1,3,0,1,0
8,BRAŞOV,"ȘCOALA GIMNAZIALĂ BOD SAT",298,BOD,40606,1,PROV,PRCNCT,S,S_SV,"2021-01-21 12:30:02",1352,1303,49,0,382,333,49,0,1400,1018,373,2,7,123,4,81,6,90,5,2,3,4,2,42,7,0,2,2
8,BRAŞOV,"CĂMINUL CULTURAL",299,BOD,40606,1,PROV,PRCNCT,S,S_SV,"2021-01-21 12:30:02",1258,1198,60,0,369,309,60,0,1300,931,363,2,4,116,15,58,24,71,19,1,2,0,2,47,6,0,1,1
8,BRAŞOV,"GRĂDINIŢA BOD COLONIE",300,BOD,40606,1,PROV,PRCNCT,S,S_SV,"2021-01-21 12:30:02",924,894,30,0,277,247,30,0,1000,723,266,8,3,81,35,32,9,61,4,3,0,2,1,31,3,0,3,1
8,BRAŞOV,"ȘCOALA GENERALĂ COLONIA BOD",301,BOD,40606,1,PROV,PRCNCT,S,S_SV,"2021-01-21 12:30:02",981,964,17,0,258,241,17,0,1100,842,255,3,0,74,24,47,6,45,6,0,2,0,1,46,2,2,0,0
8,BRAŞOV,"PRIMĂRIA COMUNEI BRAN",302,BRAN,40633,1,PROV,PRCNCT,S,S_SV,"2021-01-21 12:30:02",845,788,55,2,270,213,55,2,900,630,265,4,1,51,1,54,4,121,9,0,3,2,1,16,3,0,0,0
8,BRAŞOV,"CĂMINUL CULTURAL POARTA",303,BRAN,40633,1,PROV,PRCNCT,S,S_SV,"2021-01-21 12:30:02",901,871,30,0,247,217,30,0,1000,753,245,2,0,33,4,50,8,98,7,0,7,2,1,29,1,2,3,0
8,BRAŞOV,"ŞCOALA GENERALĂ PREDELUŢ",304,BRAN,40633,1,PROV,PRCNCT,S,S_SV,"2021-01-21 12:30:02",956,893,61,2,387,324,61,2,1000,613,381,4,1,78,2,81,12,143,10,1,4,0,3,38,6,1,1,1
8,BRAŞOV,"CĂMINUL CULTURAL SOHODOL",305,BRAN,40633,1,PROV,PRCNCT,S,S_SV,"2021-01-21 12:30:02",954,905,48,1,237,188,48,1,1000,763,233,3,1,47,1,36,10,100,10,0,3,3,0,19,2,1,1,0
8,BRAŞOV,"CĂMINUL CULTURAL ŞIMON",306,BRAN,40633,1,PROV,PRCNCT,S,S_SV,"2021-01-21 12:30:02",1048,1021,27,0,288,261,27,0,1100,812,282,4,2,63,2,57,9,97,8,0,2,0,0,35,3,2,3,1
8,BRAŞOV,"CĂMINUL CULTURAL BUDILA",307,BUDILA,40688,1,PROV,PRCNCT,S,S_SV,"2021-01-21 12:30:02",1090,1066,15,9,517,493,15,9,1200,683,477,29,11,8,28,51,3,312,7,1,2,1,2,56,0,4,1,1
8,BRAŞOV,"ȘCOALA GIMNAZIALĂ BUDILA",308,BUDILA,40688,1,PROV,PRCNCT,S,S_SV,"2021-01-21 12:30:02",1123,1105,14,4,355,337,14,4,1200,845,341,7,7,49,129,51,7,41,18,2,6,0,2,33,1,0,2,0
8,BRAŞOV,"PRIMĂRIA COMUNEI BUDILA",309,BUDILA,40688,1,PROV,PRCNCT,S,S_SV,"2021-01-21 12:30:02",983,957,18,8,439,413,18,8,1000,561,408,17,14,23,48,63,8,215,8,1,5,1,3,27,2,3,0,1
8,BRAŞOV,"PRIMĂRIA BUNEŞTI",310,BUNEŞTI,40704,1,PROV,PRCNCT,S,S_SV,"2021-01-21 12:30:02",633,619,14,0,141,127,14,0,700,559,136,1,4,17,0,55,6,36,4,1,0,0,0,15,0,0,1,1
8,BRAŞOV,"ŞCOALA PRIMARĂ CRIȚ",311,BUNEŞTI,40704,1,PROV,PRCNCT,S,S_SV,"2021-01-21 12:30:02",574,557,17,0,106,89,17,0,600,494,102,0,4,30,1,21,5,16,3,0,2,0,1,18,1,2,1,1
8,BRAŞOV,"CĂMINUL CULTURAL MEŞENDORF",312,BUNEŞTI,40704,1,PROV,PRCNCT,S,S_SV,"2021-01-21 12:30:02",312,306,6,0,43,37,6,0,400,357,43,0,0,3,1,10,1,15,1,0,0,0,0,12,0,0,0,0
8,BRAŞOV,"ŞCOALA PRIMARĂ ROADEŞ",313,BUNEŞTI,40704,2,PART,PRCNCT,S,S_SV,"2021-01-21 12:30:02",284,269,15,0,78,63,15,0,300,222,77,1,0,6,1,7,2,20,1,0,2,0,0,36,0,1,1,0
8,BRAŞOV,"ŞCOALA PRIMARĂ VISCRI",314,BUNEŞTI,40704,1,PROV,PRCNCT,S,S_SV,"2021-01-21 12:30:02",403,375,28,0,104,76,28,0,402,298,101,2,1,36,1,14,2,20,5,3,1,0,0,18,0,0,0,1
8,BRAŞOV,"CĂMINUL CULTURAL CAŢA",315,CAŢA,40768,1,PROV,PRCNCT,S,S_SV,"2021-01-21 12:30:02",1055,1039,14,2,379,363,14,2,1100,721,362,11,6,13,10,55,6,232,9,0,3,0,3,23,3,2,2,1
8,BRAŞOV,"ŞCOALA GENERALĂ BEIA",316,CAŢA,40768,1,PROV,PRCNCT,S,S_SV,"2021-01-21 12:30:02",332,317,15,0,117,102,15,0,400,283,113,2,2,5,2,13,3,73,1,0,1,0,1,12,1,1,0,0
8,BRAŞOV,"GRĂDINIŢA DRĂUŞENI",317,CAŢA,40768,1,PROV,PRCNCT,S,S_SV,"2021-01-21 12:30:02",414,404,10,0,140,130,10,0,500,360,134,2,4,2,52,6,1,59,2,0,2,0,1,6,0,3,0,0
8,BRAŞOV,"CĂMINUL CULTURAL IONEŞTI",318,CAŢA,40768,1,PROV,PRCNCT,S,S_SV,"2021-01-21 12:30:02",116,100,16,0,46,30,16,0,100,54,44,0,2,2,30,2,1,8,0,0,1,0,0,0,0,0,0,0
8,BRAŞOV,"ŞCOALA GENERALĂ PALOŞ",319,CAŢA,40768,1,PROV,PRCNCT,S,S_SV,"2021-01-21 12:30:02",223,194,29,0,104,75,29,0,200,96,101,2,1,7,1,9,1,71,0,0,1,0,0,11,0,0,0,0
8,BRAŞOV,"GRĂDINIȚA CU PROGRAM PRELUNGIT CINCU",320,CINCU,40820,1,PROV,PRCNCT,S,S_SV,"2021-01-21 12:30:02",1339,1299,40,0,371,331,40,0,1387,1016,356,12,3,48,3,71,9,166,8,1,3,0,1,43,1,0,1,1
8,BRAŞOV,"ȘCOALA GENERALĂ TOARCLA",321,CINCU,40820,2,PART,PRCNCT,S,S_SV,"2021-01-21 12:30:02",297,284,13,0,84,71,13,0,300,216,81,3,0,1,4,18,2,34,1,0,1,0,0,18,0,0,1,1
8,BRAŞOV,"CĂMINUL CULTURAL COMĂNA DE JOS",322,COMANA,40857,1,PROV,PRCNCT,S,S_SV,"2021-01-21 12:30:02",867,846,21,0,204,183,21,0,900,696,196,5,3,21,2,54,11,70,6,1,2,0,1,26,1,0,0,1
8,BRAŞOV,"CĂMINUL CULTURAL COMĂNA DE SUS",323,COMANA,40857,1,PROV,PRCNCT,S,S_SV,"2021-01-21 12:30:02",303,285,18,0,75,57,18,0,300,225,74,1,0,4,0,25,4,19,4,0,0,1,0,15,2,0,0,0
8,BRAŞOV,"CĂMINUL CULTURAL CRIHALMA",324,COMANA,40857,1,PROV,PRCNCT,S,S_SV,"2021-01-21 12:30:02",582,574,8,0,208,200,8,0,600,392,201,6,1,8,0,41,8,110,6,0,1,0,2,22,1,2,0,0
8,BRAŞOV,"CĂMINUL CULTURAL TICUŞU NOU",325,COMANA,40857,1,PROV,PRCNCT,S,S_SV,"2021-01-21 12:30:02",486,467,19,0,190,171,19,0,500,310,181,3,6,2,0,27,8,119,3,0,0,0,0,15,2,2,1,2
8,BRAŞOV,"GRADINITA DE COPII CRISTIAN",326,CRISTIAN,40900,2,PART,PRCNCT,S,S_SV,"2021-01-21 12:30:02",1962,1839,118,5,818,695,118,5,1800,982,805,10,3,284,16,98,27,253,47,9,7,3,5,48,3,2,3,0
8,BRAŞOV,"CAMINUL CULTURAL NR. 1",327,CRISTIAN,40900,1,PROV,PRCNCT,S,S_SV,"2021-01-21 12:30:02",1340,1292,48,0,466,418,48,0,1400,934,456,10,0,109,1,77,23,178,23,8,5,3,3,20,3,1,1,1
8,BRAŞOV,"SCOALA GENERALA, CORP B",328,CRISTIAN,40900,1,PROV,PRCNCT,S,S_SV,"2021-01-21 12:30:02",1772,1701,68,3,655,584,68,3,1800,1145,645,8,2,176,9,99,21,225,29,11,9,2,1,50,6,1,3,3
8,BRAŞOV,"CĂMINUL CULTURAL",329,CRIZBAV,42456,1,PROV,PRCNCT,S,S_SV,"2021-01-21 12:30:02",1450,1374,66,10,519,443,66,10,1500,981,490,18,11,29,142,167,6,71,1,1,5,1,1,56,3,4,3,0
8,BRAŞOV,"ŞCOALA PRIMARĂ CUTUŞ",330,CRIZBAV,42456,1,PROV,PRCNCT,S,S_SV,"2021-01-21 12:30:02",609,592,15,2,208,191,15,2,700,492,190,15,3,1,12,122,1,22,5,0,2,1,2,17,2,2,1,0
8,BRAŞOV,"PRIMĂRIA DRĂGUŞ",331,DRĂGUŞ,42480,1,PROV,PRCNCT,S,S_SV,"2021-01-21 12:30:02",973,915,55,3,321,263,55,3,1000,679,309,7,5,70,0,36,9,126,32,0,0,1,1,26,1,2,2,3
8,BRAŞOV,"PRIMĂRIA COMUNEI DUMBRĂVIŢA",332,DUMBRĂVIŢA,40928,2,PART,PRCNCT,S,S_SV,"2021-01-21 12:30:02",1622,1588,30,4,375,341,30,4,1800,1425,363,7,5,109,3,44,24,113,14,3,4,2,5,39,0,0,0,3
8,BRAŞOV,"GRĂDINIŢA CU PROGRAM NORMAL DUMBRĂVIŢA",333,DUMBRĂVIŢA,40928,1,PROV,PRCNCT,S,S_SV,"2021-01-21 12:30:02",1777,1757,20,0,414,394,20,0,1900,1486,401,6,7,100,1,66,20,123,14,4,4,1,2,58,5,1,1,1
8,BRAŞOV,"ŞCOALA GENERALĂ SAT VLĂDENI",334,DUMBRĂVIŢA,40928,1,PROV,PRCNCT,S,S_SV,"2021-01-21 12:30:02",807,722,85,0,312,227,85,0,799,487,302,9,1,24,0,38,82,117,6,2,5,2,1,14,3,1,2,5
8,BRAŞOV,"CĂMINUL CULTURAL FELDIOARA",335,FELDIOARA,40955,1,PROV,PRCNCT,S,S_SV,"2021-01-21 12:30:02",1829,1799,30,0,542,512,30,0,2000,1458,530,11,1,74,6,155,17,152,12,5,5,2,3,89,6,1,1,2
8,BRAŞOV,"LICEUL TEORETIC PETRU RAREȘ FELDIOARA",336,FELDIOARA,40955,1,PROV,PRCNCT,S,S_SV,"2021-01-21 12:30:02",1343,1318,25,0,486,461,25,0,1500,1014,469,12,5,99,15,83,13,151,21,4,8,1,5,58,9,0,2,0
8,BRAŞOV,"LICEUL TEORETIC PETRU RAREȘ FELDIOARA",337,FELDIOARA,40955,1,PROV,PRCNCT,S,S_SV,"2021-01-21 12:30:02",1223,1207,16,0,344,328,16,0,1300,956,329,7,8,45,4,74,6,109,13,2,13,4,2,50,3,2,2,0
8,BRAŞOV,"CĂMINUL CULTURAL ROTBAV",338,FELDIOARA,40955,1,PROV,PRCNCT,S,S_SV,"2021-01-21 12:30:02",1124,1085,39,0,414,375,39,0,1200,786,400,12,2,114,7,79,11,113,10,2,6,2,5,44,2,3,1,1
8,BRAŞOV,"CĂMINUL CULTURAL RECONSTRUCŢIA",339,FELDIOARA,40955,1,PROV,PRCNCT,S,S_SV,"2021-01-21 12:30:02",602,593,9,0,184,175,9,0,700,516,174,6,4,19,10,33,4,58,6,1,4,0,2,36,0,1,0,0
8,BRAŞOV,"ŞCOALA GENERALĂ FUNDATA",340,FUNDATA,40991,1,PROV,PRCNCT,S,S_SV,"2021-01-21 12:30:02",486,436,39,11,223,173,39,11,500,277,218,2,3,25,1,45,12,118,8,1,0,0,0,5,2,0,1,0
8,BRAŞOV,"ŞCOALA GENERALĂ ŞIRNEA",341,FUNDATA,40991,1,PROV,PRCNCT,S,S_SV,"2021-01-21 12:30:02",221,198,23,0,86,63,23,0,200,114,85,0,1,9,0,11,2,50,2,0,1,0,0,8,2,0,0,0
8,BRAŞOV,"CĂMINUL CULTURAL",342,HĂLCHIU,41033,1,PROV,PRCNCT,S,S_SV,"2021-01-21 12:30:02",1556,1517,38,1,425,386,38,1,1700,1275,414,9,2,101,10,102,23,115,8,0,2,5,3,35,5,3,1,1
8,BRAŞOV,"LOCAȚIA KREDENT",343,HĂLCHIU,41033,1,PROV,PRCNCT,S,S_SV,"2021-01-21 12:30:02",1561,1513,48,0,487,439,48,0,1700,1213,481,6,0,117,9,101,22,126,31,6,6,6,1,47,8,0,1,0
8,BRAŞOV,"CAMIN CULTURAL",344,HĂLCHIU,41033,1,PROV,PRCNCT,S,S_SV,"2021-01-21 12:30:02",1035,1006,29,0,291,262,29,0,1100,809,276,8,7,28,114,49,3,38,3,0,3,1,1,32,1,1,1,1
8,BRAŞOV,"CĂMINUL CULTURAL",345,HĂRMAN,41088,1,PROV,PRCNCT,S,S_SV,"2021-01-21 12:30:02",723,662,61,0,253,192,61,0,700,447,249,1,3,61,7,32,15,77,15,4,8,0,0,29,0,1,0,0
8,BRAŞOV,"SCOALA GIMNAZIALA HARMAN",346,HĂRMAN,41088,1,PROV,PRCNCT,S,S_SV,"2021-01-21 12:30:02",1800,1745,50,5,587,532,50,5,1899,1312,575,6,6,217,14,94,16,139,25,2,9,6,1,42,9,0,0,1
8,BRAŞOV,"SCOALA GIMNAZIALA HARMAN",347,HĂRMAN,41088,1,PROV,PRCNCT,S,S_SV,"2021-01-21 12:30:02",1725,1672,48,5,511,458,48,5,1800,1289,496,12,3,158,6,90,9,137,33,2,2,0,1,47,7,1,2,1
8,BRAŞOV,"SCOALA GIMNAZIALA HARMAN",348,HĂRMAN,41088,2,PART,PRCNCT,S,S_SV,"2021-01-21 12:30:02",1635,1587,46,2,561,513,46,2,1700,1139,550,7,4,173,5,98,21,147,33,5,7,1,0,49,5,3,2,1
8,BRAŞOV,"ŞCOALA GIMNAZIALĂ PROF.DR. IOAN CERGHIT HÂRSENI",349,HÂRSENI,41113,1,PROV,PRCNCT,S,S_SV,"2021-01-21 12:30:02",499,479,17,3,153,133,17,3,500,347,148,3,2,22,2,45,4,33,7,0,5,0,2,16,9,1,1,1
8,BRAŞOV,"GRĂDINIȚA SEBEȘ",350,HÂRSENI,41113,1,PROV,PRCNCT,S,S_SV,"2021-01-21 12:30:02",679,656,21,2,175,152,21,2,700,525,170,3,2,14,1,36,3,61,11,2,10,0,1,21,7,1,1,1
8,BRAŞOV,"GRĂDINIȚA MĂRGINENI",351,HÂRSENI,41113,1,PROV,PRCNCT,S,S_SV,"2021-01-21 12:30:02",277,248,29,0,89,60,29,0,300,211,86,3,0,6,1,27,4,30,3,0,6,1,0,6,2,0,0,0
8,BRAŞOV,"GRĂDINIȚA COPĂCEL",352,HÂRSENI,41113,1,PROV,PRCNCT,S,S_SV,"2021-01-21 12:30:02",543,519,21,3,169,145,21,3,600,431,166,1,2,20,1,42,14,57,3,1,4,0,1,19,3,0,1,0
8,BRAŞOV,"CĂMINUL CULTURAL HOGHIZ",353,HOGHIZ,41177,1,PROV,PRCNCT,S,S_SV,"2021-01-21 12:30:02",1029,1005,24,0,265,241,24,0,1100,835,259,5,1,28,91,66,4,48,4,1,1,0,2,10,2,1,1,0
8,BRAŞOV,"CĂMINUL CULTURAL HOGHIZ",354,HOGHIZ,41177,1,PROV,PRCNCT,S,S_SV,"2021-01-21 12:30:02",792,784,8,0,173,165,8,0,900,727,168,1,4,14,49,45,2,30,2,1,4,0,1,14,3,3,0,0
8,BRAŞOV,"CĂMINUL CULTURAL BOGATA",355,HOGHIZ,41177,1,PROV,PRCNCT,S,S_SV,"2021-01-21 12:30:02",355,337,18,0,155,137,18,0,400,245,142,13,0,3,1,41,30,28,2,1,5,0,0,28,1,0,0,2
8,BRAŞOV,"ȘCOALA GIMNAZIALĂ ”ARON PUMNU” CUCIULATA",356,HOGHIZ,41177,1,PROV,PRCNCT,S,S_SV,"2021-01-21 12:30:02",1157,1135,22,0,294,272,22,0,1200,906,274,10,10,10,2,128,7,49,3,0,3,0,2,67,1,0,2,0
8,BRAŞOV,"CĂMINUL CULTURAL DOPCA",357,HOGHIZ,41177,1,PROV,PRCNCT,S,S_SV,"2021-01-21 12:30:02",411,398,13,0,137,124,13,0,500,363,131,1,5,7,56,33,8,11,1,1,2,0,0,8,1,0,2,1
8,BRAŞOV,"CĂMUNUL CULTURAL FÂNTÂNA",358,HOGHIZ,41177,1,PROV,PRCNCT,S,S_SV,"2021-01-21 12:30:02",231,215,16,0,97,81,16,0,300,203,93,2,2,20,2,22,3,32,2,0,3,0,1,8,0,0,0,0
8,BRAŞOV,"CĂMINUL CULTURAL LUPŞA",359,HOGHIZ,41177,1,PROV,PRCNCT,S,S_SV,"2021-01-21 12:30:02",87,77,10,0,27,17,10,0,100,73,27,0,0,2,1,7,1,4,1,0,1,0,1,9,0,0,0,0
8,BRAŞOV,"CĂMINUL CULTURAL HOLBAV",360,HOLBAV,42472,1,PROV,PRCNCT,S,S_SV,"2021-01-21 12:30:02",1046,1027,19,0,315,296,19,0,1100,785,305,6,4,26,0,77,0,68,21,1,1,3,4,96,1,4,0,3
8,BRAŞOV,"CAMIN CULTURAL HOMOROD",361,HOMOROD,41248,1,PROV,PRCNCT,S,S_SV,"2021-01-21 12:30:02",1216,1204,12,0,225,213,12,0,1300,1075,220,4,1,11,16,108,3,35,1,0,4,0,1,36,1,4,0,0
8,BRAŞOV,"CAMIN CULTURAL MERCHEASA",362,HOMOROD,41248,1,PROV,PRCNCT,S,S_SV,"2021-01-21 12:30:02",434,411,23,0,197,174,23,0,500,303,183,4,10,13,1,50,0,102,0,1,0,0,0,12,1,0,1,2
8,BRAŞOV,"CAMIN CULTURAL JIMBOR",363,HOMOROD,41248,1,PROV,PRCNCT,S,S_SV,"2021-01-21 12:30:02",387,378,9,0,134,125,9,0,400,266,130,2,2,2,80,25,1,15,3,0,1,0,0,2,0,1,0,0
8,BRAŞOV,"ŞCOALA GENERALĂ JIBERT",364,JIBERT,41284,1,PROV,PRCNCT,S,S_SV,"2021-01-21 12:30:02",655,632,23,0,138,115,23,0,700,562,133,4,1,9,3,11,10,81,0,0,0,0,4,14,0,1,0,0
8,BRAŞOV,"ŞCOALA GENERALĂ DACIA",365,JIBERT,41284,1,PROV,PRCNCT,S,S_SV,"2021-01-21 12:30:02",636,611,25,0,168,143,25,0,700,532,161,4,3,12,9,48,3,55,3,1,4,0,1,21,1,0,1,2
8,BRAŞOV,"CĂMINUL CULTURAL LOVNIC",366,JIBERT,41284,1,PROV,PRCNCT,S,S_SV,"2021-01-21 12:30:02",488,452,36,0,130,94,36,0,500,370,128,2,0,3,1,21,7,75,3,0,0,0,0,14,1,0,1,2
8,BRAŞOV,"ŞCOALA GENERALĂ GRÎNARI",367,JIBERT,41284,1,PROV,PRCNCT,S,S_SV,"2021-01-21 12:30:02",305,288,17,0,102,85,17,0,300,198,96,1,5,4,68,6,2,9,2,0,0,0,0,4,0,0,0,1
8,BRAŞOV,"ŞCOALA GENERALĂ VĂLENI",368,JIBERT,41284,1,PROV,PRCNCT,S,S_SV,"2021-01-21 12:30:02",153,136,17,0,60,43,17,0,200,140,59,1,0,4,1,16,5,24,2,0,0,0,0,7,0,0,0,0
8,BRAŞOV,"CĂMINUL CULTURAL LISA",369,LISA,41346,1,PROV,PRCNCT,S,S_SV,"2021-01-21 12:30:02",923,875,46,2,333,285,46,2,1000,667,312,8,13,32,2,144,4,68,10,1,4,0,1,41,2,0,3,0
8,BRAŞOV,"CĂMINUL CULTURAL BREAZA",370,LISA,41346,1,PROV,PRCNCT,S,S_SV,"2021-01-21 12:30:02",630,563,63,4,269,202,63,4,600,331,265,2,2,23,1,94,35,65,17,0,0,0,0,22,3,1,1,3
8,BRAŞOV,"CAMINUL CULTURAL MAIERUS",371,MĂIERUŞ,41382,1,PROV,PRCNCT,S,S_SV,"2021-01-21 12:30:02",1525,1480,33,12,534,489,33,12,1600,1066,516,13,5,55,4,77,9,247,10,0,6,0,2,97,2,1,3,3
8,BRAŞOV,"CAMINUL CULTURAL ARINI",372,MĂIERUŞ,41382,1,PROV,PRCNCT,S,S_SV,"2021-01-21 12:30:02",829,807,22,0,349,327,22,0,905,556,319,12,18,16,2,37,8,210,12,2,1,0,0,23,1,6,1,0
8,BRAŞOV,"SCOALA GENERALA MÂNDRA",373,MÂNDRA,41417,1,PROV,PRCNCT,S,S_SV,"2021-01-21 12:30:02",988,953,35,0,270,235,35,0,1000,730,262,4,4,28,2,117,7,60,0,1,8,2,8,21,5,0,2,1
8,BRAŞOV,"AŞEZAMÂNT CULTURAL",374,MÂNDRA,41417,1,PROV,PRCNCT,S,S_SV,"2021-01-21 12:30:02",717,673,44,0,222,178,44,0,700,478,216,5,1,31,0,69,2,82,15,0,4,0,1,11,1,0,0,0
8,BRAŞOV,"AŞEZAMÂNT CULTURAL",375,MÂNDRA,41417,1,PROV,PRCNCT,S,S_SV,"2021-01-21 12:30:02",461,440,19,2,145,124,19,2,500,355,144,1,0,14,1,43,10,48,5,0,9,0,0,13,1,0,0,0
8,BRAŞOV,"AŞEZAMÂNT CULTURAL",376,MÂNDRA,41417,1,PROV,PRCNCT,S,S_SV,"2021-01-21 12:30:02",262,233,29,0,79,50,29,0,300,221,72,7,0,6,1,25,3,26,2,0,1,0,0,6,2,0,0,0
8,BRAŞOV,"AŞEZAMÂNT CULTURAL",377,MÂNDRA,41417,1,PROV,PRCNCT,S,S_SV,"2021-01-21 12:30:02",224,195,29,0,89,60,29,0,200,111,86,2,1,6,0,34,0,34,5,1,3,0,0,2,1,0,0,0
8,BRAŞOV,"PRIMĂRIA COMUNEI MOIECIU",378,MOIECIU,41471,1,PROV,PRCNCT,S,S_SV,"2021-01-21 12:30:02",1131,1085,46,0,373,327,46,0,1201,828,364,6,3,57,0,78,14,138,23,1,6,0,4,32,2,3,5,1
8,BRAŞOV,"PRIMĂRIA COMUNEI MOIECIU",379,MOIECIU,41471,2,PART,PRCNCT,S,S_SV,"2021-01-21 12:30:02",1266,1227,39,0,473,434,39,0,1400,927,463,7,3,101,0,104,10,177,17,1,9,1,4,30,5,1,1,2
8,BRAŞOV,"ŞCOALA GIMNAZIALĂ MOIECIU DE SUS",380,MOIECIU,41471,1,PROV,PRCNCT,S,S_SV,"2021-01-21 12:30:02",805,772,33,0,259,226,33,0,805,546,255,2,2,64,0,70,13,56,5,3,5,1,2,34,0,0,2,0
8,BRAŞOV,"ŞCOALA GIMNAZIALĂ PEȘTERA",381,MOIECIU,41471,1,PROV,PRCNCT,S,S_SV,"2021-01-21 12:30:02",377,341,36,0,147,111,36,0,400,253,144,1,2,24,1,30,4,41,15,0,0,0,1,22,2,3,1,0
8,BRAŞOV,"ŞCOALA GIMNAZIALĂ MĂGURA",382,MOIECIU,41471,1,PROV,PRCNCT,S,S_SV,"2021-01-21 12:30:02",437,412,25,0,171,146,25,0,500,329,162,4,5,16,1,39,10,59,11,1,0,1,2,14,0,5,2,1
8,BRAŞOV,"DISPENSAR MEDICAL ORMENIŞ",383,ORMENIŞ,41541,1,PROV,PRCNCT,S,S_SV,"2021-01-21 12:30:02",1648,1582,22,44,595,529,22,44,1700,1105,577,5,13,5,266,35,50,168,19,1,2,1,6,20,0,1,2,1
8,BRAŞOV,"CĂMINUL CULTURAL PĂRĂU",384,PĂRĂU,41578,1,PROV,PRCNCT,S,S_SV,"2021-01-21 12:30:02",543,509,34,0,143,109,34,0,600,457,141,1,1,9,6,41,10,28,18,0,1,0,1,21,2,2,2,0
8,BRAŞOV,"ŞCOALA PRIMARĂ GRID",385,PĂRĂU,41578,2,PART,PRCNCT,S,S_SV,"2021-01-21 12:30:02",280,241,39,0,111,72,39,0,300,189,107,0,4,16,1,28,4,37,3,0,1,0,0,15,1,1,0,0
8,BRAŞOV,"CLĂDIREA FOSTEI PRIMĂRII",386,PĂRĂU,41578,1,PROV,PRCNCT,S,S_SV,"2021-01-21 12:30:02",608,577,31,0,169,138,31,0,600,431,161,4,4,17,1,26,3,75,15,0,1,0,0,10,8,0,4,1
8,BRAŞOV,"CĂMINUL CULTURAL VENEȚIA DE SUS",387,PĂRĂU,41578,1,PROV,PRCNCT,S,S_SV,"2021-01-21 12:30:02",403,378,25,0,155,130,25,0,400,245,149,3,3,5,1,20,5,41,53,0,0,1,1,19,0,0,1,2
8,BRAŞOV,"ȘCOALA GIMNAZIALĂ NR.1 CORP A2",388,"POIANA MĂRULUI",41621,2,PART,PRCNCT,S,S_SV,"2021-01-21 12:30:02",1283,1261,20,2,497,475,20,2,1400,903,478,12,7,58,2,149,24,160,17,0,4,0,2,56,0,1,2,3
8,BRAŞOV,"ȘCOALĂ GIMNAZIALĂ NR.1 CORP B",389,"POIANA MĂRULUI",41621,1,PROV,PRCNCT,S,S_SV,"2021-01-21 12:30:02",1013,984,29,0,276,247,29,0,1100,824,263,5,8,26,2,65,17,75,7,0,1,0,5,58,3,1,2,1
8,BRAŞOV,"ȘCOALĂ GIMNAZIALĂ NR. 2 ÎNTRE-VAI",390,"POIANA MĂRULUI",41621,1,PROV,PRCNCT,S,S_SV,"2021-01-21 12:30:02",407,391,16,0,108,92,16,0,400,292,105,3,0,8,2,40,2,22,5,0,2,1,1,19,2,0,0,1
8,BRAŞOV,"ȘCOALA GIMNAZIALĂ PREJMER, STR.ȘCOLII, NR.1, CORP A, PARTER",391,PREJMER,41667,1,PROV,PRCNCT,S,S_SV,"2021-01-21 12:30:02",1649,1602,44,3,502,455,44,3,1800,1298,485,8,9,133,0,76,26,153,28,3,4,4,10,38,7,1,2,0
8,BRAŞOV,"ȘCOALA GIMNAZIALĂ PREJMER, STR.ȘCOLII, NR.1, CORP A, PARTER",392,PREJMER,41667,1,PROV,PRCNCT,S,S_SV,"2021-01-21 12:30:02",1865,1850,15,0,475,460,15,0,2000,1525,440,9,26,103,6,67,14,149,22,4,4,7,0,58,2,3,0,1
8,BRAŞOV,"ȘCOALA GIMNAZIALĂ PREJMER, STR.ȘCOLII, NR.1, CORP A, PARTER",393,PREJMER,41667,3,PART,PRCNCT,S,S_SV,"2021-01-21 12:30:02",1794,1753,39,2,523,482,39,2,1900,1377,514,8,1,105,3,95,9,190,34,1,2,6,2,62,2,2,1,0
8,BRAŞOV,"SCOALA GIMNAZIALA LUNCA CALNICULUI SAT",394,PREJMER,41667,1,PROV,PRCNCT,S,S_SV,"2021-01-21 12:30:02",1327,1291,36,0,390,354,36,0,1400,1010,381,5,4,74,2,65,17,105,23,3,8,1,1,74,4,1,2,1
8,BRAŞOV,"SCOALA GIMNAZIALA LUNCA CALNICULUI COLONIE",395,PREJMER,41667,1,PROV,PRCNCT,S,S_SV,"2021-01-21 12:30:02",1344,1312,32,0,393,361,32,0,1400,1007,385,7,1,72,14,60,12,116,16,2,1,1,0,86,2,0,2,1
8,BRAŞOV,"CAMIN CULTURAL",396,RACOŞ,41701,1,PROV,PRCNCT,S,S_SV,"2021-01-21 12:30:02",407,393,14,0,89,75,14,0,400,311,85,3,1,7,5,25,10,24,1,0,0,0,0,10,0,1,2,0
8,BRAŞOV,"SCOALA GENERALA „BETHLEN SAMUEL”",397,RACOŞ,41701,1,PROV,PRCNCT,S,S_SV,"2021-01-21 12:30:02",1146,1132,14,0,105,91,14,0,1200,1095,94,7,4,4,34,15,13,12,5,0,1,0,1,9,0,0,0,0
8,BRAŞOV,"PRIMĂRIA COMUNEI RACOS",398,RACOŞ,41701,2,PART,PRCNCT,S,S_SV,"2021-01-21 12:30:02",1040,1028,12,0,232,220,12,0,1100,868,226,4,2,10,132,13,26,26,3,0,0,2,1,6,0,3,2,2
8,BRAŞOV,"CĂMINUL CULTURAL RECEA",399,RECEA,41738,1,PROV,PRCNCT,S,S_SV,"2021-01-21 12:30:02",1693,1599,94,0,469,375,94,0,1800,1331,448,15,6,55,2,108,7,174,17,4,3,0,3,61,5,4,2,3
8,BRAŞOV,"CĂMINUL CULTURAL BERIVOI",400,RECEA,41738,2,PART,PRCNCT,S,S_SV,"2021-01-21 12:30:02",515,471,43,1,161,117,43,1,500,339,157,4,0,15,3,40,16,60,5,1,1,0,0,15,1,0,0,0
8,BRAŞOV,"CĂMINUL CULTURAL SĂVĂSTRENI",401,RECEA,41738,1,PROV,PRCNCT,S,S_SV,"2021-01-21 12:30:02",592,563,29,0,142,113,29,0,600,458,138,4,0,11,1,29,6,62,4,0,2,1,1,14,3,1,1,2
8,BRAŞOV,"SCOALA GENERALA",402,"SÂMBĂTA DE SUS",42464,1,PROV,PRCNCT,S,S_SV,"2021-01-21 12:30:02",1395,1312,81,2,522,439,81,2,1400,878,513,7,2,44,0,98,17,254,31,11,3,0,1,35,15,2,2,0
8,BRAŞOV,"ŞCOALA GIMNAZIALĂ SÂNPETRU",403,SÂNPETRU,41925,1,PROV,PRCNCT,S,S_SV,"2021-01-21 12:30:02",2117,2047,69,1,771,701,69,1,2200,1429,763,8,0,368,17,87,20,169,34,1,10,7,2,39,7,0,2,0
8,BRAŞOV,"GRADINITA CU PROGRAM NORMAL 4ORE SANPETRU",404,SÂNPETRU,41925,1,PROV,PRCNCT,S,S_SV,"2021-01-21 12:30:02",1980,1909,71,0,778,707,71,0,2100,1322,777,1,0,350,22,88,28,165,38,4,19,7,4,41,11,0,0,0
8,BRAŞOV,"CĂMINUL CULTURAL AL BISERICII ORTODOXE",405,SÂNPETRU,41925,1,PROV,PRCNCT,S,S_SV,"2021-01-21 12:30:02",1533,1474,38,21,474,415,38,21,1600,1126,465,6,3,134,8,82,18,110,15,1,13,3,5,56,14,4,2,0
8,BRAŞOV,"GRADINITA CU PROGRAM NORMAL 8 ORE SÎNPETRU",406,SÂNPETRU,41925,1,PROV,PRCNCT,S,S_SV,"2021-01-21 12:30:02",2029,1923,103,3,905,799,103,3,2100,1195,900,5,0,484,9,99,19,147,48,3,12,14,5,52,6,1,0,1
8,BRAŞOV,"CĂMIN CULTURAL ŞERCAIA",407,ŞERCAIA,41818,1,PROV,PRCNCT,S,S_SV,"2021-01-21 12:30:02",1444,1416,26,2,336,308,26,2,1600,1264,317,13,6,46,5,54,3,159,7,1,3,0,3,34,1,0,1,0
8,BRAŞOV,"CĂMIN CULTURAL VAD",408,ŞERCAIA,41818,1,PROV,PRCNCT,S,S_SV,"2021-01-21 12:30:02",494,440,54,0,190,136,54,0,500,310,180,7,3,30,3,63,4,63,5,0,0,0,1,9,2,0,0,0
8,BRAŞOV,"FOSTUL SEDIU CAP",409,ŞERCAIA,41818,1,PROV,PRCNCT,S,S_SV,"2021-01-21 12:30:02",423,398,17,8,85,60,17,8,500,415,83,1,1,7,40,5,1,25,3,1,0,0,0,1,0,0,0,0
8,BRAŞOV,"ȘCOALĂ GENERALĂ",410,ŞINCA,41854,1,PROV,PRCNCT,S,S_SV,"2021-01-21 12:30:02",196,182,14,0,59,45,14,0,200,141,58,1,0,2,1,9,3,11,20,0,1,0,0,10,0,0,1,0
8,BRAŞOV,"CĂMINUL CULTURAL",411,ŞINCA,41854,1,PROV,PRCNCT,S,S_SV,"2021-01-21 12:30:02",262,222,40,0,114,74,40,0,300,186,112,2,0,12,1,16,5,54,7,0,0,0,3,12,2,0,0,0
8,BRAŞOV,"CĂMINUL CULTURAL",412,ŞINCA,41854,1,PROV,PRCNCT,S,S_SV,"2021-01-21 12:30:02",310,272,38,0,113,75,38,0,300,187,112,1,0,14,1,26,2,40,10,0,1,0,1,13,2,1,1,0
8,BRAŞOV,"CĂMINUL CULTURAL",413,ŞINCA,41854,1,PROV,PRCNCT,S,S_SV,"2021-01-21 12:30:02",931,902,29,0,160,131,29,0,1000,840,148,6,6,12,2,28,7,53,7,0,3,1,1,27,3,2,2,0
8,BRAŞOV,"CĂMINUL CULTURAL",414,ŞINCA,41854,1,PROV,PRCNCT,S,S_SV,"2021-01-21 12:30:02",617,565,52,0,232,180,52,0,600,368,213,3,16,18,3,53,13,62,22,1,6,1,3,23,1,2,1,4
8,BRAŞOV,PRIMĂRIE,415,ŞINCA,41854,1,PROV,PRCNCT,S,S_SV,"2021-01-21 12:30:02",755,709,46,0,251,205,46,0,800,549,247,0,4,36,2,31,17,57,44,0,7,0,0,47,3,1,0,2
8,BRAŞOV,"CĂMINUL CULTURAL",416,"ŞINCA NOUĂ",42449,2,PART,PRCNCT,S,S_SV,"2021-01-21 12:30:02",979,902,40,37,620,543,40,37,1000,380,603,12,5,53,0,56,11,300,13,5,104,0,4,41,9,5,1,1
8,BRAŞOV,"ȘCOALĂ GENERALĂ",417,"ŞINCA NOUĂ",42449,2,PART,PRCNCT,S,S_SV,"2021-01-21 12:30:02",215,200,15,0,108,93,15,0,198,90,101,6,1,5,0,8,1,63,1,2,2,0,0,16,2,0,0,1
8,BRAŞOV,"ȘCOALA PRIMARĂ PALTIN",418,"ŞINCA NOUĂ",42449,1,PROV,PRCNCT,S,S_SV,"2021-01-21 12:30:02",190,148,41,1,117,75,41,1,200,83,115,1,1,2,0,14,0,71,1,1,2,0,1,23,0,0,0,0
8,BRAŞOV,"PRIMĂRIA COMUNEI ȘOARȘ",419,ŞOARŞ,41943,1,PROV,PRCNCT,S,S_SV,"2021-01-21 12:30:02",511,497,14,0,161,147,14,0,500,339,153,6,2,12,2,15,12,81,2,0,0,2,2,18,3,3,1,0
8,BRAŞOV,"ȘCOALA GENERALĂ FELMER",420,ŞOARŞ,41943,1,PROV,PRCNCT,S,S_SV,"2021-01-21 12:30:02",387,365,22,0,143,121,22,0,400,257,135,5,3,8,2,24,1,80,2,1,1,0,0,14,1,1,0,0
8,BRAŞOV,"ȘCOALA GENERALĂ BĂRCUT",421,ŞOARŞ,41943,1,PROV,PRCNCT,S,S_SV,"2021-01-21 12:30:02",364,346,18,0,99,81,18,0,400,301,94,3,2,2,1,15,6,47,3,0,1,4,0,11,0,1,2,1
8,BRAŞOV,"ȘCOALA GENERALĂ RODBAV",422,ŞOARŞ,41943,1,PROV,PRCNCT,S,S_SV,"2021-01-21 12:30:02",276,259,17,0,99,82,17,0,300,201,94,3,2,5,1,18,1,40,1,0,1,0,1,22,0,2,0,2
8,BRAŞOV,"CĂMINUL CULTURAL ORTODOX SELIȘTAT",423,ŞOARŞ,41943,1,PROV,PRCNCT,S,S_SV,"2021-01-21 12:30:02",173,164,9,0,50,41,9,0,200,150,50,0,0,6,1,4,1,33,2,0,0,0,0,3,0,0,0,0
8,BRAŞOV,"CAMIN CULTURAL",424,TĂRLUNGENI,42003,2,PART,PRCNCT,S,S_SV,"2021-01-21 12:30:02",2050,2017,33,0,570,537,33,0,2100,1530,552,13,5,157,103,58,9,120,12,5,2,6,2,67,7,3,1,0
8,BRAŞOV,"GRADINITA PROGRAM PRELUNGIT",425,TĂRLUNGENI,42003,1,PROV,PRCNCT,S,S_SV,"2021-01-21 12:30:02",1207,1178,27,2,354,325,27,2,1300,946,342,8,4,71,47,46,9,91,11,0,7,5,2,45,2,3,2,1
8,BRAŞOV,"ȘCOALA GIMNAZIALĂ TĂRLUNGENI",426,TĂRLUNGENI,42003,1,PROV,PRCNCT,S,S_SV,"2021-01-21 12:30:02",956,928,28,0,265,237,28,0,1000,735,261,2,2,84,52,35,4,52,7,2,3,4,3,13,2,0,0,0
8,BRAŞOV,"SCOALA GENERALA PURCARENI",427,TĂRLUNGENI,42003,1,PROV,PRCNCT,S,S_SV,"2021-01-21 12:30:02",1236,1209,27,0,381,354,27,0,1302,921,374,6,1,55,112,49,8,105,10,1,4,4,1,18,5,0,1,1
8,BRAŞOV,"SCOALA GENERALA ZIZIN",428,TĂRLUNGENI,42003,1,PROV,PRCNCT,S,S_SV,"2021-01-21 12:30:02",1069,1051,18,0,341,323,18,0,1200,859,321,11,9,37,61,46,18,51,15,1,3,3,0,83,0,1,1,1
8,BRAŞOV,"SCOALA GENERALA ZIZIN",429,TĂRLUNGENI,42003,1,PROV,PRCNCT,S,S_SV,"2021-01-21 12:30:02",1158,1145,13,0,350,337,13,0,1300,950,325,16,9,22,59,73,17,59,25,3,5,2,1,55,0,2,1,1
8,BRAŞOV,"SCOALA GENERALA CARPINIS",430,TĂRLUNGENI,42003,1,PROV,PRCNCT,S,S_SV,"2021-01-21 12:30:02",461,419,42,0,173,131,42,0,500,327,173,0,0,46,4,35,6,44,9,1,2,0,2,16,4,2,1,1
8,BRAŞOV,"ȘCOALĂ GENERALĂ TELIU",431,TELIU,42058,1,PROV,PRCNCT,S,S_SV,"2021-01-21 12:30:02",1405,1385,20,0,444,424,20,0,1500,1056,408,19,17,10,27,279,8,28,4,1,1,0,2,35,1,3,6,3
8,BRAŞOV,"CĂMINUL CULTURAL TELIU",432,TELIU,42058,1,PROV,PRCNCT,S,S_SV,"2021-01-21 12:30:02",1101,1074,27,0,291,264,27,0,1200,909,286,2,3,43,78,56,10,57,13,0,2,0,2,18,1,4,2,0
8,BRAŞOV,"ȘCOALĂ GENERALĂ TELIU VALE",433,TELIU,42058,1,PROV,PRCNCT,S,S_SV,"2021-01-21 12:30:02",821,789,31,1,256,224,31,1,900,644,254,1,1,43,2,50,17,100,15,0,0,2,4,16,2,2,1,0
8,BRAŞOV,"CĂMINUL CULTURAL TICUŞU VECHI",434,TICUŞU,42076,1,PROV,PRCNCT,S,S_SV,"2021-01-21 12:30:02",609,601,7,1,186,178,7,1,700,513,172,7,7,9,0,25,36,60,10,1,4,0,1,21,1,0,1,3
8,BRAŞOV,"ŞCOALA PRIMARĂ COBOR",435,TICUŞU,42076,1,PROV,PRCNCT,S,S_SV,"2021-01-21 12:30:02",201,182,19,0,74,55,19,0,200,126,74,0,0,14,20,7,1,15,3,0,0,1,1,10,1,0,0,1
8,BRAŞOV,"SEDIUL PRIMARIEI COMUNEI UCEA",436,UCEA,42101,1,PROV,PRCNCT,S,S_SV,"2021-01-21 12:30:02",759,692,65,2,218,151,65,2,800,582,212,3,3,64,3,39,11,59,7,0,1,0,2,25,1,0,0,0
8,BRAŞOV,"CAMINUL CULTURAL UCEA DE SUS",437,UCEA,42101,1,PROV,PRCNCT,S,S_SV,"2021-01-21 12:30:02",843,824,19,0,248,229,19,0,900,652,242,3,3,52,1,37,8,113,14,0,3,1,0,10,0,2,0,1
8,BRAŞOV,"CAMINUL CULTURAL FELDIOARA",438,UCEA,42101,1,PROV,PRCNCT,S,S_SV,"2021-01-21 12:30:02",209,177,32,0,71,39,32,0,200,129,67,2,2,4,1,8,15,19,7,0,0,0,0,9,2,0,1,1
8,BRAŞOV,"CAMINUL CULTURAL CORBI",439,UCEA,42101,1,PROV,PRCNCT,S,S_SV,"2021-01-21 12:30:02",190,170,17,3,78,58,17,3,200,122,78,0,0,23,2,12,1,30,1,0,2,0,0,6,1,0,0,0
8,BRAŞOV,"ŞCOALA GENERALĂ UNGRA",440,UNGRA,42156,1,PROV,PRCNCT,S,S_SV,"2021-01-21 12:30:02",1134,1116,18,0,307,289,18,0,1200,893,297,8,2,16,2,26,17,195,7,2,5,0,3,18,3,2,1,0
8,BRAŞOV,"GRĂDINIŢA DĂIŞOARA",441,UNGRA,42156,1,PROV,PRCNCT,S,S_SV,"2021-01-21 12:30:02",600,582,17,1,298,280,17,1,600,302,276,12,10,0,1,65,48,136,3,1,2,0,3,5,0,0,7,5
8,BRAŞOV,"CĂMIN CULTURAL VAMA BUZĂULUI",442,"VAMA BUZĂULUI",42183,1,PROV,PRCNCT,S,S_SV,"2021-01-21 12:30:02",1383,1356,27,0,318,291,27,0,1500,1182,302,5,11,43,3,129,17,57,8,1,7,0,3,26,4,1,2,1
8,BRAŞOV,"CĂMIN CULTURAL ACRIȘ",443,"VAMA BUZĂULUI",42183,1,PROV,PRCNCT,S,S_SV,"2021-01-21 12:30:02",1025,987,35,3,247,209,35,3,1100,853,230,8,9,34,1,97,5,29,1,2,7,1,3,47,0,0,2,1
8,BRAŞOV,"ŞCOALA PRIMARĂ BUZĂIEL",444,"VAMA BUZĂULUI",42183,1,PROV,PRCNCT,S,S_SV,"2021-01-21 12:30:02",476,464,12,0,118,106,12,0,499,381,107,8,3,21,1,35,1,18,2,0,3,0,2,20,0,2,2,0
8,BRAŞOV,"CĂMINUL CULTURAL VIȘTEA DE JOS",445,VIŞTEA,42236,1,PROV,PRCNCT,S,S_SV,"2021-01-21 12:30:02",675,643,30,2,164,132,30,2,700,536,158,4,2,27,1,31,2,60,20,0,2,0,1,12,0,2,0,0
8,BRAŞOV,"GRĂDINIŢA VIŞTEA DE SUS",446,VIŞTEA,42236,1,PROV,PRCNCT,S,S_SV,"2021-01-21 12:30:02",530,492,38,0,160,122,38,0,500,340,155,4,1,47,1,17,6,71,2,0,2,4,2,3,0,0,0,0
8,BRAŞOV,"ŞCOALA GENERALĂ OLTEŢ",447,VIŞTEA,42236,1,PROV,PRCNCT,S,S_SV,"2021-01-21 12:30:02",321,296,25,0,71,46,25,0,300,229,71,0,0,6,0,17,4,32,5,0,0,0,0,6,1,0,0,0
8,BRAŞOV,"GRADINIŢA RUCĂR",448,VIŞTEA,42236,1,PROV,PRCNCT,S,S_SV,"2021-01-21 12:30:02",380,339,41,0,156,115,41,0,400,244,151,3,2,6,0,14,4,106,2,0,2,1,1,13,1,1,0,0
8,BRAŞOV,"CĂMINUL CULTURAL VOILA",449,VOILA,42307,1,PROV,PRCNCT,S,S_SV,"2021-01-21 12:30:02",650,620,30,0,168,138,30,0,700,532,162,2,4,21,1,43,17,50,4,0,1,1,1,15,6,0,1,1
8,BRAŞOV,"CAMINUL CULTURAL CINCSOR",450,VOILA,42307,1,PROV,PRCNCT,S,S_SV,"2021-01-21 12:30:02",667,651,16,0,150,134,16,0,700,550,147,3,0,25,1,41,10,28,7,0,4,0,1,27,2,0,1,0
8,BRAŞOV,"CAMINUL CULTURAL DRIDIF",451,VOILA,42307,1,PROV,PRCNCT,S,S_SV,"2021-01-21 12:30:02",381,356,25,0,111,86,25,0,400,289,104,6,1,8,2,26,13,33,1,0,1,0,2,18,0,0,0,0
8,BRAŞOV,"CAMINUL CULTURAL LUDISOR",452,VOILA,42307,1,PROV,PRCNCT,S,S_SV,"2021-01-21 12:30:02",196,161,34,1,91,56,34,1,200,109,88,3,0,13,1,33,0,21,1,0,2,0,0,16,1,0,0,0
8,BRAŞOV,"CAMINUL CULTURAL SAMBATA DE JOS",453,VOILA,42307,1,PROV,PRCNCT,S,S_SV,"2021-01-21 12:30:02",472,437,35,0,123,88,35,0,500,377,120,0,3,22,0,22,5,41,17,0,1,0,1,9,0,1,1,0
8,BRAŞOV,"CAMINUL CULTURAL VOIVODENII MARI",454,VOILA,42307,1,PROV,PRCNCT,S,S_SV,"2021-01-21 12:30:02",399,350,49,0,142,93,49,0,400,258,141,1,0,25,0,43,7,43,5,1,3,1,1,10,2,0,0,0
8,BRAŞOV,"CAMINUL CULTURAL VULCAN",455,VULCAN,42398,1,PROV,PRCNCT,S,S_SV,"2021-01-21 12:30:02",1743,1691,50,2,575,523,50,2,1800,1225,565,7,3,54,2,187,7,181,52,2,11,3,2,58,2,2,1,1
8,BRAŞOV,"CAMINUL CULTURAL VULCAN",456,VULCAN,42398,1,PROV,PRCNCT,S,S_SV,"2021-01-21 12:30:02",1658,1640,18,0,477,459,18,0,1800,1323,465,9,3,64,6,141,35,114,28,1,7,1,4,58,3,0,1,2
8,BRAŞOV,"CAMINUL CULTURAL 1 MAI",457,VULCAN,42398,1,PROV,PRCNCT,S,S_SV,"2021-01-21 12:30:02",721,688,32,1,200,167,32,1,800,600,185,11,4,15,3,34,20,38,16,0,5,4,3,41,1,1,1,3
