precinct_county_nce,precinct_county_name,precinct_name,precinct_nr,uat_name,uat_siruta,report_version,report_stage_code,report_type_scope_code,report_type_category_code,report_type_code,created_at,a,a1,a2,a3,b,b1,b2,b3,c,d,e,f,g,"UNIUNEA DEMOCRATĂ MAGHIARĂ DIN ROMÂNIA-voturi","PARTIDUL MIȘCAREA POPULARĂ-voturi","ALIANȚA USR PLUS-voturi","PARTIDUL PRO ROMÂNIA-voturi","PARTIDUL NAȚIONAL LIBERAL-voturi","PARTIDUL SOCIAL DEMOCRAT-voturi","PARTIDUL PUTERII UMANISTE (SOCIAL-LIBERAL)-voturi","PARTIDUL ROMÂNIA MARE-voturi","PARTIDUL ECOLOGIST ROMÂN-voturi","ALIANȚA PENTRU UNIREA ROMÂNILOR-voturi","PARTIDUL NOUA ROMÂNIE-voturi","PARTIDUL VERDE-voturi","UNIUNEA SÂRBILOR DIN ROMÂNIA-voturi","UNIUNEA DEMOCRATĂ TURCĂ DIN ROMÂNIA-voturi","UNIUNEA CROAȚILOR DIN ROMÂNIA-voturi","FEDERAȚIA COMUNITĂȚILOR EVREIEȘTI DIN ROMÂNIA-voturi","FORUMUL DEMOCRAT AL GERMANILOR DIN ROMÂNIA-voturi","UNIUNEA POLONEZILOR DIN ROMÂNIA-voturi","UNIUNEA BULGARĂ DIN BANAT-ROMÂNIA-voturi","UNIUNEA ARMENILOR DIN ROMÂNIA-voturi","ASOCIAȚIA LIGA ALBANEZILOR DIN ROMÂNIA-voturi","ASOCIAȚIA PARTIDA ROMILOR “PRO-EUROPA”-voturi","UNIUNEA ELENĂ DIN ROMÂNIA-voturi","UNIUNEA CULTURALĂ A RUTENILOR DIN ROMÂNIA-voturi","ASOCIAȚIA ITALIENILOR DIN ROMÂNIA – RO.AS.IT.-voturi","UNIUNEA DEMOCRATICĂ A SLOVACILOR ȘI CEHILOR DIN ROMÂNIA-voturi","UNIUNEA UCRAINENILOR DIN ROMÂNIA-voturi","COMUNITATEA RUȘILOR LIPOVENI DIN ROMÂNIA-voturi","ASOCIAȚIA MACEDONENILOR DIN ROMÂNIA-voturi"
38,TULCEA,"GRĂDINIŢA CU PROGRAM PRELUNGIT NR.18",1,"MUNICIPIUL TULCEA",159614,1,PROV,PRCNCT,CD,CD_SV,"2021-01-21 12:30:02",1078,1067,9,2,247,236,9,2,1169,922,242,3,2,2,10,35,13,61,58,4,1,14,29,4,3,0,0,0,0,0,0,0,0,2,0,1,0,0,0,0,4,1
38,TULCEA,"GRĂDINIŢA CU PROGRAM PRELUNGIT NR.18",2,"MUNICIPIUL TULCEA",159614,1,PROV,PRCNCT,CD,CD_SV,"2021-01-21 12:30:02",1347,1323,21,3,383,359,21,3,1461,1078,375,4,4,1,10,69,22,82,106,6,4,12,47,2,2,0,0,1,0,1,0,0,0,0,4,1,0,0,1,1,2,1
38,TULCEA,"ŞCOALA GIMNAZIALĂ ” ION LUCA CARAGIALE”",3,"MUNICIPIUL TULCEA",159614,1,PROV,PRCNCT,CD,CD_SV,"2021-01-21 12:30:02",1832,1817,13,2,424,409,13,2,1996,1572,417,5,2,0,17,56,25,99,135,1,3,17,47,4,4,0,3,0,0,0,0,0,0,0,0,0,0,2,0,1,2,1
38,TULCEA,"ŞCOALA GIMNAZIALĂ ” ION LUCA CARAGIALE”",4,"MUNICIPIUL TULCEA",159614,1,PROV,PRCNCT,CD,CD_SV,"2021-01-21 12:30:02",1673,1667,3,3,406,400,3,3,1835,1429,400,2,4,2,12,56,29,79,118,6,8,18,56,1,5,0,2,0,2,0,0,0,0,0,0,1,0,0,0,1,4,0
38,TULCEA,"ŞCOALA GIMNAZIALĂ ” ION LUCA CARAGIALE”",5,"MUNICIPIUL TULCEA",159614,1,PROV,PRCNCT,CD,CD_SV,"2021-01-21 12:30:02",1746,1719,25,2,423,396,25,2,1895,1472,411,11,1,1,9,54,34,98,80,6,2,29,80,1,4,0,1,1,0,0,0,0,0,0,4,0,0,0,0,3,3,1
38,TULCEA,"ȘCOALA GIMNAZIALĂ ”ION LUCA CARAGIALE”",6,"MUNICIPIUL TULCEA",159614,1,PROV,PRCNCT,CD,CD_SV,"2021-01-21 12:30:02",1657,1641,13,3,391,375,13,3,1807,1416,366,9,16,1,4,45,17,98,108,5,2,17,52,1,5,0,4,0,0,0,0,0,0,0,0,0,0,0,0,4,3,0
38,TULCEA,"LICEUL DE ARTE ”GEORGE GEORGESCU”",7,"MUNICIPIUL TULCEA",159614,1,PROV,PRCNCT,CD,CD_SV,"2021-01-21 12:30:02",1333,1313,20,0,352,332,20,0,1451,1099,347,3,2,0,9,62,18,113,83,3,1,15,34,0,0,0,1,1,0,0,0,1,0,1,1,0,0,0,1,1,1,1
38,TULCEA,"LICEUL DE ARTE ”GEORGE GEORGESCU”",8,"MUNICIPIUL TULCEA",159614,1,PROV,PRCNCT,CD,CD_SV,"2021-01-21 12:30:02",1130,1108,22,0,353,331,22,0,1220,867,345,7,1,1,9,73,16,92,107,4,3,15,17,2,0,0,0,1,0,0,0,0,0,0,0,0,0,1,0,0,4,0
38,TULCEA,"LICEUL DE ARTE ”GEORGE GEORGESCU”",9,"MUNICIPIUL TULCEA",159614,2,PART,PRCNCT,CD,CD_SV,"2021-01-21 12:30:02",1219,1190,27,2,424,395,27,2,1315,891,419,3,2,1,18,51,29,115,146,4,4,19,19,1,2,1,0,0,0,0,0,0,0,0,2,0,0,0,1,2,4,0
38,TULCEA,"LICEUL DE ARTE ”GEORGE GEORGESCU”",10,"MUNICIPIUL TULCEA",159614,2,PART,PRCNCT,CD,CD_SV,"2021-01-21 12:30:02",963,947,16,0,337,321,16,0,1047,710,334,3,0,1,19,51,16,99,95,1,1,10,27,3,5,0,2,0,0,0,0,0,0,0,1,2,0,0,0,0,0,1
38,TULCEA,"LICEUL DE ARTE ”GEORGE GEORGESCU”",11,"MUNICIPIUL TULCEA",159614,1,PROV,PRCNCT,CD,CD_SV,"2021-01-21 12:30:02",949,930,19,0,278,259,19,0,1021,743,275,3,0,1,11,34,17,71,78,1,2,12,25,1,4,1,0,0,0,1,0,0,0,0,2,4,0,2,0,2,6,0
38,TULCEA,"GRĂDINIŢA CU PROGRAM PRELUNGIT NR.12",12,"MUNICIPIUL TULCEA",159614,1,PROV,PRCNCT,CD,CD_SV,"2021-01-21 12:30:02",1725,1705,20,0,556,536,20,0,1886,1330,548,5,3,1,25,86,33,134,167,4,1,19,39,2,8,1,6,1,2,0,0,0,0,0,0,1,0,0,0,3,15,0
38,TULCEA,"LICEUL TEORETIC ”ION CREANGĂ”",13,"MUNICIPIUL TULCEA",159614,1,PROV,PRCNCT,CD,CD_SV,"2021-01-21 12:30:02",1217,1154,21,42,418,355,21,42,1274,856,413,2,3,0,2,68,26,83,142,7,5,14,45,2,3,1,0,0,0,1,0,0,0,2,1,1,0,2,0,1,4,3
38,TULCEA,"LICEUL TEORETIC ”ION CREANGĂ”",14,"MUNICIPIUL TULCEA",159614,1,PROV,PRCNCT,CD,CD_SV,"2021-01-21 12:30:02",1028,979,21,28,347,298,21,28,1080,733,341,4,2,1,8,55,16,94,98,4,5,19,25,2,5,0,1,0,1,0,0,0,0,1,0,0,0,1,2,0,3,0
38,TULCEA,"ŞCOALA GIMNAZIALĂ ”ELENA DOAMNA”",15,"MUNICIPIUL TULCEA",159614,1,PROV,PRCNCT,CD,CD_SV,"2021-01-21 12:30:02",1299,1257,17,25,462,420,17,25,1380,918,449,11,2,1,25,79,21,134,128,1,2,11,29,0,5,1,2,0,1,0,0,0,0,0,0,3,0,0,0,0,6,0
38,TULCEA,"ŞCOALA GIMNAZIALĂ ”ELENA DOAMNA”",16,"MUNICIPIUL TULCEA",159614,1,PROV,PRCNCT,CD,CD_SV,"2021-01-21 12:30:02",1011,952,16,43,335,276,16,43,1059,724,323,11,1,2,11,45,9,99,99,2,2,10,26,1,3,0,5,0,1,0,0,0,0,0,1,2,0,0,0,2,3,0
38,TULCEA,"SEMINARUL TEOLOGIC ORTODOX ”SF. IOAN CASIAN”",17,"MUNICIPIUL TULCEA",159614,3,PART,PRCNCT,CD,CD_SV,"2021-01-21 12:30:02",1067,1022,19,26,357,312,19,26,1123,766,352,4,1,2,9,50,27,115,87,7,2,15,16,2,4,2,1,0,0,2,0,1,0,0,2,0,0,0,0,0,8,0
38,TULCEA,"SEMINARUL TEOLOGIC ORTODOX ”SF. IOAN CASIAN”",18,"MUNICIPIUL TULCEA",159614,1,PROV,PRCNCT,CD,CD_SV,"2021-01-21 12:30:02",963,951,12,0,309,297,12,0,1047,738,303,6,0,0,8,37,14,114,77,1,3,11,22,1,8,0,0,0,0,0,0,0,0,0,0,0,0,0,0,0,4,3
38,TULCEA,"TEATRUL ”JEAN BART”",19,"MUNICIPIUL TULCEA",159614,1,PROV,PRCNCT,CD,CD_SV,"2021-01-21 12:30:02",1599,1563,36,0,567,531,36,0,1725,1158,559,7,1,2,36,88,30,166,151,6,2,13,32,1,10,0,4,1,1,0,0,1,0,0,0,2,0,2,0,2,6,3
38,TULCEA,"ŞCOALA GIMNAZIALĂ ”GRIGORE ANTIPA”",20,"MUNICIPIUL TULCEA",159614,1,PROV,PRCNCT,CD,CD_SV,"2021-01-21 12:30:02",1218,1195,22,1,328,305,22,1,1322,994,319,8,1,3,14,54,19,82,90,4,4,10,25,1,4,0,1,0,0,0,0,0,1,0,0,0,0,1,0,0,6,0
38,TULCEA,"ŞCOALA GIMNAZIALĂ ”GRIGORE ANTIPA”",21,"MUNICIPIUL TULCEA",159614,2,PART,PRCNCT,CD,CD_SV,"2021-01-21 12:30:02",1082,1070,12,0,357,345,12,0,1180,823,352,4,1,0,14,46,13,121,95,11,0,20,19,1,0,0,2,0,0,0,0,0,0,0,0,0,0,0,0,3,7,0
38,TULCEA,"GRĂDINIȚA CU PROGRAM PRELUNGIT ”DRUMBAVA MINUNATĂ”",22,"MUNICIPIUL TULCEA",159614,1,PROV,PRCNCT,CD,CD_SV,"2021-01-21 12:30:02",1800,1777,23,0,562,539,23,0,1958,1396,545,14,3,2,11,112,33,118,152,4,3,18,61,2,5,0,0,0,0,0,0,0,1,1,1,1,0,0,0,3,16,1
38,TULCEA,"ŞCOALA GIMNAZIALĂ ”ALEXANDRU CIUCURENCU”",23,"MUNICIPIUL TULCEA",159614,1,PROV,PRCNCT,CD,CD_SV,"2021-01-21 12:30:02",1297,1251,43,3,450,404,43,3,1374,924,441,7,2,1,12,70,26,107,124,7,2,17,47,3,6,0,0,0,1,0,0,1,0,0,0,2,0,0,0,2,12,1
38,TULCEA,"ŞCOALA GIMNAZIALĂ ”ALEXANDRU CIUCURENCU”",24,"MUNICIPIUL TULCEA",159614,1,PROV,PRCNCT,CD,CD_SV,"2021-01-21 12:30:02",1654,1635,19,0,489,470,19,0,1807,1318,480,8,1,1,13,72,22,130,142,5,3,35,37,0,1,0,2,0,0,0,0,0,0,0,0,0,0,2,0,1,14,0
38,TULCEA,"ŞCOALA GIMNAZIALĂ ”CONSTANTIN GĂVENEA”",25,"MUNICIPIUL TULCEA",159614,1,PROV,PRCNCT,CD,CD_SV,"2021-01-21 12:30:02",1627,1609,18,0,511,493,18,0,1845,1334,508,3,0,3,10,99,46,119,139,2,5,24,36,3,1,0,1,0,0,0,0,2,0,1,0,0,0,0,0,5,12,0
38,TULCEA,"ŞCOALA GIMNAZIALĂ ”CONSTANTIN GĂVENEA”",26,"MUNICIPIUL TULCEA",159614,1,PROV,PRCNCT,CD,CD_SV,"2021-01-21 12:30:02",1393,1376,15,2,415,398,15,2,1516,1101,408,6,1,3,17,90,30,92,98,5,7,16,37,0,3,0,1,0,0,0,0,0,0,0,0,2,1,0,0,1,5,0
38,TULCEA,"ŞCOALA GIMNAZIALĂ ”CONSTANTIN GĂVENEA”",27,"MUNICIPIUL TULCEA",159614,1,PROV,PRCNCT,CD,CD_SV,"2021-01-21 12:30:02",1559,1506,52,1,527,474,52,1,1668,1141,516,10,1,2,20,110,27,131,141,7,2,21,42,0,1,0,1,0,0,0,1,0,0,0,0,1,0,0,1,1,5,2
38,TULCEA,"PUNCT DE ÎNCASARE TAXE ŞI IMPOZITE LOCALE",28,"MUNICIPIUL TULCEA",159614,1,PROV,PRCNCT,CD,CD_SV,"2021-01-21 12:30:02",1698,1675,23,0,525,502,23,0,1851,1326,521,2,2,1,18,91,31,130,135,10,2,18,67,0,3,0,1,0,0,0,0,0,0,0,0,1,1,0,0,4,7,1
38,TULCEA,"LICEUL TEORETIC ”GRIGORE MOISIL”",29,"MUNICIPIUL TULCEA",159614,1,PROV,PRCNCT,CD,CD_SV,"2021-01-21 12:30:02",1306,1257,24,25,461,412,24,25,1387,926,461,0,0,2,23,66,30,124,121,7,1,21,47,2,1,0,1,1,0,0,0,0,0,2,0,0,0,1,0,2,9,0
38,TULCEA,"LICEUL TEORETIC ”GRIGORE MOISIL”",30,"MUNICIPIUL TULCEA",159614,1,PROV,PRCNCT,CD,CD_SV,"2021-01-21 12:30:02",1197,1138,16,43,397,338,16,43,1254,857,393,1,3,2,11,63,34,103,103,5,3,19,30,3,1,2,0,0,0,1,0,0,0,0,1,1,0,1,1,1,7,1
38,TULCEA,"ŞCOALA GIMNAZIALĂ NR.12",31,"MUNICIPIUL TULCEA",159614,1,PROV,PRCNCT,CD,CD_SV,"2021-01-21 12:30:02",1339,1317,20,2,400,378,20,2,1455,1055,392,7,1,1,7,58,27,105,120,0,2,22,34,0,3,0,1,0,0,0,1,0,0,1,1,1,0,1,0,0,7,0
38,TULCEA,"ŞCOALA GIMNAZIALĂ NR.12",32,"MUNICIPIUL TULCEA",159614,1,PROV,PRCNCT,CD,CD_SV,"2021-01-21 12:30:02",1431,1416,14,1,340,325,14,1,1564,1224,336,3,1,2,5,69,26,75,88,3,5,12,31,1,4,0,0,1,1,0,0,0,0,0,1,0,0,2,0,1,9,0
38,TULCEA,"SALA DE SPORT MULTIFUNCŢIONALĂ",33,"MUNICIPIUL TULCEA",159614,1,PROV,PRCNCT,CD,CD_SV,"2021-01-21 12:30:02",1458,1439,17,2,418,399,17,2,1586,1168,410,6,2,1,16,36,38,106,122,4,2,23,45,1,1,0,1,0,0,0,0,0,0,0,0,1,0,2,1,1,7,2
38,TULCEA,"GRĂDINIŢA CU PROGRAM PRELUNGIT NR.17",34,"MUNICIPIUL TULCEA",159614,1,PROV,PRCNCT,CD,CD_SV,"2021-01-21 12:30:02",1601,1576,23,2,451,426,23,2,1739,1288,445,6,0,1,17,66,14,106,128,2,3,21,69,2,3,1,2,1,0,0,0,0,0,0,2,1,0,0,0,1,4,1
38,TULCEA,"GRĂDINIŢA CU PROGRAM PRELUNGIT NR.17",35,"MUNICIPIUL TULCEA",159614,1,PROV,PRCNCT,CD,CD_SV,"2021-01-21 12:30:02",1672,1645,27,0,344,317,27,0,1818,1474,342,1,1,2,8,51,19,93,74,4,2,19,56,0,1,0,0,1,1,1,0,0,0,1,0,0,0,0,0,1,5,3
38,TULCEA,"COLEGIUL TEHNIC ”HENRY COANDĂ”",36,"MUNICIPIUL TULCEA",159614,1,PROV,PRCNCT,CD,CD_SV,"2021-01-21 12:30:02",1554,1517,33,4,458,421,33,4,1674,1216,451,6,1,1,10,76,24,121,101,7,3,35,52,1,4,1,4,0,0,0,0,0,0,0,0,1,0,0,1,3,6,0
38,TULCEA,"BIBLIOTECA JUDEŢEANĂ",37,"MUNICIPIUL TULCEA",159614,1,PROV,PRCNCT,CD,CD_SV,"2021-01-21 12:30:02",1376,1351,23,2,456,431,23,2,1484,1028,452,4,0,2,16,72,33,133,112,7,3,19,27,1,3,0,1,0,2,1,0,0,1,0,0,3,0,2,0,2,12,0
38,TULCEA,"COLEGIUL ECONOMIC ” DELTA DUNĂRII”",38,"MUNICIPIUL TULCEA",159614,1,PROV,PRCNCT,CD,CD_SV,"2021-01-21 12:30:02",1267,1246,21,0,375,354,21,0,1375,1000,369,6,0,1,6,78,14,103,72,3,3,17,51,0,4,0,2,0,0,0,0,0,0,0,2,5,0,0,0,0,8,0
38,TULCEA,"COLEGIUL ECONOMIC ” DELTA DUNĂRII”",39,"MUNICIPIUL TULCEA",159614,1,PROV,PRCNCT,CD,CD_SV,"2021-01-21 12:30:02",988,972,16,0,302,286,16,0,1073,771,296,4,2,0,6,52,12,65,62,8,6,20,50,2,2,2,0,0,0,0,0,1,0,0,1,3,0,0,0,0,1,3
38,TULCEA,"GRĂDINIȚA CU PROGRAM PRELUNGIT DE PE LÂNGĂ LICEUL TEHNOLOGIC AGRICOL NICOLAE CORNĂȚEANU",40,"MUNICIPIUL TULCEA",159614,1,PROV,PRCNCT,CD,CD_SV,"2021-01-21 12:30:02",1499,1471,28,0,466,438,28,0,1613,1147,463,3,0,0,19,90,34,132,82,4,5,23,61,0,2,0,0,0,0,0,1,0,0,1,0,1,1,0,0,2,5,0
38,TULCEA,"COLEGIUL ”ANGHEL SALIGNY”",41,"MUNICIPIUL TULCEA",159614,1,PROV,PRCNCT,CD,CD_SV,"2021-01-21 12:30:02",1644,1608,36,0,365,329,36,0,1774,1409,350,4,11,1,10,39,22,65,71,4,6,26,85,5,3,0,0,0,1,0,0,0,0,1,1,1,0,0,0,3,2,4
38,TULCEA,"CASA DE CULTURĂ",42,"MUNICIPIUL TULCEA",159614,1,PROV,PRCNCT,CD,CD_SV,"2021-01-21 12:30:02",1451,1428,23,0,452,429,23,0,1591,1139,443,8,1,2,10,39,28,134,126,6,4,21,49,3,10,0,0,0,0,0,0,0,0,0,0,0,0,0,0,3,8,0
38,TULCEA,"CASA DE CULTURĂ",43,"MUNICIPIUL TULCEA",159614,1,PROV,PRCNCT,CD,CD_SV,"2021-01-21 12:30:02",565,523,42,0,180,138,42,0,581,401,179,1,0,1,14,18,15,45,44,1,1,12,16,1,1,0,0,1,1,0,0,0,0,0,0,0,0,0,0,2,6,0
38,TULCEA,"COLEGIUL DOBROGEAN ”SPIRU HARET”",44,"MUNICIPIUL TULCEA",159614,1,PROV,PRCNCT,CD,CD_SV,"2021-01-21 12:30:02",1817,1788,29,0,511,482,29,0,1969,1458,493,11,7,0,16,90,25,110,108,4,3,23,61,2,9,1,5,1,0,0,0,0,1,0,0,1,0,1,0,0,31,1
38,TULCEA,"ŞCOALA GIMNAZIALĂ ”NIFON BĂLĂŞESCU”",45,"MUNICIPIUL TULCEA",159614,1,PROV,PRCNCT,CD,CD_SV,"2021-01-21 12:30:02",1135,1114,20,1,282,261,20,1,1228,946,281,0,1,1,6,53,23,53,64,0,5,17,26,1,4,0,8,0,0,0,0,0,0,1,4,3,0,0,0,1,10,1
38,TULCEA,"ŞCOALA GIMNAZIALĂ ”NIFON BĂLĂŞESCU”",46,"MUNICIPIUL TULCEA",159614,2,PART,PRCNCT,CD,CD_SV,"2021-01-21 12:30:02",1566,1548,18,0,454,436,18,0,1704,1250,448,6,0,1,13,56,31,96,125,1,3,28,64,2,1,1,8,0,0,0,0,0,0,0,0,1,0,3,0,0,14,0
38,TULCEA,"ŞCOALA GIMNAZIALĂ ”NIFON BĂLĂŞESCU”",47,"MUNICIPIUL TULCEA",159614,1,PROV,PRCNCT,CD,CD_SV,"2021-01-21 12:30:02",1469,1425,19,25,412,368,19,25,1576,1164,403,7,2,0,12,49,24,89,106,6,2,16,56,3,7,3,7,0,0,0,0,0,0,2,2,2,0,3,0,1,13,0
38,TULCEA,"ŞCOALA PROFESIONALĂ ”DANUBIUS”",48,"MUNICIPIUL TULCEA",159614,1,PROV,PRCNCT,CD,CD_SV,"2021-01-21 12:30:02",1147,1134,13,0,243,230,13,0,1249,1006,236,7,0,1,6,36,14,62,57,3,0,7,32,0,2,0,0,0,0,0,0,1,0,0,10,1,0,0,1,2,0,1
38,TULCEA,"ŞCOALA PROFESIONALĂ ”DANUBIUS”",49,"MUNICIPIUL TULCEA",159614,1,PROV,PRCNCT,CD,CD_SV,"2021-01-21 12:30:02",1134,1124,10,0,229,219,10,0,1240,1011,224,4,1,0,5,30,16,54,55,3,1,15,36,1,1,1,0,0,1,0,0,0,0,0,0,0,0,1,0,1,3,0
38,TULCEA,"ŞCOALA PRIMARĂ NR. 9",50,"MUNICIPIUL TULCEA",159614,1,PROV,PRCNCT,CD,CD_SV,"2021-01-21 12:30:02",1207,1183,17,7,310,286,17,7,1310,1000,309,1,0,0,8,40,25,101,67,3,4,14,24,0,6,0,1,0,0,0,0,0,0,0,0,1,0,2,0,2,9,2
38,TULCEA,"ŞCOALA PRIMARĂ NR. 9",51,"MUNICIPIUL TULCEA",159614,1,PROV,PRCNCT,CD,CD_SV,"2021-01-21 12:30:02",1380,1366,14,0,355,341,14,0,1506,1151,352,2,1,0,9,64,31,92,65,1,5,25,35,2,8,0,3,0,0,1,0,0,0,0,0,0,0,0,0,2,8,1
38,TULCEA,"ŞCOALA GIMNAZIALĂ ”IOAN NENIŢESCU”",52,"MUNICIPIUL TULCEA",159614,1,PROV,PRCNCT,CD,CD_SV,"2021-01-21 12:30:02",1299,1276,23,0,374,351,23,0,1402,1028,369,3,2,1,12,50,20,84,101,5,4,23,54,2,1,0,2,0,0,0,0,0,0,0,0,0,0,0,1,0,7,2
38,TULCEA,"ŞCOALA GIMNAZIALĂ ”IOAN NENIŢESCU”",53,"MUNICIPIUL TULCEA",159614,1,PROV,PRCNCT,CD,CD_SV,"2021-01-21 12:30:02",1413,1395,14,4,379,361,14,4,1535,1156,375,3,1,1,15,67,25,99,100,2,3,14,28,2,6,0,6,0,1,0,0,0,0,1,1,0,0,1,0,1,2,0
38,TULCEA,"GRUP SCOLAR DIMITRIE CANTEMIR",54,"ORAŞ BABADAG",159650,1,PROV,PRCNCT,CD,CD_SV,"2021-01-21 12:30:02",1465,1434,28,3,345,314,28,3,1584,1239,328,9,8,2,5,16,9,101,134,2,3,0,36,4,1,0,3,0,3,0,0,0,0,1,0,2,0,1,2,0,1,2
38,TULCEA,"SCOALA GENERALA NR.1 MIRCEA CEL BATRAN",55,"ORAŞ BABADAG",159650,2,PART,PRCNCT,CD,CD_SV,"2021-01-21 12:30:02",1877,1809,27,41,526,458,27,41,1994,1468,498,23,5,4,13,31,15,175,181,10,8,5,37,2,3,1,2,1,1,0,0,1,0,0,3,1,1,0,0,0,0,3
38,TULCEA,"SCOALA GENERALA NR.2",56,"ORAŞ BABADAG",159650,1,PROV,PRCNCT,CD,CD_SV,"2021-01-21 12:30:02",1362,1341,21,0,369,348,21,0,1476,1107,356,9,4,2,3,28,4,103,142,3,2,1,50,0,2,0,5,0,0,0,0,0,6,0,1,1,0,0,0,0,1,2
38,TULCEA,"ŞCOALA GENERALĂ NR. 3 ”CONSTANTIN BRÂNCOVEANU”",57,"ORAŞ BABADAG",159650,1,PROV,PRCNCT,CD,CD_SV,"2021-01-21 12:30:02",1431,1406,25,0,241,216,25,0,1551,1310,218,18,5,0,7,7,2,62,69,1,0,1,46,0,1,1,3,0,1,1,0,0,1,1,2,0,0,2,1,2,1,6
38,TULCEA,"GRĂDINIŢA DE COPII NR.2-VETERANI",58,"ORAŞ BABADAG",159650,1,PROV,PRCNCT,CD,CD_SV,"2021-01-21 12:30:02",634,621,11,2,157,144,11,2,682,525,157,0,0,1,4,10,17,53,51,2,0,1,12,1,0,1,0,1,0,0,0,0,0,0,1,0,0,0,0,0,0,2
38,TULCEA,"”SALA DE SPORT TOMA AUREL”",59,"ORAŞ BABADAG",159650,1,PROV,PRCNCT,CD,CD_SV,"2021-01-21 12:30:02",1277,1249,25,3,409,381,25,3,1374,965,395,11,3,0,7,29,6,130,167,2,1,3,34,3,1,0,1,0,0,0,0,0,1,0,5,1,0,0,0,2,1,1
38,TULCEA,"CASA DE CULTURĂ PAUL BARBĂNEAGRĂ",60,"ORAŞ ISACCEA",159687,1,PROV,PRCNCT,CD,CD_SV,"2021-01-21 12:30:02",1315,1296,16,3,358,339,16,3,1434,1076,348,5,5,2,18,50,39,78,97,5,1,8,32,5,1,1,3,1,0,1,0,0,1,0,1,0,0,1,0,0,3,0
38,TULCEA,"LICEUL TEORETIC ”CONSTANTIN BRĂTESCU”",61,"ORAŞ ISACCEA",159687,1,PROV,PRCNCT,CD,CD_SV,"2021-01-21 12:30:02",1160,1146,14,0,294,280,14,0,1259,965,286,8,0,1,11,40,27,64,64,6,5,3,48,4,1,0,0,3,0,0,0,0,0,0,1,1,0,0,1,0,3,3
38,TULCEA,"GRĂDINIŢA ”CONSTANTIN BRĂTESCU”",62,"ORAŞ ISACCEA",159687,1,PROV,PRCNCT,CD,CD_SV,"2021-01-21 12:30:02",1318,1301,9,8,336,319,9,8,1442,1106,324,11,1,3,20,41,34,74,78,5,1,2,41,3,1,0,2,0,1,0,0,1,0,0,1,2,0,1,0,1,5,7
38,TULCEA,"GRĂDINIȚA CU PROGRAM NORMAL REVĂRSAREA",63,"ORAŞ ISACCEA",159687,1,PROV,PRCNCT,CD,CD_SV,"2021-01-21 12:30:02",431,410,21,0,114,93,21,0,450,336,110,1,3,2,5,6,11,21,35,1,3,3,19,1,0,0,0,0,0,0,0,0,0,0,1,0,0,0,0,0,0,2
38,TULCEA,"ŞCOALA GIMNAZIALĂ ”GHEORGHE BANEA”",64,"ORAŞ MĂCIN",159730,1,PROV,PRCNCT,CD,CD_SV,"2021-01-21 12:30:02",1237,1229,7,1,287,279,7,1,1355,1068,276,3,8,1,13,32,11,87,59,1,2,1,53,3,0,0,2,0,1,0,0,0,0,1,2,0,0,0,1,0,4,2
38,TULCEA,"ŞCOALA GIMNAZIALĂ ”GHEORGHE BANEA”",65,"ORAŞ MĂCIN",159730,1,PROV,PRCNCT,CD,CD_SV,"2021-01-21 12:30:02",1348,1340,6,2,317,309,6,2,1477,1160,309,6,2,1,9,37,10,86,74,6,3,5,64,3,0,0,2,1,0,0,0,0,0,1,1,0,0,0,1,0,2,3
38,TULCEA,"GRĂDINIŢA NR. 3",66,"ORAŞ MĂCIN",159730,1,PROV,PRCNCT,CD,CD_SV,"2021-01-21 12:30:02",1184,1180,4,0,327,323,4,0,1302,975,322,2,3,0,20,45,14,116,74,0,2,6,35,2,0,1,0,0,0,0,0,0,0,0,2,0,0,2,0,0,0,3
38,TULCEA,"ŞCOALA GIMNAZIALĂ NR. 1",67,"ORAŞ MĂCIN",159730,1,PROV,PRCNCT,CD,CD_SV,"2021-01-21 12:30:02",1733,1727,6,0,433,427,6,0,1895,1462,424,4,5,1,18,51,10,137,115,3,1,5,61,3,2,1,6,0,0,0,0,2,0,0,4,0,0,1,0,0,2,1
38,TULCEA,"ŞCOALA GIMNAZIALĂ NR. 1",68,"ORAŞ MĂCIN",159730,1,PROV,PRCNCT,CD,CD_SV,"2021-01-21 12:30:02",1018,1011,7,0,253,246,7,0,1119,866,247,4,2,1,12,24,10,69,90,1,1,6,20,0,2,0,7,0,0,0,0,0,0,0,2,0,0,0,0,0,2,0
38,TULCEA,"LICEUL TEORETIC” GHEORGHE MUNTEANU MURGOCI”",69,"ORAŞ MĂCIN",159730,1,PROV,PRCNCT,CD,CD_SV,"2021-01-21 12:30:02",1419,1403,12,4,271,255,12,4,1552,1281,253,16,2,2,7,19,4,98,44,4,1,2,56,2,0,0,1,0,0,1,0,1,0,0,7,0,0,0,1,0,2,1
38,TULCEA,"LICEUL TEORETIC” GHEORGHE MUNTEANU MURGOCI”",70,"ORAŞ MĂCIN",159730,1,PROV,PRCNCT,CD,CD_SV,"2021-01-21 12:30:02",934,928,6,0,164,158,6,0,1025,861,159,4,1,2,14,9,1,50,32,3,1,1,39,1,0,0,2,0,0,0,0,0,0,1,0,0,0,1,1,0,1,0
38,TULCEA,"SCOALA I- IV - INCAPERE EXPOZITIONALA",71,"ORAŞ SULINA",159767,1,PROV,PRCNCT,CD,CD_SV,"2021-01-21 12:30:02",1028,1007,16,5,288,267,16,5,1117,829,279,7,2,0,18,22,6,80,93,2,2,8,21,3,0,0,0,0,0,0,0,0,1,1,0,6,0,0,1,3,11,1
38,TULCEA,"LICEUL ”JEAN BART”, LOCALITATEA SULINA",72,"ORAŞ SULINA",159767,1,PROV,PRCNCT,CD,CD_SV,"2021-01-21 12:30:02",225,207,18,0,67,49,18,0,240,173,66,0,1,2,1,7,4,19,18,0,0,0,8,0,1,0,0,0,1,0,0,0,0,0,0,0,0,1,0,1,3,0
38,TULCEA,"LICEUL ”JEAN BART”, LOCALITATEA SULINA",73,"ORAŞ SULINA",159767,1,PROV,PRCNCT,CD,CD_SV,"2021-01-21 12:30:02",1073,1041,20,12,267,237,20,10,1162,895,265,1,1,2,22,39,6,74,57,3,3,11,10,5,0,1,0,1,0,1,0,0,0,0,1,7,0,1,0,3,16,2
38,TULCEA,"PRIMĂRIA ORAŞULUI SULINA",74,"ORAŞ SULINA",159767,2,PART,PRCNCT,CD,CD_SV,"2021-01-21 12:30:02",1075,1051,14,10,301,277,14,10,1168,867,295,5,1,1,17,37,18,75,78,2,3,6,12,5,3,1,0,0,0,0,0,0,0,0,0,17,0,1,1,2,15,1
38,TULCEA,"ŞCOALA GIMNAZIALĂ BAIA",75,BAIA,159785,1,PROV,PRCNCT,CD,CD_SV,"2021-01-21 12:30:02",1594,1551,43,0,411,368,43,0,1713,1302,403,3,5,2,4,28,40,74,166,0,4,2,68,3,3,1,2,1,0,0,0,0,0,1,1,0,1,0,0,0,0,2
38,TULCEA,"ŞCOALA CU CLASELE I-IV BAIA",76,BAIA,159785,1,PROV,PRCNCT,CD,CD_SV,"2021-01-21 12:30:02",817,805,12,0,176,164,12,0,884,708,170,6,0,0,0,10,20,23,80,1,2,2,23,2,0,0,2,0,0,0,0,0,0,0,1,0,0,0,1,0,0,3
38,TULCEA,"ŞCOALA PRIMARĂ CAMENA",77,BAIA,159785,1,PROV,PRCNCT,CD,CD_SV,"2021-01-21 12:30:02",302,286,16,0,123,107,16,0,318,195,119,1,3,0,4,1,13,48,44,0,1,0,2,0,0,0,2,0,0,1,0,0,0,0,0,0,0,0,0,0,0,3
38,TULCEA,"ŞCOALA CU CLASELE I-IV CAUGAGIA",78,BAIA,159785,1,PROV,PRCNCT,CD,CD_SV,"2021-01-21 12:30:02",190,181,9,0,46,37,9,0,198,152,46,0,0,0,0,1,6,5,18,0,2,0,9,1,1,2,1,0,0,0,0,0,0,0,0,0,0,0,0,0,0,0
38,TULCEA,"ŞCOALA PRIMARĂ PANDURU",79,BAIA,159785,1,PROV,PRCNCT,CD,CD_SV,"2021-01-21 12:30:02",339,332,7,0,94,87,7,0,363,269,91,3,0,0,2,4,5,31,23,2,0,1,13,2,1,0,2,0,0,0,0,0,1,0,0,0,1,0,0,0,0,3
38,TULCEA,"ŞCOALA GIMNAZIALĂ CEAMURLIA DE SUS",80,BAIA,159785,1,PROV,PRCNCT,CD,CD_SV,"2021-01-21 12:30:02",545,534,11,0,84,73,11,0,589,505,81,2,1,3,3,1,9,25,32,0,1,0,3,0,0,0,0,0,1,0,0,0,0,0,0,0,0,1,0,0,0,2
38,TULCEA,"ȘCOALA GIMNAZIALĂ BEIDAUD",81,BEIDAUD,159847,1,PROV,PRCNCT,CD,CD_SV,"2021-01-21 12:30:02",462,438,24,0,134,110,24,0,491,357,130,2,2,1,4,5,23,24,59,0,0,1,10,1,1,0,0,0,0,0,0,0,0,0,0,0,0,1,0,0,0,0
38,TULCEA,"ȘCOALA GIMNAZIALĂ NEATÂRNAREA",82,BEIDAUD,159847,1,PROV,PRCNCT,CD,CD_SV,"2021-01-21 12:30:02",394,377,17,0,150,133,17,0,429,279,142,6,2,0,3,1,4,20,90,1,1,0,17,2,1,0,0,0,1,0,0,0,0,0,0,0,0,0,0,0,0,1
38,TULCEA,"ȘCOALA GIMNAZIALĂ SARIGHIOL DE DEAL",83,BEIDAUD,159847,1,PROV,PRCNCT,CD,CD_SV,"2021-01-21 12:30:02",478,469,9,0,160,151,9,0,519,359,150,5,5,1,1,2,9,19,92,0,2,0,15,0,1,1,0,0,0,0,0,1,0,0,3,0,0,0,2,0,1,0
38,TULCEA,"ŞCOALA GIMNAZIALĂ BEŞTEPE",84,BEŞTEPE,161552,1,PROV,PRCNCT,CD,CD_SV,"2021-01-21 12:30:02",1426,1404,22,0,342,320,22,0,1554,1212,330,8,4,0,14,25,21,95,108,2,6,8,38,2,6,0,0,0,0,0,0,0,0,0,1,0,0,0,0,0,0,4
38,TULCEA,ŞCOALA,85,BEŞTEPE,161552,1,PROV,PRCNCT,CD,CD_SV,"2021-01-21 12:30:02",77,60,17,0,37,20,17,0,65,28,36,0,1,1,3,5,2,7,8,0,3,0,5,0,0,0,0,1,0,0,0,0,0,0,0,0,0,0,0,1,0,0
38,TULCEA,"ŞCOALA PRIMARĂ",86,"C.A. ROSETTI",159883,1,PROV,PRCNCT,CD,CD_SV,"2021-01-21 12:30:02",249,242,7,0,63,56,7,0,266,203,60,2,1,2,2,6,3,19,13,0,2,0,6,1,0,0,0,0,0,0,0,0,0,0,0,1,0,0,0,4,1,0
38,TULCEA,"ŞCOALA PRIMARĂ",87,"C.A. ROSETTI",159883,1,PROV,PRCNCT,CD,CD_SV,"2021-01-21 12:30:02",180,166,14,0,54,40,14,0,184,130,46,7,1,1,3,6,1,10,5,1,0,0,3,0,0,0,0,0,0,0,0,0,0,0,0,0,0,0,0,0,16,0
38,TULCEA,"ŞCOALA GIMNAZIALĂ",88,"C.A. ROSETTI",159883,1,PROV,PRCNCT,CD,CD_SV,"2021-01-21 12:30:02",223,214,9,0,49,40,9,0,246,197,48,1,0,1,2,2,2,14,15,0,0,0,5,2,1,0,0,0,0,0,0,0,0,0,0,0,0,0,0,2,2,0
38,TULCEA,"ŞCOALA GIMNAZIALA CARCALIU",89,CARCALIU,159945,1,PROV,PRCNCT,CD,CD_SV,"2021-01-21 12:30:02",1379,1366,13,0,297,284,13,0,1504,1207,270,23,4,0,11,9,27,22,101,1,1,0,24,6,1,0,0,0,0,0,0,0,0,0,0,1,1,3,0,0,61,1
38,TULCEA,"ŞCOALA GIMNAZIALA CARCALIU",90,CARCALIU,159945,1,PROV,PRCNCT,CD,CD_SV,"2021-01-21 12:30:02",1137,1121,16,0,222,206,16,0,1235,1013,187,32,3,0,7,8,24,22,51,0,3,0,17,0,3,1,0,0,1,0,0,0,0,1,0,0,0,0,0,0,47,2
38,TULCEA,ŞCOALA,91,CASIMCEA,159963,1,PROV,PRCNCT,CD,CD_SV,"2021-01-21 12:30:02",37,30,7,0,25,18,7,0,53,28,24,1,0,1,1,1,1,10,7,0,0,0,1,1,0,0,0,0,0,0,0,0,0,0,1,0,0,0,0,0,0,0
38,TULCEA,"ŞCOALA GIMNAZIALĂ",92,CASIMCEA,159963,1,PROV,PRCNCT,CD,CD_SV,"2021-01-21 12:30:02",1105,1094,10,1,273,262,10,1,1209,936,260,9,4,1,13,16,3,90,57,1,3,2,58,1,0,4,2,0,2,0,0,0,0,0,1,0,0,0,0,0,2,4
38,TULCEA,"ŞCOALA PRIMARĂ",93,CASIMCEA,159963,1,PROV,PRCNCT,CD,CD_SV,"2021-01-21 12:30:02",332,327,5,0,74,69,5,0,361,287,67,1,6,1,14,3,8,13,11,2,1,1,7,1,1,2,0,0,0,0,0,0,0,0,2,0,0,0,0,0,0,0
38,TULCEA,"ŞCOALA PRIMARĂ",94,CASIMCEA,159963,1,PROV,PRCNCT,CD,CD_SV,"2021-01-21 12:30:02",260,246,14,0,92,78,14,0,270,178,90,2,0,3,3,6,7,26,15,0,1,0,20,1,0,0,2,0,0,0,0,0,0,1,2,0,0,0,0,0,0,3
38,TULCEA,"ŞCOALA PRIMARĂ",95,CASIMCEA,159963,1,PROV,PRCNCT,CD,CD_SV,"2021-01-21 12:30:02",494,483,11,0,135,124,11,0,531,396,132,1,2,2,7,5,4,28,52,3,0,1,24,0,0,0,1,0,0,0,0,0,0,2,2,0,0,0,0,0,0,1
38,TULCEA,"ȘCOALA GIMNZIALĂ CEMURLIA DE JOS",96,"CEAMURLIA DE JOS",160092,1,PROV,PRCNCT,CD,CD_SV,"2021-01-21 12:30:02",993,979,13,1,217,203,13,1,1082,865,210,7,0,1,7,13,23,51,74,3,3,1,25,3,0,1,0,0,0,0,1,0,0,1,0,0,0,0,0,0,1,2
38,TULCEA,"ŞCOALA PRIMARĂ LUNCA",97,"CEAMURLIA DE JOS",160092,1,PROV,PRCNCT,CD,CD_SV,"2021-01-21 12:30:02",1047,1023,21,3,243,219,21,3,1130,887,233,10,0,3,12,13,17,91,58,3,3,2,18,2,1,1,2,0,2,1,0,0,0,0,1,0,0,0,1,0,0,2
38,TULCEA,"ŞCOALA VECHE",98,CEATALCHIOI,160047,1,PROV,PRCNCT,CD,CD_SV,"2021-01-21 12:30:02",198,173,25,0,86,61,25,0,190,104,82,3,1,0,5,1,7,10,44,2,0,1,7,1,0,0,0,1,0,0,0,0,0,0,0,1,0,0,0,0,2,0
38,TULCEA,"CĂMINUL CULTURAL",99,CEATALCHIOI,160047,1,PROV,PRCNCT,CD,CD_SV,"2021-01-21 12:30:02",392,378,14,0,136,122,14,0,417,281,134,2,0,1,1,2,10,36,62,1,2,1,9,1,0,0,0,0,0,0,0,0,1,1,1,0,0,1,1,1,1,1
38,TULCEA,"ŞCOALA VECHE",100,CEATALCHIOI,160047,1,PROV,PRCNCT,CD,CD_SV,"2021-01-21 12:30:02",30,15,15,0,30,15,15,0,32,2,30,0,0,0,2,2,2,5,14,0,0,1,2,1,0,0,0,0,0,0,0,0,0,0,0,0,0,0,0,0,1,0
38,TULCEA,"ŞCOALA MIRCEA VODĂ",101,CERNA,160127,1,PROV,PRCNCT,CD,CD_SV,"2021-01-21 12:30:02",423,414,9,0,97,88,9,0,455,358,94,2,1,1,3,9,3,15,48,0,2,1,5,2,1,1,0,0,1,0,0,0,0,0,0,0,0,0,0,0,2,0
38,TULCEA,"ŞCOALA GIMNAZIALĂ ”PANAIT CERNA”",102,CERNA,160127,1,PROV,PRCNCT,CD,CD_SV,"2021-01-21 12:30:02",1686,1656,19,11,440,410,19,11,1838,1398,429,5,6,1,5,26,11,77,240,3,2,3,54,1,0,0,1,0,1,1,0,0,0,0,0,0,0,1,1,0,0,1
38,TULCEA,"ŞCOALA TRAIAN",103,CERNA,160127,1,PROV,PRCNCT,CD,CD_SV,"2021-01-21 12:30:02",830,813,17,0,177,160,17,0,895,718,169,6,2,1,6,7,1,31,62,7,3,6,31,3,0,0,1,0,0,0,0,0,0,1,1,4,0,0,2,1,0,1
38,TULCEA,"ŞCOALA GENERAL PRAPORGESCU",104,CERNA,160127,1,PROV,PRCNCT,CD,CD_SV,"2021-01-21 12:30:02",158,148,10,0,50,40,10,0,164,114,48,2,0,2,3,1,1,7,19,2,2,0,10,0,0,0,0,0,0,0,0,0,0,0,0,0,0,0,0,0,1,0
38,TULCEA,"CAMIN CULTURAL",105,"CHILIA VECHE",160172,1,PROV,PRCNCT,CD,CD_SV,"2021-01-21 12:30:02",820,807,13,0,184,171,13,0,891,707,178,3,3,4,2,18,60,35,34,0,1,3,12,0,1,0,0,0,0,1,0,0,0,0,1,0,0,1,0,3,1,1
38,TULCEA,"CAMIN CULTURAL",106,"CHILIA VECHE",160172,1,PROV,PRCNCT,CD,CD_SV,"2021-01-21 12:30:02",823,815,8,0,188,180,8,0,903,715,183,2,3,0,2,10,43,39,46,4,2,1,24,1,1,0,0,0,1,0,0,0,1,0,1,0,0,0,0,3,4,0
38,TULCEA,"ŞCOALA GIMNAZIALĂ",107,CIUCUROVA,160225,1,PROV,PRCNCT,CD,CD_SV,"2021-01-21 12:30:02",1130,1115,15,0,280,265,15,0,1232,952,254,19,7,1,4,7,17,95,62,2,1,4,38,1,1,0,2,0,0,0,0,0,1,3,7,1,1,0,1,1,0,4
38,TULCEA,"ŞCOALA PRIMARĂ",108,CIUCUROVA,160225,1,PROV,PRCNCT,CD,CD_SV,"2021-01-21 12:30:02",166,155,11,0,34,23,11,0,171,137,32,2,0,1,0,1,3,10,7,1,0,1,3,2,0,0,0,0,0,0,0,0,0,0,0,0,0,1,1,0,0,1
38,TULCEA,"ŞCOALA PRIMARĂ",109,CIUCUROVA,160225,1,PROV,PRCNCT,CD,CD_SV,"2021-01-21 12:30:02",430,419,11,0,120,109,11,0,464,344,116,3,1,1,5,6,9,47,19,2,0,3,14,0,0,0,0,1,0,0,0,0,0,0,0,0,0,1,0,8,0,0
38,TULCEA,"ŞCOALA GIMNAZIALĂ CRISAN",110,CRIŞAN,160261,1,PROV,PRCNCT,CD,CD_SV,"2021-01-21 12:30:02",382,370,12,0,125,113,12,0,409,284,123,0,2,1,17,10,10,35,19,1,0,1,8,3,4,0,0,0,0,0,0,0,0,0,0,0,1,0,0,9,2,2
38,TULCEA,"ŞCOALA PRIMARĂ CARAORMAN",111,CRIŞAN,160261,1,PROV,PRCNCT,CD,CD_SV,"2021-01-21 12:30:02",245,236,9,0,121,112,9,0,262,141,113,6,2,1,6,6,4,55,16,1,0,1,1,0,1,0,0,0,0,0,0,0,0,0,0,0,0,0,0,20,0,1
38,TULCEA,"ŞCOALA GIMNAZIALĂ MILA23",112,CRIŞAN,160261,1,PROV,PRCNCT,CD,CD_SV,"2021-01-21 12:30:02",393,383,10,0,155,145,10,0,422,267,146,8,1,0,2,15,6,29,50,1,2,1,16,1,1,0,0,0,1,0,0,0,0,0,1,0,0,1,0,1,17,1
38,TULCEA,"CĂMIN CULTURAL",113,DĂENI,160305,1,PROV,PRCNCT,CD,CD_SV,"2021-01-21 12:30:02",1614,1575,20,19,452,413,20,19,1778,1326,430,12,10,0,8,7,8,261,83,1,2,1,46,6,4,0,1,0,0,0,0,0,0,0,0,0,0,1,0,0,0,1
38,TULCEA,"SCOALA GIMNAZIALA DOROBANTU",114,DOROBANŢU,160323,1,PROV,PRCNCT,CD,CD_SV,"2021-01-21 12:30:02",636,625,8,3,149,138,8,3,690,541,146,1,2,2,13,0,6,35,67,0,2,1,18,1,0,0,0,0,0,0,0,0,0,1,0,0,0,0,0,0,0,0
38,TULCEA,"CĂMIN CULTURAL",115,DOROBANŢU,160323,1,PROV,PRCNCT,CD,CD_SV,"2021-01-21 12:30:02",360,344,16,0,83,67,16,0,381,298,77,4,2,1,4,5,1,13,28,0,1,3,18,0,1,0,0,0,0,0,1,1,0,0,0,0,0,0,0,0,0,0
38,TULCEA,"ȘCOALA MEȘTERU",116,DOROBANŢU,160323,1,PROV,PRCNCT,CD,CD_SV,"2021-01-21 12:30:02",128,113,15,0,33,18,15,0,124,91,33,0,0,2,0,1,5,5,11,0,1,0,6,1,0,0,0,0,0,0,0,0,0,0,0,0,0,0,0,0,0,1
38,TULCEA,"CAMIN CULTURAL FRECATEI",117,FRECĂŢEI,160387,1,PROV,PRCNCT,CD,CD_SV,"2021-01-21 12:30:02",1000,971,29,0,253,224,29,0,1075,822,247,4,2,1,8,26,14,55,90,2,2,4,27,2,7,1,0,0,1,2,0,1,0,0,0,0,2,0,0,0,0,2
38,TULCEA,"CENTRU MULTIFUNCTIONAL CATALOI",118,FRECĂŢEI,160387,1,PROV,PRCNCT,CD,CD_SV,"2021-01-21 12:30:02",1056,1029,27,0,261,234,27,0,1133,872,248,9,4,0,12,35,12,42,93,1,7,7,23,4,4,0,1,1,1,0,0,0,0,0,1,1,0,1,1,0,0,1
38,TULCEA,"CAMIN CULTURAL POSTA",119,FRECĂŢEI,160387,1,PROV,PRCNCT,CD,CD_SV,"2021-01-21 12:30:02",550,524,26,0,163,137,26,0,576,413,154,7,2,0,6,14,12,31,53,5,0,5,17,2,0,1,0,0,0,1,0,0,0,1,0,1,1,0,1,2,1,0
38,TULCEA,"CĂMIN CULTURAL TELIȚA",120,FRECĂŢEI,160387,1,PROV,PRCNCT,CD,CD_SV,"2021-01-21 12:30:02",468,440,28,0,152,124,28,0,484,332,144,4,4,0,0,17,12,29,36,0,1,1,22,1,3,0,0,0,0,0,0,0,0,0,0,0,1,1,1,17,1,1
38,TULCEA,"CĂMINUL CULTURAL GRECI",121,GRECI,160430,1,PROV,PRCNCT,CD,CD_SV,"2021-01-21 12:30:02",1511,1506,5,0,280,275,5,0,1671,1391,271,4,5,1,6,21,8,87,77,3,0,5,50,6,0,0,0,0,0,0,0,0,0,2,1,1,0,0,1,0,1,1
38,TULCEA,"ŞCOALA GIMNAZIALĂ GRECI, CORP B",122,GRECI,160430,1,PROV,PRCNCT,CD,CD_SV,"2021-01-21 12:30:02",1545,1536,9,0,318,309,9,0,1694,1376,304,5,9,0,10,27,10,110,68,3,3,8,54,3,1,0,1,0,1,0,0,1,0,1,0,0,0,0,2,0,1,0
38,TULCEA,"ŞCOALA GIMNAZIALĂ GRECI, CORP B",123,GRECI,160430,1,PROV,PRCNCT,CD,CD_SV,"2021-01-21 12:30:02",1237,1228,9,0,224,215,9,0,1353,1129,215,8,1,1,6,25,10,71,52,2,1,3,35,1,0,1,0,1,0,0,1,1,0,0,0,0,0,1,1,0,1,1
38,TULCEA,"CENTRUL SOCIAL DE ZI PENTRU PERSOANE DEFAVORIZATE",124,GRINDU,160458,1,PROV,PRCNCT,CD,CD_SV,"2021-01-21 12:30:02",1134,1106,28,0,305,277,28,0,1220,915,296,7,2,0,10,11,15,156,47,2,1,3,37,4,1,0,1,0,0,0,0,0,0,0,1,0,0,1,0,2,0,4
38,TULCEA,SCOALA,125,HAMCEARCA,160476,1,PROV,PRCNCT,CD,CD_SV,"2021-01-21 12:30:02",286,261,21,4,117,92,21,4,293,176,114,1,2,2,1,6,6,46,29,0,3,1,13,2,1,0,0,0,0,0,0,0,0,0,1,0,0,0,0,0,1,2
38,TULCEA,SCOALA,126,HAMCEARCA,160476,1,PROV,PRCNCT,CD,CD_SV,"2021-01-21 12:30:02",302,254,35,13,161,113,35,13,297,136,158,3,0,0,4,7,28,80,17,0,2,1,14,1,0,0,0,0,0,0,0,0,0,0,0,2,0,0,1,1,0,0
38,TULCEA,SCOALA,127,HAMCEARCA,160476,1,PROV,PRCNCT,CD,CD_SV,"2021-01-21 12:30:02",559,526,23,10,217,184,23,10,581,364,204,3,10,1,4,2,6,93,61,3,0,1,20,2,0,1,0,0,2,0,0,0,0,0,5,0,0,0,0,0,1,2
38,TULCEA,"ŞCOALA CU CLASELE I-IV",128,HORIA,160528,1,PROV,PRCNCT,CD,CD_SV,"2021-01-21 12:30:02",112,97,15,0,56,41,15,0,105,49,54,2,0,1,0,1,6,6,32,1,0,3,2,0,0,0,0,0,0,0,0,0,0,0,1,0,0,0,0,0,1,0
38,TULCEA,"GRADINITA FLORESTI",129,HORIA,160528,1,PROV,PRCNCT,CD,CD_SV,"2021-01-21 12:30:02",226,208,15,3,77,59,15,3,231,154,72,5,0,1,1,2,3,13,35,3,1,2,6,1,1,0,0,0,0,0,0,0,0,1,0,0,0,1,0,0,0,1
38,TULCEA,"GRADINITA HORIA",130,HORIA,160528,1,PROV,PRCNCT,CD,CD_SV,"2021-01-21 12:30:02",861,814,37,10,340,295,37,8,905,565,327,7,6,2,12,19,17,44,162,4,4,7,41,1,1,1,1,0,1,1,0,0,0,0,0,0,0,5,0,0,0,4
38,TULCEA,"CĂMINUL CULTURAL",131,I.C.BRĂTIANU,161525,1,PROV,PRCNCT,CD,CD_SV,"2021-01-21 12:30:02",997,943,54,0,346,292,54,0,1043,697,339,4,3,1,35,29,15,147,83,2,1,4,17,1,1,0,1,1,0,0,0,0,0,0,0,0,0,1,0,0,0,0
38,TULCEA,"ŞCOALA GIMNAZIALĂ",132,IZVOARELE,160564,1,PROV,PRCNCT,CD,CD_SV,"2021-01-21 12:30:02",1359,1256,40,63,427,324,40,63,1388,961,413,2,12,1,8,24,12,227,65,3,2,1,35,6,0,0,0,0,1,0,0,0,0,0,0,22,1,0,1,0,0,4
38,TULCEA,"ŞCOALA PRIMARĂ",133,IZVOARELE,160564,1,PROV,PRCNCT,CD,CD_SV,"2021-01-21 12:30:02",228,206,16,6,82,60,16,6,228,146,77,3,2,1,1,1,8,31,13,0,1,2,10,3,0,0,0,0,0,0,0,0,0,1,0,5,0,0,0,0,0,0
38,TULCEA,"ŞCOALA PRIMARĂ",134,IZVOARELE,160564,1,PROV,PRCNCT,CD,CD_SV,"2021-01-21 12:30:02",272,251,21,0,77,56,21,0,277,200,76,1,0,0,3,1,3,30,20,0,2,1,13,0,0,0,0,0,1,0,0,0,0,0,0,0,0,0,0,0,1,1
38,TULCEA,"CĂMINUL CULTURAL",135,JIJILA,160617,1,PROV,PRCNCT,CD,CD_SV,"2021-01-21 12:30:02",1828,1819,5,4,406,397,5,4,2019,1613,393,9,4,3,6,78,11,141,90,2,1,3,48,3,1,0,0,0,1,0,0,2,0,0,0,0,0,1,0,0,1,1
38,TULCEA,"CĂMINUL CULTURAL",136,JIJILA,160617,1,PROV,PRCNCT,CD,CD_SV,"2021-01-21 12:30:02",1624,1615,7,2,341,332,7,2,1781,1440,325,8,8,2,4,47,4,106,97,1,0,5,45,1,3,0,2,2,0,0,1,0,1,0,0,0,1,0,1,2,0,0
38,TULCEA,"CĂMINUL CULTURAL",137,JIJILA,160617,1,PROV,PRCNCT,CD,CD_SV,"2021-01-21 12:30:02",1072,1061,9,2,235,224,9,2,1173,938,226,6,3,5,4,20,9,74,64,3,2,4,25,2,4,1,1,0,1,0,0,0,0,2,1,0,0,1,1,0,0,2
38,TULCEA,"ȘCOALA GENERALĂ SĂLCIOARA",138,JURILOVCA,160644,1,PROV,PRCNCT,CD,CD_SV,"2021-01-21 12:30:02",1049,1035,14,0,407,393,14,0,1141,734,385,12,10,1,19,14,6,77,223,5,0,1,30,0,0,2,2,0,0,0,0,0,1,0,0,0,0,0,0,0,1,3
38,TULCEA,"ȘCOALA PRIMARĂ VIȘINA",139,JURILOVCA,160644,1,PROV,PRCNCT,CD,CD_SV,"2021-01-21 12:30:02",609,591,18,0,199,181,18,0,650,451,190,7,2,1,3,7,3,23,117,2,0,4,21,0,1,1,2,0,1,0,0,0,0,0,0,0,0,0,1,0,1,2
38,TULCEA,"ŞCOALA GENERALĂ",140,JURILOVCA,160644,1,PROV,PRCNCT,CD,CD_SV,"2021-01-21 12:30:02",967,943,23,1,317,293,23,1,1042,725,302,13,2,2,9,17,8,35,166,2,2,1,14,1,0,1,0,0,0,0,0,0,0,0,0,0,0,0,1,1,42,0
38,TULCEA,"CĂMINUL CULTURAL JURILOVCA",141,JURILOVCA,160644,1,PROV,PRCNCT,CD,CD_SV,"2021-01-21 12:30:02",1071,1055,16,0,313,297,16,0,1162,849,304,6,3,3,3,28,7,53,155,1,4,0,12,0,0,0,0,0,0,0,0,0,0,0,1,0,0,0,1,0,36,0
38,TULCEA,"CĂMIN CULTURAL",142,LUNCAVIŢA,160680,1,PROV,PRCNCT,CD,CD_SV,"2021-01-21 12:30:02",1616,1599,15,2,379,362,15,2,1768,1389,367,4,8,1,11,26,71,99,83,6,1,1,53,1,1,1,0,0,0,1,1,1,1,2,3,0,0,0,1,0,0,2
38,TULCEA,"CĂMIN CULTURAL",143,LUNCAVIŢA,160680,1,PROV,PRCNCT,CD,CD_SV,"2021-01-21 12:30:02",1306,1287,18,1,279,260,18,1,1420,1141,268,7,4,2,14,25,47,70,42,2,2,0,49,0,0,0,0,0,0,1,1,0,0,2,0,3,0,4,0,1,1,2
38,TULCEA,"ŞCOALA GENERALĂ",144,LUNCAVIŢA,160680,1,PROV,PRCNCT,CD,CD_SV,"2021-01-21 12:30:02",624,607,17,0,145,128,17,0,666,521,136,5,4,0,2,10,10,28,36,3,5,6,30,1,1,1,0,0,0,0,0,1,0,0,0,0,0,0,1,0,0,1
38,TULCEA,"LICEUL TEHNOLOGIC ”VASILE BACALU”",145,MAHMUDIA,160724,1,PROV,PRCNCT,CD,CD_SV,"2021-01-21 12:30:02",1078,1046,20,12,325,293,20,12,1162,837,314,7,4,1,5,28,15,65,148,1,0,5,20,1,0,0,1,0,0,0,0,1,1,1,0,0,0,0,0,2,17,2
38,TULCEA,"LICEUL TEHNOLOGIC ”VASILE BACALU”",146,MAHMUDIA,160724,1,PROV,PRCNCT,CD,CD_SV,"2021-01-21 12:30:02",1121,1093,18,10,368,340,18,10,1217,849,362,4,2,3,5,31,16,102,137,2,1,4,32,1,3,1,1,0,0,0,0,2,0,1,0,0,0,0,0,1,18,1
38,TULCEA,"ȘCOALA PRIMARĂ GORGOVA",147,MALIUC,160779,3,PART,PRCNCT,CD,CD_SV,"2021-01-21 12:30:02",114,104,10,0,55,45,10,0,114,59,55,0,0,2,3,6,3,16,6,0,0,0,13,1,1,0,1,0,1,0,0,0,0,0,0,0,0,0,0,0,1,1
38,TULCEA,"ŞCOALA GIMNAZIALĂ MALIUC",148,MALIUC,160779,1,PROV,PRCNCT,CD,CD_SV,"2021-01-21 12:30:02",322,316,4,2,109,103,4,2,349,240,105,0,4,0,4,12,4,38,17,1,2,0,21,4,0,0,0,0,0,0,0,0,0,0,0,0,0,0,0,0,1,1
38,TULCEA,"ŞCOALA GIMNAZIALĂ ”IOAN NENIȚESCU ” PARTIZANI",149,MALIUC,160779,1,PROV,PRCNCT,CD,CD_SV,"2021-01-21 12:30:02",364,343,21,0,129,108,21,0,378,249,125,3,1,1,2,5,8,68,19,2,0,2,10,2,4,0,0,0,0,0,0,0,0,0,0,1,0,0,0,0,0,1
38,TULCEA,"ŞCOALA CU CLASELE I-IV",150,"MIHAI BRAVU",160831,1,PROV,PRCNCT,CD,CD_SV,"2021-01-21 12:30:02",570,553,17,0,179,162,17,0,627,448,173,4,2,0,12,13,10,32,73,0,1,3,24,0,1,1,0,0,2,0,0,0,0,0,0,0,0,1,0,0,0,0
38,TULCEA,"ŞCOALA CU CLASELE I-VIII",151,"MIHAI BRAVU",160831,1,PROV,PRCNCT,CD,CD_SV,"2021-01-21 12:30:02",560,545,15,0,84,69,15,0,601,517,77,5,2,1,5,3,4,12,27,0,0,3,19,0,0,0,0,0,0,1,0,0,0,1,0,0,0,0,0,0,0,1
38,TULCEA,"ȘCOALA GIMNAZIALĂ TURDA",152,"MIHAI BRAVU",160831,1,PROV,PRCNCT,CD,CD_SV,"2021-01-21 12:30:02",1021,1003,18,0,220,202,18,0,1101,881,202,13,5,2,2,4,7,30,106,5,2,6,30,0,2,0,2,0,0,0,0,0,0,0,0,0,0,0,2,0,1,1
38,TULCEA,"ŞCOALA PRIMARĂ LĂSTUNI",153,"MIHAIL KOGĂLNICEANU",160877,1,PROV,PRCNCT,CD,CD_SV,"2021-01-21 12:30:02",421,403,18,0,104,86,18,0,453,349,102,1,1,0,3,7,4,34,41,0,0,1,10,0,0,0,0,0,0,0,0,0,0,0,1,0,0,0,0,1,0,0
38,TULCEA,"ŞCOALA PRIMARĂ RÎNDUNICA",154,"MIHAIL KOGĂLNICEANU",160877,1,PROV,PRCNCT,CD,CD_SV,"2021-01-21 12:30:02",533,523,10,0,122,112,10,0,576,454,116,2,4,2,1,4,9,14,65,0,1,4,13,0,0,0,0,0,0,0,0,0,0,0,1,0,0,1,0,0,0,1
38,TULCEA,"ŞCOALA GIMNAZIALĂ MIHAIL KOGĂLNICEANU",155,"MIHAIL KOGĂLNICEANU",160877,1,PROV,PRCNCT,CD,CD_SV,"2021-01-21 12:30:02",1676,1648,28,0,454,426,28,0,1814,1360,431,16,7,1,12,25,23,108,183,3,6,6,40,2,2,0,0,1,1,0,0,1,1,2,6,1,0,1,0,1,3,2
38,TULCEA,"CĂMIN CULTURAL MURIGHIOL",156,MURIGHIOL,160911,1,PROV,PRCNCT,CD,CD_SV,"2021-01-21 12:30:02",1255,1222,33,0,337,304,33,0,1349,1012,331,3,3,1,18,31,63,106,61,4,1,2,26,3,1,0,0,0,0,0,0,0,0,0,0,0,0,1,1,11,1,0
38,TULCEA,"ŞCOALA CU CLASELE I-IV COLINA",157,MURIGHIOL,160911,1,PROV,PRCNCT,CD,CD_SV,"2021-01-21 12:30:02",127,114,13,0,54,41,13,0,124,70,51,1,2,0,2,5,5,10,10,0,0,2,16,0,0,0,0,0,0,0,0,0,0,0,0,0,0,0,0,1,0,0
38,TULCEA,"ŞCOALA CU CLASELE I-IV DUNAVĂȚU DE JOS",158,MURIGHIOL,160911,1,PROV,PRCNCT,CD,CD_SV,"2021-01-21 12:30:02",566,533,33,0,139,106,33,0,585,446,139,0,0,0,5,17,18,59,13,0,0,2,18,1,0,0,1,0,0,0,0,0,0,0,0,0,0,0,0,4,0,1
38,TULCEA,"ŞCOALA CU CLASELE I-IV DUNAVĂȚU DE SUS",159,MURIGHIOL,160911,1,PROV,PRCNCT,CD,CD_SV,"2021-01-21 12:30:02",145,125,20,0,46,26,20,0,139,93,43,3,0,0,3,5,3,7,8,0,0,0,14,0,0,0,0,0,0,0,0,0,0,0,0,0,0,0,0,1,1,1
38,TULCEA,"ŞCOALA CU CLASELE I-IV PLOPUL",160,MURIGHIOL,160911,1,PROV,PRCNCT,CD,CD_SV,"2021-01-21 12:30:02",527,504,23,0,128,105,23,0,553,425,128,0,0,2,10,8,11,40,19,0,1,10,26,0,1,0,0,0,0,0,0,0,0,0,0,0,0,0,0,0,0,0
38,TULCEA,"CĂMIN CULTURAL SARINASUF",161,MURIGHIOL,160911,2,PART,PRCNCT,CD,CD_SV,"2021-01-21 12:30:02",362,343,19,0,84,65,19,0,376,292,83,0,1,0,10,10,9,24,21,1,0,1,6,0,0,0,0,0,0,0,0,0,0,0,0,0,0,0,0,1,0,0
38,TULCEA,"ŞCOALA CU CLASELE I-IV",162,NALBANT,160993,1,PROV,PRCNCT,CD,CD_SV,"2021-01-21 12:30:02",290,276,14,0,98,84,14,0,306,208,95,2,1,0,1,7,28,39,6,2,0,7,2,1,0,0,0,0,0,0,0,0,0,0,0,0,0,0,1,0,0,1
38,TULCEA,"ŞCOALA CU CLASELE I-VIII",163,NALBANT,160993,1,PROV,PRCNCT,CD,CD_SV,"2021-01-21 12:30:02",790,772,18,0,218,200,18,0,850,632,212,3,3,1,4,12,27,47,47,2,2,22,40,0,1,1,0,0,0,0,0,0,0,1,0,2,0,0,2,0,0,1
38,TULCEA,"ȘCOALA GIMNAZIALĂ NICOLAE BĂLCESCU",164,NALBANT,160993,1,PROV,PRCNCT,CD,CD_SV,"2021-01-21 12:30:02",1041,1027,14,0,234,220,14,0,1130,896,221,3,10,0,2,1,5,130,29,1,0,5,36,6,1,0,0,1,0,0,0,0,0,0,0,0,0,0,0,0,0,4
38,TULCEA,"ŞCOALA GIMNAZIALĂ ”NICHIFOR LUDOVIG”",165,NICULIŢEL,161035,1,PROV,PRCNCT,CD,CD_SV,"2021-01-21 12:30:02",1313,1275,37,1,305,267,37,1,1405,1100,296,4,5,2,12,19,27,38,98,2,1,4,82,5,0,0,0,0,0,0,0,0,0,0,1,1,0,0,0,1,1,2
38,TULCEA,"ŞCOALA GIMNAZIALĂ ”NICHIFOR LUDOVIG”",166,NICULIŢEL,161035,1,PROV,PRCNCT,CD,CD_SV,"2021-01-21 12:30:02",1223,1205,15,3,253,235,15,3,1327,1074,245,3,5,0,19,23,9,29,76,7,3,5,61,2,0,2,1,1,0,0,0,0,0,1,5,0,0,0,0,0,0,1
38,TULCEA,"GRĂDINIŢA DE COPII",167,NICULIŢEL,161035,1,PROV,PRCNCT,CD,CD_SV,"2021-01-21 12:30:02",1265,1231,34,0,272,238,34,0,1360,1088,265,5,2,2,12,18,18,32,86,4,1,6,70,1,2,0,0,1,2,0,0,0,0,0,5,0,0,0,4,0,1,0
38,TULCEA,"ŞCOALA CU CLASELE I-IV",168,NUFĂRU,161053,1,PROV,PRCNCT,CD,CD_SV,"2021-01-21 12:30:02",213,187,26,0,85,59,26,0,206,121,82,1,2,0,6,6,5,16,24,1,1,6,10,0,5,0,0,0,0,0,0,0,0,0,0,0,0,0,1,1,0,0
38,TULCEA,"ŞCOALA CU CLASELE I-VIII",169,NUFĂRU,161053,1,PROV,PRCNCT,CD,CD_SV,"2021-01-21 12:30:02",1063,1029,34,0,281,247,34,0,1135,854,275,3,3,1,25,19,5,54,118,3,7,3,26,4,3,0,0,0,0,0,0,0,0,1,0,1,0,0,2,0,1,2
38,TULCEA,"CENTRUL CULTURAL ADMINISTRATIV SOCIAL",170,NUFĂRU,161053,1,PROV,PRCNCT,CD,CD_SV,"2021-01-21 12:30:02",1096,1048,48,0,361,313,48,0,1154,793,352,4,5,2,7,30,26,72,145,1,1,12,41,1,5,1,0,1,1,0,0,0,0,0,0,0,0,1,0,0,3,2
38,TULCEA,"GRĂDINIŢA DE COPII OSTROV",171,OSTROV,161106,1,PROV,PRCNCT,CD,CD_SV,"2021-01-21 12:30:02",1533,1518,15,0,379,364,15,0,1715,1336,350,19,10,1,14,14,10,53,205,5,3,5,28,2,1,1,2,0,1,0,0,0,0,0,0,0,0,1,0,0,0,4
38,TULCEA,"CAMINUL CULTURAL",172,PARDINA,161133,1,PROV,PRCNCT,CD,CD_SV,"2021-01-21 12:30:02",497,475,22,0,154,132,22,0,521,367,149,3,2,1,2,3,10,44,58,1,0,2,16,3,0,0,0,0,0,1,0,0,0,0,1,0,0,0,0,6,0,1
38,TULCEA,"CĂMINUL CULTURAL",173,PECENEAGA,161151,1,PROV,PRCNCT,CD,CD_SV,"2021-01-21 12:30:02",1416,1377,20,19,429,390,20,19,1525,1096,406,11,12,1,29,11,8,48,207,2,2,2,81,5,0,1,3,0,1,0,0,0,0,0,0,0,0,0,0,0,0,5
38,TULCEA,"ŞCOALA PRIMARĂ SABANGIA",174,SARICHIOI,161179,1,PROV,PRCNCT,CD,CD_SV,"2021-01-21 12:30:02",444,422,22,0,113,91,22,0,482,369,107,3,3,1,1,7,3,20,44,4,0,4,10,1,1,0,0,0,1,0,0,0,1,1,0,0,0,0,1,0,6,1
38,TULCEA,"ŞCOALA PRIMARĂ VISTERNA",175,SARICHIOI,161179,1,PROV,PRCNCT,CD,CD_SV,"2021-01-21 12:30:02",335,325,10,0,70,60,10,0,359,289,67,3,0,1,1,14,3,11,19,1,0,0,12,1,0,0,0,0,1,0,0,0,0,0,0,0,0,0,0,0,3,0
38,TULCEA,"ŞCOALA PRIMARĂ ENISALA",176,SARICHIOI,161179,1,PROV,PRCNCT,CD,CD_SV,"2021-01-21 12:30:02",781,765,11,5,163,147,11,5,849,686,158,3,2,0,5,14,7,44,51,1,2,1,22,2,0,0,0,0,1,0,0,0,0,2,0,0,0,0,1,0,3,2
38,TULCEA,"CĂMIN CULTURAL",177,SARICHIOI,161179,1,PROV,PRCNCT,CD,CD_SV,"2021-01-21 12:30:02",1118,1079,25,14,255,216,25,14,1207,952,243,9,3,0,6,20,23,63,78,4,0,1,39,7,0,0,0,0,0,0,0,0,0,0,0,0,0,0,0,0,0,2
38,TULCEA,"ŞCOALA GIMNAZIALĂ SARICHIOI",178,SARICHIOI,161179,1,PROV,PRCNCT,CD,CD_SV,"2021-01-21 12:30:02",1561,1554,7,0,340,333,7,0,1711,1371,316,17,7,1,7,107,1,48,37,2,3,2,17,0,0,0,0,1,1,0,0,0,0,2,1,0,1,1,0,0,83,1
38,TULCEA,"ŞCOALA GIMNAZIALĂ SARICHIOI",179,SARICHIOI,161179,1,PROV,PRCNCT,CD,CD_SV,"2021-01-21 12:30:02",1379,1367,12,0,255,243,12,0,1510,1255,244,10,1,1,7,39,2,52,47,1,0,1,15,2,0,1,1,0,0,1,0,0,0,0,1,0,0,0,0,0,72,1
38,TULCEA,"CAMIN CULTURAL",180,"SFÂNTU GHEORGHE",161231,1,PROV,PRCNCT,CD,CD_SV,"2021-01-21 12:30:02",706,690,16,0,200,184,16,0,760,560,195,5,0,0,5,29,3,57,64,1,3,2,12,1,0,0,1,0,0,1,0,0,0,0,1,1,0,0,0,12,2,0
38,TULCEA,"CONSILIUL LOCAL",181,"SLAVA CERCHEZĂ",161259,1,PROV,PRCNCT,CD,CD_SV,"2021-01-21 12:30:02",1015,1001,14,0,222,208,14,0,1103,881,209,8,5,1,2,5,7,56,66,0,0,1,8,0,0,0,0,0,0,1,0,0,0,0,1,0,0,0,1,0,59,1
38,TULCEA,"ŞCOALA GENERALĂ CU CLASELE I-IV",182,"SLAVA CERCHEZĂ",161259,1,PROV,PRCNCT,CD,CD_SV,"2021-01-21 12:30:02",935,912,23,0,190,167,23,0,1007,817,179,9,2,0,5,4,13,29,32,0,4,1,13,1,0,0,1,0,0,0,0,0,0,1,0,0,0,0,0,0,73,2
38,TULCEA,"ŞCOALA GIMNAZIALĂ ”MAIOR IOAN MURGESCU”",183,SMÂRDAN,161286,1,PROV,PRCNCT,CD,CD_SV,"2021-01-21 12:30:02",903,890,13,0,214,201,13,0,980,766,203,8,3,0,5,14,4,64,74,1,1,4,24,3,3,2,0,0,0,0,0,0,0,0,1,0,0,0,1,0,1,1
38,TULCEA,"ŞCOALA CU CLASELE I-IV",184,SOMOVA,161302,1,PROV,PRCNCT,CD,CD_SV,"2021-01-21 12:30:02",1525,1502,21,2,376,353,21,2,1658,1282,367,7,2,1,15,66,19,117,55,0,3,3,63,3,1,3,0,0,1,0,1,1,1,3,1,0,0,1,0,0,4,5
38,TULCEA,"ŞCOALA CU CLASELE I-IV",185,SOMOVA,161302,1,PROV,PRCNCT,CD,CD_SV,"2021-01-21 12:30:02",668,639,29,0,170,141,29,0,705,535,167,0,3,0,2,17,11,62,28,1,4,4,26,2,1,0,0,0,0,0,0,1,0,2,2,0,0,1,1,0,1,1
38,TULCEA,"ŞCOALA ”TRAIAN COŞOVEI” CU CLASELE I-VIII",186,SOMOVA,161302,1,PROV,PRCNCT,CD,CD_SV,"2021-01-21 12:30:02",2042,1988,54,0,526,472,54,0,2185,1659,520,6,0,1,13,67,34,230,69,6,3,8,73,1,5,3,1,0,0,0,0,0,0,1,1,0,0,0,0,0,1,3
38,TULCEA,"CĂMINUL CULTURAL",187,STEJARU,161348,1,PROV,PRCNCT,CD,CD_SV,"2021-01-21 12:30:02",591,513,61,17,302,224,61,17,564,262,295,0,7,0,2,4,6,217,50,2,1,0,6,3,0,0,0,0,0,0,0,0,0,1,0,0,0,1,1,0,0,1
38,TULCEA,"GRADINIȚA MINA ALTÂN-TEPE",188,STEJARU,161348,2,PART,PRCNCT,CD,CD_SV,"2021-01-21 12:30:02",363,337,21,5,153,127,21,5,371,218,150,1,2,0,2,3,0,65,52,1,1,2,18,2,0,0,0,0,0,0,0,0,0,1,0,0,0,0,0,0,1,2
38,TULCEA,"SEDIUL FOSTEI ŞCOLI",189,STEJARU,161348,1,PROV,PRCNCT,CD,CD_SV,"2021-01-21 12:30:02",244,170,63,11,244,170,63,11,434,190,235,7,2,0,2,2,5,163,38,3,1,1,16,2,0,0,0,0,0,0,0,0,0,0,0,0,0,0,0,0,0,2
38,TULCEA,"LICEUL TEHNOLOGIC TOPOLOG TOPOLOG",190,TOPOLOG,161384,1,PROV,PRCNCT,CD,CD_SV,"2021-01-21 12:30:02",932,911,16,5,258,237,16,5,1010,752,241,9,8,2,6,13,22,55,92,1,2,6,30,3,0,1,1,0,1,0,1,0,0,1,0,0,0,1,0,0,0,3
38,TULCEA,"LICEUL TEHNOLOGIC TOPOLOG",191,TOPOLOG,161384,1,PROV,PRCNCT,CD,CD_SV,"2021-01-21 12:30:02",1001,990,11,0,252,241,11,0,1089,837,241,8,3,5,3,15,15,59,90,2,4,6,38,0,0,0,1,0,1,0,0,0,0,0,1,1,0,0,0,0,0,0
38,TULCEA,"ŞCOALA GENERALĂ",192,TOPOLOG,161384,1,PROV,PRCNCT,CD,CD_SV,"2021-01-21 12:30:02",106,100,6,0,32,26,6,0,110,78,30,1,1,0,0,0,3,4,7,1,0,1,11,0,0,0,0,1,1,0,0,0,0,0,1,0,0,0,0,0,0,0
38,TULCEA,"ŞCOALA GENERALĂ",193,TOPOLOG,161384,1,PROV,PRCNCT,CD,CD_SV,"2021-01-21 12:30:02",191,181,10,0,51,41,10,0,200,149,49,1,1,0,1,4,1,10,15,1,0,2,12,1,0,0,0,0,1,0,0,0,0,0,0,0,0,0,0,0,0,1
38,TULCEA,"ŞCOALA GENERALĂ",194,TOPOLOG,161384,1,PROV,PRCNCT,CD,CD_SV,"2021-01-21 12:30:02",514,506,8,0,111,103,8,0,558,447,107,1,3,1,6,10,5,30,22,0,1,5,18,0,2,1,0,0,1,1,0,1,0,0,0,1,0,1,0,0,0,1
38,TULCEA,"ŞCOALA GENERALĂ",195,TOPOLOG,161384,1,PROV,PRCNCT,CD,CD_SV,"2021-01-21 12:30:02",220,210,10,0,60,50,10,0,231,171,59,1,0,0,2,3,2,17,25,1,1,2,3,1,0,0,0,0,0,0,0,0,0,0,1,0,0,0,0,1,0,0
38,TULCEA,"ŞCOALA GENERALĂ",196,TOPOLOG,161384,1,PROV,PRCNCT,CD,CD_SV,"2021-01-21 12:30:02",197,189,8,0,86,78,8,0,208,122,77,5,4,1,1,3,2,25,38,1,0,1,4,0,0,0,0,0,0,0,0,0,0,0,0,0,0,1,0,0,0,0
38,TULCEA,"ŞCOALA GENERALĂ",197,TOPOLOG,161384,1,PROV,PRCNCT,CD,CD_SV,"2021-01-21 12:30:02",438,432,6,0,106,100,6,0,476,370,102,1,3,1,3,7,6,21,35,2,1,1,23,0,0,0,0,0,1,0,0,0,0,0,0,0,0,0,0,0,1,0
38,TULCEA,"ŞCOALA GIMNAZIALĂ TURCOAIA",198,TURCOAIA,161464,1,PROV,PRCNCT,CD,CD_SV,"2021-01-21 12:30:02",1466,1458,8,0,318,310,8,0,1609,1291,307,5,6,1,12,28,16,75,119,2,3,1,47,1,2,0,0,0,0,0,0,0,0,0,0,0,0,0,0,0,0,0
38,TULCEA,"SCOALA GIMNAZIALA TURCOAIA",199,TURCOAIA,161464,1,PROV,PRCNCT,CD,CD_SV,"2021-01-21 12:30:02",1204,1196,8,0,224,216,8,0,1318,1094,217,2,5,0,7,7,17,48,100,3,1,1,26,1,3,0,1,0,0,0,0,0,0,0,1,0,0,0,0,0,0,1
38,TULCEA,"CĂMINUL CULTURAL",200,"VALEA NUCARILOR",161482,1,PROV,PRCNCT,CD,CD_SV,"2021-01-21 12:30:02",835,788,40,7,275,228,40,7,876,601,263,7,5,0,9,17,13,61,130,7,5,3,11,2,1,0,0,0,0,0,0,0,0,0,0,0,0,1,1,0,2,0
38,TULCEA,"CĂMINUL CULTURAL AGIGHIOL",201,"VALEA NUCARILOR",161482,1,PROV,PRCNCT,CD,CD_SV,"2021-01-21 12:30:02",1419,1392,27,0,323,296,27,0,1533,1210,303,10,10,0,6,21,42,81,83,2,4,4,44,2,3,0,1,0,0,1,0,0,0,3,0,1,0,0,0,0,1,4
38,TULCEA,"CĂMIN CULTURAL IAZURILE",202,"VALEA NUCARILOR",161482,1,PROV,PRCNCT,CD,CD_SV,"2021-01-21 12:30:02",680,661,19,0,180,161,19,0,732,552,174,2,4,0,9,9,13,42,74,0,3,2,11,1,0,0,2,0,0,0,0,1,0,0,2,1,0,0,0,0,2,2
38,TULCEA,"ŞCOALA GIMNAZIALĂ ”MIHAI EMINESCU” VALEA TEILOR",203,"VALEA TEILOR",161561,1,PROV,PRCNCT,CD,CD_SV,"2021-01-21 12:30:02",1169,1137,27,5,329,297,27,5,1261,932,292,25,12,1,3,13,14,101,66,3,2,2,53,1,0,0,2,0,1,0,0,3,0,2,17,3,1,3,0,0,0,1
38,TULCEA,"SALA DE EDUCAȚIE FIZICĂ ȘCOLARĂ",204,VĂCĂRENI,161543,1,PROV,PRCNCT,CD,CD_SV,"2021-01-21 12:30:02",1798,1742,26,30,485,429,26,30,1988,1503,475,5,5,1,10,94,5,92,201,2,1,7,51,3,1,1,0,0,0,0,0,0,0,0,1,1,0,0,1,1,0,2
