precinct_county_nce,precinct_county_name,precinct_name,precinct_nr,uat_name,uat_siruta,report_version,report_stage_code,report_type_scope_code,report_type_category_code,report_type_code,created_at,a,a1,a2,a3,b,b1,b2,b3,c,d,e,f,g,"UNIUNEA DEMOCRATĂ MAGHIARĂ DIN ROMÂNIA-voturi","PARTIDUL MIȘCAREA POPULARĂ-voturi","PARTIDUL SOCIAL DEMOCRAT-voturi","PARTIDUL NAȚIONAL LIBERAL-voturi","ALIANȚA USR PLUS-voturi","PARTIDUL PRO ROMÂNIA-voturi","PARTIDUL PUTERII UMANISTE (SOCIAL-LIBERAL)-voturi","ALIANȚA PENTRU UNIREA ROMÂNILOR-voturi","PARTIDUL VERDE-voturi","PARTIDUL ECOLOGIST ROMÂN-voturi","ALIANȚA RENAȘTEREA NAȚIONALĂ-voturi","PARTIDUL ROMÂNIA MARE-voturi","UNIUNEA ARMENILOR DIN ROMÂNIA-voturi","UNIUNEA UCRAINENILOR DIN ROMÂNIA-voturi","UNIUNEA SÂRBILOR DIN ROMÂNIA-voturi","UNIUNEA DEMOCRATĂ TURCĂ DIN ROMÂNIA-voturi","FEDERAȚIA COMUNITĂȚILOR EVREIEȘTI DIN ROMÂNIA-voturi","ASOCIAȚIA ITALIENILOR DIN ROMÂNIA – RO.AS.IT.-voturi","UNIUNEA CULTURALĂ A RUTENILOR DIN ROMÂNIA-voturi","COMUNITATEA RUȘILOR LIPOVENI DIN ROMÂNIA-voturi","FORUMUL DEMOCRAT AL GERMANILOR DIN ROMÂNIA-voturi","UNIUNEA CROAȚILOR DIN ROMÂNIA-voturi","ASOCIAȚIA PARTIDA ROMILOR “PRO-EUROPA”-voturi","UNIUNEA ELENĂ DIN ROMÂNIA-voturi","UNIUNEA POLONEZILOR DIN ROMÂNIA-voturi","UNIUNEA BULGARĂ DIN BANAT-ROMÂNIA-voturi","ASOCIAȚIA LIGA ALBANEZILOR DIN ROMÂNIA-voturi","ASOCIAȚIA MACEDONENILOR DIN ROMÂNIA-voturi","UNIUNEA DEMOCRATICĂ A SLOVACILOR ȘI CEHILOR DIN ROMÂNIA-voturi"
1,ALBA,"CENTRUL DE ZI PENTRU PERSOANE VÂRSTNICE",1,"MUNICIPIUL ALBA IULIA",1017,1,PROV,PRCNCT,CD,CD_SV,"2021-01-21 12:30:02",1660,1635,22,3,659,634,22,3,1800,1141,649,7,3,13,36,106,203,157,24,9,49,11,9,22,3,0,0,1,0,2,0,1,0,0,0,0,2,0,0,1,0,0
1,ALBA,"ŞCOALA GIMNAZIALĂ „VASILE GOLDIŞ”",2,"MUNICIPIUL ALBA IULIA",1017,1,PROV,PRCNCT,CD,CD_SV,"2021-01-21 12:30:02",1034,1019,15,0,376,361,15,0,1110,734,368,6,2,8,20,52,126,91,21,1,28,2,1,8,2,2,1,0,0,2,0,1,0,0,0,1,0,0,1,0,0,0
1,ALBA,"ŞCOALA GIMNAZIALĂ „VASILE GOLDIŞ”",3,"MUNICIPIUL ALBA IULIA",1017,1,PROV,PRCNCT,CD,CD_SV,"2021-01-21 12:30:02",1387,1365,20,2,512,490,20,2,1500,988,503,9,0,12,21,97,141,144,19,4,38,6,14,2,2,0,1,0,0,0,0,1,0,0,0,1,0,0,0,0,0,0
1,ALBA,"ŞCOALĂ GIMNAZIALĂ „AVRAM IANCU”",4,"MUNICIPIUL ALBA IULIA",1017,1,PROV,PRCNCT,CD,CD_SV,"2021-01-21 12:30:02",1302,1288,13,1,489,475,13,1,1400,911,482,6,1,6,24,82,160,117,24,1,38,7,9,7,4,0,0,0,0,0,0,2,0,0,0,1,0,0,0,0,0,0
1,ALBA,"ŞCOALĂ GIMNAZIALĂ „AVRAM IANCU”",5,"MUNICIPIUL ALBA IULIA",1017,1,PROV,PRCNCT,CD,CD_SV,"2021-01-21 12:30:02",963,939,22,2,342,318,22,2,1040,698,340,2,0,2,6,59,124,87,11,3,33,3,5,2,0,0,0,1,0,0,0,1,0,1,0,1,1,0,0,0,0,0
1,ALBA,"CASA DE CULTURĂ A STUDENŢILOR",6,"MUNICIPIUL ALBA IULIA",1017,1,PROV,PRCNCT,CD,CD_SV,"2021-01-21 12:30:02",664,633,29,2,242,211,29,2,700,458,234,7,1,1,8,45,76,68,9,1,16,2,1,4,1,0,0,0,0,0,0,2,0,0,0,0,0,0,0,0,0,0
1,ALBA,"COLEGIUL ECONOMIC”DIONISIE POP MARŢIAN”",7,"MUNICIPIUL ALBA IULIA",1017,2,PART,PRCNCT,CD,CD_SV,"2021-01-21 12:30:02",1432,1389,36,7,591,548,36,7,1529,938,580,9,2,10,26,97,194,158,23,6,40,5,10,7,2,0,0,1,0,0,0,1,0,0,0,0,0,0,0,0,0,0
1,ALBA,"COLEGIUL NAŢIONAL „HOREA CLOŞCA ŞI CRIŞAN”",8,"MUNICIPIUL ALBA IULIA",1017,1,PROV,PRCNCT,CD,CD_SV,"2021-01-21 12:30:02",1058,1012,44,2,408,362,44,2,1100,692,404,4,0,41,18,94,89,92,13,6,25,4,8,5,4,0,0,0,0,1,0,2,0,0,0,1,0,0,0,0,0,1
1,ALBA,"COLEGIUL NAŢIONAL „HOREA CLOŞCA ŞI CRIŞAN”",9,"MUNICIPIUL ALBA IULIA",1017,2,PART,PRCNCT,CD,CD_SV,"2021-01-21 12:30:02",1653,1622,28,3,650,619,28,3,1790,1140,645,5,0,5,33,94,207,193,33,5,56,5,4,3,2,0,0,0,0,0,0,3,0,0,0,1,0,0,0,0,0,1
1,ALBA,"COLEGIUL NAŢIONAL „HOREA CLOŞCA ŞI CRIŞAN”",10,"MUNICIPIUL ALBA IULIA",1017,1,PROV,PRCNCT,CD,CD_SV,"2021-01-21 12:30:02",1455,1427,24,4,450,422,24,4,1570,1120,442,8,0,6,18,104,113,99,29,8,47,6,2,0,4,1,0,0,1,0,0,1,0,1,0,2,0,0,0,0,0,0
1,ALBA,"COLEGIUL NAŢIONAL „HOREA CLOŞCA ŞI CRIŞAN”",11,"MUNICIPIUL ALBA IULIA",1017,1,PROV,PRCNCT,CD,CD_SV,"2021-01-21 12:30:02",1011,974,37,0,305,268,37,0,1080,775,301,3,1,1,7,38,81,85,15,6,48,4,5,4,2,0,0,0,0,2,0,1,0,0,0,2,0,0,0,0,0,0
1,ALBA,"COLEGIUL TEHNIC ”APULUM”",12,"MUNICIPIUL ALBA IULIA",1017,1,PROV,PRCNCT,CD,CD_SV,"2021-01-21 12:30:02",1201,1186,15,0,304,289,15,0,1300,996,295,8,1,2,10,69,86,49,4,12,49,4,5,0,2,0,0,1,0,0,0,1,0,0,0,1,0,0,0,0,0,0
1,ALBA,"COLEGIUL TEHNIC „APULUM”",13,"MUNICIPIUL ALBA IULIA",1017,1,PROV,PRCNCT,CD,CD_SV,"2021-01-21 12:30:02",1022,1001,18,3,298,277,18,3,1100,802,297,0,1,2,12,62,88,72,16,1,31,3,4,1,2,0,0,0,0,1,0,1,0,0,0,1,0,0,0,0,0,0
1,ALBA,"COLEGIUL TEHNIC „APULUM”",14,"MUNICIPIUL ALBA IULIA",1017,1,PROV,PRCNCT,CD,CD_SV,"2021-01-21 12:30:02",1156,1136,20,0,355,335,20,0,1258,903,346,9,0,3,11,46,109,104,13,5,40,6,3,3,1,0,0,0,0,0,0,2,0,0,0,0,0,0,0,0,0,0
1,ALBA,"GRĂDINIŢA CU PROGRAM PRELUNGIT NR.9",15,"MUNICIPIUL ALBA IULIA",1017,1,PROV,PRCNCT,CD,CD_SV,"2021-01-21 12:30:02",1402,1354,46,2,438,390,46,2,1490,1052,433,5,0,4,12,89,116,99,11,5,77,3,6,1,5,0,0,0,0,0,0,1,0,0,2,0,1,0,1,0,0,0
1,ALBA,"SEMINARUL TEOLOGIC ORTODOX „SFÂNTUL SIMION ŞTEFAN”",16,"MUNICIPIUL ALBA IULIA",1017,1,PROV,PRCNCT,CD,CD_SV,"2021-01-21 12:30:02",1378,1326,29,23,464,412,29,23,1470,1006,456,5,3,5,19,85,151,99,17,9,41,4,4,8,4,0,1,0,0,1,0,3,0,3,0,0,0,0,0,0,2,0
1,ALBA,"ŞCOALA GIMNAZIALĂ„ION AGÂRBICEANU”",17,"MUNICIPIUL ALBA IULIA",1017,1,PROV,PRCNCT,CD,CD_SV,"2021-01-21 12:30:02",921,899,22,0,270,248,22,0,1000,730,265,3,2,8,4,66,59,68,9,3,33,1,4,6,3,0,1,0,0,0,0,0,0,0,0,0,0,0,0,0,0,0
1,ALBA,"ŞCOALA GIMNAZIALĂ„ION AGÂRBICEANU”",18,"MUNICIPIUL ALBA IULIA",1017,1,PROV,PRCNCT,CD,CD_SV,"2021-01-21 12:30:02",911,869,41,1,315,273,41,1,960,645,306,7,2,7,11,65,78,72,19,0,37,4,4,3,1,0,1,0,0,1,0,2,0,0,0,0,0,0,0,0,1,0
1,ALBA,"GRĂDINIŢA CU PROGRAM PRELUNGIT NR.11",19,"MUNICIPIUL ALBA IULIA",1017,1,PROV,PRCNCT,CD,CD_SV,"2021-01-21 12:30:02",1324,1245,79,0,380,301,79,0,1380,1000,373,3,4,1,7,68,103,79,11,3,84,2,6,2,3,1,0,0,0,1,0,1,0,0,0,0,0,0,0,0,1,0
1,ALBA,"GRĂDINIŢA CU PROGRAM PRELUNGIT STEP BY STEP NR.12",20,"MUNICIPIUL ALBA IULIA",1017,1,PROV,PRCNCT,CD,CD_SV,"2021-01-21 12:30:02",1071,1041,30,0,381,351,30,0,1150,769,379,2,0,5,18,67,97,93,16,5,50,6,11,4,2,0,0,0,0,0,0,3,0,1,1,0,0,0,0,0,0,0
1,ALBA,"GRĂDINIŢA CU PROGRAM PRELUNGIT STEP BY STEP NR.12",21,"MUNICIPIUL ALBA IULIA",1017,1,PROV,PRCNCT,CD,CD_SV,"2021-01-21 12:30:02",1085,1067,16,2,404,386,16,2,1180,776,396,4,4,4,17,94,114,87,11,8,37,2,8,4,0,0,2,0,0,4,0,3,0,0,0,0,0,0,1,0,0,0
1,ALBA,"ŞCOALA GIMNAZIALĂ „MIHAI EMINESCU”",22,"MUNICIPIUL ALBA IULIA",1017,2,PART,PRCNCT,CD,CD_SV,"2021-01-21 12:30:02",1268,1214,51,3,489,435,51,3,1340,851,481,6,2,2,18,93,149,121,24,6,48,3,4,8,0,1,0,0,0,0,0,2,0,0,0,0,0,0,0,0,2,0
1,ALBA,"ŞCOALA GIMNAZIALĂ „MIHAI EMINESCU”",23,"MUNICIPIUL ALBA IULIA",1017,1,PROV,PRCNCT,CD,CD_SV,"2021-01-21 12:30:02",1692,1657,34,1,609,574,34,1,1830,1221,599,10,0,8,26,80,211,149,21,8,69,6,8,4,2,0,0,0,1,0,0,5,0,0,0,0,0,1,0,0,0,0
1,ALBA,"GRĂDINIŢA CU PROGRAM PRELUNGIT NR.13",24,"MUNICIPIUL ALBA IULIA",1017,1,PROV,PRCNCT,CD,CD_SV,"2021-01-21 12:30:02",1125,1095,30,0,380,350,30,0,1200,820,370,8,2,1,12,78,107,96,12,4,36,4,4,13,2,0,0,0,0,0,0,1,0,0,0,0,0,0,0,0,0,0
1,ALBA,"GRĂDINIŢA CU PROGRAM PRELUNGIT NR.13",25,"MUNICIPIUL ALBA IULIA",1017,1,PROV,PRCNCT,CD,CD_SV,"2021-01-21 12:30:02",1230,1210,20,0,392,372,20,0,1334,942,386,6,0,1,18,81,126,94,14,2,33,2,3,6,3,0,0,0,0,0,1,0,0,1,0,0,0,0,1,0,0,0
1,ALBA,"LICEUL CU PROGRAM SPORTIV",26,"MUNICIPIUL ALBA IULIA",1017,1,PROV,PRCNCT,CD,CD_SV,"2021-01-21 12:30:02",1390,1366,22,2,451,427,22,2,1500,1049,442,8,1,3,17,92,142,124,12,6,29,3,4,1,2,1,0,0,1,0,1,1,0,0,0,1,0,0,0,1,0,1
1,ALBA,"LICEUL CU PROGRAM SPORTIV",27,"MUNICIPIUL ALBA IULIA",1017,1,PROV,PRCNCT,CD,CD_SV,"2021-01-21 12:30:02",1403,1369,33,1,515,481,33,1,1501,986,507,8,0,6,21,88,131,147,11,16,56,4,6,8,3,0,0,0,0,0,0,6,0,0,1,0,2,0,0,1,0,0
1,ALBA,"LICEUL CU PROGRAM SPORTIV",28,"MUNICIPIUL ALBA IULIA",1017,1,PROV,PRCNCT,CD,CD_SV,"2021-01-21 12:30:02",1405,1381,19,5,516,492,19,5,1500,984,510,6,0,7,25,99,146,140,20,2,40,6,9,8,2,1,2,0,0,1,0,1,0,0,0,0,0,0,1,0,0,0
1,ALBA,"LICEUL CU PROGRAM SPORTIV",29,"MUNICIPIUL ALBA IULIA",1017,1,PROV,PRCNCT,CD,CD_SV,"2021-01-21 12:30:02",1102,1070,30,2,350,318,30,2,1190,840,345,5,0,2,14,63,105,90,20,6,26,2,6,6,1,0,1,0,0,0,0,2,1,0,0,0,0,0,0,0,0,0
1,ALBA,"BAZIN OLIMPIC",30,"MUNICIPIUL ALBA IULIA",1017,2,PART,PRCNCT,CD,CD_SV,"2021-01-21 12:30:02",1171,1149,22,0,378,356,22,0,1270,892,372,5,1,2,17,66,109,106,13,3,34,3,6,4,4,0,1,1,0,0,0,0,0,1,0,0,1,0,0,1,0,0
1,ALBA,"BAZIN OLIMPIC",31,"MUNICIPIUL ALBA IULIA",1017,1,PROV,PRCNCT,CD,CD_SV,"2021-01-21 12:30:02",1419,1370,49,0,420,371,49,0,1500,1080,413,6,1,7,18,62,109,101,22,5,63,3,1,12,7,1,0,0,0,0,0,2,0,0,0,0,0,0,0,0,0,0
1,ALBA,"STADION MUNICIPAL „CETATE”",32,"MUNICIPIUL ALBA IULIA",1017,1,PROV,PRCNCT,CD,CD_SV,"2021-01-21 12:30:02",1409,1367,39,3,528,486,39,3,1500,972,520,5,3,2,31,71,163,147,21,4,48,6,5,12,3,0,0,0,0,0,2,2,1,0,0,0,1,0,1,0,0,0
1,ALBA,"GRADINITA CU PROGRAM NORMAL NR. 10",33,"MUNICIPIUL ALBA IULIA",1017,1,PROV,PRCNCT,CD,CD_SV,"2021-01-21 12:30:02",1792,1771,20,1,586,565,20,1,1960,1374,562,18,6,4,22,81,155,112,64,5,83,9,6,7,5,0,1,1,0,0,1,1,0,0,0,2,1,0,0,0,1,1
1,ALBA,"GRĂDINIŢA CU PROGRAM NORMAL NR. 10",34,"MUNICIPIUL ALBA IULIA",1017,1,PROV,PRCNCT,CD,CD_SV,"2021-01-21 12:30:02",1548,1520,27,1,502,474,27,1,1680,1178,480,15,7,4,18,72,97,108,56,4,85,9,4,8,7,0,0,1,0,0,1,1,0,1,0,3,0,0,0,0,1,0
1,ALBA,"COLEGIUL TEHNIC „DORIN PAVEL” SCOALA GENERALA NR. 9",35,"MUNICIPIUL ALBA IULIA",1017,1,PROV,PRCNCT,CD,CD_SV,"2021-01-21 12:30:02",1422,1388,32,2,505,471,32,2,1500,995,493,12,0,7,16,96,129,167,18,8,35,4,3,6,0,0,0,0,0,1,1,1,0,0,0,0,1,0,0,0,0,0
1,ALBA,"COLEGIUL TEHNIC „DORIN PAVEL”",36,"MUNICIPIUL ALBA IULIA",1017,1,PROV,PRCNCT,CD,CD_SV,"2021-01-21 12:30:02",921,878,42,1,310,267,42,1,970,660,306,4,0,2,11,48,96,89,16,3,30,2,0,3,4,0,0,0,0,0,0,2,0,0,0,0,0,0,0,0,0,0
1,ALBA,"GRĂDINIŢA CU PROGRAM PRELUNGIT NR.16",37,"MUNICIPIUL ALBA IULIA",1017,1,PROV,PRCNCT,CD,CD_SV,"2021-01-21 12:30:02",1667,1617,50,0,535,485,50,0,1790,1255,528,7,0,5,16,74,160,157,13,7,65,11,6,9,2,0,0,0,0,0,0,1,0,0,0,0,0,1,0,0,1,0
1,ALBA,"COLEGIUL TEHNIC „ALEXANDRU DOMSA”",38,"MUNICIPIUL ALBA IULIA",1017,1,PROV,PRCNCT,CD,CD_SV,"2021-01-21 12:30:02",1553,1528,23,2,540,515,23,2,1680,1140,532,7,1,3,17,96,163,156,23,2,38,7,13,8,1,0,0,1,1,1,0,1,0,0,0,0,0,0,0,0,1,0
1,ALBA,"COLEGIUL TEHNIC „ALEXANDRU DOMSA”",39,"MUNICIPIUL ALBA IULIA",1017,1,PROV,PRCNCT,CD,CD_SV,"2021-01-21 12:30:02",1582,1570,10,2,449,437,10,2,1740,1291,448,1,0,7,15,65,92,174,16,2,50,3,9,6,1,0,0,0,0,0,0,2,0,1,1,0,0,1,0,1,2,0
1,ALBA,"COLEGIUL TEHNIC „ALEXANDRU DOMSA”",40,"MUNICIPIUL ALBA IULIA",1017,1,PROV,PRCNCT,CD,CD_SV,"2021-01-21 12:30:02",1368,1352,16,0,378,362,16,0,1500,1122,370,7,1,4,22,55,93,97,11,5,56,7,9,8,1,0,0,0,0,0,0,2,0,0,0,0,0,0,0,0,0,0
1,ALBA,"SC FLORIDA IMPEX SRL",41,"MUNICIPIUL ALBA IULIA",1017,1,PROV,PRCNCT,CD,CD_SV,"2021-01-21 12:30:02",2022,1979,36,7,853,810,36,7,2180,1327,847,6,0,2,42,141,239,285,35,8,57,7,5,13,3,1,1,1,0,0,0,4,0,1,0,1,0,0,0,0,1,0
1,ALBA,"GRĂDINIŢA CU PROGRAM NORMAL NR.5PARTOŞ",42,"MUNICIPIUL ALBA IULIA",1017,1,PROV,PRCNCT,CD,CD_SV,"2021-01-21 12:30:02",851,836,13,2,320,305,13,2,920,600,315,3,2,4,24,28,103,98,14,4,28,2,0,6,1,0,0,0,0,0,0,1,0,0,0,0,1,0,0,0,1,0
1,ALBA,"CĂMINUL PENTRU PERSOANE VÂRSTNICE",43,"MUNICIPIUL ALBA IULIA",1017,1,PROV,PRCNCT,CD,CD_SV,"2021-01-21 12:30:02",1143,1102,30,11,517,476,30,11,1200,683,512,5,0,10,23,87,151,164,12,3,37,2,7,8,2,0,0,0,0,0,4,1,0,0,0,0,1,0,0,0,0,0
1,ALBA,"GRĂDINIŢA CU PROGRAM NORMAL BĂRĂBANŢ",44,"MUNICIPIUL ALBA IULIA",1017,1,PROV,PRCNCT,CD,CD_SV,"2021-01-21 12:30:02",1025,1012,13,0,286,273,13,0,1100,814,282,2,2,3,14,56,77,65,8,3,43,5,5,1,2,0,0,0,0,0,0,0,0,0,0,0,0,0,0,0,0,0
1,ALBA,"GRĂDINIŢA CU PROGRAM NORMAL BĂRĂBANŢ",45,"MUNICIPIUL ALBA IULIA",1017,1,PROV,PRCNCT,CD,CD_SV,"2021-01-21 12:30:02",1276,1252,9,15,452,428,9,15,1390,938,445,6,1,1,23,77,118,123,25,5,35,3,4,19,4,0,1,0,0,1,1,3,0,0,0,0,0,0,0,0,2,0
1,ALBA,"ŞCOALA GIMNAZIALĂ MICEŞTI - SALA DE SPORT",46,"MUNICIPIUL ALBA IULIA",1017,1,PROV,PRCNCT,CD,CD_SV,"2021-01-21 12:30:02",1176,1152,22,2,469,445,22,2,1270,801,460,5,4,2,16,76,108,157,20,6,48,1,9,7,4,1,0,0,1,0,0,3,0,0,0,0,0,0,0,0,1,0
1,ALBA,"ŞCOALA GIMNAZIALĂ MICEŞTI",47,"MUNICIPIUL ALBA IULIA",1017,1,PROV,PRCNCT,CD,CD_SV,"2021-01-21 12:30:02",1284,1258,26,0,479,453,26,0,1390,911,470,7,2,2,14,92,138,136,16,2,47,2,4,13,2,0,0,0,0,0,0,1,0,0,0,0,1,0,0,0,0,0
1,ALBA,"CĂMINUL CULTURAL OARDA DE JOS",48,"MUNICIPIUL ALBA IULIA",1017,1,PROV,PRCNCT,CD,CD_SV,"2021-01-21 12:30:02",1298,1286,10,2,424,412,10,2,1420,996,416,8,0,0,46,57,122,83,9,8,60,7,3,6,2,0,0,0,1,1,0,6,0,1,0,1,1,0,0,0,2,0
1,ALBA,"GRĂDINIŢA CU PROGRAM NORMAL OARDA DE SUS",49,"MUNICIPIUL ALBA IULIA",1017,2,PART,PRCNCT,CD,CD_SV,"2021-01-21 12:30:02",742,717,25,0,263,238,25,0,790,527,257,4,2,0,18,46,51,63,13,3,45,1,3,5,1,0,0,0,0,0,1,3,0,0,0,2,0,0,1,1,0,0
1,ALBA,"ŞCOALA PRIMARĂ PÂCLIŞA",50,"MUNICIPIUL ALBA IULIA",1017,1,PROV,PRCNCT,CD,CD_SV,"2021-01-21 12:30:02",872,860,12,0,241,229,12,0,950,709,231,10,0,0,7,48,69,33,7,0,33,2,6,16,4,1,0,0,0,0,0,3,0,1,0,0,0,0,0,0,1,0
1,ALBA,"ȘCOALA GIMNAZIALĂ ”OVIDIU HULEA” AIUD",51,"MUNICIPIUL AIUD",1213,1,PROV,PRCNCT,CD,CD_SV,"2021-01-21 12:30:02",1417,1390,25,2,427,400,25,2,1540,1113,414,10,3,56,12,89,115,78,12,4,37,1,3,3,0,0,0,0,0,0,0,1,0,1,0,0,0,0,0,1,1,0
1,ALBA,"ŞCOALA GIMNAZIALĂ ”OVIDIU HULEA” AIUD",52,"MUNICIPIUL AIUD",1213,2,PART,PRCNCT,CD,CD_SV,"2021-01-21 12:30:02",1007,996,11,0,245,234,11,0,1100,855,237,5,3,39,7,52,55,56,4,2,16,1,0,0,4,0,0,0,0,0,0,1,0,0,0,0,0,0,0,0,0,0
1,ALBA,"ŞCOALA GIMNAZIALĂ ”OVIDIU HULEA” AIUD",53,"MUNICIPIUL AIUD",1213,3,PART,PRCNCT,CD,CD_SV,"2021-01-21 12:30:02",1185,1167,18,0,325,307,18,0,1290,965,319,5,1,49,12,55,79,73,8,6,28,3,4,1,0,0,0,0,0,0,0,1,0,0,0,0,0,0,0,0,0,0
1,ALBA,"GRĂDINIŢA CU PROGRAM PRELUNGIT ”PRIMII PAŞI” AIUD",54,"MUNICIPIUL AIUD",1213,1,PROV,PRCNCT,CD,CD_SV,"2021-01-21 12:30:02",994,937,18,39,316,259,18,39,1030,714,305,11,0,57,5,78,76,52,3,4,15,2,3,2,4,1,0,0,0,0,0,2,0,1,0,0,0,0,0,0,0,0
1,ALBA,"GRĂDINIŢA CU PROGRAM PRELUNGIT ”PRIMII PAŞI” AIUD",55,"MUNICIPIUL AIUD",1213,1,PROV,PRCNCT,CD,CD_SV,"2021-01-21 12:30:02",1118,1059,9,50,331,272,9,50,1170,839,324,5,2,36,5,94,91,50,7,11,19,3,5,1,0,0,0,0,0,0,0,0,1,0,0,1,0,0,0,0,0,0
1,ALBA,"ȘCOALA GIMNAZIALĂ ”AXENTE SEVER” AIUD",56,"MUNICIPIUL AIUD",1213,1,PROV,PRCNCT,CD,CD_SV,"2021-01-21 12:30:02",1288,1277,9,2,312,301,9,2,1400,1088,309,2,1,21,6,92,84,60,12,4,24,1,1,0,0,0,0,0,0,1,1,1,0,0,0,0,0,0,0,0,1,0
1,ALBA,"ŞCOALA GIMNAZIALĂ ”AXENTE SEVER” AIUD",57,"MUNICIPIUL AIUD",1213,1,PROV,PRCNCT,CD,CD_SV,"2021-01-21 12:30:02",1254,1230,24,0,336,312,24,0,1360,1024,333,3,0,44,4,83,99,52,3,3,35,2,2,1,1,0,0,0,0,0,0,1,0,0,0,0,0,0,0,2,0,1
1,ALBA,"ŞCOALA GIMNAZIALĂ ”AXENTE SEVER” AIUD",58,"MUNICIPIUL AIUD",1213,1,PROV,PRCNCT,CD,CD_SV,"2021-01-21 12:30:02",1179,1174,5,0,296,291,5,0,1290,994,293,0,3,34,9,99,69,37,10,1,24,2,2,1,2,0,0,0,1,0,0,1,0,0,0,0,0,0,0,1,0,0
1,ALBA,"ŞCOALA GIMNAZIALĂ ”AXENTE SEVER” AIUD",59,"MUNICIPIUL AIUD",1213,1,PROV,PRCNCT,CD,CD_SV,"2021-01-21 12:30:02",1132,1121,11,0,281,270,11,0,1240,959,272,4,5,31,5,91,73,34,6,3,26,0,1,0,0,0,0,1,1,0,0,0,0,0,0,0,0,0,0,0,0,0
1,ALBA,"GRĂDINIŢA CU PROGRAM PRELUNGIT NR. 2 AIUD",60,"MUNICIPIUL AIUD",1213,1,PROV,PRCNCT,CD,CD_SV,"2021-01-21 12:30:02",1319,1299,20,0,420,400,20,0,1420,1000,418,0,2,24,7,149,113,68,14,3,31,1,2,0,4,0,1,0,0,0,0,0,0,0,0,0,1,0,0,0,0,0
1,ALBA,"COLEGIUL NAŢIONAL ”TITU MAIORESCU” AIUD",61,"MUNICIPIUL AIUD",1213,1,PROV,PRCNCT,CD,CD_SV,"2021-01-21 12:30:02",1453,1416,20,17,419,382,20,17,1570,1151,417,1,1,55,2,77,133,97,9,1,37,0,3,0,1,0,0,0,0,0,0,1,0,0,0,1,0,0,0,0,0,0
1,ALBA,"COLEGIUL TEHNIC AIUD",62,"MUNICIPIUL AIUD",1213,1,PROV,PRCNCT,CD,CD_SV,"2021-01-21 12:30:02",802,787,13,2,232,217,13,2,870,638,227,4,1,31,5,51,63,39,11,5,16,2,2,1,0,0,0,0,0,0,0,1,0,0,0,0,0,0,0,0,0,0
1,ALBA,"COLEGIUL TEHNIC AIUD",63,"MUNICIPIUL AIUD",1213,1,PROV,PRCNCT,CD,CD_SV,"2021-01-21 12:30:02",707,699,8,0,219,211,8,0,770,551,217,2,0,23,7,57,66,45,6,0,10,0,1,0,1,0,0,0,0,0,0,1,0,0,0,0,0,0,0,0,0,0
1,ALBA,"ȘCOALA GIMNAZIALĂ ”OVIDIU HULEA” AIUD",64,"MUNICIPIUL AIUD",1213,1,PROV,PRCNCT,CD,CD_SV,"2021-01-21 12:30:02",1479,1460,18,1,441,422,18,1,1620,1179,434,6,1,58,9,90,115,95,20,9,31,0,2,1,2,0,0,0,0,0,0,1,0,0,0,0,0,1,0,0,0,0
1,ALBA,"ŞCOALA GIMNAZIALĂ ”LIVIU REBREANU” AIUDUL DE SUS",65,"MUNICIPIUL AIUD",1213,1,PROV,PRCNCT,CD,CD_SV,"2021-01-21 12:30:02",915,903,12,0,159,147,12,0,1000,841,156,1,2,16,3,39,29,36,6,3,19,0,2,0,0,0,0,0,0,0,0,2,1,0,0,0,0,0,0,0,0,0
1,ALBA,"ŞCOALA GIMNAZIALĂ ”LIVIU REBREANU” AIUDUL DE SUS",66,"MUNICIPIUL AIUD",1213,1,PROV,PRCNCT,CD,CD_SV,"2021-01-21 12:30:02",1124,1113,11,0,225,214,11,0,1230,1005,214,7,4,20,7,44,48,40,19,5,22,0,1,0,3,0,0,0,1,0,0,0,0,1,0,2,0,0,1,0,0,0
1,ALBA,"LICEUL TEHNOLOGIC AGRICOL ”ALEXANDRU BORZA” CIUMBRUD",67,"MUNICIPIUL AIUD",1213,1,PROV,PRCNCT,CD,CD_SV,"2021-01-21 12:30:02",1086,1071,15,0,289,274,15,0,1180,891,277,6,6,80,1,54,54,24,10,4,37,1,3,1,3,0,0,0,1,0,0,1,0,1,0,0,0,0,0,1,1,0
1,ALBA,"FOSTA ŞCOALĂ GENERALĂ GÎMBAŞ",68,"MUNICIPIUL AIUD",1213,1,PROV,PRCNCT,CD,CD_SV,"2021-01-21 12:30:02",423,408,15,0,129,114,15,0,450,321,127,1,1,25,5,18,55,10,2,1,8,0,1,0,0,0,0,0,0,1,0,1,0,0,0,0,0,0,0,0,0,0
1,ALBA,"ŞCOALA PRIMARĂ GÎRBOVA DE JOS",69,"MUNICIPIUL AIUD",1213,1,PROV,PRCNCT,CD,CD_SV,"2021-01-21 12:30:02",431,410,21,0,124,103,21,0,460,336,123,1,0,1,11,32,41,16,5,2,8,0,2,0,1,0,0,0,0,0,1,2,0,1,0,0,0,0,0,0,0,0
1,ALBA,"FOSTA ŞCOALĂ GENERALĂ GÎRBOVA DE SUS",70,"MUNICIPIUL AIUD",1213,1,PROV,PRCNCT,CD,CD_SV,"2021-01-21 12:30:02",230,218,12,0,74,62,12,0,240,166,72,2,0,2,3,24,26,2,4,0,8,0,1,0,0,1,0,0,0,0,0,1,0,0,0,0,0,0,0,0,0,0
1,ALBA,"FOSTA ŞCOALĂ GENERALĂ GÎRBOVIŢA",71,"MUNICIPIUL AIUD",1213,1,PROV,PRCNCT,CD,CD_SV,"2021-01-21 12:30:02",103,95,8,0,41,33,8,0,110,69,41,0,0,1,2,9,11,5,5,3,3,0,1,0,0,0,0,0,0,0,0,1,0,0,0,0,0,0,0,0,0,0
1,ALBA,"GRĂDINIŢA CU PROGRAM NORMAL MĂGINA",72,"MUNICIPIUL AIUD",1213,1,PROV,PRCNCT,CD,CD_SV,"2021-01-21 12:30:02",472,460,12,0,136,124,12,0,510,374,135,0,1,2,6,40,49,17,3,5,4,1,3,0,1,0,0,1,0,0,0,3,0,0,0,0,0,0,0,0,0,0
1,ALBA,"CĂMINUL CULTURAL PĂGIDA",73,"MUNICIPIUL AIUD",1213,1,PROV,PRCNCT,CD,CD_SV,"2021-01-21 12:30:02",103,88,15,0,34,19,15,0,100,66,34,0,0,1,2,4,12,8,1,1,1,0,1,0,1,0,0,1,0,0,0,1,0,0,0,0,0,0,0,0,0,0
1,ALBA,"SALA DE FESTIVITĂŢI DIN SÎNCRAI",74,"MUNICIPIUL AIUD",1213,1,PROV,PRCNCT,CD,CD_SV,"2021-01-21 12:30:02",581,570,11,0,137,126,11,0,630,493,134,3,0,33,3,38,29,6,2,3,15,1,0,0,0,0,0,0,0,0,1,1,0,0,0,0,0,0,0,1,1,0
1,ALBA,"PIAŢA AGROALIMENTARĂ",75,"MUNICIPIUL BLAJ",1348,1,PROV,PRCNCT,CD,CD_SV,"2021-01-21 12:30:02",1027,1010,14,3,321,304,14,3,1100,779,319,2,0,10,9,57,125,40,10,3,52,1,7,1,1,0,3,0,0,0,0,0,0,0,0,0,0,0,0,0,0,0
1,ALBA,"GRĂDINIŢA CU PROGRAM PRELUNGIT ”LUMEA COPIILOR” BLAJ",76,"MUNICIPIUL BLAJ",1348,1,PROV,PRCNCT,CD,CD_SV,"2021-01-21 12:30:02",626,607,12,7,226,207,12,7,670,444,224,2,0,4,4,54,114,14,3,4,19,2,3,0,0,0,0,0,0,0,0,1,0,0,0,1,0,0,0,0,1,0
1,ALBA,"BAZA DE AGREMENT A MUNICIPIULUI BLAJ",77,"MUNICIPIUL BLAJ",1348,1,PROV,PRCNCT,CD,CD_SV,"2021-01-21 12:30:02",708,696,12,0,167,155,12,0,770,603,158,6,3,2,3,8,49,3,6,2,76,0,2,0,0,0,0,0,1,0,0,1,0,1,0,3,1,0,0,0,0,0
1,ALBA,"AŞEZĂMÂNTUL SOCIAL - GRĂDINIŢA ”SFÂNTA IRINA”",78,"MUNICIPIUL BLAJ",1348,1,PROV,PRCNCT,CD,CD_SV,"2021-01-21 12:30:02",1228,1218,10,0,389,379,10,0,1350,961,384,5,0,8,9,77,155,44,16,5,52,3,9,1,3,0,0,0,1,0,0,1,0,0,0,0,0,0,0,0,0,0
1,ALBA,"ŞCOALA GIMNAZIALĂ ”TOMA COCIŞIU” BLAJ",79,"MUNICIPIUL BLAJ",1348,1,PROV,PRCNCT,CD,CD_SV,"2021-01-21 12:30:02",1206,1191,15,0,354,339,15,0,1300,946,349,4,1,9,10,59,146,45,9,4,37,5,8,5,6,1,1,0,0,0,0,3,0,0,1,0,0,0,0,0,0,0
1,ALBA,"CENTRUL CULTURAL ”IACOB MUREŞIANU’’",80,"MUNICIPIUL BLAJ",1348,1,PROV,PRCNCT,CD,CD_SV,"2021-01-21 12:30:02",824,801,20,3,335,312,20,3,890,555,333,1,1,11,8,63,137,48,10,2,39,0,10,1,0,0,0,0,0,2,0,1,0,0,0,0,0,0,1,0,0,0
1,ALBA,"LICEUL TEHNOLOGIC ”ŞTEFAN MANCIULEA” BLAJ",81,"MUNICIPIUL BLAJ",1348,1,PROV,PRCNCT,CD,CD_SV,"2021-01-21 12:30:02",664,637,11,16,220,193,11,16,700,480,216,4,0,2,5,31,104,13,3,5,41,2,6,0,1,0,0,0,0,0,0,1,0,1,0,0,0,0,0,0,1,0
1,ALBA,"SERVICIUL PUBLIC DE ASISTENŢĂ SOCIALĂ BLAJ",82,"MUNICIPIUL BLAJ",1348,1,PROV,PRCNCT,CD,CD_SV,"2021-01-21 12:30:02",511,499,12,0,179,167,12,0,550,371,177,1,1,1,2,13,102,21,2,6,12,0,11,3,1,0,0,0,0,1,0,1,0,0,0,0,0,0,0,0,0,1
1,ALBA,"ASOCIAŢIA JUDEŢEANĂ A VÂNĂTORILOR SI PESCARILOR SPORTIVI ALBA - CLUBUL BLAJ",83,"MUNICIPIUL BLAJ",1348,1,PROV,PRCNCT,CD,CD_SV,"2021-01-21 12:30:02",353,337,14,2,118,102,14,2,380,262,118,0,0,1,3,10,59,7,1,0,28,0,5,1,1,0,0,0,1,0,0,1,0,0,0,0,0,0,0,0,0,0
1,ALBA,"LICEUL TEHNOLOGIC ”TIMOTEI CIPARIU”",84,"MUNICIPIUL BLAJ",1348,1,PROV,PRCNCT,CD,CD_SV,"2021-01-21 12:30:02",1445,1431,10,4,573,559,10,4,1580,1007,566,6,1,10,11,87,278,73,20,6,52,1,17,0,4,0,1,0,1,1,0,1,0,0,0,1,0,1,1,0,0,0
1,ALBA,"COLEGIUL NAŢIONAL ”INOCHENTIE MICU CLAIN’’",85,"MUNICIPIUL BLAJ",1348,1,PROV,PRCNCT,CD,CD_SV,"2021-01-21 12:30:02",1372,1340,23,9,470,438,23,9,1480,1010,460,9,1,7,17,76,222,75,11,3,30,4,10,0,1,0,0,2,0,0,0,2,0,0,0,0,0,0,0,0,0,0
1,ALBA,"ŞCOALA GIMNAZIALĂ ”PETRU PAVEL ARON” BLAJ",86,"MUNICIPIUL BLAJ",1348,1,PROV,PRCNCT,CD,CD_SV,"2021-01-21 12:30:02",1622,1608,14,0,516,502,14,0,1770,1254,497,13,6,0,22,84,186,64,16,8,64,8,16,7,4,0,1,6,0,0,0,2,2,1,0,1,1,0,0,2,2,0
1,ALBA,"ŞCOALA GIMNAZIALĂ ”ION MICU MOLDOVAN” BLAJ",87,"MUNICIPIUL BLAJ",1348,1,PROV,PRCNCT,CD,CD_SV,"2021-01-21 12:30:02",1513,1495,14,4,466,448,14,4,1660,1194,422,30,14,5,1,58,140,14,9,10,156,0,10,4,2,1,2,0,0,0,2,1,0,0,0,2,0,0,0,1,4,0
1,ALBA,"GRĂDINIŢA CU PROGRAM NORMAL ”IZVOARELE” BLAJ",88,"MUNICIPIUL BLAJ",1348,1,PROV,PRCNCT,CD,CD_SV,"2021-01-21 12:30:02",1317,1309,8,0,409,401,8,0,1440,1031,400,7,2,3,9,62,182,51,13,7,51,5,4,5,1,0,0,1,0,0,0,1,1,1,0,0,1,0,0,0,2,0
1,ALBA,"ŞCOALA GIMNAZIALĂ ”AXENTE SEVER” MĂNĂRADE",89,"MUNICIPIUL BLAJ",1348,1,PROV,PRCNCT,CD,CD_SV,"2021-01-21 12:30:02",896,878,11,7,328,310,11,7,970,642,320,4,4,1,12,31,166,19,5,0,69,4,3,0,4,1,0,2,0,0,0,1,0,0,0,1,0,0,0,0,1,0
1,ALBA,"ŞCOALA PRIMARĂ PETRISAT",90,"MUNICIPIUL BLAJ",1348,1,PROV,PRCNCT,CD,CD_SV,"2021-01-21 12:30:02",486,471,13,2,175,160,13,2,520,345,170,4,1,58,2,11,72,7,3,0,6,0,6,0,1,0,0,0,0,0,0,2,0,0,0,0,0,0,1,1,0,0
1,ALBA,"ŞCOALA GIMNAZIALĂ ”SIMION BĂRNUŢIU” TIUR",91,"MUNICIPIUL BLAJ",1348,1,PROV,PRCNCT,CD,CD_SV,"2021-01-21 12:30:02",1304,1279,6,19,377,352,6,19,1400,1023,365,8,4,9,7,52,198,37,3,2,46,1,3,4,1,0,0,0,0,0,0,1,0,1,0,0,0,0,0,0,0,0
1,ALBA,"SERVICIUL PUBLIC DE ADMINISTRARE A PATRIMONIULUI SEBEŞ",92,"MUNICIPIUL SEBEŞ",1874,2,PART,PRCNCT,CD,CD_SV,"2021-01-21 12:30:02",1655,1630,22,3,536,511,22,3,1800,1264,529,7,0,2,30,95,219,88,14,11,51,7,7,3,0,0,0,0,1,0,0,1,0,0,0,0,0,0,0,0,0,0
1,ALBA,"LICEUL TEHNOLOGIC SEBEŞ",93,"MUNICIPIUL SEBEŞ",1874,1,PROV,PRCNCT,CD,CD_SV,"2021-01-21 12:30:02",1451,1432,19,0,160,141,19,0,1580,1420,153,4,3,0,4,25,39,4,6,0,68,0,0,0,1,0,0,0,0,0,0,1,1,0,0,2,0,0,0,0,2,0
1,ALBA,"LICEUL TEHNOLOGIC SEBEŞ",94,"MUNICIPIUL SEBEŞ",1874,1,PROV,PRCNCT,CD,CD_SV,"2021-01-21 12:30:02",1647,1610,30,7,585,548,30,7,1780,1195,575,5,5,2,26,93,234,122,13,5,56,7,8,1,2,0,1,0,0,0,0,1,0,3,0,0,1,0,0,0,0,0
1,ALBA,"LICEUL TEHNOLOGIC SEBEŞ",95,"MUNICIPIUL SEBEŞ",1874,1,PROV,PRCNCT,CD,CD_SV,"2021-01-21 12:30:02",1061,1039,22,0,353,331,22,0,1150,797,342,11,0,2,16,83,116,63,8,7,33,6,1,0,3,0,0,0,0,0,0,3,0,1,0,0,0,0,0,0,0,0
1,ALBA,"LICEUL TEHNOLOGIC SEBEŞ",96,"MUNICIPIUL SEBEŞ",1874,1,PROV,PRCNCT,CD,CD_SV,"2021-01-21 12:30:02",1005,989,14,2,244,228,14,2,1090,846,242,2,0,0,10,30,99,54,6,3,35,3,1,0,0,0,0,0,0,0,0,0,0,0,0,0,0,0,0,0,1,0
1,ALBA,"LICEUL CU PROGRAM SPORTIV SEBEŞ",97,"MUNICIPIUL SEBEŞ",1874,1,PROV,PRCNCT,CD,CD_SV,"2021-01-21 12:30:02",1516,1493,20,3,499,476,20,3,1650,1151,493,4,2,0,26,95,198,99,7,3,38,7,2,13,1,0,0,0,1,0,0,2,0,0,0,0,0,0,0,1,0,0
1,ALBA,"LICEUL CU PROGRAM SPORTIV SEBEŞ",98,"MUNICIPIUL SEBEŞ",1874,1,PROV,PRCNCT,CD,CD_SV,"2021-01-21 12:30:02",1490,1469,15,6,438,417,15,6,1630,1192,430,8,0,1,18,81,181,76,9,7,37,6,5,4,0,0,0,0,0,0,1,2,0,2,0,0,0,0,0,0,0,0
1,ALBA,"LICEUL CU PROGRAM SPORTIV SEBEŞ",99,"MUNICIPIUL SEBEŞ",1874,1,PROV,PRCNCT,CD,CD_SV,"2021-01-21 12:30:02",1390,1366,24,0,393,369,24,0,1500,1107,388,5,0,1,17,59,161,94,8,3,22,7,4,3,1,0,0,0,0,1,0,0,0,5,0,1,0,0,0,1,0,0
1,ALBA,"ŞCOALA GIMNAZIALĂ NR. 2 SEBEŞ",100,"MUNICIPIUL SEBEŞ",1874,1,PROV,PRCNCT,CD,CD_SV,"2021-01-21 12:30:02",1476,1422,19,35,545,491,19,35,1570,1025,534,8,3,4,21,63,263,105,7,6,30,10,5,8,2,1,0,1,0,1,0,1,0,2,1,0,0,0,0,2,1,0
1,ALBA,"COLEGIUL NAŢIONAL ”LUCIAN BLAGA” SEBEŞ",101,"MUNICIPIUL SEBEŞ",1874,1,PROV,PRCNCT,CD,CD_SV,"2021-01-21 12:30:02",1298,1271,21,6,489,462,21,6,1400,911,475,11,3,1,28,75,190,103,12,5,35,14,2,4,2,0,0,0,0,0,0,1,0,1,1,0,0,0,0,0,1,0
1,ALBA,"COLEGIUL NAŢIONAL ”LUCIAN BLAGA” SEBEŞ",102,"MUNICIPIUL SEBEŞ",1874,1,PROV,PRCNCT,CD,CD_SV,"2021-01-21 12:30:02",1451,1427,24,0,512,488,24,0,1570,1058,506,5,1,2,24,61,215,133,11,4,34,8,2,4,4,0,0,0,0,0,0,1,0,1,0,1,1,0,0,0,0,0
1,ALBA,"ŞCOALA GIMNAZIALĂ ”MIHAIL KOGĂLNICEANU” SEBEŞ",103,"MUNICIPIUL SEBEŞ",1874,1,PROV,PRCNCT,CD,CD_SV,"2021-01-21 12:30:02",1137,1111,26,0,329,303,26,0,1200,871,325,4,0,0,12,56,124,58,7,4,45,4,4,3,2,0,0,0,0,0,0,3,0,1,0,0,0,0,0,0,1,1
1,ALBA,"ŞCOALA GIMNAZIALĂ ”MIHAIL KOGĂLNICEANU” SEBEŞ",104,"MUNICIPIUL SEBEŞ",1874,1,PROV,PRCNCT,CD,CD_SV,"2021-01-21 12:30:02",1044,1030,14,0,258,244,14,0,1140,882,254,4,0,1,10,36,89,36,5,4,60,1,5,2,3,0,0,0,0,0,0,0,0,0,0,1,0,0,0,0,1,0
1,ALBA,"ŞCOALA GIMNAZIALĂ ”MIHAIL KOGĂLNICEANU” SEBEŞ",105,"MUNICIPIUL SEBEŞ",1874,1,PROV,PRCNCT,CD,CD_SV,"2021-01-21 12:30:02",1145,1132,10,3,290,277,10,3,1250,960,284,5,1,1,9,60,111,28,6,4,46,4,3,4,2,0,0,0,0,0,0,2,0,0,0,2,0,0,1,1,0,0
1,ALBA,"ŞCOALA GIMNAZIALĂ ”MIHAIL KOGĂLNICEANU” SEBEŞ",106,"MUNICIPIUL SEBEŞ",1874,1,PROV,PRCNCT,CD,CD_SV,"2021-01-21 12:30:02",1119,1106,13,0,276,263,13,0,1200,924,270,6,0,0,8,47,102,43,8,5,42,6,2,0,4,1,0,0,0,0,0,1,0,0,0,0,0,0,0,0,1,0
1,ALBA,"ŞCOALA GIMNAZIALĂ LANCRĂM",107,"MUNICIPIUL SEBEŞ",1874,1,PROV,PRCNCT,CD,CD_SV,"2021-01-21 12:30:02",1450,1423,23,4,450,423,23,4,1570,1120,441,6,3,9,26,45,225,52,12,3,58,5,1,2,0,0,0,1,0,0,0,1,0,1,0,0,0,0,0,0,0,0
1,ALBA,"ŞCOALA GIMNAZIALĂ PETREŞTI",108,"MUNICIPIUL SEBEŞ",1874,1,PROV,PRCNCT,CD,CD_SV,"2021-01-21 12:30:02",1478,1460,11,7,470,452,11,7,1600,1130,459,10,1,0,22,55,224,67,3,2,56,2,3,17,2,0,0,0,0,0,1,0,1,3,0,0,0,0,0,0,1,0
1,ALBA,"ŞCOALA GIMNAZIALĂ PETREŞTI",109,"MUNICIPIUL SEBEŞ",1874,1,PROV,PRCNCT,CD,CD_SV,"2021-01-21 12:30:02",1437,1419,18,0,355,337,18,0,1558,1203,345,10,0,1,33,35,135,48,3,3,68,7,1,3,2,0,0,0,1,1,0,0,0,4,0,0,0,0,0,0,0,0
1,ALBA,"ŞCOALA GIMNAZIALĂ PETREŞTI",110,"MUNICIPIUL SEBEŞ",1874,1,PROV,PRCNCT,CD,CD_SV,"2021-01-21 12:30:02",1489,1478,9,2,404,393,9,2,1630,1226,394,6,4,1,26,50,162,76,4,1,52,4,4,5,4,0,0,0,1,0,0,2,0,1,0,1,0,0,0,0,0,0
1,ALBA,"ŞCOALA GIMNAZIALĂ RĂHĂU",111,"MUNICIPIUL SEBEŞ",1874,1,PROV,PRCNCT,CD,CD_SV,"2021-01-21 12:30:02",856,842,13,1,230,216,13,1,930,700,229,1,0,0,9,41,115,10,3,4,40,3,2,0,1,0,0,0,0,0,0,1,0,0,0,0,0,0,0,0,0,0
1,ALBA,"ŞCOALA GIMNAZIALĂ ”AVRAM IANCU” ABRUD",112,"ORAŞ ABRUD",1151,1,PROV,PRCNCT,CD,CD_SV,"2021-01-21 12:30:02",1164,1118,44,2,411,365,44,2,1200,789,403,5,3,0,14,177,120,18,16,2,35,4,7,4,1,0,0,0,0,0,1,2,0,2,0,0,0,0,0,0,0,0
1,ALBA,"ŞCOALA GIMNAZIALĂ ”AVRAM IANCU” GRADINIȚA CU PROGRAM NORMAL NR. 1 ABRUD",113,"ORAŞ ABRUD",1151,1,PROV,PRCNCT,CD,CD_SV,"2021-01-21 12:30:02",1091,1061,28,2,385,355,28,2,1170,785,376,6,3,14,5,170,124,21,5,2,16,3,2,3,5,0,0,0,2,0,1,1,0,0,0,0,0,1,0,0,1,0
1,ALBA,"ȘCOALA GIMNAZIALĂ ”AVRAM IANCU” GRĂDINIŢA CU PROGRAM PRELUNGIT NR.1 ABRUD",114,"ORAŞ ABRUD",1151,1,PROV,PRCNCT,CD,CD_SV,"2021-01-21 12:30:02",1336,1286,48,2,464,414,48,2,1430,966,450,10,4,4,9,199,110,54,16,2,47,3,2,0,3,0,0,0,0,0,0,1,0,0,0,0,0,0,0,0,0,0
1,ALBA,"LICEUL ”HOREA, CLOŞCA ŞI CRIŞAN” ABRUD",115,"ORAŞ ABRUD",1151,1,PROV,PRCNCT,CD,CD_SV,"2021-01-21 12:30:02",1084,1026,42,16,384,326,42,16,1130,746,378,5,1,3,5,166,99,34,11,4,49,1,4,0,0,0,1,0,0,0,0,1,0,0,0,0,0,0,0,0,0,0
1,ALBA,"ŞCOALA GENERALĂ CU CLASELE I-VIII",116,"ORAŞ BAIA DE ARIEŞ",2915,1,PROV,PRCNCT,CD,CD_SV,"2021-01-21 12:30:02",915,890,21,4,254,229,21,4,980,726,245,8,1,1,5,81,48,31,11,2,47,3,3,1,2,0,2,0,0,0,1,1,1,0,1,0,1,0,0,0,3,0
1,ALBA,"ŞCOALA GENERALĂ CU CLASELE I-VIII",117,"ORAŞ BAIA DE ARIEŞ",2915,1,PROV,PRCNCT,CD,CD_SV,"2021-01-21 12:30:02",841,828,13,0,204,191,13,0,920,716,202,2,0,2,3,73,60,19,3,3,35,0,2,0,1,1,0,0,0,0,0,0,0,0,0,0,0,0,0,0,0,0
1,ALBA,"LICEUL ”DR. LAZĂR CHIRILĂ”",118,"ORAŞ BAIA DE ARIEŞ",2915,1,PROV,PRCNCT,CD,CD_SV,"2021-01-21 12:30:02",615,604,11,0,186,175,11,0,670,484,184,2,0,1,5,64,62,10,4,3,34,0,0,0,0,0,0,0,0,0,0,1,0,0,0,0,0,0,0,0,0,0
1,ALBA,"ŞCOALA PRIMARĂ BRĂZEŞTI",119,"ORAŞ BAIA DE ARIEŞ",2915,1,PROV,PRCNCT,CD,CD_SV,"2021-01-21 12:30:02",214,207,7,0,75,68,7,0,230,155,74,1,0,1,1,21,19,7,4,0,16,1,1,0,1,0,0,0,0,0,0,2,0,0,0,0,0,0,0,0,0,0
1,ALBA,"CĂMINUL CULTURAL CIOARA DE SUS",120,"ORAŞ BAIA DE ARIEŞ",2915,1,PROV,PRCNCT,CD,CD_SV,"2021-01-21 12:30:02",207,194,13,0,71,58,13,0,220,149,69,1,1,1,2,15,27,5,5,0,11,0,0,0,0,0,0,0,0,0,0,3,0,0,0,0,0,0,0,0,0,0
1,ALBA,"CĂMINUL CULTURAL MUNCELU",121,"ORAŞ BAIA DE ARIEŞ",2915,1,PROV,PRCNCT,CD,CD_SV,"2021-01-21 12:30:02",309,291,11,7,103,85,11,7,330,227,102,1,0,1,13,35,29,4,3,1,12,0,1,0,2,0,0,0,0,0,0,1,0,0,0,0,0,0,0,0,0,0
1,ALBA,"CĂMINUL CULTURAL SARTĂŞ",122,"ORAŞ BAIA DE ARIEŞ",2915,2,PART,PRCNCT,CD,CD_SV,"2021-01-21 12:30:02",319,312,5,2,86,79,5,2,350,264,86,0,0,1,5,18,22,21,2,2,12,0,1,0,1,1,0,0,0,0,0,0,0,0,0,0,0,0,0,0,0,0
1,ALBA,"PRIMĂRIA ORAŞULUI CÎMPENI",123,"ORAŞ CÂMPENI",1455,1,PROV,PRCNCT,CD,CD_SV,"2021-01-21 12:30:02",1298,1260,36,2,540,502,36,2,1390,850,517,19,4,1,5,156,174,37,20,21,89,1,0,1,7,0,0,0,0,0,0,0,0,1,0,0,2,0,1,1,0,0
1,ALBA,"ŞCOALA GIMNAZIALĂ CÎMPENI",124,"ORAŞ CÂMPENI",1455,1,PROV,PRCNCT,CD,CD_SV,"2021-01-21 12:30:02",929,867,62,0,432,370,62,0,960,528,421,7,4,1,4,122,175,31,9,12,62,0,2,0,1,0,0,0,0,0,1,1,0,0,0,0,0,0,0,0,0,0
1,ALBA,"ȘCOALA GIMNAZIALĂ CÎMPENI",125,"ORAŞ CÂMPENI",1455,2,PART,PRCNCT,CD,CD_SV,"2021-01-21 12:30:02",830,812,18,0,346,328,18,0,900,554,339,4,3,1,10,127,101,21,10,6,54,1,1,0,4,0,0,0,0,0,0,1,0,0,0,0,0,0,0,0,0,2
1,ALBA,"COLEGIUL NAŢIONAL ”AVRAM IANCU” CÎMPENI",126,"ORAŞ CÂMPENI",1455,1,PROV,PRCNCT,CD,CD_SV,"2021-01-21 12:30:02",891,858,30,3,354,321,30,3,950,596,352,2,0,0,7,116,105,14,11,8,80,0,2,3,4,0,0,0,0,0,1,1,0,0,0,0,0,0,0,0,0,0
1,ALBA,"COLEGIUL NAŢIONAL ”AVRAM IANCU” CÎMPENI",127,"ORAŞ CÂMPENI",1455,1,PROV,PRCNCT,CD,CD_SV,"2021-01-21 12:30:02",890,855,24,11,395,360,24,11,950,555,391,2,2,1,3,151,122,30,9,9,54,2,2,1,3,0,0,0,0,0,1,1,0,0,0,1,0,0,0,0,1,0
1,ALBA,"ŞCOALA PRIMARĂ VÎRŞI",128,"ORAŞ CÂMPENI",1455,1,PROV,PRCNCT,CD,CD_SV,"2021-01-21 12:30:02",567,538,24,5,234,205,24,5,590,356,225,5,4,2,5,55,101,14,8,5,28,0,1,0,3,0,0,0,0,0,0,1,0,0,2,0,0,0,0,0,0,0
1,ALBA,"ŞCOALA PRIMARĂ CERTEGE",129,"ORAŞ CÂMPENI",1455,2,PART,PRCNCT,CD,CD_SV,"2021-01-21 12:30:02",366,353,12,1,108,95,12,1,390,282,103,3,2,1,2,18,53,3,2,4,18,0,1,0,0,0,0,0,0,0,0,1,0,0,0,0,0,0,0,0,0,0
1,ALBA,"ŞCOALA PRIMARĂ MIHOEŞTI",130,"ORAŞ CÂMPENI",1455,1,PROV,PRCNCT,CD,CD_SV,"2021-01-21 12:30:02",283,270,11,2,124,111,11,2,300,176,123,1,0,0,3,26,39,6,3,2,36,0,2,0,4,0,0,0,0,0,0,1,0,0,1,0,0,0,0,0,0,0
1,ALBA,"ŞCOALA PRIMARĂ VALEA BISTRII",131,"ORAŞ CÂMPENI",1455,1,PROV,PRCNCT,CD,CD_SV,"2021-01-21 12:30:02",382,368,14,0,154,140,14,0,410,256,147,5,2,1,1,46,46,7,4,10,25,1,1,0,2,0,1,0,0,0,0,1,0,0,0,0,0,0,0,0,1,0
1,ALBA,"ŞCOALA GIMNAZIALĂ NR. 3 - CUGIR",132,"ORAŞ CUGIR",1696,1,PROV,PRCNCT,CD,CD_SV,"2021-01-21 12:30:02",1050,1040,10,0,327,317,10,0,1150,823,319,6,2,5,15,91,97,38,10,6,45,2,3,0,2,0,0,0,0,0,1,1,0,0,0,0,1,0,1,0,1,0
1,ALBA,"ŞCOALA GIMNAZIALĂ NR. 3 - CUGIR",133,"ORAŞ CUGIR",1696,1,PROV,PRCNCT,CD,CD_SV,"2021-01-21 12:30:02",1406,1398,8,0,406,398,8,0,1540,1134,396,6,4,1,9,97,122,68,8,6,71,1,7,0,1,0,0,2,0,0,0,0,0,0,0,0,1,0,0,1,1,0
1,ALBA,"ŞCOALA GIMNAZIALĂ NR. 3 - CUGIR",134,"ORAŞ CUGIR",1696,1,PROV,PRCNCT,CD,CD_SV,"2021-01-21 12:30:02",1269,1249,15,5,383,363,15,5,1380,997,376,5,2,2,12,117,104,77,4,7,31,8,5,1,2,0,0,0,0,0,2,0,0,1,0,1,0,0,1,1,0,0
1,ALBA,"ŞCOALA GIMNAZIALĂ NR. 3 - CUGIR",135,"ORAŞ CUGIR",1696,1,PROV,PRCNCT,CD,CD_SV,"2021-01-21 12:30:02",1126,1112,12,2,334,320,12,2,1200,866,329,1,4,2,13,96,105,46,6,10,42,2,3,1,1,0,1,0,1,0,0,0,0,0,0,0,0,0,0,0,0,0
1,ALBA,"ȘCOALA GIMNAZIALĂ NR.3 CUGIR",136,"ORAŞ CUGIR",1696,1,PROV,PRCNCT,CD,CD_SV,"2021-01-21 12:30:02",1020,1001,19,0,360,341,19,0,1100,740,354,6,0,3,8,93,111,85,10,4,28,0,6,2,3,0,0,0,0,0,0,1,0,0,0,0,0,0,0,0,0,0
1,ALBA,"COLEGIUL NAŢIONAL ”DAVID PRODAN” CUGIR",137,"ORAŞ CUGIR",1696,1,PROV,PRCNCT,CD,CD_SV,"2021-01-21 12:30:02",1082,1065,17,0,331,314,17,0,1180,849,327,3,1,0,9,82,107,79,4,3,32,4,3,0,0,1,0,0,0,0,0,1,0,0,0,0,0,0,0,1,1,0
1,ALBA,"COLEGIUL NAŢIONAL ”DAVID PRODAN” CUGIR",138,"ORAŞ CUGIR",1696,1,PROV,PRCNCT,CD,CD_SV,"2021-01-21 12:30:02",1053,1042,9,2,340,329,9,2,1150,810,336,4,0,1,5,116,113,49,11,6,21,5,3,0,5,0,0,0,0,0,0,1,0,0,0,0,0,0,0,0,0,0
1,ALBA,"ŞCOALA GIMNAZIALĂ ”SINGIDAVA” CUGIR",139,"ORAŞ CUGIR",1696,1,PROV,PRCNCT,CD,CD_SV,"2021-01-21 12:30:02",1171,1155,15,1,332,316,15,1,1280,948,330,2,0,1,10,109,104,52,15,4,27,1,1,0,4,0,0,0,0,0,0,1,0,0,0,1,0,0,0,0,0,0
1,ALBA,"ŞCOALA GIMNAZIALĂ ”SINGIDAVA” CUGIR",140,"ORAŞ CUGIR",1696,1,PROV,PRCNCT,CD,CD_SV,"2021-01-21 12:30:02",1377,1348,13,16,452,423,13,16,1490,1038,444,6,2,3,20,99,157,74,11,7,51,2,11,0,3,0,0,1,2,0,1,1,0,0,0,0,1,0,0,0,0,0
1,ALBA,"ŞCOALA GIMNAZIALĂ ”SINGIDAVA” CUGIR",141,"ORAŞ CUGIR",1696,1,PROV,PRCNCT,CD,CD_SV,"2021-01-21 12:30:02",1186,1167,19,0,359,340,19,0,1290,931,329,21,9,3,5,52,93,11,5,4,135,1,3,1,3,1,1,1,1,1,0,1,0,1,0,2,0,0,1,1,2,0
1,ALBA,"GRĂDINIŢA CU PROGRAM NORMAL ”VOINICEL” CUGIR",142,"ORAŞ CUGIR",1696,1,PROV,PRCNCT,CD,CD_SV,"2021-01-21 12:30:02",1240,1227,13,0,463,450,13,0,1360,897,457,4,2,2,18,126,152,84,10,7,46,2,1,1,5,0,0,0,0,0,1,1,0,0,0,0,0,0,0,1,0,0
1,ALBA,"COLEGIUL TEHNIC ”I.D.LĂZĂRESCU” CUGIR",143,"ORAŞ CUGIR",1696,1,PROV,PRCNCT,CD,CD_SV,"2021-01-21 12:30:02",1038,1026,12,0,314,302,12,0,1140,826,303,9,2,6,8,87,94,52,5,7,37,1,1,0,2,0,0,0,0,0,0,1,0,1,0,0,0,0,0,0,1,0
1,ALBA,"CASA DE CULTURĂ A ORAŞULUI CUGIR",144,"ORAŞ CUGIR",1696,1,PROV,PRCNCT,CD,CD_SV,"2021-01-21 12:30:02",1319,1301,12,6,480,462,12,6,1440,960,465,10,5,4,8,105,206,67,14,10,33,4,4,4,1,0,0,0,0,0,0,1,0,0,1,0,2,0,0,0,1,0
1,ALBA,"GRĂDINIŢA CU PROGRAM NORMAL NR. 2 - CUGIR",145,"ORAŞ CUGIR",1696,1,PROV,PRCNCT,CD,CD_SV,"2021-01-21 12:30:02",1181,1172,8,1,387,378,8,1,1300,913,381,2,4,2,19,95,167,52,8,1,31,2,2,0,0,0,0,0,0,0,0,0,0,1,0,0,0,0,0,0,1,0
1,ALBA,"ŞCOALA GIMNAZIALĂ ”IOSIF PERVAIN” CUGIR",146,"ORAŞ CUGIR",1696,1,PROV,PRCNCT,CD,CD_SV,"2021-01-21 12:30:02",1085,1067,14,4,377,359,14,4,1180,803,368,8,1,2,11,100,135,49,7,4,39,3,5,6,2,0,0,0,0,2,1,1,0,0,0,0,1,0,0,0,0,0
1,ALBA,"ŞCOALA GIMNAZIALĂ ”IOSIF PERVAIN” CUGIR",147,"ORAŞ CUGIR",1696,1,PROV,PRCNCT,CD,CD_SV,"2021-01-21 12:30:02",1134,1117,14,3,399,382,14,3,1240,841,395,4,0,3,16,100,151,51,7,8,47,3,3,0,4,0,0,0,0,0,0,1,0,1,0,0,0,0,0,0,0,0
1,ALBA,"ȘCOALA GIMNAZIALĂ IOSIF PERVAIN CUGIR",148,"ORAŞ CUGIR",1696,1,PROV,PRCNCT,CD,CD_SV,"2021-01-21 12:30:02",1135,1126,8,1,290,281,8,1,1250,960,276,12,2,3,2,79,85,46,9,4,33,2,2,0,1,1,1,0,0,0,0,1,0,0,0,1,1,1,2,1,1,0
1,ALBA,"ŞCOALA PRIMARĂ - BUCURU",149,"ORAŞ CUGIR",1696,1,PROV,PRCNCT,CD,CD_SV,"2021-01-21 12:30:02",108,95,13,0,33,20,13,0,110,77,31,1,1,1,1,4,17,2,1,0,3,0,1,0,0,0,0,0,0,0,0,1,0,0,0,0,0,0,0,0,0,0
1,ALBA,"ŞCOALA PRIMARĂ - CĂLENE",150,"ORAŞ CUGIR",1696,1,PROV,PRCNCT,CD,CD_SV,"2021-01-21 12:30:02",63,48,15,0,31,16,15,0,60,29,30,1,0,1,2,4,12,2,1,1,5,0,1,0,0,0,0,0,0,0,0,1,0,0,0,0,0,0,0,0,0,0
1,ALBA,"ŞCOALA PRIMARĂ - MUGEŞTI",151,"ORAŞ CUGIR",1696,1,PROV,PRCNCT,CD,CD_SV,"2021-01-21 12:30:02",100,88,12,0,28,16,12,0,100,72,28,0,0,1,1,4,13,4,1,0,2,0,0,0,0,0,0,0,0,0,0,1,0,1,0,0,0,0,0,0,0,0
1,ALBA,"ȘCOALA GIMNAZIALĂ IOAN MIHU - VINEREA",152,"ORAŞ CUGIR",1696,2,PART,PRCNCT,CD,CD_SV,"2021-01-21 12:30:02",1054,1042,12,0,371,359,12,0,1160,789,363,7,1,0,13,64,175,50,4,6,37,3,0,0,7,0,0,0,0,0,0,2,0,0,1,0,1,0,0,0,0,0
1,ALBA,"ŞCOALA GIMNAZIALĂ ”IOAN MIHU” VINEREA",153,"ORAŞ CUGIR",1696,1,PROV,PRCNCT,CD,CD_SV,"2021-01-21 12:30:02",933,924,7,2,337,328,7,2,1020,683,331,4,2,2,7,78,147,41,0,6,34,1,4,1,5,0,0,2,0,0,0,1,0,0,2,0,0,0,0,0,0,0
1,ALBA,"GRĂDINIŢA CU PROGRAM NORMAL NR. 5",154,"ORAŞ OCNA MUREŞ",1794,2,PART,PRCNCT,CD,CD_SV,"2021-01-21 12:30:02",1375,1364,11,0,336,325,11,0,1500,1164,326,7,3,29,7,66,114,27,31,4,26,4,5,2,3,0,0,1,1,0,2,1,0,0,0,1,0,0,1,0,1,0
1,ALBA,"ȘCOALA GIMNAZIALĂ ”LUCIAN BLAGA”",155,"ORAŞ OCNA MUREŞ",1794,1,PROV,PRCNCT,CD,CD_SV,"2021-01-21 12:30:02",1153,1142,11,0,269,258,11,0,1270,1001,266,0,3,11,14,62,112,31,7,5,16,2,2,1,0,0,0,0,1,0,0,1,0,0,1,0,0,0,0,0,0,0
1,ALBA,"CASA DE CULTURĂ ”ION SÂNGEREANU”",156,"ORAŞ OCNA MUREŞ",1794,1,PROV,PRCNCT,CD,CD_SV,"2021-01-21 12:30:02",1244,1226,17,1,331,313,17,1,1360,1029,326,3,2,15,15,69,144,45,6,4,12,0,2,7,3,0,0,0,0,0,0,2,0,0,0,1,0,0,1,0,0,0
1,ALBA,"DIRECŢIA SANITAR-VETERINARĂ ŞI PENTRU SIGURANŢA ALIMENTELOR OCNA MUREŞ",157,"ORAŞ OCNA MUREŞ",1794,1,PROV,PRCNCT,CD,CD_SV,"2021-01-21 12:30:02",1121,1106,15,0,240,225,15,0,1220,980,238,2,0,13,14,42,102,22,2,4,23,2,6,3,1,0,0,0,0,0,0,3,0,0,0,1,0,0,0,0,0,0
1,ALBA,"LICEUL TEORETIC ”PETRU MAIOR”",158,"ORAŞ OCNA MUREŞ",1794,1,PROV,PRCNCT,CD,CD_SV,"2021-01-21 12:30:02",1322,1309,13,0,310,297,13,0,1450,1140,298,8,4,17,9,41,126,30,25,3,29,1,2,6,2,0,1,0,0,0,2,2,1,0,0,0,0,0,0,0,1,0
1,ALBA,"GRĂDINIŢA CU PROGRAM NORMAL NR. 3",159,"ORAŞ OCNA MUREŞ",1794,1,PROV,PRCNCT,CD,CD_SV,"2021-01-21 12:30:02",1448,1437,11,0,401,390,11,0,1590,1189,393,8,0,27,24,65,159,50,13,2,30,1,2,15,2,1,0,0,0,0,1,1,0,0,0,0,0,0,0,0,0,0
1,ALBA,"ŞCOALA PRIMARĂ UIOARA DE JOS",160,"ORAŞ OCNA MUREŞ",1794,1,PROV,PRCNCT,CD,CD_SV,"2021-01-21 12:30:02",893,877,16,0,210,194,16,0,970,760,204,4,2,1,5,61,78,16,8,6,19,1,1,3,4,0,0,0,0,0,0,1,0,0,0,0,0,0,0,0,0,0
1,ALBA,"ŞCOALA PRIMARĂ UIOARA DE SUS, SALA NR. 1",161,"ORAŞ OCNA MUREŞ",1794,1,PROV,PRCNCT,CD,CD_SV,"2021-01-21 12:30:02",1368,1358,10,0,282,272,10,0,1500,1218,273,4,5,16,5,51,110,32,27,1,20,1,1,3,4,0,0,0,0,0,0,1,0,0,0,1,0,0,0,0,0,0
1,ALBA,"ŞCOALA GENERALĂ CISTEIU DE MUREŞ",162,"ORAŞ OCNA MUREŞ",1794,1,PROV,PRCNCT,CD,CD_SV,"2021-01-21 12:30:02",557,546,11,0,77,66,11,0,600,523,75,1,1,3,5,15,38,4,2,0,6,0,1,0,0,0,0,0,0,0,0,1,0,0,0,0,0,0,0,0,0,0
1,ALBA,"GRĂDINIŢA CU PROGRAM NORMAL MICOŞLACA",163,"ORAŞ OCNA MUREŞ",1794,2,PART,PRCNCT,CD,CD_SV,"2021-01-21 12:30:02",270,249,21,0,71,50,21,0,280,209,71,0,0,1,2,23,22,9,2,0,8,0,3,0,0,0,0,0,0,0,0,1,0,0,0,0,0,0,0,0,0,0
1,ALBA,"CĂMINUL CULTURAL RĂZBOIENI-CETATE",164,"ORAŞ OCNA MUREŞ",1794,1,PROV,PRCNCT,CD,CD_SV,"2021-01-21 12:30:02",1089,1074,15,0,290,275,15,0,1190,900,289,1,0,7,95,54,65,27,7,1,17,0,2,5,6,0,1,0,0,1,0,1,0,0,0,0,0,0,0,0,0,0
1,ALBA,"CASA DE CULTURĂ TEIUŞ",165,"ORAŞ TEIUŞ",8096,1,PROV,PRCNCT,CD,CD_SV,"2021-01-21 12:30:02",1574,1542,27,5,507,475,27,5,1700,1193,494,10,3,12,12,147,133,47,17,7,99,2,6,0,2,1,0,0,0,0,1,6,0,0,0,0,0,0,1,1,0,0
1,ALBA,"ŞCOALA GIMNAZIALĂ TEIUŞ",166,"ORAŞ TEIUŞ",8096,1,PROV,PRCNCT,CD,CD_SV,"2021-01-21 12:30:02",1337,1311,24,2,317,291,24,2,1450,1133,308,8,1,3,4,104,76,35,14,2,46,3,5,7,1,0,1,0,0,0,1,1,0,0,0,3,0,0,1,0,1,0
1,ALBA,"LICEUL TEORETIC TEIUŞ",167,"ORAŞ TEIUŞ",8096,1,PROV,PRCNCT,CD,CD_SV,"2021-01-21 12:30:02",1492,1461,26,5,497,466,26,5,1600,1103,489,7,1,13,23,152,147,56,13,1,61,6,10,0,0,0,0,2,0,0,0,2,0,1,0,0,0,0,0,0,2,0
1,ALBA,"GARA CFR TEIUŞ",168,"ORAŞ TEIUŞ",8096,1,PROV,PRCNCT,CD,CD_SV,"2021-01-21 12:30:02",1053,1028,22,3,301,276,22,3,1140,839,294,5,2,1,16,92,91,27,7,3,45,2,3,2,2,0,0,1,0,0,0,1,0,0,0,0,0,0,0,0,1,0
1,ALBA,"ŞCOALA PRIMARĂ BELDIU",169,"ORAŞ TEIUŞ",8096,1,PROV,PRCNCT,CD,CD_SV,"2021-01-21 12:30:02",214,195,19,0,61,42,19,0,220,159,60,0,1,1,1,39,6,4,1,0,5,0,1,0,0,0,0,0,0,0,0,1,0,0,0,0,0,0,1,0,0,0
1,ALBA,"ŞCOALA PRIMARĂ PEŢELCA",170,"ORAŞ TEIUŞ",8096,1,PROV,PRCNCT,CD,CD_SV,"2021-01-21 12:30:02",131,110,17,4,62,41,17,4,120,58,61,1,0,1,1,31,12,2,4,2,5,0,1,0,0,0,0,0,0,0,0,1,0,0,0,1,0,0,0,0,0,0
1,ALBA,"CĂMIN CULTURAL CĂPUD",171,"ORAŞ TEIUŞ",8096,1,PROV,PRCNCT,CD,CD_SV,"2021-01-21 12:30:02",280,265,15,0,134,119,15,0,300,166,128,3,3,10,4,52,25,4,6,1,23,0,1,0,0,0,0,1,0,0,0,1,0,0,0,0,0,0,0,0,0,0
1,ALBA,"ŞCOALA GIMNAZIALĂ „ AVRAM IANCU” ZLATNA",172,"ORAŞ ZLATNA",1936,2,PART,PRCNCT,CD,CD_SV,"2021-01-21 12:30:02",1215,1189,22,4,406,380,22,4,1300,894,396,5,5,4,15,104,119,38,24,5,70,1,4,3,2,1,0,0,0,0,0,1,1,1,0,1,0,0,0,1,1,0
1,ALBA,"ŞCOALA GIMNAZIALĂ „ AVRAM IANCU” ZLATNA",173,"ORAŞ ZLATNA",1936,1,PROV,PRCNCT,CD,CD_SV,"2021-01-21 12:30:02",982,966,15,1,331,315,15,1,1070,739,323,7,1,2,15,90,123,33,12,1,37,3,2,2,0,0,0,0,1,0,1,1,0,0,0,0,0,0,0,0,0,0
1,ALBA,"LICEUL CORNELIU MEDREA ZLATNA",174,"ORAŞ ZLATNA",1936,1,PROV,PRCNCT,CD,CD_SV,"2021-01-21 12:30:02",1362,1335,27,0,409,382,27,0,1480,1071,402,6,1,2,24,73,144,29,23,1,90,1,4,2,5,0,0,0,0,1,1,1,1,0,0,0,0,0,0,0,0,0
1,ALBA,"ŞCOALA GIMNAZIALĂ ” SAVA ALBESCU ” SAT FENEŞ",175,"ORAŞ ZLATNA",1936,1,PROV,PRCNCT,CD,CD_SV,"2021-01-21 12:30:02",770,739,24,7,318,287,24,7,820,502,312,2,4,3,6,56,158,26,12,1,34,2,5,0,2,0,1,0,0,0,0,4,0,0,0,0,1,0,1,0,0,0
1,ALBA,"ŞCOALA PRIMARĂ , SAT GALAŢI",176,"ORAŞ ZLATNA",1936,1,PROV,PRCNCT,CD,CD_SV,"2021-01-21 12:30:02",321,305,16,0,73,57,16,0,340,267,72,1,0,1,9,12,17,7,5,1,16,1,2,0,0,0,0,0,0,0,0,1,0,0,0,0,0,0,0,0,0,0
1,ALBA,"CĂMIN CULTURAL, SAT IZVORUL AMPOIULUI",177,"ORAŞ ZLATNA",1936,1,PROV,PRCNCT,CD,CD_SV,"2021-01-21 12:30:02",426,414,11,1,137,125,11,1,460,323,133,0,4,1,7,47,49,7,4,3,8,2,1,0,3,0,0,0,0,0,0,1,0,0,0,0,0,0,0,0,0,0
1,ALBA,"ŞCOALA PRIMARĂ , SAT PĂTRÂNGENI",178,"ORAŞ ZLATNA",1936,1,PROV,PRCNCT,CD,CD_SV,"2021-01-21 12:30:02",518,501,17,0,136,119,17,0,560,424,131,3,2,3,3,50,37,7,5,2,18,0,1,0,3,0,0,0,0,0,0,1,0,0,0,0,0,0,1,0,0,0
1,ALBA,"ŞCOALA PRIMARĂ , SAT PIRITA",179,"ORAŞ ZLATNA",1936,1,PROV,PRCNCT,CD,CD_SV,"2021-01-21 12:30:02",376,364,12,0,123,111,12,0,410,287,118,3,2,3,7,22,25,2,33,2,20,0,1,0,2,0,0,0,0,0,0,1,0,0,0,0,0,0,0,0,0,0
1,ALBA,"ŞCOALA PRIMARĂ , SAT TRÎMPOIELE",180,"ORAŞ ZLATNA",1936,1,PROV,PRCNCT,CD,CD_SV,"2021-01-21 12:30:02",335,323,12,0,106,94,12,0,360,254,103,2,1,1,3,32,23,2,6,0,31,1,1,0,1,0,0,0,0,0,0,1,0,0,0,0,0,0,0,0,1,0
1,ALBA,"ŞCOALA PRIMARĂ , SAT VALEA MICĂ",181,"ORAŞ ZLATNA",1936,1,PROV,PRCNCT,CD,CD_SV,"2021-01-21 12:30:02",358,340,14,4,155,137,14,4,380,225,149,5,1,1,8,27,67,9,4,0,27,0,1,0,2,1,0,0,0,0,0,1,0,0,0,1,0,0,0,0,0,0
1,ALBA,"CĂMIN CULTURAL, SAT VÎLTORI",182,"ORAŞ ZLATNA",1936,1,PROV,PRCNCT,CD,CD_SV,"2021-01-21 12:30:02",181,169,12,0,61,49,12,0,190,129,59,2,0,1,1,18,25,2,1,0,6,0,1,0,0,0,1,0,0,0,0,2,0,1,0,0,0,0,0,0,0,0
1,ALBA,"CĂMINUL CULTURAL ALBAC",183,ALBAC,2130,1,PROV,PRCNCT,CD,CD_SV,"2021-01-21 12:30:02",787,736,34,17,328,277,34,17,820,492,314,12,2,0,1,77,114,16,17,5,70,1,7,0,0,0,0,0,0,0,1,2,0,0,0,0,0,0,1,0,1,1
1,ALBA,"ŞCOALA PRIMARĂ CIONEŞTI",184,ALBAC,2130,1,PROV,PRCNCT,CD,CD_SV,"2021-01-21 12:30:02",561,525,12,24,207,172,12,23,582,375,199,6,2,1,4,25,110,3,4,1,43,1,1,0,1,0,0,0,1,0,0,2,1,0,0,0,0,0,0,1,0,0
1,ALBA,"ŞCOALA PRIMARĂ COSTEŞTI",185,ALBAC,2130,1,PROV,PRCNCT,CD,CD_SV,"2021-01-21 12:30:02",100,84,14,2,48,32,14,2,100,52,44,2,2,0,6,8,12,2,2,0,11,0,1,0,1,0,0,0,0,0,0,1,0,0,0,0,0,0,0,0,0,0
1,ALBA,"ŞCOALA PRIMARĂ POTIONCI",186,ALBAC,2130,1,PROV,PRCNCT,CD,CD_SV,"2021-01-21 12:30:02",69,59,10,0,24,14,10,0,70,46,22,0,2,0,1,7,5,1,1,1,4,0,1,0,0,0,0,0,0,0,0,1,0,0,0,0,0,0,0,0,0,0
1,ALBA,"ŞCOALA PRIMARĂ ROGOZ",187,ALBAC,2130,1,PROV,PRCNCT,CD,CD_SV,"2021-01-21 12:30:02",257,243,8,6,107,93,8,6,270,163,102,4,1,0,2,22,26,6,4,3,33,0,3,0,0,1,0,0,0,0,0,2,0,0,0,0,0,0,0,0,0,0
1,ALBA,"PRIMARIA COMUNEI ALMSU MARE",188,"ALMAŞU MARE",2309,2,PART,PRCNCT,CD,CD_SV,"2021-01-21 12:30:02",340,326,14,0,151,137,14,0,360,209,146,5,0,1,26,27,41,10,8,0,25,0,1,2,1,0,0,0,0,0,0,2,0,0,0,1,0,0,0,0,1,0
1,ALBA,"CĂMINUL CULTURAL ALMAȘU MARE - SUSENI",189,"ALMAŞU MARE",2309,1,PROV,PRCNCT,CD,CD_SV,"2021-01-21 12:30:02",217,202,15,0,77,62,15,0,230,153,77,0,0,1,15,16,23,4,7,0,8,1,0,0,1,0,0,0,0,0,0,1,0,0,0,0,0,0,0,0,0,0
1,ALBA,"ŞCOALA PRIMARA ALMAŞU DE MIJLOC",190,"ALMAŞU MARE",2309,1,PROV,PRCNCT,CD,CD_SV,"2021-01-21 12:30:02",128,122,6,0,54,48,6,0,140,86,53,1,0,1,10,7,21,3,7,0,1,0,2,0,0,0,0,0,0,0,0,1,0,0,0,0,0,0,0,0,0,0
1,ALBA,"ŞCOALA PRIMARA CIB",191,"ALMAŞU MARE",2309,1,PROV,PRCNCT,CD,CD_SV,"2021-01-21 12:30:02",245,230,14,1,113,98,14,1,260,147,112,1,0,1,7,11,58,21,4,0,8,0,0,0,2,0,0,0,0,0,0,0,0,0,0,0,0,0,0,0,0,0
1,ALBA,"ŞCOALA PRIMARA GLOD",192,"ALMAŞU MARE",2309,1,PROV,PRCNCT,CD,CD_SV,"2021-01-21 12:30:02",167,151,16,0,76,60,16,0,170,94,75,0,1,0,6,15,20,5,4,3,19,0,1,1,0,0,0,0,0,0,0,1,0,0,0,0,0,0,0,0,0,0
1,ALBA,"GRUP ȘCOLAR DE TURISM ARIEȘENI",193,ARIEŞENI,2381,1,PROV,PRCNCT,CD,CD_SV,"2021-01-21 12:30:02",593,565,14,14,355,327,14,14,620,265,349,2,4,0,3,81,205,4,11,1,36,1,2,0,2,0,1,0,0,0,0,1,0,0,0,0,0,0,0,1,0,0
1,ALBA,"GRUP ȘCOLAR DE TURISM ARIEȘENI",194,ARIEŞENI,2381,1,PROV,PRCNCT,CD,CD_SV,"2021-01-21 12:30:02",572,530,25,17,372,330,25,17,590,218,366,4,2,2,4,86,217,13,9,1,29,0,0,0,0,1,0,0,2,0,0,0,0,0,0,0,0,0,0,2,0,0
1,ALBA,"ȘCOALA PRIMARĂ CASA DE PIATRĂ",195,ARIEŞENI,2381,1,PROV,PRCNCT,CD,CD_SV,"2021-01-21 12:30:02",88,81,7,0,52,45,7,0,90,38,52,0,0,0,2,6,33,3,0,2,5,0,0,0,0,0,0,0,0,0,0,1,0,0,0,0,0,0,0,0,0,0
1,ALBA,"ȘCOALA PRIMARĂ COBLEȘ",196,ARIEŞENI,2381,1,PROV,PRCNCT,CD,CD_SV,"2021-01-21 12:30:02",211,190,14,7,128,107,14,7,220,92,127,0,1,0,1,39,63,3,11,0,7,0,0,0,1,1,0,0,0,0,0,0,1,0,0,0,0,0,0,0,0,0
1,ALBA,"CĂMINUL CULTURAL AVRAM IANCU",197,"AVRAM IANCU",2577,1,PROV,PRCNCT,CD,CD_SV,"2021-01-21 12:30:02",647,603,19,25,249,205,19,25,670,421,246,3,0,0,14,34,123,16,12,1,35,0,4,0,4,0,0,0,0,0,0,2,0,0,0,0,0,0,0,0,1,0
1,ALBA,"ŞCOALA PRIMARĂ I-IV TÎRSA",198,"AVRAM IANCU",2577,2,PART,PRCNCT,CD,CD_SV,"2021-01-21 12:30:02",639,620,11,8,240,221,11,8,690,450,236,3,1,0,8,65,128,4,8,4,11,0,0,0,4,1,0,0,0,0,0,0,0,0,0,3,0,0,0,0,0,0
1,ALBA,"CLĂDIRE CĂMIN CULTURAL HENIG",199,BERGHIN,2988,1,PROV,PRCNCT,CD,CD_SV,"2021-01-21 12:30:02",246,227,19,0,85,66,19,0,250,165,78,5,2,0,10,9,33,8,2,0,12,1,0,0,1,0,0,0,0,0,1,1,0,0,0,0,0,0,0,0,0,0
1,ALBA,"CLĂDIRE CĂMIN CULTURAL BERGHIN",200,BERGHIN,2988,1,PROV,PRCNCT,CD,CD_SV,"2021-01-21 12:30:02",713,693,20,0,154,134,20,0,760,606,148,6,0,2,16,25,52,8,3,1,32,0,2,0,3,0,0,0,0,0,0,1,0,1,0,1,1,0,0,0,0,0
1,ALBA,"CLĂDIRE CĂMIN CULTURAL GHIRBOM",201,BERGHIN,2988,1,PROV,PRCNCT,CD,CD_SV,"2021-01-21 12:30:02",426,402,24,0,158,134,24,0,450,292,156,1,1,0,11,14,102,12,1,2,7,1,1,0,1,0,0,0,0,0,0,2,0,0,0,0,0,0,0,1,1,0
1,ALBA,"CLĂDIRE CĂMIN CULTURAL STRAJA",202,BERGHIN,2988,1,PROV,PRCNCT,CD,CD_SV,"2021-01-21 12:30:02",307,281,26,0,94,68,26,0,310,216,92,1,1,2,6,6,38,9,1,0,21,0,1,4,2,0,0,0,0,0,0,1,0,0,0,0,0,0,1,0,0,0
1,ALBA,"ŞCOALA GIMNAZIALĂ ” NICODIM GANEA” BISTRA",203,BISTRA,3039,1,PROV,PRCNCT,CD,CD_SV,"2021-01-21 12:30:02",808,796,9,3,270,258,9,3,890,620,268,0,2,1,7,89,99,23,8,6,28,0,2,0,3,0,0,0,0,0,0,1,0,0,0,0,0,0,0,0,1,0
1,ALBA,"ŞCOALA GIMNAZIALĂ ”NICODIM GANEA” BISTRA",204,BISTRA,3039,1,PROV,PRCNCT,CD,CD_SV,"2021-01-21 12:30:02",1046,1028,12,6,373,355,12,6,1125,752,365,3,5,0,5,128,108,30,11,2,69,0,3,0,3,0,0,0,1,0,1,1,0,0,0,1,1,0,0,0,1,0
1,ALBA,"ŞCOALA GIMNAZIALĂ ”NICODIM GANEA” BISTRA",205,BISTRA,3039,1,PROV,PRCNCT,CD,CD_SV,"2021-01-21 12:30:02",817,802,13,2,239,224,13,2,890,651,234,3,2,1,3,67,64,13,10,7,52,1,2,0,11,0,0,0,0,0,0,1,0,0,0,0,0,1,0,1,0,0
1,ALBA,"ŞCOALA PRIMARĂ CIULDEŞTI - COMUNA BISTRA",206,BISTRA,3039,1,PROV,PRCNCT,CD,CD_SV,"2021-01-21 12:30:02",611,596,8,7,190,175,8,7,660,470,185,4,1,1,5,54,87,5,2,6,16,0,3,0,3,0,0,0,2,0,0,1,0,0,0,0,0,0,0,0,0,0
1,ALBA,"ŞCOALA GIMNAZIALĂ GÎRDE I - COMUNA BISTRA",207,BISTRA,3039,1,PROV,PRCNCT,CD,CD_SV,"2021-01-21 12:30:02",641,619,16,6,213,191,16,6,680,467,208,3,2,2,4,58,87,6,1,5,37,1,1,0,1,0,0,1,0,0,0,1,1,1,0,0,0,0,0,1,0,0
1,ALBA,"PRIMARIA COMUNEI BLANDIANA",208,BLANDIANA,3397,1,PROV,PRCNCT,CD,CD_SV,"2021-01-21 12:30:02",479,453,18,8,132,106,18,8,500,368,130,2,0,1,8,23,53,19,2,1,20,0,1,0,0,0,0,0,0,0,0,2,0,0,0,0,0,0,0,0,0,0
1,ALBA,"ŞCOALA PRIMARĂ ACMARIU",209,BLANDIANA,3397,1,PROV,PRCNCT,CD,CD_SV,"2021-01-21 12:30:02",338,285,29,24,153,100,29,24,320,167,148,5,0,1,0,18,95,5,4,2,16,0,1,1,2,1,0,0,0,0,0,1,0,1,0,0,0,0,0,0,0,0
1,ALBA,"ŞCOALA CU CLASELE I-IV RĂCĂTĂU",210,BLANDIANA,3397,1,PROV,PRCNCT,CD,CD_SV,"2021-01-21 12:30:02",38,27,11,0,20,9,11,0,30,10,20,0,0,1,1,5,6,3,1,0,1,0,1,0,0,0,0,0,0,0,0,1,0,0,0,0,0,0,0,0,0,0
1,ALBA,"CĂMINUL CULTURAL BUCERDEA GRÂNOASĂ",211,"BUCERDEA GRÂNOASĂ",9026,1,PROV,PRCNCT,CD,CD_SV,"2021-01-21 12:30:02",1069,1044,14,11,372,347,14,11,1160,788,365,1,6,71,28,30,137,19,5,2,56,1,5,2,2,0,1,0,0,0,0,2,0,1,0,0,0,0,1,1,0,1
1,ALBA,"ŞCOALA GIMNAZIALĂ IOAN MAIORESCU BUCERDEA GRANOASĂ",212,"BUCERDEA GRÂNOASĂ",9026,1,PROV,PRCNCT,CD,CD_SV,"2021-01-21 12:30:02",784,769,8,7,315,300,8,7,850,535,297,8,10,8,42,28,144,8,9,1,39,3,1,0,3,1,0,1,1,0,0,3,0,1,0,1,0,0,1,1,0,1
1,ALBA,"ŞCOALA PRIMARĂ CIUCULEŞTI",213,BUCIUM,3459,1,PROV,PRCNCT,CD,CD_SV,"2021-01-21 12:30:02",365,341,15,9,125,101,15,9,380,255,125,0,0,0,3,74,22,2,3,2,16,0,0,0,1,0,0,0,0,0,0,2,0,0,0,0,0,0,0,0,0,0
1,ALBA,"ŞCOALA PRIMARĂ BUCIUM-SAT",214,BUCIUM,3459,1,PROV,PRCNCT,CD,CD_SV,"2021-01-21 12:30:02",408,386,10,12,133,111,10,12,430,297,132,1,0,1,2,81,23,5,1,1,15,1,1,0,0,0,0,0,0,0,0,1,0,0,0,0,0,0,0,0,0,0
1,ALBA,"ŞCOALA PRIMARĂ CERBU",215,BUCIUM,3459,1,PROV,PRCNCT,CD,CD_SV,"2021-01-21 12:30:02",270,256,10,4,95,81,10,4,290,195,94,0,1,1,5,56,13,2,3,0,5,4,2,0,0,0,0,0,0,0,0,2,0,0,0,0,0,0,0,0,1,0
1,ALBA,"ŞCOALA PRIMARĂ POIENI",216,BUCIUM,3459,1,PROV,PRCNCT,CD,CD_SV,"2021-01-21 12:30:02",281,267,13,1,108,94,13,1,300,192,106,1,1,0,3,59,21,3,6,1,8,0,2,0,1,0,0,0,0,0,0,2,0,0,0,0,0,0,0,0,0,0
1,ALBA,"PRIMĂRIA COMUNEI CÎLNIC",217,CÂLNIC,4106,1,PROV,PRCNCT,CD,CD_SV,"2021-01-21 12:30:02",1183,1167,16,0,387,371,16,0,1280,893,373,7,7,1,34,132,100,25,8,2,56,0,1,2,3,1,0,0,0,0,0,1,0,0,0,7,0,0,0,0,0,0
1,ALBA,"ŞCOALA PRIMARĂ DEAL",218,CÂLNIC,4106,2,PART,PRCNCT,CD,CD_SV,"2021-01-21 12:30:02",325,309,16,0,131,115,16,0,350,219,129,1,1,1,7,28,52,23,2,1,9,0,1,0,1,0,0,0,0,1,1,1,0,0,0,0,0,0,0,0,1,0
1,ALBA,"PRIMĂRIA CENADE",219,CENADE,3761,1,PROV,PRCNCT,CD,CD_SV,"2021-01-21 12:30:02",800,772,10,18,295,267,10,18,850,555,280,9,6,1,5,27,170,14,10,1,29,0,8,1,3,0,0,0,2,0,0,3,0,1,1,0,0,0,2,0,2,0
1,ALBA,"ŞCOALA GIMNAZIALĂ ”ARON COTRUŞ” CERGĂU MARE",220,CERGĂU,3805,1,PROV,PRCNCT,CD,CD_SV,"2021-01-21 12:30:02",860,814,24,22,400,354,24,22,900,500,382,10,8,6,3,58,182,37,9,7,56,0,11,0,2,0,1,0,0,0,2,2,0,1,1,0,0,1,0,1,2,0
1,ALBA,"GRĂDINIȚA CU PROGRAM NORMAL CERGĂU MIC",221,CERGĂU,3805,1,PROV,PRCNCT,CD,CD_SV,"2021-01-21 12:30:02",284,256,16,12,134,107,15,12,290,156,128,1,5,2,3,20,54,22,0,3,13,0,5,0,1,0,0,0,0,0,0,1,1,0,0,0,0,0,0,2,0,1
1,ALBA,"CLĂDIRE CĂMIN CULTURAL LUPU",222,CERGĂU,3805,1,PROV,PRCNCT,CD,CD_SV,"2021-01-21 12:30:02",235,206,16,13,113,84,16,13,230,117,104,6,3,1,2,10,61,15,1,1,9,0,3,0,0,0,0,0,0,0,0,1,0,0,0,0,0,0,0,0,0,0
1,ALBA,"CĂMINUL CULTURAL",223,CERU-BĂCĂINŢI,3841,1,PROV,PRCNCT,CD,CD_SV,"2021-01-21 12:30:02",279,213,66,0,166,100,66,0,240,74,159,5,2,1,90,14,38,6,1,0,3,0,1,0,1,0,0,0,1,0,0,1,1,0,0,0,1,0,0,0,0,0
1,ALBA,"CĂMIN CULTURAL",224,"CETATEA DE BALTĂ",3958,1,PROV,PRCNCT,CD,CD_SV,"2021-01-21 12:30:02",598,583,7,8,150,135,7,8,640,490,137,10,3,4,6,39,43,10,4,1,23,0,1,0,0,0,0,1,0,0,1,1,0,0,0,1,0,0,0,2,0,0
1,ALBA,"CĂMIN CULTURAL",225,"CETATEA DE BALTĂ",3958,1,PROV,PRCNCT,CD,CD_SV,"2021-01-21 12:30:02",903,867,13,23,275,239,13,23,960,685,265,4,6,38,8,50,86,26,5,4,32,0,5,1,5,1,0,1,0,0,0,2,0,0,0,0,1,0,0,0,0,0
1,ALBA,"SCOALA GENERALA CRĂCIUNELU DE SUS",226,"CETATEA DE BALTĂ",3958,1,PROV,PRCNCT,CD,CD_SV,"2021-01-21 12:30:02",80,70,10,0,49,39,10,0,80,31,43,5,1,2,1,1,28,2,2,0,3,0,1,0,0,0,0,0,1,0,0,2,0,0,0,0,0,0,0,0,0,0
1,ALBA,"SCOALA GENERALA SÎNTĂMĂRIE",227,"CETATEA DE BALTĂ",3958,1,PROV,PRCNCT,CD,CD_SV,"2021-01-21 12:30:02",249,238,11,0,84,73,11,0,270,186,79,4,1,9,4,8,24,5,1,2,20,0,3,0,0,0,0,0,0,0,0,1,0,0,0,2,0,0,0,0,0,0
1,ALBA,"ȘCOALA GIMNAZIALĂ TĂTÂRLAUA",228,"CETATEA DE BALTĂ",3958,1,PROV,PRCNCT,CD,CD_SV,"2021-01-21 12:30:02",634,620,14,0,232,218,14,0,680,448,213,13,6,2,8,28,43,3,4,3,111,0,3,0,2,0,0,0,0,0,0,1,0,1,0,1,1,0,0,0,2,0
1,ALBA,"ŞCOALĂ GIMNAZIALĂ CIUGUD",229,CIUGUD,1071,1,PROV,PRCNCT,CD,CD_SV,"2021-01-21 12:30:02",571,524,31,16,289,242,31,16,580,291,280,6,3,0,40,46,104,45,10,6,20,1,1,0,4,0,0,0,0,0,0,3,0,0,0,0,0,0,0,0,0,0
1,ALBA,"CĂMIN CULTURAL DRÎMBAR",230,CIUGUD,1071,3,PART,PRCNCT,CD,CD_SV,"2021-01-21 12:30:02",352,332,16,4,170,150,16,4,370,200,169,1,0,4,15,34,59,18,3,1,27,2,2,1,1,0,0,0,1,0,0,1,0,0,0,0,0,0,0,0,0,0
1,ALBA,"CĂMIN CULTURAL HĂPRIA",231,CIUGUD,1071,1,PROV,PRCNCT,CD,CD_SV,"2021-01-21 12:30:02",555,491,47,17,266,202,47,17,550,284,257,5,4,5,18,44,107,32,3,0,25,1,1,15,0,0,0,1,0,1,0,1,0,0,1,0,0,0,1,1,0,0
1,ALBA,"CĂMIN CULTURAL LIMBA",232,CIUGUD,1071,1,PROV,PRCNCT,CD,CD_SV,"2021-01-21 12:30:02",350,322,20,8,156,128,20,8,360,204,150,6,0,0,16,19,61,28,3,1,8,1,4,1,1,1,0,0,0,0,0,5,0,1,0,0,0,0,0,0,0,0
1,ALBA,"CĂMIN CULTURAL ȘEUȘA",233,CIUGUD,1071,1,PROV,PRCNCT,CD,CD_SV,"2021-01-21 12:30:02",707,649,25,33,371,313,25,33,710,339,352,16,3,5,13,38,154,49,10,8,46,4,2,13,3,0,2,0,0,0,1,2,0,0,0,0,0,1,0,0,1,0
1,ALBA,"CĂMIN CULTURAL TELEAC",234,CIUGUD,1071,1,PROV,PRCNCT,CD,CD_SV,"2021-01-21 12:30:02",366,338,17,11,176,148,17,11,380,204,173,2,1,0,9,36,68,21,5,1,24,1,1,3,0,0,0,0,0,0,0,1,0,1,0,2,0,0,0,0,0,0
1,ALBA,"ŞCOALA PRIMARĂ BUNINGINEA",235,CIURULEASA,4008,1,PROV,PRCNCT,CD,CD_SV,"2021-01-21 12:30:02",403,366,25,12,239,202,25,12,410,171,233,6,0,0,4,165,31,9,1,1,13,1,1,0,2,0,1,0,0,0,0,2,0,1,0,0,0,0,0,0,1,0
1,ALBA,"PRIMĂRIA COMUNEI CIURULEASA",236,CIURULEASA,4008,1,PROV,PRCNCT,CD,CD_SV,"2021-01-21 12:30:02",620,579,24,17,346,305,24,17,640,294,334,8,4,0,2,260,25,11,2,3,15,0,0,1,1,0,0,0,1,0,0,11,0,0,0,0,0,0,0,1,1,0
1,ALBA,"PRIMĂRIA COMUNEI CRĂCIUNELU DE JOS",237,"CRĂCIUNELU DE JOS",4188,1,PROV,PRCNCT,CD,CD_SV,"2021-01-21 12:30:02",877,851,18,8,369,343,18,8,940,571,364,4,1,6,68,55,130,36,14,4,39,0,2,0,5,0,0,0,1,0,0,1,1,0,0,2,0,0,0,0,0,0
1,ALBA,"ŞCOALA GIMNAZIALĂ - CRĂCIUNELU DE JOS",238,"CRĂCIUNELU DE JOS",4188,1,PROV,PRCNCT,CD,CD_SV,"2021-01-21 12:30:02",884,860,18,6,333,309,18,6,950,617,323,7,3,2,27,57,110,22,12,5,76,1,1,1,4,0,0,0,1,0,0,1,0,0,0,1,0,0,0,0,2,0
1,ALBA,"BIBLIOTECA COMUNALĂ",239,CRICĂU,4142,1,PROV,PRCNCT,CD,CD_SV,"2021-01-21 12:30:02",1133,1078,40,15,349,295,39,15,1200,851,345,4,0,0,5,59,134,49,50,3,36,0,2,2,3,0,0,0,0,0,1,1,0,0,0,0,0,0,0,0,0,0
1,ALBA,"ȘCOALA PRIMARĂ CRAIVA",240,CRICĂU,4142,1,PROV,PRCNCT,CD,CD_SV,"2021-01-21 12:30:02",299,285,11,3,96,82,11,3,320,224,94,1,1,1,3,16,29,17,10,0,5,0,1,6,4,0,0,0,0,0,0,1,0,0,0,0,0,0,0,1,0,0
1,ALBA,"SALA DE ÎNTRUNIRI",241,CRICĂU,4142,1,PROV,PRCNCT,CD,CD_SV,"2021-01-21 12:30:02",331,304,23,4,117,90,23,4,340,223,112,4,1,0,9,9,37,21,16,0,14,0,2,0,1,0,0,0,0,0,0,1,0,0,0,0,1,0,0,0,1,0
1,ALBA,"ŞCOALA GIMNAZIALĂ ”SEPTIMIU ALBINI”",242,CUT,9019,1,PROV,PRCNCT,CD,CD_SV,"2021-01-21 12:30:02",1086,1053,33,0,477,444,33,0,1160,683,459,9,9,3,35,91,210,35,16,3,50,7,1,0,2,0,0,2,0,1,0,2,0,0,0,1,0,0,0,0,0,0
1,ALBA,"PRIMĂRIA DAIA ROMÂNĂ",243,"DAIA ROMÂNĂ",4240,1,PROV,PRCNCT,CD,CD_SV,"2021-01-21 12:30:02",1071,1052,19,0,419,400,19,0,1170,751,410,3,6,0,25,46,267,34,8,1,22,0,3,0,4,0,0,0,0,0,0,0,0,0,0,0,0,0,0,0,0,0
1,ALBA,"PRIMĂRIA DAIA ROMÂNĂ",244,"DAIA ROMÂNĂ",4240,1,PROV,PRCNCT,CD,CD_SV,"2021-01-21 12:30:02",1533,1508,25,0,572,547,25,0,1660,1088,551,9,12,1,15,62,360,41,5,4,46,1,0,5,6,1,0,0,0,2,0,0,0,0,1,0,0,0,0,0,1,0
1,ALBA,"CĂMIN CULTURAL DOŞTAT",245,DOŞTAT,4268,1,PROV,PRCNCT,CD,CD_SV,"2021-01-21 12:30:02",433,398,23,12,205,170,23,12,440,235,197,5,3,1,8,22,120,8,19,0,11,1,3,0,1,0,0,0,0,0,1,1,0,0,0,0,0,0,0,0,1,0
1,ALBA,"ŞCOALA PRIMARĂ BOZ",246,DOŞTAT,4268,1,PROV,PRCNCT,CD,CD_SV,"2021-01-21 12:30:02",387,372,12,3,173,158,12,3,410,237,170,3,0,0,4,17,110,5,5,1,21,0,2,0,3,0,0,0,0,1,0,0,0,1,0,0,0,0,0,0,0,0
1,ALBA,"GRĂDINIŢA CU PROGRAM NORMAL FĂRĂU",247,FĂRĂU,4302,1,PROV,PRCNCT,CD,CD_SV,"2021-01-21 12:30:02",519,465,45,9,285,231,45,9,520,235,277,3,5,1,3,36,214,6,1,0,6,0,0,1,1,0,0,1,2,0,1,2,0,0,0,0,0,0,0,1,1,0
1,ALBA,"GRĂDINIŢA CU PROGRAM NORMAL HERIA",248,FĂRĂU,4302,1,PROV,PRCNCT,CD,CD_SV,"2021-01-21 12:30:02",245,214,27,4,113,82,27,4,240,127,110,3,0,3,1,3,68,17,1,0,14,0,1,0,1,0,0,0,0,0,0,1,0,0,0,0,0,0,0,0,0,0
1,ALBA,"ŞCOALA PRIMARĂ SÎNBENEDIC",249,FĂRĂU,4302,1,PROV,PRCNCT,CD,CD_SV,"2021-01-21 12:30:02",206,190,12,4,100,84,12,4,210,110,96,1,3,0,2,9,55,5,9,0,5,0,1,2,3,0,0,1,1,0,1,1,0,0,0,0,1,0,0,0,0,0
1,ALBA,"ŞCOALA PRIMARĂ MEDVEŞ",250,FĂRĂU,4302,1,PROV,PRCNCT,CD,CD_SV,"2021-01-21 12:30:02",148,135,13,0,67,54,13,0,150,83,64,0,3,21,1,3,31,3,1,0,0,0,1,0,0,0,1,0,0,0,0,1,0,0,0,0,0,0,0,0,1,0
1,ALBA,"CĂMIN CULTURAL ȘILEA",251,FĂRĂU,4302,1,PROV,PRCNCT,CD,CD_SV,"2021-01-21 12:30:02",262,246,11,5,114,98,11,5,270,156,109,3,2,5,2,11,61,20,1,1,4,0,0,0,0,1,0,0,0,0,0,1,0,1,0,0,0,1,0,0,0,0
1,ALBA,"CĂMINUL CULTURAL GALDA DE JOS",252,"GALDA DE JOS",4366,1,PROV,PRCNCT,CD,CD_SV,"2021-01-21 12:30:02",1572,1547,23,2,435,410,23,2,1710,1275,432,3,0,2,15,84,161,80,11,6,60,3,1,0,2,0,0,0,0,0,0,1,0,0,0,1,0,0,1,1,3,0
1,ALBA,"ŞCOALA GIMNAZIALĂ BENIC",253,"GALDA DE JOS",4366,1,PROV,PRCNCT,CD,CD_SV,"2021-01-21 12:30:02",456,434,21,1,146,124,21,1,480,334,145,0,1,1,17,33,53,14,8,1,14,1,1,0,0,0,0,0,0,0,1,1,0,0,0,0,0,0,0,0,0,0
1,ALBA,"ŞCOALA PRIMARĂ CETEA",254,"GALDA DE JOS",4366,1,PROV,PRCNCT,CD,CD_SV,"2021-01-21 12:30:02",369,347,22,0,97,75,22,0,390,293,97,0,0,1,8,27,35,13,3,0,7,0,2,0,0,0,0,0,1,0,0,0,0,0,0,0,0,0,0,0,0,0
1,ALBA,"ŞCOALA PRIMARĂ GALDA DE SUS",255,"GALDA DE JOS",4366,1,PROV,PRCNCT,CD,CD_SV,"2021-01-21 12:30:02",358,337,21,0,109,88,21,0,370,261,107,2,0,1,25,16,35,8,1,0,17,0,1,0,1,0,0,0,0,0,0,1,0,0,0,0,0,0,0,0,1,0
1,ALBA,"SALA DE FESTIVITĂŢI MESENTEA",256,"GALDA DE JOS",4366,1,PROV,PRCNCT,CD,CD_SV,"2021-01-21 12:30:02",231,208,23,0,81,58,23,0,230,149,80,0,1,1,3,9,34,7,6,2,13,0,1,0,0,0,0,0,0,0,0,1,0,1,0,0,0,0,1,0,1,0
1,ALBA,"CĂMINUL CULTURAL OIEJDEA",257,"GALDA DE JOS",4366,1,PROV,PRCNCT,CD,CD_SV,"2021-01-21 12:30:02",706,690,16,0,200,184,16,0,770,570,194,2,4,66,12,26,54,16,4,2,7,1,2,0,1,0,0,0,1,0,0,1,0,0,0,0,0,0,0,0,0,1
1,ALBA,"CLĂDIRE ADMINISTRATIVĂ (FOSTĂ ŞCOALA GENERALĂ POIANA GALDEI)",258,"GALDA DE JOS",4366,1,PROV,PRCNCT,CD,CD_SV,"2021-01-21 12:30:02",138,118,20,0,54,34,20,0,130,76,52,2,0,0,12,7,16,10,2,1,1,0,1,0,1,0,0,0,0,0,0,0,0,1,0,0,0,0,0,0,0,0
1,ALBA,"PRIMĂRIA COMUNEI GÂRBOVA",259,GÂRBOVA,4482,1,PROV,PRCNCT,CD,CD_SV,"2021-01-21 12:30:02",1196,1178,14,4,319,301,14,4,1302,983,315,3,1,3,17,139,104,19,1,3,18,0,1,1,0,0,0,1,0,0,0,1,0,5,0,1,0,0,0,1,0,0
1,ALBA,"ȘCOALA PRIMARĂ CĂRPINIȘ",260,GÂRBOVA,4482,1,PROV,PRCNCT,CD,CD_SV,"2021-01-21 12:30:02",220,204,16,0,83,67,16,0,230,147,81,1,1,1,1,42,28,2,1,0,3,0,1,0,1,0,1,0,0,0,0,0,0,0,0,0,0,0,0,0,0,0
1,ALBA,"ȘCOALA PRIMARĂ RECIU",261,GÂRBOVA,4482,1,PROV,PRCNCT,CD,CD_SV,"2021-01-21 12:30:02",281,264,11,6,82,65,11,6,300,218,81,0,1,2,1,22,37,1,1,0,12,2,1,0,0,0,1,0,0,0,0,1,0,0,0,0,0,0,0,0,0,0
1,ALBA,"ŞCOALA GIMNAZIALĂ ”EMIL RACOVIŢĂ” GÎRDA DE SUS",262,"GÂRDA DE SUS",4525,1,PROV,PRCNCT,CD,CD_SV,"2021-01-21 12:30:02",813,788,25,0,312,287,25,0,868,556,306,4,2,0,5,87,94,22,24,3,56,0,5,0,5,0,1,0,1,0,0,1,0,0,0,1,0,0,0,0,1,0
1,ALBA,"ŞCOALA PRIMARĂ BIHARIA",263,"GÂRDA DE SUS",4525,1,PROV,PRCNCT,CD,CD_SV,"2021-01-21 12:30:02",126,120,6,0,38,32,6,0,140,102,37,0,1,0,4,5,11,4,2,0,10,0,0,0,0,0,0,0,0,0,0,1,0,0,0,0,0,0,0,0,0,0
1,ALBA,"ŞCOALA GIMNAZIALĂ GHEŢARI",264,"GÂRDA DE SUS",4525,1,PROV,PRCNCT,CD,CD_SV,"2021-01-21 12:30:02",412,403,9,0,110,101,9,0,448,338,110,0,0,0,2,12,58,9,4,0,18,0,0,0,2,0,1,0,1,0,0,1,0,0,0,0,0,0,1,0,1,0
1,ALBA,"CĂMIN CULTURAL HOPÎRTA",265,HOPÂRTA,4703,1,PROV,PRCNCT,CD,CD_SV,"2021-01-21 12:30:02",246,230,16,0,63,47,16,0,260,197,62,1,0,2,1,12,26,4,2,1,9,0,3,0,0,0,0,0,0,0,0,1,0,0,0,0,1,0,0,0,0,0
1,ALBA,"CĂMIN CULTURAL SILIVAŞ",266,HOPÂRTA,4703,1,PROV,PRCNCT,CD,CD_SV,"2021-01-21 12:30:02",242,227,15,0,108,93,15,0,250,142,103,3,2,2,4,9,62,4,4,2,10,0,1,0,2,0,0,0,0,0,0,1,0,0,0,2,0,0,0,0,0,0
1,ALBA,"CĂMIN CULTURAL ŞPĂLNACA",267,HOPÂRTA,4703,1,PROV,PRCNCT,CD,CD_SV,"2021-01-21 12:30:02",170,146,24,0,83,59,24,0,170,87,80,2,1,1,3,12,52,5,1,0,4,0,1,0,0,0,0,0,0,0,0,1,0,0,0,0,0,0,0,0,0,0
1,ALBA,"CĂMIN CULTURAL TURDAŞ",268,HOPÂRTA,4703,1,PROV,PRCNCT,CD,CD_SV,"2021-01-21 12:30:02",148,136,12,0,58,46,12,0,150,92,58,0,0,1,1,15,32,4,1,0,3,0,0,0,0,0,0,0,0,0,0,1,0,0,0,0,0,0,0,0,0,0
1,ALBA,"CĂMIN CULTURAL VAMA SEACĂ",269,HOPÂRTA,4703,1,PROV,PRCNCT,CD,CD_SV,"2021-01-21 12:30:02",157,144,13,0,56,43,13,0,160,104,55,0,1,1,3,8,29,5,2,0,4,0,1,0,0,0,1,0,0,0,0,1,0,0,0,0,0,0,0,0,0,0
1,ALBA,"ȘCOALA GIMNAZIALĂ HOREA",270,HOREA,4767,1,PROV,PRCNCT,CD,CD_SV,"2021-01-21 12:30:02",629,599,21,9,280,250,21,9,670,390,271,5,4,0,1,31,184,6,6,1,30,2,3,0,3,1,0,0,0,0,0,1,0,0,0,0,1,0,0,1,0,0
1,ALBA,"ȘCOALA PRIMARĂ TRIFEȘTI",271,HOREA,4767,1,PROV,PRCNCT,CD,CD_SV,"2021-01-21 12:30:02",404,384,11,9,239,219,11,9,430,191,233,2,4,2,2,50,132,1,3,3,36,0,0,0,2,0,0,1,0,0,0,1,0,0,0,0,0,0,0,0,0,0
1,ALBA,"ȘCOALA PRIMARĂ GIURGIUȚ",272,HOREA,4767,1,PROV,PRCNCT,CD,CD_SV,"2021-01-21 12:30:02",131,118,11,2,75,62,11,2,130,55,74,1,0,0,2,4,54,3,2,0,2,0,3,0,1,0,0,0,0,0,0,1,0,0,0,0,0,0,1,1,0,0
1,ALBA,"CĂMIN CULTURAL MĂTIȘEȘTI",273,HOREA,4767,1,PROV,PRCNCT,CD,CD_SV,"2021-01-21 12:30:02",360,345,9,6,207,192,9,6,380,173,204,3,0,1,2,28,136,8,5,2,12,1,1,2,3,0,0,0,0,0,0,1,0,0,0,1,0,0,0,1,0,0
1,ALBA,"ȘCOALA PRIMARĂ PĂTRUȘEȘTI",274,HOREA,4767,1,PROV,PRCNCT,CD,CD_SV,"2021-01-21 12:30:02",136,122,11,3,83,69,11,3,135,52,81,0,2,0,1,7,46,8,5,5,8,0,0,0,0,0,0,0,0,0,0,1,0,0,0,0,0,0,0,0,0,0
1,ALBA,"ȘCOALA PRIMARĂ PRELUCA",275,HOREA,4767,1,PROV,PRCNCT,CD,CD_SV,"2021-01-21 12:30:02",73,61,12,0,50,38,12,0,70,20,50,0,0,0,0,3,38,1,1,0,5,0,0,0,1,0,0,0,0,0,0,1,0,0,0,0,0,0,0,0,0,0
1,ALBA,"PRIMĂRIA COMUNEI IGHIU",276,IGHIU,4927,1,PROV,PRCNCT,CD,CD_SV,"2021-01-21 12:30:02",1189,1174,13,2,402,387,13,2,1300,898,394,6,2,5,12,77,160,51,8,1,62,4,3,3,3,0,0,0,0,1,0,1,0,2,0,0,0,0,0,1,0,0
1,ALBA,"ȘCOALA PRIMARĂ BUCERDEA VINOASĂ",277,IGHIU,4927,1,PROV,PRCNCT,CD,CD_SV,"2021-01-21 12:30:02",778,750,28,0,307,279,28,0,830,523,300,4,3,0,13,59,124,61,10,2,15,1,4,4,3,0,0,0,2,0,0,1,0,0,0,0,0,0,0,1,0,0
1,ALBA,"ȘCOALA GIMNAZIALĂ IGHIEL",278,IGHIU,4927,1,PROV,PRCNCT,CD,CD_SV,"2021-01-21 12:30:02",840,821,18,1,308,289,18,1,910,602,297,3,8,1,14,30,92,37,7,0,77,0,7,21,3,1,0,0,0,1,1,0,0,0,1,0,0,0,0,0,2,2
1,ALBA,"ŞCOALA GIMNAZIALĂ ŞARD",279,IGHIU,4927,1,PROV,PRCNCT,CD,CD_SV,"2021-01-21 12:30:02",963,940,23,0,260,237,23,0,1040,780,255,4,1,4,13,40,100,50,4,3,28,2,3,1,3,0,1,0,0,0,0,1,0,1,0,1,0,0,0,0,0,0
1,ALBA,"ŞCOALA GIMNAZIALĂ ŞARD",280,IGHIU,4927,1,PROV,PRCNCT,CD,CD_SV,"2021-01-21 12:30:02",1112,1101,11,0,242,231,11,0,1220,978,237,4,1,0,11,40,80,52,4,0,38,1,3,1,3,0,0,0,0,0,0,1,0,0,0,0,0,0,0,1,1,1
1,ALBA,"ȘCOALĂ GIMNAZIALĂ ȚELNA",281,IGHIU,4927,1,PROV,PRCNCT,CD,CD_SV,"2021-01-21 12:30:02",900,880,20,0,206,186,20,0,970,764,198,7,1,1,10,28,73,26,4,4,47,0,1,0,3,1,0,0,0,0,0,0,0,0,0,0,0,0,0,0,0,0
1,ALBA,"ȘCOALA GIMNAZIALĂ ÎNTREGALDE",282,ÎNTREGALDE,4981,1,PROV,PRCNCT,CD,CD_SV,"2021-01-21 12:30:02",243,221,22,0,90,68,22,0,250,160,89,0,1,0,29,6,31,1,7,3,8,0,1,0,1,0,0,0,0,0,1,1,0,0,0,0,0,0,0,0,0,0
1,ALBA,"ȘCOALA CU CLASELE I-IV DEALU GEOAGIULUI",283,ÎNTREGALDE,4981,1,PROV,PRCNCT,CD,CD_SV,"2021-01-21 12:30:02",99,87,12,0,38,26,12,0,100,62,37,1,0,0,10,2,17,2,1,0,4,0,1,0,0,0,0,0,0,0,0,0,0,0,0,0,0,0,0,0,0,0
1,ALBA,"ȘCOALA CU CLASELE I-IV GHIONCANI",284,ÎNTREGALDE,4981,1,PROV,PRCNCT,CD,CD_SV,"2021-01-21 12:30:02",64,54,10,0,24,14,10,0,60,36,23,0,1,0,5,4,2,4,2,0,3,0,1,0,1,0,0,0,0,0,0,1,0,0,0,0,0,0,0,0,0,0
1,ALBA,"CĂMINUL CULTURAL NECRILEȘTI",285,ÎNTREGALDE,4981,2,PART,PRCNCT,CD,CD_SV,"2021-01-21 12:30:02",164,149,15,0,67,52,15,0,170,103,66,0,1,0,16,12,18,3,3,2,7,1,1,0,0,0,0,0,0,0,0,2,0,0,0,0,0,0,0,0,1,0
1,ALBA,"CĂMINUL CULTURAL JIDVEI",286,JIDVEI,5103,1,PROV,PRCNCT,CD,CD_SV,"2021-01-21 12:30:02",1120,1105,15,0,377,362,15,0,1220,843,360,10,7,8,10,39,179,36,7,1,64,2,1,2,1,0,1,0,3,0,1,1,1,0,0,0,0,0,0,0,2,1
1,ALBA,"CĂMIN CULTURAL BĂLCACIU",287,JIDVEI,5103,1,PROV,PRCNCT,CD,CD_SV,"2021-01-21 12:30:02",1125,1108,16,1,268,251,16,1,1220,952,255,12,1,2,12,32,89,20,14,0,68,2,5,4,2,1,1,0,0,0,0,2,0,0,0,0,0,0,0,0,1,0
1,ALBA,"CĂMINUL CULTURAL CĂPÎLNA DE JOS",288,JIDVEI,5103,1,PROV,PRCNCT,CD,CD_SV,"2021-01-21 12:30:02",644,633,11,0,194,183,11,0,700,506,192,1,1,2,5,32,69,9,4,3,63,0,1,1,0,0,0,0,0,0,0,0,1,0,0,1,0,0,0,1,0,0
1,ALBA,"CĂMINUL CULTURAL FEISA",289,JIDVEI,5103,1,PROV,PRCNCT,CD,CD_SV,"2021-01-21 12:30:02",641,630,11,0,209,198,11,0,700,491,202,6,1,2,1,31,104,21,5,2,30,0,1,0,3,0,0,0,0,0,0,0,0,0,0,0,1,0,1,0,0,0
1,ALBA,"CĂMINUL CULTURAL VESEUŞ",290,JIDVEI,5103,1,PROV,PRCNCT,CD,CD_SV,"2021-01-21 12:30:02",754,740,14,0,346,332,14,0,820,474,321,18,7,6,1,28,219,2,11,2,35,1,6,0,4,1,0,0,1,0,0,1,0,0,0,1,0,0,0,0,2,0
1,ALBA,"ȘCOALA GIMNAZIALĂ LIVEZILE",291,LIVEZILE,5167,1,PROV,PRCNCT,CD,CD_SV,"2021-01-21 12:30:02",653,575,42,36,336,258,42,36,640,304,335,0,1,1,10,64,200,15,3,1,35,0,1,0,1,0,1,0,0,0,1,0,0,0,0,0,0,0,0,0,2,0
1,ALBA,"CĂMIN CULTURAL",292,LIVEZILE,5167,1,PROV,PRCNCT,CD,CD_SV,"2021-01-21 12:30:02",302,267,19,16,138,103,19,16,300,162,134,2,2,1,1,35,63,14,0,1,14,0,1,0,2,0,0,0,0,0,0,1,0,0,0,0,0,0,0,0,1,0
1,ALBA,"CĂMIN CULTURAL IZVOARELE",293,LIVEZILE,5167,1,PROV,PRCNCT,CD,CD_SV,"2021-01-21 12:30:02",131,95,22,14,64,28,22,14,110,46,62,2,0,1,5,10,36,1,2,2,0,0,2,0,2,0,0,0,0,0,0,0,0,1,0,0,0,0,0,0,0,0
1,ALBA,"CĂMIN CULTURAL VĂLIȘOARA",294,LIVEZILE,5167,1,PROV,PRCNCT,CD,CD_SV,"2021-01-21 12:30:02",148,122,24,2,61,35,24,2,140,79,59,1,1,2,1,15,31,3,1,0,2,0,2,0,1,0,0,0,0,0,0,1,0,0,0,0,0,0,0,0,0,0
1,ALBA,"PRIMĂRIA LOPADEA NOUĂ",295,"LOPADEA NOUĂ",5210,1,PROV,PRCNCT,CD,CD_SV,"2021-01-21 12:30:02",820,804,16,0,344,328,16,0,890,546,340,2,2,249,1,4,70,5,1,0,6,0,0,0,0,0,0,0,0,0,0,1,0,0,0,0,1,0,0,2,0,0
1,ALBA,"CĂMIN CULTURAL",296,"LOPADEA NOUĂ",5210,1,PROV,PRCNCT,CD,CD_SV,"2021-01-21 12:30:02",103,80,23,0,45,22,23,0,90,45,45,0,0,1,1,11,21,4,1,0,2,0,1,0,1,0,0,0,0,0,0,2,0,0,0,0,0,0,0,0,0,0
1,ALBA,"CLĂDIRE ANEXĂ PRIMĂRIA LOPADEA NOUĂ",297,"LOPADEA NOUĂ",5210,1,PROV,PRCNCT,CD,CD_SV,"2021-01-21 12:30:02",434,421,13,0,167,154,13,0,470,303,156,7,4,16,3,32,74,13,3,1,8,0,2,0,2,0,1,0,0,0,0,1,0,0,0,0,0,0,0,0,0,0
1,ALBA,"ȘCOALA PRIMARĂ BEȚA",298,"LOPADEA NOUĂ",5210,1,PROV,PRCNCT,CD,CD_SV,"2021-01-21 12:30:02",314,305,9,0,95,86,9,0,340,245,94,1,0,41,2,1,46,3,0,0,0,0,0,0,0,0,0,0,0,0,0,1,0,0,0,0,0,0,0,0,0,0
1,ALBA,"CLĂDIRE ANEXĂ PRIMĂRIA LOPADEA NOUĂ",299,"LOPADEA NOUĂ",5210,1,PROV,PRCNCT,CD,CD_SV,"2021-01-21 12:30:02",571,539,27,5,237,205,27,5,600,363,231,2,4,2,4,29,135,7,5,0,43,0,2,0,0,0,0,0,0,0,0,3,0,1,0,0,0,0,0,0,0,0
1,ALBA,"CLĂDIRE ANEXĂ PRIMĂRIA LOPADEA NOUĂ",300,"LOPADEA NOUĂ",5210,1,PROV,PRCNCT,CD,CD_SV,"2021-01-21 12:30:02",62,44,18,0,32,14,18,0,50,18,31,0,1,4,1,4,17,1,0,1,1,0,0,0,0,0,0,0,1,0,0,1,0,0,0,0,0,0,0,0,0,0
1,ALBA,"ŞCOALA GIMNAZIALĂ ”SIMION LAZĂR” LUNCA MUREŞULUI, NR. 241A",301,"LUNCA MUREŞULUI",5309,1,PROV,PRCNCT,CD,CD_SV,"2021-01-21 12:30:02",832,809,22,1,163,140,22,1,890,727,159,3,1,34,4,21,42,11,11,1,26,0,2,2,2,0,0,0,0,1,0,1,0,0,0,1,0,0,0,0,0,0
1,ALBA,"ŞCOALA GIMNAZIALĂ ”SIMION LAZĂR” LUNCA MUREŞULUI, NR. 241A",302,"LUNCA MUREŞULUI",5309,1,PROV,PRCNCT,CD,CD_SV,"2021-01-21 12:30:02",902,890,10,2,208,196,10,2,990,782,204,1,3,101,7,16,37,16,7,1,11,0,2,2,2,0,1,0,0,0,0,1,0,0,0,0,0,0,0,0,0,0
1,ALBA,"ŞCOALA PRIMARĂ GURA ARIEŞULUI, NR. 84",303,"LUNCA MUREŞULUI",5309,2,PART,PRCNCT,CD,CD_SV,"2021-01-21 12:30:02",377,362,12,3,80,66,11,3,400,320,80,0,0,1,2,18,24,14,5,0,12,0,1,0,1,0,0,0,0,0,0,1,0,0,0,0,1,0,0,0,0,0
1,ALBA,"CĂMINUL CULTURAL LUPȘA",304,LUPŞA,5336,1,PROV,PRCNCT,CD,CD_SV,"2021-01-21 12:30:02",682,663,18,1,300,281,18,1,740,440,296,4,0,3,41,85,56,36,11,1,53,1,3,0,3,0,0,0,0,0,0,1,0,0,0,1,0,0,1,0,0,0
1,ALBA,"ŞCOALA PRIMARĂ HĂDĂRĂU",305,LUPŞA,5336,1,PROV,PRCNCT,CD,CD_SV,"2021-01-21 12:30:02",315,301,14,0,110,96,14,0,340,230,109,1,0,0,19,18,23,16,4,2,23,0,2,0,0,0,0,0,0,0,0,1,0,0,0,0,0,1,0,0,0,0
1,ALBA,"ŞCOALA PRIMARĂ VALEA LUPȘII",306,LUPŞA,5336,1,PROV,PRCNCT,CD,CD_SV,"2021-01-21 12:30:02",720,705,14,1,223,208,14,1,780,557,216,1,6,1,24,60,54,20,8,4,34,1,3,0,2,0,0,1,0,0,2,1,0,0,0,0,0,0,0,1,0,0
1,ALBA,"ŞCOALA GIMNAZIALĂ MUŞCA",307,LUPŞA,5336,1,PROV,PRCNCT,CD,CD_SV,"2021-01-21 12:30:02",939,919,20,0,351,331,20,0,1020,669,346,1,4,1,16,112,77,87,11,0,26,0,10,0,2,0,0,0,0,0,0,1,0,1,0,0,0,0,1,0,1,0
1,ALBA,"CĂMINUL CULTURAL LUNCA AMPOIȚEI",308,METEŞ,5577,1,PROV,PRCNCT,CD,CD_SV,"2021-01-21 12:30:02",229,206,23,0,96,73,23,0,230,134,94,0,2,0,8,14,37,5,5,1,23,0,0,0,0,0,0,0,0,0,0,1,0,0,0,0,0,0,0,0,0,0
1,ALBA,"CĂMINUL CULTURAL PRESACA AMPOIULUI",309,METEŞ,5577,1,PROV,PRCNCT,CD,CD_SV,"2021-01-21 12:30:02",298,273,23,2,168,143,23,2,300,132,164,2,2,0,4,91,48,5,1,0,10,0,1,0,2,1,0,0,0,0,0,1,0,0,0,0,0,0,0,0,0,0
1,ALBA,"ŞCOALA GIMNAZIALĂ METEŞ",310,METEŞ,5577,2,PART,PRCNCT,CD,CD_SV,"2021-01-21 12:30:02",525,502,23,0,144,121,23,0,560,416,139,2,3,0,5,47,44,13,10,0,10,0,4,2,1,0,0,0,1,0,0,1,0,0,0,0,0,0,0,0,1,0
1,ALBA,"ŞCOALA GIMNAZIALĂ AMPOIŢA",311,METEŞ,5577,2,PART,PRCNCT,CD,CD_SV,"2021-01-21 12:30:02",644,591,49,4,281,228,49,4,660,379,279,0,2,1,5,48,138,20,4,6,41,2,2,0,7,1,0,0,0,0,0,3,0,0,0,0,0,0,1,0,0,0
1,ALBA,"ŞCOALA PRIMARĂ ”DIONISIU POPOVICIU” TĂUŢI",312,METEŞ,5577,1,PROV,PRCNCT,CD,CD_SV,"2021-01-21 12:30:02",555,537,13,5,186,168,13,5,590,404,183,1,2,1,6,41,58,30,8,7,25,1,0,1,2,0,0,0,1,0,0,1,0,0,1,0,0,0,0,0,0,0
1,ALBA,"CĂMINUL CULTURAL POIANA AMPOIULUI",313,METEŞ,5577,1,PROV,PRCNCT,CD,CD_SV,"2021-01-21 12:30:02",239,218,19,2,89,68,19,2,240,151,87,2,0,1,3,36,21,2,12,0,9,1,0,0,0,0,0,0,0,0,0,1,0,0,0,0,0,0,0,1,0,0
1,ALBA,"ŞCOALA GIMNAZIALĂ ”ION BREAZU” MIHALŢ",314,MIHALŢ,5700,1,PROV,PRCNCT,CD,CD_SV,"2021-01-21 12:30:02",1037,1007,20,10,376,346,20,10,1110,734,367,6,3,0,13,73,189,38,8,0,36,1,1,3,2,0,0,0,0,0,0,2,0,0,0,0,0,0,0,0,0,1
1,ALBA,"ŞCOALA GIMNAZIALĂ ”ION BREAZU” MIHALŢ",315,MIHALŢ,5700,1,PROV,PRCNCT,CD,CD_SV,"2021-01-21 12:30:02",853,819,26,8,261,227,26,8,910,649,248,6,7,0,20,57,123,17,4,1,17,1,2,4,1,0,0,0,0,0,0,0,0,0,1,0,0,0,0,0,0,0
1,ALBA,"ŞCOALA PRIMARĂ CISTEI",316,MIHALŢ,5700,1,PROV,PRCNCT,CD,CD_SV,"2021-01-21 12:30:02",489,465,24,0,187,163,24,0,520,333,185,2,0,0,7,39,83,22,8,0,14,0,5,0,4,0,0,0,0,0,0,1,0,0,0,0,0,0,0,1,1,0
1,ALBA,"ŞCOALA PRIMARĂ OBREJA",317,MIHALŢ,5700,1,PROV,PRCNCT,CD,CD_SV,"2021-01-21 12:30:02",464,448,15,1,152,136,15,1,500,348,151,1,0,1,11,39,71,9,1,2,14,1,1,0,0,0,0,0,0,0,0,1,0,0,0,0,0,0,0,0,0,0
1,ALBA,"GRĂDINIŢA CU PROGRAM NORMAL - MIRĂSLĂU",318,MIRĂSLĂU,5755,1,PROV,PRCNCT,CD,CD_SV,"2021-01-21 12:30:02",729,714,15,0,199,184,15,0,790,591,195,3,1,65,1,46,47,11,7,6,8,0,1,0,0,0,0,0,0,0,1,1,0,0,0,1,0,0,0,0,0,0
1,ALBA,"ŞCOALA PRIMARĂ - CICĂU",319,MIRĂSLĂU,5755,1,PROV,PRCNCT,CD,CD_SV,"2021-01-21 12:30:02",104,92,12,0,38,26,12,0,110,72,37,1,0,2,1,5,17,3,1,1,5,0,1,0,0,0,0,0,0,0,0,1,0,0,0,0,0,0,0,0,0,0
1,ALBA,"ŞCOALA PRIMARĂ - DECEA",320,MIRĂSLĂU,5755,1,PROV,PRCNCT,CD,CD_SV,"2021-01-21 12:30:02",635,617,18,0,166,148,18,0,690,524,160,5,1,28,8,24,46,28,0,0,21,0,1,1,0,0,0,0,0,0,1,1,0,0,0,0,0,0,0,0,0,1
1,ALBA,"ŞCOALA PRIMARĂ - LOPADEA VECHE",321,MIRĂSLĂU,5755,1,PROV,PRCNCT,CD,CD_SV,"2021-01-21 12:30:02",230,214,16,0,92,76,16,0,240,148,89,2,1,1,1,30,39,7,6,1,1,1,1,0,0,0,0,0,0,0,0,1,0,0,0,0,0,0,0,0,0,0
1,ALBA,"ŞCOALA PRIMARĂ - ORMENIŞ",322,MIRĂSLĂU,5755,3,PART,PRCNCT,CD,CD_SV,"2021-01-21 12:30:02",74,61,13,0,45,32,13,0,70,25,44,0,1,6,0,9,17,6,1,1,1,0,1,0,0,0,0,0,0,0,0,1,0,0,0,1,0,0,0,0,0,0
1,ALBA,"CONSILIUL LOCAL AL COMUNEI MOGOŞ",323,MOGOŞ,5826,1,PROV,PRCNCT,CD,CD_SV,"2021-01-21 12:30:02",541,505,27,9,228,192,27,9,560,332,222,4,2,1,7,34,131,21,13,0,6,1,4,0,2,0,0,0,0,0,0,2,0,0,0,0,0,0,0,0,0,0
1,ALBA,"ŞCOALA CU CLASELE I-IV, SAT BUTEŞTI",324,MOGOŞ,5826,1,PROV,PRCNCT,CD,CD_SV,"2021-01-21 12:30:02",70,50,18,2,40,20,18,2,60,20,39,0,1,0,5,7,15,1,2,0,2,0,1,0,0,0,1,0,0,0,0,4,0,0,0,0,1,0,0,0,0,0
1,ALBA,"REFUGIU TURISTIC VALEA BARNII",325,MOGOŞ,5826,1,PROV,PRCNCT,CD,CD_SV,"2021-01-21 12:30:02",148,129,17,2,55,36,17,2,150,95,51,2,2,0,5,12,21,5,1,0,4,0,2,0,0,0,0,0,0,0,0,1,0,0,0,0,0,0,0,0,0,0
1,ALBA,"PRIMĂRIA NOSLAC",326,NOŞLAC,6048,1,PROV,PRCNCT,CD,CD_SV,"2021-01-21 12:30:02",992,965,27,0,326,299,27,0,1070,744,315,8,3,24,10,39,199,11,5,1,17,0,0,3,1,0,0,0,0,0,0,1,0,1,0,0,0,0,0,2,1,0
1,ALBA,"CĂMINUL CULTURAL GĂBUD",327,NOŞLAC,6048,1,PROV,PRCNCT,CD,CD_SV,"2021-01-21 12:30:02",231,221,10,0,80,70,10,0,250,170,74,6,0,2,5,8,41,6,2,0,6,0,1,0,0,0,0,0,0,1,0,1,0,0,0,1,0,0,0,0,0,0
1,ALBA,"ŞCOALA GENERALĂ STÎNA DE MUREŞ",328,NOŞLAC,6048,1,PROV,PRCNCT,CD,CD_SV,"2021-01-21 12:30:02",320,303,17,0,111,94,17,0,340,229,110,1,0,28,3,9,54,5,3,0,3,0,1,2,0,0,0,0,0,0,1,1,0,0,0,0,0,0,0,0,0,0
1,ALBA,"INTERNAT ŞCOLAR - OCOLIŞ",329,OCOLIŞ,6119,1,PROV,PRCNCT,CD,CD_SV,"2021-01-21 12:30:02",296,254,36,6,165,123,36,6,280,115,160,3,2,1,2,21,104,12,4,1,9,0,1,0,2,0,0,0,0,0,1,2,0,0,0,0,0,0,0,0,0,0
1,ALBA,"TABĂRA DE CREAȚIE SI ODIHNĂ ”AVRAM IANCU”",330,OCOLIŞ,6119,2,PART,PRCNCT,CD,CD_SV,"2021-01-21 12:30:02",66,50,12,4,44,28,12,4,60,16,42,2,0,0,1,5,22,4,3,1,3,0,1,0,1,0,0,0,0,0,0,1,0,0,0,0,0,0,0,0,0,0
1,ALBA,"ȘCOALA PRIMARĂ - RUNC",331,OCOLIŞ,6119,1,PROV,PRCNCT,CD,CD_SV,"2021-01-21 12:30:02",133,119,11,3,69,55,11,3,130,61,67,1,1,0,1,7,50,3,1,0,0,0,1,0,1,0,0,0,0,1,0,1,1,0,0,0,0,0,0,0,0,0
1,ALBA,"ȘCOALA PRIMARĂ - VIDOLM",332,OCOLIŞ,6119,1,PROV,PRCNCT,CD,CD_SV,"2021-01-21 12:30:02",70,50,20,0,44,24,20,0,61,17,43,1,0,0,2,7,23,6,2,0,1,0,1,0,0,0,0,0,0,0,0,1,0,0,0,0,0,0,0,0,0,0
1,ALBA,"CONSILIUL LOCAL OHABA",333,OHABA,6164,1,PROV,PRCNCT,CD,CD_SV,"2021-01-21 12:30:02",406,353,29,24,200,147,29,24,400,200,185,6,9,0,2,61,86,5,4,4,17,0,0,1,3,1,1,0,0,0,0,0,0,0,0,0,0,0,0,0,0,0
1,ALBA,"CLĂDIRE ADMINISTRATIVĂ COLIBI (FOSTA ŞCOALĂ GENERALĂ)",334,OHABA,6164,3,PART,PRCNCT,CD,CD_SV,"2021-01-21 12:30:02",52,28,24,0,30,6,24,0,30,0,30,0,0,1,2,5,10,5,2,0,2,0,2,0,0,0,0,0,0,0,0,1,0,0,0,0,0,0,0,0,0,0
1,ALBA,"FOSTUL SEDIU C.A.P.",335,OHABA,6164,1,PROV,PRCNCT,CD,CD_SV,"2021-01-21 12:30:02",179,148,26,5,78,47,26,5,170,92,72,5,1,0,5,21,23,1,1,1,11,1,2,0,2,0,1,0,0,0,0,3,0,0,0,0,0,0,0,0,0,0
1,ALBA,"ŞCOALA GIMNAZIALĂ PIANU DE SUS",336,PIANU,6217,1,PROV,PRCNCT,CD,CD_SV,"2021-01-21 12:30:02",1443,1380,44,19,493,430,44,19,1530,1037,483,7,3,0,14,68,224,58,15,5,69,12,9,1,6,0,0,0,0,0,0,2,0,0,0,0,0,0,0,0,0,0
1,ALBA,"ŞCOALA GIMNAZIALĂ ”AUGUSTIN BENA” PIANU DE JOS",337,PIANU,6217,1,PROV,PRCNCT,CD,CD_SV,"2021-01-21 12:30:02",1124,1094,16,14,326,296,16,14,1210,884,322,3,1,0,7,36,139,33,6,6,81,4,2,1,5,0,0,0,0,0,0,2,0,0,0,0,0,0,0,0,0,0
1,ALBA,"CLĂDIRE ADMINISTRATIVĂ (FOSTA ŞCOALĂ GENERALĂ CU CLASELE I-IV) PLAIURI",338,PIANU,6217,1,PROV,PRCNCT,CD,CD_SV,"2021-01-21 12:30:02",41,32,9,0,16,7,9,0,40,24,16,0,0,0,1,2,7,0,1,0,3,0,1,0,0,0,0,0,0,0,0,1,0,0,0,0,0,0,0,0,0,0
1,ALBA,"ŞCOALA PRIMARĂ ”GHEORGHE PAVELESCU” PURCĂREŢI",339,PIANU,6217,1,PROV,PRCNCT,CD,CD_SV,"2021-01-21 12:30:02",229,215,14,0,73,59,14,0,240,167,70,1,2,2,2,8,36,5,1,0,13,0,1,0,1,0,0,0,0,0,0,1,0,0,0,0,0,0,0,0,0,0
1,ALBA,"ŞCOALA GIMNAZIALĂ STRUNGARI",340,PIANU,6217,2,PART,PRCNCT,CD,CD_SV,"2021-01-21 12:30:02",219,201,18,0,100,82,18,0,230,130,99,1,0,1,3,35,28,9,2,0,15,1,1,0,1,0,1,1,0,0,0,0,0,0,0,0,1,0,0,0,0,0
1,ALBA,"CĂMINUL CULTURAL SAT POIANA VADULUI",341,"POIANA VADULUI",6271,1,PROV,PRCNCT,CD,CD_SV,"2021-01-21 12:30:02",867,856,11,0,285,274,11,0,950,665,279,4,2,4,5,81,103,9,24,1,41,2,2,0,3,0,0,0,0,0,0,4,0,0,0,0,0,0,0,0,0,0
1,ALBA,"PRIMARIA COMUNEI PONOR",342,PONOR,6397,1,PROV,PRCNCT,CD,CD_SV,"2021-01-21 12:30:02",368,349,17,2,128,109,17,2,390,262,126,2,0,1,3,20,68,6,17,2,5,0,2,0,1,0,0,0,0,0,0,1,0,0,0,0,0,0,0,0,0,0
1,ALBA,"CAMINUL CULTURAL GEOGEL",343,PONOR,6397,2,PART,PRCNCT,CD,CD_SV,"2021-01-21 12:30:02",217,186,25,6,94,63,25,6,210,116,88,1,5,1,8,9,38,10,7,1,9,0,2,0,1,0,0,1,0,0,0,1,0,0,0,0,0,0,0,0,0,0
1,ALBA,"CĂMINUL CULTURAL",344,POŞAGA,6468,1,PROV,PRCNCT,CD,CD_SV,"2021-01-21 12:30:02",357,339,18,0,161,143,18,0,380,219,157,1,3,0,5,18,83,26,4,1,11,0,4,0,3,0,0,0,0,0,0,2,0,0,0,0,0,0,0,0,0,0
1,ALBA,"ȘCOALA CU CLASELE I-IV - LUNCA",345,POŞAGA,6468,1,PROV,PRCNCT,CD,CD_SV,"2021-01-21 12:30:02",127,115,12,0,54,42,12,0,130,76,54,0,0,0,2,15,23,6,1,0,3,0,2,0,0,0,0,0,0,0,0,2,0,0,0,0,0,0,0,0,0,0
1,ALBA,"ȘCOALA CU CLASELE I-IV - ORĂȘTI",346,POŞAGA,6468,1,PROV,PRCNCT,CD,CD_SV,"2021-01-21 12:30:02",113,105,8,0,52,44,8,0,120,68,52,0,0,1,1,14,25,6,1,0,2,0,0,0,1,0,0,0,0,0,0,1,0,0,0,0,0,0,0,0,0,0
1,ALBA,"ŞCOALA PRIMARĂ - POȘAGA DE SUS",347,POŞAGA,6468,1,PROV,PRCNCT,CD,CD_SV,"2021-01-21 12:30:02",142,130,12,0,53,41,12,0,150,97,53,0,0,1,8,12,23,1,1,0,5,0,1,0,0,0,0,0,0,0,0,1,0,0,0,0,0,0,0,0,0,0
1,ALBA,"ȘCOALA PRIMARĂ - SAGAGEA",348,POŞAGA,6468,1,PROV,PRCNCT,CD,CD_SV,"2021-01-21 12:30:02",164,158,6,0,67,61,6,0,180,113,64,1,2,1,2,12,34,4,3,1,1,0,1,0,1,0,1,0,0,0,0,1,0,0,0,1,0,0,0,1,0,0
1,ALBA,"ȘCOALA GIMNAZIALĂ ”DEMETRIU RADU” RĂDEȘTI",349,RĂDEŞTI,6547,1,PROV,PRCNCT,CD,CD_SV,"2021-01-21 12:30:02",598,563,24,11,254,219,24,11,620,366,248,3,3,10,1,68,119,10,11,4,17,0,3,0,2,0,0,0,0,0,0,2,0,0,0,0,0,0,0,0,1,0
1,ALBA,"ŞCOALA PRIMARĂ LEORINŢ",350,RĂDEŞTI,6547,3,PART,PRCNCT,CD,CD_SV,"2021-01-21 12:30:02",286,256,26,4,144,114,26,4,290,146,143,0,1,51,3,11,54,4,2,0,13,0,1,0,1,0,0,0,0,0,0,3,0,0,0,0,0,0,0,0,0,0
1,ALBA,"ŞCOALA PRIMARĂ MEŞCREAC",351,RĂDEŞTI,6547,2,PART,PRCNCT,CD,CD_SV,"2021-01-21 12:30:02",294,259,28,7,131,96,28,7,290,159,129,1,1,3,2,20,79,7,4,0,9,0,1,1,2,0,0,0,0,0,0,1,0,0,0,0,0,0,0,0,0,0
1,ALBA,"PRIMĂRIA COMUNEI RÎMEŢ",352,RÂMEŢ,6627,1,PROV,PRCNCT,CD,CD_SV,"2021-01-21 12:30:02",188,171,17,0,56,39,17,0,190,134,54,2,0,1,2,16,18,5,2,0,8,0,0,0,1,0,0,0,0,0,0,1,0,0,0,0,0,0,0,0,0,0
1,ALBA,"FOSTA ŞCOALĂ CU CLASELE I-IV BRĂDEȘTI",353,RÂMEŢ,6627,1,PROV,PRCNCT,CD,CD_SV,"2021-01-21 12:30:02",119,87,30,2,62,30,30,2,100,38,60,0,2,2,1,33,13,4,1,0,0,0,1,0,2,0,0,0,1,0,0,1,0,0,0,0,0,0,1,0,0,0
1,ALBA,"FOSTA ŞCOALĂ CU CLASELE I-IV VALEA INZELULUI",354,RÂMEŢ,6627,1,PROV,PRCNCT,CD,CD_SV,"2021-01-21 12:30:02",94,72,20,2,45,23,20,2,80,35,45,0,0,1,1,23,6,7,1,2,2,0,1,0,0,0,0,0,0,0,0,1,0,0,0,0,0,0,0,0,0,0
1,ALBA,"FOSTA ŞCOALĂ CU CLASELE I-IV VALEA MĂNĂSTIRII",355,RÂMEŢ,6627,1,PROV,PRCNCT,CD,CD_SV,"2021-01-21 12:30:02",153,128,25,0,96,71,25,0,140,44,92,2,2,1,1,30,22,4,2,1,27,0,2,0,0,0,0,0,0,0,0,1,0,0,1,0,0,0,0,0,0,0
1,ALBA,"CĂMINUL CULTURAL RIMETEA",356,RIMETEA,6592,1,PROV,PRCNCT,CD,CD_SV,"2021-01-21 12:30:02",491,457,25,9,184,150,25,9,510,326,183,0,1,118,3,33,7,16,1,0,0,1,2,1,0,0,0,0,0,0,0,0,0,1,0,0,0,0,0,0,0,0
1,ALBA,"ŞCOALA PRIMARA COLŢEŞTI",357,RIMETEA,6592,1,PROV,PRCNCT,CD,CD_SV,"2021-01-21 12:30:02",454,433,14,7,147,126,14,7,480,333,144,0,3,118,1,2,6,8,3,0,0,0,1,0,1,0,0,0,0,0,0,1,0,0,0,0,0,0,0,2,1,0
1,ALBA,"CĂMIN CULTURAL",358,"ROŞIA DE SECAŞ",6930,1,PROV,PRCNCT,CD,CD_SV,"2021-01-21 12:30:02",289,276,10,3,70,57,10,3,310,240,68,1,1,1,2,18,6,3,1,4,29,0,1,1,0,0,0,0,0,0,0,1,0,0,0,0,1,0,0,0,0,0
1,ALBA,"PRIMĂRIA ROŞIA DE SECAŞ",359,"ROŞIA DE SECAŞ",6930,1,PROV,PRCNCT,CD,CD_SV,"2021-01-21 12:30:02",611,589,22,0,176,154,22,0,650,474,169,6,1,0,6,37,51,13,8,1,43,0,1,1,1,1,0,0,0,0,1,2,0,0,0,2,0,0,0,1,0,0
1,ALBA,"FOSTUL SEDIU CAP",360,"ROŞIA DE SECAŞ",6930,1,PROV,PRCNCT,CD,CD_SV,"2021-01-21 12:30:02",373,361,12,0,86,74,12,0,400,314,83,2,1,0,6,17,25,9,1,0,17,3,0,0,1,0,0,0,0,0,1,1,0,0,0,2,0,0,0,0,0,0
1,ALBA,"ŞCOALA CU CLASELE I-IV - GURA ROȘIEI",361,"ROŞIA MONTANĂ",6761,1,PROV,PRCNCT,CD,CD_SV,"2021-01-21 12:30:02",661,641,18,2,239,219,18,2,710,471,230,8,1,0,4,83,59,5,5,4,48,1,2,0,5,0,0,0,0,0,0,1,0,0,0,10,1,0,1,0,1,0
1,ALBA,"ŞCOALA CU CLASELE I-IV - VÎRTOP",362,"ROŞIA MONTANĂ",6761,1,PROV,PRCNCT,CD,CD_SV,"2021-01-21 12:30:02",202,187,15,0,108,93,15,0,210,102,107,1,0,0,4,38,40,5,2,2,8,1,2,0,1,1,0,0,0,0,0,1,0,0,0,1,0,0,0,0,1,0
1,ALBA,"PRIMARIA COMUNEI ROȘIA MONTANĂ",363,"ROŞIA MONTANĂ",6761,1,PROV,PRCNCT,CD,CD_SV,"2021-01-21 12:30:02",682,665,16,1,221,204,16,1,740,519,217,1,3,1,15,78,44,31,1,3,25,1,14,1,0,1,0,0,0,0,1,0,0,0,0,0,0,0,0,0,0,1
1,ALBA,"LOCUINȚE SOCIALE - CĂRPINIȘ",364,"ROŞIA MONTANĂ",6761,4,PART,PRCNCT,CD,CD_SV,"2021-01-21 12:30:02",673,654,17,2,254,235,17,2,720,466,251,3,0,1,4,107,82,12,10,1,30,0,1,0,1,0,0,0,0,0,0,1,0,1,0,0,0,0,0,0,0,0
1,ALBA,"ȘCOALA CU CLASELE I-IV - CORNA",365,"ROŞIA MONTANĂ",6761,1,PROV,PRCNCT,CD,CD_SV,"2021-01-21 12:30:02",138,124,14,0,65,51,14,0,140,75,62,2,1,1,3,28,9,7,2,0,10,0,1,0,0,0,0,0,0,0,0,1,0,0,0,0,0,0,0,0,0,0
1,ALBA,"ŞCOALA PRIMARĂ SĂLCIUA DE JOS",366,SĂLCIUA,6976,1,PROV,PRCNCT,CD,CD_SV,"2021-01-21 12:30:02",708,684,15,9,243,219,15,9,750,507,239,0,4,4,5,54,94,33,15,1,23,0,1,0,2,1,0,1,0,0,0,1,0,1,0,1,0,0,1,1,0,0
1,ALBA,"ŞCOALA GIMNAZIALĂ ”SIMION PANTEA” SĂLCIUA",367,SĂLCIUA,6976,2,PART,PRCNCT,CD,CD_SV,"2021-01-21 12:30:02",599,566,16,17,216,183,16,17,630,414,211,2,3,1,6,29,127,17,10,4,6,0,4,1,1,0,0,0,1,0,0,2,0,0,0,1,0,0,0,0,0,1
1,ALBA,"ȘCOALA GIMNAZIALĂ ”DAVID PRODAN” SĂLIȘTEA",368,SĂLIŞTEA,7044,1,PROV,PRCNCT,CD,CD_SV,"2021-01-21 12:30:02",1100,1043,38,19,514,457,38,19,1150,636,503,4,7,1,21,68,204,59,32,3,98,5,3,0,4,0,2,0,0,0,2,0,0,0,0,0,0,0,0,0,1,0
1,ALBA,"ŞCOALA PRIMARĂ MĂRGINENI",369,SĂLIŞTEA,7044,1,PROV,PRCNCT,CD,CD_SV,"2021-01-21 12:30:02",60,47,13,0,15,2,13,0,50,35,15,0,0,0,3,1,7,1,1,0,0,1,0,0,0,0,1,0,0,0,0,0,0,0,0,0,0,0,0,0,0,0
1,ALBA,"ŞCOALA PRIMARĂ SĂLIŞTEA-DEAL",370,SĂLIŞTEA,7044,1,PROV,PRCNCT,CD,CD_SV,"2021-01-21 12:30:02",247,230,13,4,140,123,13,4,260,120,130,5,5,1,2,18,54,2,1,0,50,0,1,0,0,0,0,0,0,0,0,1,0,0,0,0,0,0,0,0,0,0
1,ALBA,"ŞCOALA PRIMARĂ TĂRTĂRIA",371,SĂLIŞTEA,7044,1,PROV,PRCNCT,CD,CD_SV,"2021-01-21 12:30:02",637,578,44,15,307,248,44,15,640,333,304,1,2,0,11,59,172,22,12,0,18,3,0,1,4,0,0,0,0,0,1,1,0,0,0,0,0,0,0,0,0,0
1,ALBA,"ȘCOALA PRIMARĂ CĂPÎLNA",372,SĂSCIORI,7099,1,PROV,PRCNCT,CD,CD_SV,"2021-01-21 12:30:02",708,698,10,0,172,162,10,0,780,608,168,3,1,2,14,21,62,28,3,1,25,3,2,1,3,0,0,1,0,0,0,1,0,0,0,0,0,0,0,0,1,0
1,ALBA,"ȘCOALA GIMNAZIALĂ SĂSCIORI",373,SĂSCIORI,7099,1,PROV,PRCNCT,CD,CD_SV,"2021-01-21 12:30:02",1358,1334,24,0,426,402,24,0,1470,1044,419,5,2,1,59,52,189,52,3,2,50,1,5,0,1,1,0,0,0,0,0,1,0,1,0,0,0,0,0,1,0,0
1,ALBA,"ȘCOALA PRIMARĂ LAZ",374,SĂSCIORI,7099,1,PROV,PRCNCT,CD,CD_SV,"2021-01-21 12:30:02",352,348,4,0,143,139,4,0,390,247,136,5,2,1,25,18,49,12,2,0,23,1,2,0,1,0,0,1,0,0,0,1,0,0,0,0,0,0,0,0,0,0
1,ALBA,"ȘCOALA PRIMARĂ SEBEȘEL",375,SĂSCIORI,7099,1,PROV,PRCNCT,CD,CD_SV,"2021-01-21 12:30:02",1085,1053,32,0,399,367,32,0,1470,1071,381,10,8,0,160,30,107,38,8,1,16,3,3,3,6,0,0,0,0,0,1,1,0,1,0,0,1,1,0,0,1,0
1,ALBA,"ȘCOALA GIMNAZIALĂ LOMAN",376,SĂSCIORI,7099,1,PROV,PRCNCT,CD,CD_SV,"2021-01-21 12:30:02",684,673,11,0,248,237,11,0,750,502,237,3,8,5,99,15,59,20,3,1,25,1,1,0,3,0,0,0,0,0,2,0,0,2,0,0,0,0,0,0,1,0
1,ALBA,"ȘCOALA GIMNAZIALĂ RĂCHITA",377,SĂSCIORI,7099,1,PROV,PRCNCT,CD,CD_SV,"2021-01-21 12:30:02",771,751,20,0,287,267,20,0,830,543,274,9,4,1,144,21,51,20,2,1,25,1,3,0,2,0,0,0,1,0,0,2,0,0,0,0,0,0,0,0,0,0
1,ALBA,"GRADINIŢA DE COPII CU PROGRAM NORMAL ICLOD",378,SÂNCEL,7348,1,PROV,PRCNCT,CD,CD_SV,"2021-01-21 12:30:02",331,311,20,0,94,74,20,0,350,256,87,4,3,1,35,6,25,3,1,0,11,0,1,0,2,0,0,0,0,0,0,1,1,0,0,0,0,0,0,0,0,0
1,ALBA,"CĂMINUL CULTURAL SÎNCEL",379,SÂNCEL,7348,1,PROV,PRCNCT,CD,CD_SV,"2021-01-21 12:30:02",1369,1330,29,10,459,420,29,10,1470,1011,451,4,4,2,15,67,209,34,8,2,91,0,14,0,6,0,0,0,1,0,0,1,0,0,0,0,0,0,0,1,0,0
1,ALBA,"ŞCOALA PRIMARĂ PĂNADE",380,SÂNCEL,7348,1,PROV,PRCNCT,CD,CD_SV,"2021-01-21 12:30:02",532,515,17,0,182,165,17,0,570,388,171,9,2,2,3,34,71,16,19,0,20,0,2,0,2,0,0,0,1,0,0,1,0,0,0,0,0,0,0,0,0,0
1,ALBA,"GRĂDINIȚA CU PROGRAM NORMAL COȘLARIU",381,SÂNTIMBRU,7384,1,PROV,PRCNCT,CD,CD_SV,"2021-01-21 12:30:02",404,371,22,11,155,122,22,11,410,255,152,2,1,1,8,42,65,11,6,2,12,0,1,0,1,0,0,0,0,0,0,1,0,0,0,0,1,0,1,0,0,0
1,ALBA,"ŞCOALA PRIMARĂ TOTOI",382,SÂNTIMBRU,7384,1,PROV,PRCNCT,CD,CD_SV,"2021-01-21 12:30:02",490,449,36,5,188,147,36,5,490,302,179,7,2,1,10,27,74,26,5,0,20,3,2,0,5,1,0,0,0,1,1,1,0,0,0,1,0,0,0,0,1,0
1,ALBA,"PRIMĂRIA COMUNEI SÎNTIMBRU",383,SÂNTIMBRU,7384,1,PROV,PRCNCT,CD,CD_SV,"2021-01-21 12:30:02",759,721,25,13,283,245,25,13,800,517,278,2,3,1,10,70,124,32,6,0,29,0,3,0,1,0,0,0,0,0,0,1,0,0,0,1,0,0,0,0,0,0
1,ALBA,"CENTRU DE ZI PERSOANE VĂRSTNICE",384,SÂNTIMBRU,7384,1,PROV,PRCNCT,CD,CD_SV,"2021-01-21 12:30:02",83,65,18,0,39,21,18,0,80,41,38,0,1,1,1,7,6,16,1,1,3,0,1,0,0,0,0,0,0,0,0,1,0,0,0,0,0,0,0,0,0,0
1,ALBA,"CĂMINUL CULTURAL ”EUGEN CURTA” GALTIU",385,SÂNTIMBRU,7384,1,PROV,PRCNCT,CD,CD_SV,"2021-01-21 12:30:02",435,401,25,9,168,134,25,9,448,280,165,3,0,1,4,47,59,18,10,1,17,0,2,0,1,0,0,0,1,0,0,1,1,0,0,0,0,0,0,2,0,0
1,ALBA,"CLĂRIREA CĂMINUL CULTURAL SÎNTIMBRU",386,SÂNTIMBRU,7384,1,PROV,PRCNCT,CD,CD_SV,"2021-01-21 12:30:02",453,438,15,0,158,143,15,0,480,322,154,2,2,1,1,49,52,8,3,1,30,0,2,0,2,0,0,0,0,0,0,1,0,0,0,2,0,0,1,1,0,0
1,ALBA,"CĂMINUL CULTURAL SCĂRIȘOARA",387,SCĂRIŞOARA,7197,1,PROV,PRCNCT,CD,CD_SV,"2021-01-21 12:30:02",625,581,21,23,303,259,21,23,650,347,274,26,3,2,7,47,147,7,9,1,37,0,5,1,2,0,1,1,0,0,0,2,0,0,0,4,0,0,1,0,0,0
1,ALBA,"ŞCOALA PRIMARĂ NEGEȘTI",388,SCĂRIŞOARA,7197,1,PROV,PRCNCT,CD,CD_SV,"2021-01-21 12:30:02",160,148,8,4,81,69,8,4,170,89,80,1,0,0,1,31,31,2,6,1,4,0,3,0,0,0,0,0,0,0,0,1,0,0,0,0,0,0,0,0,0,0
1,ALBA,"ŞCOALA PRIMARĂ RUNC",389,SCĂRIŞOARA,7197,1,PROV,PRCNCT,CD,CD_SV,"2021-01-21 12:30:02",151,136,12,3,85,70,12,3,150,65,83,2,0,0,1,17,40,5,0,1,12,0,3,0,2,0,0,0,0,0,1,1,0,0,0,0,0,0,0,0,0,0
1,ALBA,"ŞCOALA PRIMARĂ SFOARTEA",390,SCĂRIŞOARA,7197,1,PROV,PRCNCT,CD,CD_SV,"2021-01-21 12:30:02",74,67,7,0,35,28,7,0,80,45,32,1,2,0,0,7,15,1,2,0,4,0,3,0,0,0,0,0,0,0,0,0,0,0,0,0,0,0,0,0,0,0
1,ALBA,"ŞCOALA PRIMARĂ ȘTIULEȚI",391,SCĂRIŞOARA,7197,1,PROV,PRCNCT,CD,CD_SV,"2021-01-21 12:30:02",132,112,16,4,67,47,16,4,130,63,65,1,1,0,4,20,25,3,2,0,5,0,4,0,0,0,0,0,0,0,0,1,0,0,0,0,0,0,0,0,0,1
1,ALBA,"ŞCOALA GIMNAZIALĂ LĂZEȘTI",392,SCĂRIŞOARA,7197,1,PROV,PRCNCT,CD,CD_SV,"2021-01-21 12:30:02",229,206,13,10,105,82,13,10,230,125,103,2,0,1,4,37,38,4,2,3,9,1,1,0,1,0,0,0,0,0,0,1,0,0,0,0,0,0,0,0,1,0
1,ALBA,"ȘCOALA PRIMARĂ PELEŞ",393,SOHODOL,7446,1,PROV,PRCNCT,CD,CD_SV,"2021-01-21 12:30:02",345,335,10,0,91,81,10,0,380,289,89,1,1,2,8,28,38,3,4,1,2,0,0,0,1,0,0,0,1,0,0,1,0,0,0,0,0,0,0,0,0,0
1,ALBA,"ŞCOALA PRIMARĂ POIANA",394,SOHODOL,7446,1,PROV,PRCNCT,CD,CD_SV,"2021-01-21 12:30:02",150,132,18,0,62,44,18,0,150,88,61,1,0,1,3,22,19,1,0,2,9,0,2,0,1,0,0,0,0,0,0,1,0,0,0,0,0,0,0,0,0,0
1,ALBA,"CĂMINUL CULTURAL SOHODOL",395,SOHODOL,7446,2,PART,PRCNCT,CD,CD_SV,"2021-01-21 12:30:02",837,785,42,10,325,273,42,10,880,555,322,3,0,0,20,97,137,7,9,3,38,0,3,0,3,0,0,0,1,0,0,1,0,0,0,0,0,0,1,0,2,0
1,ALBA,"SC HIDROCONSTRUCȚIA SA SEBEȘ PUNCT DE LUCRU SAT LAZURI",396,SOHODOL,7446,1,PROV,PRCNCT,CD,CD_SV,"2021-01-21 12:30:02",205,188,17,0,97,80,17,0,210,113,97,0,0,0,2,37,36,3,3,4,8,1,1,0,1,0,0,0,0,0,0,1,0,0,0,0,0,0,0,0,0,0
1,ALBA,"CĂMINUL CULTURAL STREMȚ",397,STREMŢ,7767,1,PROV,PRCNCT,CD,CD_SV,"2021-01-21 12:30:02",1245,1161,59,25,507,423,59,25,1290,783,497,9,1,2,6,179,160,50,14,6,59,1,5,1,5,1,0,0,1,1,1,1,0,0,0,1,1,0,1,0,1,0
1,ALBA,"CĂMINUL CULTURAL GEOAGIU DE SUS",398,STREMŢ,7767,3,PART,PRCNCT,CD,CD_SV,"2021-01-21 12:30:02",660,635,17,8,207,182,17,8,710,503,205,1,1,1,7,69,74,17,6,0,21,1,2,0,2,0,0,0,0,0,0,2,0,1,0,1,0,0,0,0,1,0
1,ALBA,"CĂMINUL CULTURAL GEOMAL",399,STREMŢ,7767,1,PROV,PRCNCT,CD,CD_SV,"2021-01-21 12:30:02",295,261,25,9,125,91,25,9,290,165,122,2,1,1,1,69,22,10,3,0,11,0,2,0,0,0,0,0,0,0,0,1,0,1,0,0,0,0,0,0,0,1
1,ALBA,"CĂMIN CULTURAL ȘIBOT",400,ŞIBOT,7810,1,PROV,PRCNCT,CD,CD_SV,"2021-01-21 12:30:02",1207,1162,37,8,376,331,37,8,1280,904,366,7,3,0,14,90,123,52,25,4,33,6,10,1,5,0,1,0,1,0,0,1,0,0,0,0,0,0,0,0,0,0
1,ALBA,"CĂMINUL CULTURAL BALOMIR",401,ŞIBOT,7810,2,PART,PRCNCT,CD,CD_SV,"2021-01-21 12:30:02",551,524,27,0,212,185,27,0,580,368,206,5,1,1,6,41,81,20,7,5,20,16,3,0,4,0,0,0,1,0,0,1,0,0,0,0,0,0,0,0,0,0
1,ALBA,"ŞCOALA PRIMARĂ BĂCĂINŢI",402,ŞIBOT,7810,1,PROV,PRCNCT,CD,CD_SV,"2021-01-21 12:30:02",264,225,33,6,118,79,33,6,250,132,117,1,0,1,4,12,79,3,7,0,4,1,2,0,0,0,0,0,0,0,1,3,0,0,0,0,0,0,0,0,0,0
1,ALBA,"CLĂDIRE ADMINISTRATIVĂ SĂRĂCSĂU (FOSTA ŞCOALĂ GENERALĂ)",403,ŞIBOT,7810,1,PROV,PRCNCT,CD,CD_SV,"2021-01-21 12:30:02",176,155,21,0,60,39,21,0,170,110,60,0,0,1,2,17,23,4,9,0,2,0,1,0,0,0,0,0,0,0,0,1,0,0,0,0,0,0,0,0,0,0
1,ALBA,"CĂMIN CULTURAL LUNCA TÂRNAVEI",404,ŞONA,7865,1,PROV,PRCNCT,CD,CD_SV,"2021-01-21 12:30:02",355,346,9,0,108,99,9,0,390,282,106,2,0,1,10,10,44,11,4,0,22,0,3,0,0,0,0,0,0,0,0,1,0,0,0,0,0,0,0,0,0,0
1,ALBA,"ŞCOALA GIMNAZIALĂ ŞONA",405,ŞONA,7865,1,PROV,PRCNCT,CD,CD_SV,"2021-01-21 12:30:02",1068,1042,19,7,343,317,19,7,1150,807,332,8,3,8,38,57,129,22,10,1,51,0,7,0,4,0,0,1,0,0,0,1,0,1,0,0,0,0,0,0,2,0
1,ALBA,"CĂMINUL CULTURAL ALECUŞ",406,ŞONA,7865,1,PROV,PRCNCT,CD,CD_SV,"2021-01-21 12:30:02",99,82,17,0,34,17,17,0,100,66,33,1,0,2,1,5,11,4,2,1,6,0,1,0,0,0,0,0,0,0,0,0,0,0,0,0,0,0,0,0,0,0
1,ALBA,"SALA MULTIFUNCȚIONALĂ BIIA",407,ŞONA,7865,1,PROV,PRCNCT,CD,CD_SV,"2021-01-21 12:30:02",1020,975,20,25,382,337,20,25,1080,698,370,8,4,14,7,37,204,22,14,3,55,1,4,0,3,0,0,0,1,0,0,1,1,2,0,0,0,0,0,0,1,0
1,ALBA,"ȘCOALA GIMNAZIALĂ SÎNMICLĂUŞ",408,ŞONA,7865,1,PROV,PRCNCT,CD,CD_SV,"2021-01-21 12:30:02",1168,1155,10,3,230,217,10,3,1270,1040,217,6,7,80,6,24,56,16,1,1,25,0,4,1,0,0,0,0,2,0,0,0,0,0,0,0,0,0,0,0,1,0
1,ALBA,"ȘCOALA GIMNAZIALĂ ȘPRING",409,ŞPRING,7945,1,PROV,PRCNCT,CD,CD_SV,"2021-01-21 12:30:02",595,574,21,0,278,257,21,0,640,362,272,3,3,1,5,27,112,7,1,1,114,0,1,1,0,0,0,0,0,0,1,1,0,0,0,0,0,0,0,0,0,0
1,ALBA,"ŞCOALA GIMNAZIALĂ CUNŢA",410,ŞPRING,7945,1,PROV,PRCNCT,CD,CD_SV,"2021-01-21 12:30:02",500,469,31,0,204,173,31,0,520,316,203,0,1,0,6,10,110,13,8,0,50,0,3,0,0,0,0,1,0,0,0,1,0,0,0,0,0,0,0,0,0,1
1,ALBA,"ŞCOALA PRIMARĂ DRAŞOV",411,ŞPRING,7945,1,PROV,PRCNCT,CD,CD_SV,"2021-01-21 12:30:02",464,435,28,1,204,175,28,1,480,276,201,3,0,1,2,24,103,16,6,3,39,0,3,0,0,1,0,0,0,0,0,1,0,1,0,0,1,0,0,0,0,0
1,ALBA,"SEDIU ADMINISTRATIV VINGARD - COMUNA ŞPRING",412,ŞPRING,7945,1,PROV,PRCNCT,CD,CD_SV,"2021-01-21 12:30:02",582,559,22,1,180,157,22,1,620,440,177,1,2,0,4,24,84,26,0,1,32,0,2,1,0,0,0,0,0,0,0,1,0,0,0,0,0,0,0,1,1,0
1,ALBA,"CLĂDIRE ADMINISTRATIVĂ (FOSTĂ ŞCOALA GENERALĂ DOBRA)",413,ŞUGAG,8014,1,PROV,PRCNCT,CD,CD_SV,"2021-01-21 12:30:02",462,445,16,1,186,169,16,1,490,304,183,3,0,0,7,17,99,25,1,3,25,1,1,0,1,0,0,0,1,0,0,2,0,0,0,0,0,0,0,0,0,0
1,ALBA,"ŞCOALA PRIMARĂ MĂRTINIE",414,ŞUGAG,8014,4,PART,PRCNCT,CD,CD_SV,"2021-01-21 12:30:02",469,451,14,4,233,215,14,4,500,267,229,4,0,0,9,33,99,63,1,1,18,0,1,0,2,0,0,0,0,0,0,1,0,0,0,0,0,0,1,0,0,0
1,ALBA,"PRIMĂRIA COMUNEI ŞUGAG",415,ŞUGAG,8014,1,PROV,PRCNCT,CD,CD_SV,"2021-01-21 12:30:02",1447,1400,34,13,666,619,34,13,1550,884,646,8,12,2,26,41,375,84,11,8,68,6,9,4,2,1,0,2,0,2,0,1,0,0,2,1,0,0,1,0,0,0
1,ALBA,"ŞCOALA GIMNAZIALĂ ”AVRAM IANCU” UNIREA",416,UNIREA,8158,1,PROV,PRCNCT,CD,CD_SV,"2021-01-21 12:30:02",1064,965,77,22,285,186,77,22,1070,785,276,2,7,60,5,33,78,55,5,0,27,2,5,3,1,0,0,0,0,0,0,1,0,0,0,1,0,0,0,0,0,0
1,ALBA,"ŞCOALA GIMNAZIALĂ ”AVRAM IANCU” UNIREA",417,UNIREA,8158,1,PROV,PRCNCT,CD,CD_SV,"2021-01-21 12:30:02",858,797,53,8,282,221,53,8,879,597,276,5,1,69,10,28,58,69,4,0,29,1,2,2,0,0,0,0,0,0,0,1,0,0,0,2,0,0,0,1,0,0
1,ALBA,"ŞCOALA GIMNAZIALĂ ”GHEORGHE MAIER” UNIREA",418,UNIREA,8158,1,PROV,PRCNCT,CD,CD_SV,"2021-01-21 12:30:02",1202,1165,24,13,286,249,24,13,1290,1004,278,7,1,2,4,68,144,19,5,2,24,0,2,6,1,0,0,0,0,0,0,0,0,0,0,1,0,0,0,0,0,0
1,ALBA,"ŞCOALA PRIMARĂ CIUGUDU DE JOS",419,UNIREA,8158,1,PROV,PRCNCT,CD,CD_SV,"2021-01-21 12:30:02",289,274,15,0,62,47,15,0,310,248,59,3,0,1,3,12,23,9,4,0,5,0,1,0,0,0,0,0,0,0,0,1,0,0,0,0,0,0,0,0,0,0
1,ALBA,"ŞCOALA PRIMARĂ CIUGUDU DE SUS",420,UNIREA,8158,1,PROV,PRCNCT,CD,CD_SV,"2021-01-21 12:30:02",135,108,24,3,56,29,24,3,120,64,53,1,2,1,1,8,25,7,1,1,6,0,1,0,0,0,0,0,0,0,0,0,0,0,0,0,0,1,1,0,0,0
1,ALBA,"ŞCOALA PRIMARĂ DUMBRAVA",421,UNIREA,8158,1,PROV,PRCNCT,CD,CD_SV,"2021-01-21 12:30:02",326,277,25,24,124,76,24,24,310,186,122,1,1,2,2,74,28,8,1,1,0,0,1,4,0,0,0,0,0,0,0,1,0,0,0,0,0,0,0,0,0,0
1,ALBA,"ŞCOALA PRIMARĂ INOC",422,UNIREA,8158,1,PROV,PRCNCT,CD,CD_SV,"2021-01-21 12:30:02",165,150,15,0,67,52,15,0,170,103,65,2,0,1,2,15,21,12,3,2,7,0,1,0,0,0,0,0,0,0,0,1,0,0,0,0,0,0,0,0,0,0
1,ALBA,"ŞCOALA PRIMARĂ MĂHĂCENI",423,UNIREA,8158,1,PROV,PRCNCT,CD,CD_SV,"2021-01-21 12:30:02",237,225,11,1,56,44,11,1,250,194,52,2,2,1,1,7,29,6,1,1,2,0,2,0,0,0,0,0,0,0,0,1,0,0,0,0,1,0,0,0,0,0
1,ALBA,"ȘCOALA GIMNAZIALĂ VADU MOȚILOR",424,"VADU MOŢILOR",8229,2,PART,PRCNCT,CD,CD_SV,"2021-01-21 12:30:02",1160,1099,59,2,571,510,59,2,1220,649,554,13,4,1,15,155,168,11,92,11,82,4,9,0,4,1,0,0,0,1,0,0,0,0,0,0,0,0,0,0,0,0
1,ALBA,"PRIMĂRIA VALEA LUNGĂ",425,"VALEA LUNGĂ",8354,1,PROV,PRCNCT,CD,CD_SV,"2021-01-21 12:30:02",1628,1562,33,33,585,519,33,33,1720,1135,570,12,3,8,8,36,123,27,2,1,317,2,19,12,4,0,1,0,0,0,1,1,1,2,1,1,1,0,0,0,2,0
1,ALBA,"ŞCOALA PRIMARĂ GLOGOVEŢ",426,"VALEA LUNGĂ",8354,2,PART,PRCNCT,CD,CD_SV,"2021-01-21 12:30:02",164,137,21,6,65,40,19,6,160,95,63,1,1,1,4,5,11,2,0,0,30,1,2,1,1,1,0,1,0,0,0,1,0,0,0,0,0,0,1,1,0,0
1,ALBA,"ŞCOALA PRIMARĂ LODROMAN",427,"VALEA LUNGĂ",8354,1,PROV,PRCNCT,CD,CD_SV,"2021-01-21 12:30:02",167,154,13,0,66,53,13,0,170,104,64,2,0,1,1,9,10,3,0,0,32,1,3,0,2,0,0,0,0,0,0,1,0,0,0,0,0,1,0,0,0,0
1,ALBA,"ȘCOALA PRIMARĂ LUNCA",428,"VALEA LUNGĂ",8354,1,PROV,PRCNCT,CD,CD_SV,"2021-01-21 12:30:02",410,391,18,1,132,113,18,1,430,298,129,1,2,1,1,15,53,4,2,0,47,0,2,3,0,0,0,0,0,0,0,1,0,0,0,0,0,0,0,0,0,0
1,ALBA,"CĂMIN CULTURAL TĂUNI",429,"VALEA LUNGĂ",8354,2,PART,PRCNCT,CD,CD_SV,"2021-01-21 12:30:02",267,246,21,0,87,66,21,0,280,193,83,0,4,1,2,8,34,3,1,0,29,0,1,1,1,0,1,0,0,0,0,1,0,0,0,0,0,0,0,0,0,0
1,ALBA,"PRIMĂRIA COMUNEI VIDRA",430,VIDRA,8425,1,PROV,PRCNCT,CD,CD_SV,"2021-01-21 12:30:02",336,317,16,3,130,111,16,3,340,210,125,4,1,0,7,49,16,13,2,3,27,1,0,2,0,0,1,0,0,0,0,0,0,0,1,0,1,0,1,0,1,0
1,ALBA,"ŞCOALA PRIMARĂ GOIEŞTI",431,VIDRA,8425,2,PART,PRCNCT,CD,CD_SV,"2021-01-21 12:30:02",304,283,21,0,162,141,21,0,320,158,161,0,1,1,33,53,24,11,1,3,29,0,1,1,1,0,0,0,1,0,0,1,0,0,0,0,0,0,0,1,0,0
1,ALBA,"FOSTUL SEDIU AL PRIMĂRIEI PONOREL",432,VIDRA,8425,1,PROV,PRCNCT,CD,CD_SV,"2021-01-21 12:30:02",726,712,14,0,284,270,14,0,790,506,281,0,3,2,7,158,31,15,25,2,28,0,0,0,4,2,1,2,2,0,1,1,0,0,0,0,0,0,0,0,0,0
1,ALBA,"CĂMINUL CULTURAL VURPĂR",433,"VINŢU DE JOS",8826,3,PART,PRCNCT,CD,CD_SV,"2021-01-21 12:30:02",882,859,23,0,241,218,23,0,940,699,236,5,0,1,16,51,87,39,7,4,21,1,1,5,1,1,0,0,0,0,0,1,0,0,0,0,0,0,0,0,0,0
1,ALBA,"CĂMINUL CULTURAL VINŢU DE JOS",434,"VINŢU DE JOS",8826,2,PART,PRCNCT,CD,CD_SV,"2021-01-21 12:30:02",1093,1066,25,2,416,389,25,2,1180,764,409,4,3,3,20,60,148,75,16,5,62,5,5,0,9,0,0,0,0,0,0,1,0,0,0,0,0,0,0,0,0,0
1,ALBA,"ŞCOALA GIMNAZIALĂ ”IULIU MANIU” VINŢU DE JOS",435,"VINŢU DE JOS",8826,1,PROV,PRCNCT,CD,CD_SV,"2021-01-21 12:30:02",1336,1319,17,0,371,354,17,0,1460,1089,367,2,2,7,14,64,98,84,8,4,72,0,5,0,8,0,0,0,0,0,0,1,0,1,0,1,0,0,0,0,0,0
1,ALBA,"SALA PAROHIALĂ SIBIŞENI",436,"VINŢU DE JOS",8826,1,PROV,PRCNCT,CD,CD_SV,"2021-01-21 12:30:02",613,586,27,0,225,198,27,0,650,425,221,3,1,1,7,36,88,39,2,1,31,2,7,5,1,0,0,0,0,0,0,1,0,0,0,0,0,0,0,0,0,0
1,ALBA,"CĂMINUL CULTURAL INURI",437,"VINŢU DE JOS",8826,3,PART,PRCNCT,CD,CD_SV,"2021-01-21 12:30:02",160,145,15,0,44,29,15,0,160,116,40,3,1,1,1,7,19,5,3,0,0,0,1,0,1,0,0,0,0,0,0,1,0,1,0,0,0,0,0,0,0,0
1,ALBA,"CĂMINUL CULTURAL MERETEU",438,"VINŢU DE JOS",8826,1,PROV,PRCNCT,CD,CD_SV,"2021-01-21 12:30:02",183,166,17,0,72,55,17,0,190,118,71,0,1,1,3,14,22,13,7,0,7,1,2,0,0,0,0,0,0,0,0,1,0,0,0,0,0,0,0,0,0,0
1,ALBA,"ŞCOALA PRIMARĂ VALEA VINŢULUI",439,"VINŢU DE JOS",8826,1,PROV,PRCNCT,CD,CD_SV,"2021-01-21 12:30:02",339,323,16,0,66,50,16,0,360,294,64,0,2,1,1,10,27,9,2,0,12,0,1,0,0,0,0,0,0,0,0,1,0,0,0,0,0,0,0,0,0,0
