precinct_county_nce,precinct_county_name,precinct_name,precinct_nr,uat_name,uat_siruta,report_version,report_stage_code,report_type_scope_code,report_type_category_code,report_type_code,created_at,a,a1,a2,a3,b,b1,b2,b3,c,d,e,f,g,"PARTIDUL PRO ROMÂNIA-voturi","UNIUNEA DEMOCRATĂ MAGHIARĂ DIN ROMÂNIA-voturi","PARTIDUL MIȘCAREA POPULARĂ-voturi","PARTIDUL NAȚIONAL LIBERAL-voturi","PARTIDUL SOCIAL DEMOCRAT-voturi","ALIANȚA USR PLUS-voturi","PARTIDUL ROMÂNIA MARE-voturi","PARTIDUL VERDE-voturi","PARTIDUL NOUA ROMÂNIE-voturi","PARTIDUL SOCIALIST ROMÂN-voturi","ALIANȚA RENAȘTEREA NAȚIONALĂ-voturi","ALIANȚA PENTRU UNIREA ROMÂNILOR-voturi","PARTIDUL FORȚA NAȚIONALĂ-voturi","PARTIDUL ECOLOGIST ROMÂN-voturi","PARTIDUL PUTERII UMANISTE (SOCIAL-LIBERAL)-voturi","ASOCIAȚIA ITALIENILOR DIN ROMÂNIA – RO.AS.IT.-voturi","UNIUNEA CROAȚILOR DIN ROMÂNIA-voturi","UNIUNEA SÂRBILOR DIN ROMÂNIA-voturi","UNIUNEA ELENĂ DIN ROMÂNIA-voturi","COMUNITATEA RUȘILOR LIPOVENI DIN ROMÂNIA-voturi","UNIUNEA POLONEZILOR DIN ROMÂNIA-voturi","UNIUNEA UCRAINENILOR DIN ROMÂNIA-voturi","ASOCIAȚIA PARTIDA ROMILOR “PRO-EUROPA”-voturi","ASOCIAȚIA LIGA ALBANEZILOR DIN ROMÂNIA-voturi","ASOCIAȚIA MACEDONENILOR DIN ROMÂNIA-voturi","FEDERAȚIA COMUNITĂȚILOR EVREIEȘTI DIN ROMÂNIA-voturi","UNIUNEA ARMENILOR DIN ROMÂNIA-voturi","UNIUNEA DEMOCRATĂ TURCĂ DIN ROMÂNIA-voturi","UNIUNEA CULTURALĂ A RUTENILOR DIN ROMÂNIA-voturi","UNIUNEA BULGARĂ DIN BANAT-ROMÂNIA-voturi","UNIUNEA DEMOCRATICĂ A SLOVACILOR ȘI CEHILOR DIN ROMÂNIA-voturi","FORUMUL DEMOCRAT AL GERMANILOR DIN ROMÂNIA-voturi","TABARAC ADRIAN-CANDIDAT INDEPENDENT-voturi","CALU NECULAI-CANDIDAT INDEPENDENT-voturi"
9,BRĂILA,"ŞCOALA GIMNAZIALĂ NR. 31 „MIHAI VITEAZUL”",1,"MUNICIPIUL BRĂILA",42682,1,PROV,PRCNCT,CD,CD_SV,"2021-01-21 12:30:02",1220,1211,9,0,391,382,9,0,1450,1059,382,8,1,6,0,13,43,179,50,5,0,1,5,0,48,0,4,18,0,0,0,0,1,0,0,2,1,0,0,0,0,0,0,0,0,5,1
9,BRĂILA,"ŞCOALA GIMNAZIALĂ NR. 31 „MIHAI VITEAZUL”",2,"MUNICIPIUL BRĂILA",42682,1,PROV,PRCNCT,CD,CD_SV,"2021-01-21 12:30:02",1212,1195,17,0,330,313,17,0,1301,971,325,5,0,11,1,10,46,151,39,2,2,3,2,0,40,0,2,3,1,0,0,1,1,0,0,2,0,0,0,0,1,0,0,0,0,6,1
9,BRĂILA,"ŞCOALA GIMNAZIALĂ NR. 31 „MIHAI VITEAZUL”",3,"MUNICIPIUL BRĂILA",42682,1,PROV,PRCNCT,CD,CD_SV,"2021-01-21 12:30:02",1044,1038,6,0,297,291,6,0,1150,853,295,1,1,12,0,9,34,149,28,3,3,0,1,0,43,0,4,2,0,0,0,1,2,0,0,0,0,0,0,0,0,0,0,0,0,2,2
9,BRĂILA,"ŞCOALA GIMNAZIALĂ NR. 31 „MIHAI VITEAZUL”",4,"MUNICIPIUL BRĂILA",42682,1,PROV,PRCNCT,CD,CD_SV,"2021-01-21 12:30:02",1157,1149,8,0,374,366,8,0,1250,876,370,3,1,15,0,22,47,197,42,6,2,4,1,0,22,2,3,2,0,0,0,0,3,0,0,0,0,0,0,0,0,0,0,0,0,1,1
9,BRĂILA,"GRĂDINIŢA NR. 61 „BOBOCEL”",5,"MUNICIPIUL BRĂILA",42682,1,PROV,PRCNCT,CD,CD_SV,"2021-01-21 12:30:02",1168,1155,11,2,377,364,11,2,1250,873,369,8,0,18,0,15,47,165,40,2,4,0,0,0,49,4,5,8,0,0,0,1,1,0,1,0,1,0,0,0,0,0,0,0,0,7,1
9,BRĂILA,"GRĂDINIŢA NR. 61 „BOBOCEL”",6,"MUNICIPIUL BRĂILA",42682,1,PROV,PRCNCT,CD,CD_SV,"2021-01-21 12:30:02",1216,1209,7,0,384,377,7,0,1359,975,378,6,0,19,0,19,46,184,40,9,5,0,2,0,25,0,4,10,2,0,0,0,0,0,0,0,0,0,0,0,0,0,0,0,0,11,2
9,BRĂILA,"ȘCOALA GIMNAZIALĂ NR. 1 „VLAICU VODĂ”",7,"MUNICIPIUL BRĂILA",42682,1,PROV,PRCNCT,CD,CD_SV,"2021-01-21 12:30:02",1353,1347,6,0,449,443,6,0,1500,1051,439,7,3,15,1,25,61,219,40,5,4,1,1,0,47,0,2,2,0,0,0,0,1,0,0,0,2,0,0,0,1,0,0,0,0,7,5
9,BRĂILA,"ȘCOALA GIMNAZIALĂ NR. 1 „VLAICU VODĂ”",8,"MUNICIPIUL BRĂILA",42682,1,PROV,PRCNCT,CD,CD_SV,"2021-01-21 12:30:02",1461,1444,17,0,489,472,17,0,1600,1111,481,7,1,36,0,17,71,205,65,1,6,0,0,1,61,0,5,5,0,0,0,0,1,0,0,0,1,0,0,0,0,0,0,0,0,5,1
9,BRĂILA,"GRĂDINIŢA NR. 12 „SFÂNTUL NICOLAE”",9,"MUNICIPIUL BRĂILA",42682,2,PART,PRCNCT,CD,CD_SV,"2021-01-21 12:30:02",1674,1663,11,0,474,463,11,0,1850,1376,458,12,4,20,0,28,59,205,49,3,7,0,1,0,64,4,3,2,1,0,1,0,1,0,0,0,1,0,1,0,0,0,0,0,0,6,2
9,BRĂILA,"GRĂDINIŢA NR. 12 „SFÂNTUL NICOLAE”",10,"MUNICIPIUL BRĂILA",42682,1,PROV,PRCNCT,CD,CD_SV,"2021-01-21 12:30:02",1552,1536,16,0,493,477,16,0,1700,1207,482,11,0,25,1,46,47,215,59,4,7,0,2,0,37,1,2,10,1,0,0,0,1,2,0,1,1,1,1,1,0,0,0,0,0,15,2
9,BRĂILA,"ȘCOALA GIMNAZIALĂ NR. 27 „AUREL VLAICU”",11,"MUNICIPIUL BRĂILA",42682,1,PROV,PRCNCT,CD,CD_SV,"2021-01-21 12:30:02",1376,1361,11,4,429,415,10,4,1500,1071,421,7,1,19,1,18,67,162,51,6,1,1,1,1,63,2,5,6,0,0,0,0,1,0,0,0,0,0,0,1,0,0,1,0,0,13,1
9,BRĂILA,"ȘCOALA GIMNAZIALĂ NR. 27 „AUREL VLAICU”",12,"MUNICIPIUL BRĂILA",42682,2,PART,PRCNCT,CD,CD_SV,"2021-01-21 12:30:02",1476,1465,11,0,449,438,11,0,1600,1151,434,10,5,34,1,9,60,181,44,7,6,1,1,1,58,0,5,8,1,0,1,0,0,0,0,1,1,0,0,1,0,0,0,0,0,10,3
9,BRĂILA,"ŞCOALA GIMNAZIALĂ NR. 27 „AUREL VLAICU”",13,"MUNICIPIUL BRĂILA",42682,1,PROV,PRCNCT,CD,CD_SV,"2021-01-21 12:30:02",1258,1254,4,0,438,434,4,0,1350,912,434,4,0,27,0,22,63,165,57,8,4,1,0,1,55,0,6,4,1,0,0,1,1,0,0,0,2,0,0,0,0,1,0,0,0,12,3
9,BRĂILA,"ŞCOALA GIMNAZIALĂ NR. 27 „AUREL VLAICU”",14,"MUNICIPIUL BRĂILA",42682,1,PROV,PRCNCT,CD,CD_SV,"2021-01-21 12:30:02",1373,1367,6,0,386,380,6,0,1500,1114,379,6,1,24,1,25,53,148,51,9,5,0,1,1,28,2,10,3,0,0,0,0,2,0,0,1,0,0,1,0,0,0,0,0,0,12,2
9,BRĂILA,"ȘCOALA GIMNAZIALĂ NR. 2 „FĂNUȘ NEAGU”",15,"MUNICIPIUL BRĂILA",42682,1,PROV,PRCNCT,CD,CD_SV,"2021-01-21 12:30:02",973,907,0,66,268,214,0,54,1000,732,262,3,3,11,0,15,29,121,23,4,3,1,3,0,35,0,4,7,0,0,0,0,0,0,0,0,0,0,0,0,1,0,0,0,0,4,1
9,BRĂILA,"ȘCOALA GIMNAZIALĂ NR. 2 „FĂNUȘ NEAGU”",16,"MUNICIPIUL BRĂILA",42682,1,PROV,PRCNCT,CD,CD_SV,"2021-01-21 12:30:02",1072,1063,7,2,315,306,7,2,1150,835,307,7,1,15,1,17,43,129,51,3,5,0,0,0,25,0,3,1,0,1,1,0,2,0,0,0,0,0,1,0,0,0,0,0,0,8,1
9,BRĂILA,"ŞCOALA GIMNAZIALĂ NR. 2 „FĂNUŞ NEAGU”",17,"MUNICIPIUL BRĂILA",42682,1,PROV,PRCNCT,CD,CD_SV,"2021-01-21 12:30:02",1055,1050,5,0,345,340,5,0,1150,805,340,3,2,20,2,19,56,127,56,8,1,0,0,2,22,0,5,2,0,0,0,1,1,0,0,1,2,0,0,0,0,0,0,0,0,12,3
9,BRĂILA,"ŞCOALA GIMNAZIALĂ NR. 2 „FĂNUŞ NEAGU”",18,"MUNICIPIUL BRĂILA",42682,1,PROV,PRCNCT,CD,CD_SV,"2021-01-21 12:30:02",1353,1344,9,0,452,443,9,0,1450,998,447,5,0,20,0,39,74,166,64,5,2,0,2,0,30,3,8,11,0,0,0,0,2,0,0,1,1,0,0,0,0,0,0,0,0,17,2
9,BRĂILA,"ŞCOALA GIMNAZIALĂ NR. 2 „FĂNUŞ NEAGU”",19,"MUNICIPIUL BRĂILA",42682,1,PROV,PRCNCT,CD,CD_SV,"2021-01-21 12:30:02",1147,1099,48,0,378,330,48,0,1200,822,373,3,2,13,3,16,63,150,63,2,6,0,1,0,32,0,3,2,0,0,0,2,2,0,0,0,0,0,0,0,0,1,0,0,0,11,3
9,BRĂILA,"GRĂDINIŢA NR. 39 „CĂSUȚA FERMECATĂ”",20,"MUNICIPIUL BRĂILA",42682,2,PART,PRCNCT,CD,CD_SV,"2021-01-21 12:30:02",1188,1181,7,0,371,364,7,0,1350,979,361,9,1,19,2,12,44,180,41,2,1,2,0,0,34,1,4,6,0,0,1,0,2,0,0,0,1,0,0,0,0,0,0,0,0,7,2
9,BRĂILA,"GRĂDINIŢA NR. 39 „CĂSUȚA FERMECATĂ”",21,"MUNICIPIUL BRĂILA",42682,1,PROV,PRCNCT,CD,CD_SV,"2021-01-21 12:30:02",1121,1108,13,0,308,295,13,0,1200,892,300,8,0,11,3,14,36,134,35,8,3,1,0,0,40,0,0,3,0,0,1,0,1,0,0,0,0,0,0,0,2,0,1,0,0,6,1
9,BRĂILA,"GRĂDINIŢA NR. 39 „CĂSUȚA FERMECATĂ”",22,"MUNICIPIUL BRĂILA",42682,1,PROV,PRCNCT,CD,CD_SV,"2021-01-21 12:30:02",1092,1085,7,0,277,270,7,0,1199,922,269,6,2,20,1,16,37,112,29,2,1,2,1,0,31,1,5,2,1,0,0,0,2,0,0,0,0,0,0,0,0,0,0,0,0,5,1
9,BRĂILA,"GRĂDINIŢA NR. 39 „CĂSUȚA FERMECATĂ”",23,"MUNICIPIUL BRĂILA",42682,1,PROV,PRCNCT,CD,CD_SV,"2021-01-21 12:30:02",1074,1068,6,0,265,259,6,0,1153,888,258,5,2,13,1,8,39,121,31,3,3,0,0,0,23,0,2,2,0,0,0,1,1,0,1,0,1,0,1,0,0,0,0,0,0,6,1
9,BRĂILA,"ȘCOALA GIMNAZIALĂ NR. 28 „VASILE ALECSANDRI”",24,"MUNICIPIUL BRĂILA",42682,1,PROV,PRCNCT,CD,CD_SV,"2021-01-21 12:30:02",1043,1030,12,1,337,324,12,1,1150,813,329,6,2,17,1,28,39,148,39,2,3,0,2,0,32,2,2,4,0,0,0,0,2,0,0,0,0,0,0,0,0,0,0,0,0,8,0
9,BRĂILA,"ȘCOALA GIMNAZIALĂ NR. 28 „VASILE ALECSANDRI”",25,"MUNICIPIUL BRĂILA",42682,1,PROV,PRCNCT,CD,CD_SV,"2021-01-21 12:30:02",959,948,11,0,249,238,11,0,1050,801,244,5,0,14,3,5,27,111,17,2,2,0,0,0,46,0,4,3,0,0,0,1,2,0,0,0,0,0,0,0,0,0,0,0,0,4,3
9,BRĂILA,"ȘCOALA GIMNAZIALĂ NR. 28 „VASILE ALECSANDRI”",26,"MUNICIPIUL BRĂILA",42682,1,PROV,PRCNCT,CD,CD_SV,"2021-01-21 12:30:02",946,941,5,0,274,269,5,0,1050,776,272,2,0,16,2,10,26,134,19,2,0,0,2,0,49,0,2,3,0,0,0,1,1,0,0,0,0,0,0,1,0,0,0,0,0,2,2
9,BRĂILA,"ŞCOALA GIMNAZIALĂ NR. 28 „VASILE ALECSANDRI”",27,"MUNICIPIUL BRĂILA",42682,1,PROV,PRCNCT,CD,CD_SV,"2021-01-21 12:30:02",1262,1252,10,0,387,377,10,0,1350,963,382,5,0,23,0,16,60,166,56,7,1,1,2,0,28,0,3,2,1,0,0,3,1,0,0,0,1,0,0,0,0,1,0,0,2,5,3
9,BRĂILA,"ŞCOALA GIMNAZIALĂ NR. 28 „VASILE ALECSANDRI”",28,"MUNICIPIUL BRĂILA",42682,1,PROV,PRCNCT,CD,CD_SV,"2021-01-21 12:30:02",875,864,11,0,227,216,11,0,950,723,222,4,1,10,2,6,26,116,26,2,2,1,0,0,18,0,2,2,1,0,0,0,1,0,0,0,0,1,0,0,0,0,0,0,0,3,3
9,BRĂILA,"GRĂDINIŢA NR. 38 „IZVORAȘUL”",29,"MUNICIPIUL BRĂILA",42682,1,PROV,PRCNCT,CD,CD_SV,"2021-01-21 12:30:02",1288,1277,11,0,365,354,11,0,1400,1035,354,8,3,13,1,11,39,183,31,7,3,0,1,0,45,0,3,2,0,0,0,1,1,0,0,1,1,1,0,0,2,0,0,0,0,5,3
9,BRĂILA,"ŞCOALA GIMNAZIALĂ NR. 29 „MIHAIL SADOVEANU”",30,"MUNICIPIUL BRĂILA",42682,2,PART,PRCNCT,CD,CD_SV,"2021-01-21 12:30:02",645,639,6,0,212,206,6,0,700,488,210,2,0,9,2,9,27,97,31,5,2,0,0,0,18,0,1,4,0,0,0,0,0,0,0,0,0,0,1,0,0,0,0,0,0,4,0
9,BRĂILA,"ȘCOALA GIMNAZIALĂ NR. 29 „MIHAIL SADOVEANU”",31,"MUNICIPIUL BRĂILA",42682,1,PROV,PRCNCT,CD,CD_SV,"2021-01-21 12:30:02",1194,1186,8,0,314,306,8,0,1300,986,305,7,2,12,0,13,44,132,33,3,1,1,1,0,47,0,5,4,1,0,0,0,1,0,0,0,0,0,0,0,1,0,0,0,0,3,3
9,BRĂILA,"ȘCOALA GIMNAZIALĂ NR. 29 „MIHAIL SADOVEANU”",32,"MUNICIPIUL BRĂILA",42682,2,PART,PRCNCT,CD,CD_SV,"2021-01-21 12:30:02",1363,1354,9,0,329,320,9,0,1500,1171,324,4,1,15,1,21,52,147,27,3,2,4,0,0,24,6,4,10,0,0,0,0,2,0,0,1,1,0,0,0,0,0,0,0,0,1,3
9,BRĂILA,"GRĂDINIŢA NR. 11 „BRÂNDUȘA”",33,"MUNICIPIUL BRĂILA",42682,1,PROV,PRCNCT,CD,CD_SV,"2021-01-21 12:30:02",1488,1480,8,0,429,421,8,0,1650,1221,424,5,0,15,1,23,45,195,61,2,3,0,0,0,49,1,5,5,0,0,0,1,1,0,0,0,1,0,0,0,0,0,0,0,2,13,1
9,BRĂILA,"COLEGIUL NAȚIONAL „ANA ASLAN”",34,"MUNICIPIUL BRĂILA",42682,2,PART,PRCNCT,CD,CD_SV,"2021-01-21 12:30:02",864,856,7,1,185,177,7,1,950,765,180,4,1,4,2,5,20,83,19,1,2,8,0,0,21,0,2,1,0,0,0,0,0,0,0,0,1,0,1,0,0,0,0,0,0,9,1
9,BRĂILA,"COLEGIUL NAȚIONAL „ANA ASLAN”",35,"MUNICIPIUL BRĂILA",42682,1,PROV,PRCNCT,CD,CD_SV,"2021-01-21 12:30:02",1305,1294,11,0,359,348,11,0,1400,1041,352,7,0,16,2,24,65,150,34,2,0,0,1,4,30,1,4,4,1,0,1,1,1,0,0,1,0,0,0,0,0,0,0,0,0,7,3
9,BRĂILA,"COLEGIUL NAȚIONAL „ANA ASLAN”",36,"MUNICIPIUL BRĂILA",42682,2,PART,PRCNCT,CD,CD_SV,"2021-01-21 12:30:02",1019,1015,4,0,330,326,4,0,1100,770,329,1,0,24,0,10,40,128,70,4,2,1,0,1,31,1,3,2,0,0,0,1,1,1,0,0,0,0,0,0,1,0,0,0,0,8,0
9,BRĂILA,"COLEGIUL NAȚIONAL „ANA ASLAN”",37,"MUNICIPIUL BRĂILA",42682,1,PROV,PRCNCT,CD,CD_SV,"2021-01-21 12:30:02",1403,1396,7,0,439,432,7,0,1550,1111,429,9,1,31,0,19,51,182,66,3,2,0,0,0,46,0,6,4,0,0,1,0,1,0,1,1,0,0,0,0,0,0,1,0,0,13,1
9,BRĂILA,"COLEGIUL NAȚIONAL „ANA ASLAN”",38,"MUNICIPIUL BRĂILA",42682,1,PROV,PRCNCT,CD,CD_SV,"2021-01-21 12:30:02",1445,1433,12,0,330,318,12,0,1600,1270,317,10,3,13,0,11,42,151,20,12,3,1,5,3,35,0,4,5,1,0,0,0,2,0,1,1,0,0,0,0,1,0,0,0,0,3,3
9,BRĂILA,"COLEGIUL TEHNIC „EDMOND NICOLAU”",39,"MUNICIPIUL BRĂILA",42682,1,PROV,PRCNCT,CD,CD_SV,"2021-01-21 12:30:02",1537,1489,13,35,433,385,13,35,1650,1217,420,9,4,19,1,17,53,210,40,6,3,1,5,0,32,1,8,9,0,0,1,0,1,0,1,0,1,0,1,0,0,0,0,1,1,6,2
9,BRĂILA,"COLEGIUL TEHNIC „EDMOND NICOLAU”",40,"MUNICIPIUL BRĂILA",42682,1,PROV,PRCNCT,CD,CD_SV,"2021-01-21 12:30:02",1287,1277,10,0,401,391,10,0,1400,999,395,3,3,14,2,18,60,181,50,11,5,1,1,3,29,1,3,4,0,1,0,1,2,0,0,1,1,0,0,0,0,0,0,0,0,4,2
9,BRĂILA,"COMPANIA DE UTILITĂȚI PUBLICE „DUNĂREA” SA BRĂILA",41,"MUNICIPIUL BRĂILA",42682,1,PROV,PRCNCT,CD,CD_SV,"2021-01-21 12:30:02",1399,1390,9,0,416,407,9,0,1500,1084,411,5,0,13,3,28,57,176,38,8,3,1,0,0,56,0,7,2,0,0,0,0,1,0,0,0,1,0,0,0,0,0,1,0,0,12,4
9,BRĂILA,"ŞCOALA GIMNAZIALĂ NR. 4 „ALEXANDRU IOAN CUZA”",42,"MUNICIPIUL BRĂILA",42682,1,PROV,PRCNCT,CD,CD_SV,"2021-01-21 12:30:02",1150,1131,19,0,386,367,19,0,1249,863,372,13,1,9,1,25,77,158,46,4,3,1,1,1,20,0,5,2,0,0,0,0,4,0,1,0,0,0,0,0,0,0,0,0,0,10,4
9,BRĂILA,"ŞCOALA GIMNAZIALĂ NR. 4 „ALEXANDRU IOAN CUZA”",43,"MUNICIPIUL BRĂILA",42682,1,PROV,PRCNCT,CD,CD_SV,"2021-01-21 12:30:02",1290,1276,14,0,455,441,14,0,1400,945,448,6,1,11,0,20,96,196,56,4,4,0,3,0,26,0,7,3,0,0,1,0,1,0,0,2,0,1,1,0,0,0,0,0,0,15,1
9,BRĂILA,"ȘCOALA GIMNAZIALĂ NR. 4 „ALEXANDRU IOAN CUZA”",44,"MUNICIPIUL BRĂILA",42682,1,PROV,PRCNCT,CD,CD_SV,"2021-01-21 12:30:02",1084,1074,10,0,414,404,10,0,1198,784,400,12,2,12,1,36,67,163,64,3,2,0,1,0,21,0,3,3,2,1,0,1,1,0,0,0,1,0,0,0,0,0,0,0,0,17,1
9,BRĂILA,"GRĂDINIȚA CU PROGRAM NORMAL WALDORF",45,"MUNICIPIUL BRĂILA",42682,1,PROV,PRCNCT,CD,CD_SV,"2021-01-21 12:30:02",1347,1333,12,2,445,431,12,2,1450,1005,438,7,0,18,3,33,98,164,51,3,3,2,1,0,32,1,8,4,0,0,0,1,2,0,0,2,0,0,0,0,0,0,0,0,0,11,1
9,BRĂILA,"GRĂDINIȚA CU PROGRAM NORMAL WALDORF",46,"MUNICIPIUL BRĂILA",42682,1,PROV,PRCNCT,CD,CD_SV,"2021-01-21 12:30:02",833,823,10,0,301,291,10,0,900,599,293,8,0,11,0,19,51,128,40,7,0,2,2,0,11,0,1,5,0,0,0,0,1,0,0,0,0,0,0,0,0,0,0,0,0,15,0
9,BRĂILA,"ŞCOALA GIMNAZIALĂ NR. 8 „ION BĂNCILĂ”",47,"MUNICIPIUL BRĂILA",42682,2,PART,PRCNCT,CD,CD_SV,"2021-01-21 12:30:02",1394,1373,21,0,399,378,21,0,1500,1101,391,8,0,21,1,27,68,152,45,5,2,0,1,0,35,0,3,3,0,0,0,0,1,1,0,2,0,0,0,0,0,0,3,0,0,18,3
9,BRĂILA,"ŞCOALA GIMNAZIALĂ NR. 8 „ION BĂNCILĂ”",48,"MUNICIPIUL BRĂILA",42682,1,PROV,PRCNCT,CD,CD_SV,"2021-01-21 12:30:02",1116,1105,11,0,356,345,11,0,1200,844,351,2,3,10,1,14,76,126,62,0,3,0,0,1,29,1,2,2,0,0,0,0,1,0,0,0,0,0,1,0,0,0,1,0,1,19,1
9,BRĂILA,"ŞCOALA GIMNAZIALĂ NR. 8 „ION BĂNCILĂ”",49,"MUNICIPIUL BRĂILA",42682,1,PROV,PRCNCT,CD,CD_SV,"2021-01-21 12:30:02",708,699,9,0,222,213,9,0,750,528,216,6,0,9,0,9,42,102,24,3,1,0,0,0,14,1,0,2,0,0,0,0,1,0,0,0,0,0,0,0,0,0,0,0,0,5,3
9,BRĂILA,"ŞCOALA GIMNAZIALĂ NR. 8 „ION BĂNCILĂ”",50,"MUNICIPIUL BRĂILA",42682,1,PROV,PRCNCT,CD,CD_SV,"2021-01-21 12:30:02",667,659,8,0,243,235,8,0,750,507,242,0,1,6,1,22,58,91,31,3,1,0,0,0,10,2,3,3,0,0,0,0,1,0,0,0,0,0,0,0,0,0,1,0,0,9,0
9,BRĂILA,"ŞCOALA GIMNAZIALĂ NR. 8 „ION BĂNCILĂ”",51,"MUNICIPIUL BRĂILA",42682,1,PROV,PRCNCT,CD,CD_SV,"2021-01-21 12:30:02",730,722,6,2,215,207,6,2,800,585,211,3,1,9,1,10,42,91,21,2,0,0,2,0,17,0,5,2,0,0,0,0,1,0,0,0,0,0,0,0,0,0,1,0,0,3,4
9,BRĂILA,"LICEUL TEORETIC „PANAIT CERNA”",52,"MUNICIPIUL BRĂILA",42682,1,PROV,PRCNCT,CD,CD_SV,"2021-01-21 12:30:02",1493,1483,9,1,492,482,9,1,1700,1208,484,8,0,14,1,28,79,234,53,7,2,1,1,0,36,0,3,5,0,0,0,2,3,0,0,1,0,0,0,0,0,0,0,0,0,13,1
9,BRĂILA,"LICEUL TEORETIC „PANAIT CERNA”",53,"MUNICIPIUL BRĂILA",42682,2,PART,PRCNCT,CD,CD_SV,"2021-01-21 12:30:02",1367,1347,20,0,425,405,20,0,1500,1075,417,7,1,25,0,38,54,190,53,6,2,1,1,1,20,2,6,2,0,0,0,0,1,0,1,0,0,0,0,0,0,0,6,0,0,4,4
9,BRĂILA,"LICEUL TEORETIC „PANAIT CERNA”",54,"MUNICIPIUL BRĂILA",42682,1,PROV,PRCNCT,CD,CD_SV,"2021-01-21 12:30:02",1275,1266,9,0,331,322,9,0,1402,1071,325,6,0,15,1,12,49,142,19,3,4,0,0,1,44,5,4,3,0,0,0,0,3,1,0,1,0,0,0,0,1,0,0,0,0,9,8
9,BRĂILA,"LICEUL TEORETIC „PANAIT CERNA”",55,"MUNICIPIUL BRĂILA",42682,1,PROV,PRCNCT,CD,CD_SV,"2021-01-21 12:30:02",967,960,7,0,298,291,7,0,1050,752,294,4,0,17,1,19,53,132,30,1,1,0,0,0,16,1,2,3,0,1,0,1,1,0,0,0,0,0,1,0,1,0,0,0,0,12,1
9,BRĂILA,"COLEGIUL NAȚIONAL „GHEORGHE MUNTEANU MURGOCI”",56,"MUNICIPIUL BRĂILA",42682,1,PROV,PRCNCT,CD,CD_SV,"2021-01-21 12:30:02",1199,1183,16,0,429,413,16,0,1300,871,425,3,1,16,2,29,104,147,61,7,0,0,1,0,22,2,6,6,0,0,0,2,1,0,0,0,0,0,0,0,0,0,2,0,0,17,0
9,BRĂILA,"COLEGIUL NAȚIONAL „GHEORGHE MUNTEANU MURGOCI”",57,"MUNICIPIUL BRĂILA",42682,1,PROV,PRCNCT,CD,CD_SV,"2021-01-21 12:30:02",1190,1182,8,0,373,365,8,0,1300,927,369,4,0,7,0,29,81,130,53,0,0,0,1,0,23,0,10,11,1,0,0,0,3,0,0,1,1,0,2,0,0,0,1,0,0,13,2
9,BRĂILA,"ŞCOALA GIMNAZIALĂ NR. 7 „ION CREANGĂ”",58,"MUNICIPIUL BRĂILA",42682,1,PROV,PRCNCT,CD,CD_SV,"2021-01-21 12:30:02",1161,1152,9,0,344,335,9,0,1250,906,328,16,0,17,1,33,56,117,46,6,1,0,3,0,13,0,2,3,0,0,0,0,1,0,0,0,0,0,0,0,0,0,0,0,1,24,4
9,BRĂILA,"ȘCOALA GIMNAZIALĂ NR. 7 „ION CREANGĂ”",59,"MUNICIPIUL BRĂILA",42682,1,PROV,PRCNCT,CD,CD_SV,"2021-01-21 12:30:02",971,960,11,0,328,317,11,0,1050,722,323,5,0,6,0,27,64,112,45,7,5,0,2,1,21,0,9,1,0,0,0,2,1,0,0,1,1,1,0,0,0,0,0,0,0,11,6
9,BRĂILA,"ȘCOALA GIMNAZIALĂ NR. 7 „ION CREANGĂ”",60,"MUNICIPIUL BRĂILA",42682,1,PROV,PRCNCT,CD,CD_SV,"2021-01-21 12:30:02",940,907,7,26,327,294,7,26,1000,673,323,3,1,10,5,16,78,122,23,9,1,0,0,0,21,1,12,3,0,0,0,0,2,0,0,1,0,0,3,0,0,1,3,0,0,11,1
9,BRĂILA,"LICEUL TEORETIC „NICOLAE IORGA”",61,"MUNICIPIUL BRĂILA",42682,1,PROV,PRCNCT,CD,CD_SV,"2021-01-21 12:30:02",848,823,19,6,251,226,19,6,900,649,244,6,1,10,1,16,33,114,27,2,4,0,1,1,15,0,4,0,0,0,0,2,2,0,0,0,0,0,0,1,0,0,2,0,0,7,2
9,BRĂILA,"ŞCOALA GIMNAZIALĂ NR. 5 „NIKOS KAZANTZAKIS”",62,"MUNICIPIUL BRĂILA",42682,2,PART,PRCNCT,CD,CD_SV,"2021-01-21 12:30:02",1014,1005,9,0,291,282,9,0,1100,809,288,2,1,3,3,10,60,100,38,6,3,0,1,0,40,0,1,2,0,0,0,0,2,0,0,2,0,0,0,0,1,0,0,0,0,14,2
9,BRĂILA,"COLEGIUL NAŢIONAL „NICOLAE BĂLCESCU”",63,"MUNICIPIUL BRĂILA",42682,1,PROV,PRCNCT,CD,CD_SV,"2021-01-21 12:30:02",1349,1333,16,0,386,370,16,0,1450,1064,379,6,1,14,0,22,63,163,35,11,3,0,0,1,39,1,3,2,0,0,1,0,3,0,0,2,0,0,1,0,0,0,1,0,2,10,2
9,BRĂILA,"LICEUL DE ARTĂ „HARICLEA DARCLEE”",64,"MUNICIPIUL BRĂILA",42682,1,PROV,PRCNCT,CD,CD_SV,"2021-01-21 12:30:02",1383,1375,8,0,424,416,8,0,1550,1126,414,8,2,13,2,24,75,121,48,5,5,0,2,0,61,0,3,1,0,1,0,3,1,0,0,4,0,0,1,0,0,0,0,0,3,34,7
9,BRĂILA,"LICEUL DE ARTĂ „HARICLEA DARCLEE”",65,"MUNICIPIUL BRĂILA",42682,1,PROV,PRCNCT,CD,CD_SV,"2021-01-21 12:30:02",1401,1375,15,11,421,395,15,11,1500,1079,411,10,0,13,0,32,86,125,41,8,3,1,2,0,53,1,6,3,0,0,0,2,3,0,0,5,0,0,1,1,0,0,0,0,1,23,1
9,BRĂILA,"LICEUL TEHNOLOGIC „GRIGORE MOISIL”",66,"MUNICIPIUL BRĂILA",42682,1,PROV,PRCNCT,CD,CD_SV,"2021-01-21 12:30:02",1586,1486,10,90,466,366,10,90,1649,1183,449,13,4,12,0,23,73,201,35,8,6,1,0,0,62,1,7,4,0,0,1,0,7,0,0,1,2,1,0,1,0,0,0,0,0,2,1
9,BRĂILA,"ȘCOALA GIMNAZIALĂ NR. 17 „ECATERINA TEODOROIU”",67,"MUNICIPIUL BRĂILA",42682,1,PROV,PRCNCT,CD,CD_SV,"2021-01-21 12:30:02",1268,1257,11,0,331,320,11,0,1400,1069,328,2,1,12,2,20,65,131,47,1,5,1,2,1,22,0,5,3,0,0,1,0,2,0,0,0,0,0,0,0,1,0,0,0,0,6,1
9,BRĂILA,"ȘCOALA GIMNAZIALĂ NR. 17 „ECATERINA TEODOROIU”",68,"MUNICIPIUL BRĂILA",42682,1,PROV,PRCNCT,CD,CD_SV,"2021-01-21 12:30:02",1473,1464,9,0,483,474,9,0,1600,1117,473,8,2,19,1,40,86,174,67,17,6,1,2,1,32,1,8,1,2,0,0,1,1,0,0,1,0,0,1,0,0,0,0,0,0,8,3
9,BRĂILA,"COLEGIUL TEHNIC „PANAIT ISTRATI”",69,"MUNICIPIUL BRĂILA",42682,1,PROV,PRCNCT,CD,CD_SV,"2021-01-21 12:30:02",1325,1315,10,0,409,399,10,0,1450,1041,402,7,0,18,1,21,77,172,51,5,2,0,1,0,29,1,3,4,0,0,0,1,2,0,0,0,0,0,1,0,1,0,0,0,0,11,1
9,BRĂILA,"COLEGIUL TEHNIC „PANAIT ISTRATI”",70,"MUNICIPIUL BRĂILA",42682,1,PROV,PRCNCT,CD,CD_SV,"2021-01-21 12:30:02",871,865,6,0,287,281,6,0,952,665,283,4,0,10,1,11,36,142,35,3,3,0,0,0,21,0,2,5,0,0,0,0,5,0,0,0,0,0,1,0,0,0,0,0,0,8,0
9,BRĂILA,"COLEGIUL TEHNIC „PANAIT ISTRATI”",71,"MUNICIPIUL BRĂILA",42682,1,PROV,PRCNCT,CD,CD_SV,"2021-01-21 12:30:02",1270,1257,13,0,370,357,13,0,1400,1030,364,6,0,17,2,23,49,120,56,9,4,3,2,0,52,1,4,4,1,0,0,0,3,0,0,0,1,0,0,0,1,0,0,0,0,8,4
9,BRĂILA,"ŞCOALA GIMNAZIALĂ NR. 18 „MIHU DRAGOMIR”",72,"MUNICIPIUL BRĂILA",42682,2,PART,PRCNCT,CD,CD_SV,"2021-01-21 12:30:02",1024,1011,13,0,293,280,13,0,1096,803,281,9,3,12,1,14,41,119,27,3,1,0,1,0,35,1,3,3,0,0,1,2,2,0,1,2,0,1,0,0,1,0,1,0,0,8,1
9,BRĂILA,"ȘCOALA GIMNAZIALĂ NR. 18 „MIHU DRAGOMIR”",73,"MUNICIPIUL BRĂILA",42682,2,PART,PRCNCT,CD,CD_SV,"2021-01-21 12:30:02",1246,1228,18,0,364,346,18,0,1350,986,356,6,2,20,2,26,47,153,42,5,2,1,2,0,27,0,2,8,0,0,0,1,2,0,0,0,1,1,1,0,1,1,0,0,0,8,3
9,BRĂILA,"GRĂDINIŢA NR. 21 „PESCĂRUȘUL”",74,"MUNICIPIUL BRĂILA",42682,1,PROV,PRCNCT,CD,CD_SV,"2021-01-21 12:30:02",1235,1225,7,3,341,331,7,3,1400,1059,332,8,1,34,1,17,64,116,39,5,3,0,1,0,32,0,9,5,0,0,0,0,0,0,0,1,0,0,0,0,0,0,0,0,0,3,2
9,BRĂILA,"GRĂDINIŢA NR. 21 „PESCĂRUȘUL”",75,"MUNICIPIUL BRĂILA",42682,1,PROV,PRCNCT,CD,CD_SV,"2021-01-21 12:30:02",995,989,6,0,238,232,6,0,1100,862,236,1,1,13,0,7,30,113,16,13,0,0,0,1,29,1,0,6,0,0,0,1,1,0,0,0,0,0,0,0,0,0,0,0,0,5,0
9,BRĂILA,"GRĂDINIŢA NR. 21 „PESCĂRUȘUL”",76,"MUNICIPIUL BRĂILA",42682,1,PROV,PRCNCT,CD,CD_SV,"2021-01-21 12:30:02",1236,1231,5,0,314,309,5,0,1400,1086,312,1,1,18,3,7,43,124,43,8,5,0,1,0,41,0,7,4,0,0,0,1,2,1,0,0,0,0,0,0,0,0,0,0,0,3,1
9,BRĂILA,"ŞCOALA GIMNAZIALĂ NR. 6 „CONSTANTIN SANDU ALDEA”",77,"MUNICIPIUL BRĂILA",42682,1,PROV,PRCNCT,CD,CD_SV,"2021-01-21 12:30:02",1242,1234,7,1,402,394,7,1,1350,948,398,3,1,18,1,21,76,152,66,3,4,0,0,0,19,2,6,5,0,0,0,0,2,0,1,2,0,0,0,1,0,0,0,0,0,16,3
9,BRĂILA,"ŞCOALA GIMNAZIALĂ NR. 6 „CONSTANTIN SANDU ALDEA”",78,"MUNICIPIUL BRĂILA",42682,1,PROV,PRCNCT,CD,CD_SV,"2021-01-21 12:30:02",1236,1231,3,2,411,406,3,2,1350,939,400,11,0,17,0,15,71,165,61,0,1,2,3,0,33,1,7,2,0,0,0,1,0,0,0,0,0,0,0,0,0,0,0,0,0,19,2
9,BRĂILA,"ŞCOALA GIMNAZIALĂ NR. 6 „CONSTANTIN SANDU ALDEA”",79,"MUNICIPIUL BRĂILA",42682,1,PROV,PRCNCT,CD,CD_SV,"2021-01-21 12:30:02",1159,1152,7,0,362,355,7,0,1250,888,354,8,0,11,1,24,66,142,54,2,0,0,3,3,25,0,4,5,1,0,0,2,0,0,0,0,0,0,0,0,0,0,1,0,0,8,2
9,BRĂILA,"ŞCOALA GIMNAZIALĂ NR. 6 „CONSTANTIN SANDU ALDEA”",80,"MUNICIPIUL BRĂILA",42682,2,PART,PRCNCT,CD,CD_SV,"2021-01-21 12:30:02",1229,1222,7,0,443,436,7,0,1350,907,436,6,1,26,1,38,86,136,74,7,6,0,0,0,24,0,7,5,0,0,0,0,6,0,0,0,0,0,0,0,2,0,0,0,0,17,1
9,BRĂILA,"LICEUL TEHNOLOGIC „ANGHEL SALIGNY”",81,"MUNICIPIUL BRĂILA",42682,1,PROV,PRCNCT,CD,CD_SV,"2021-01-21 12:30:02",1214,1206,8,0,393,385,8,0,1308,915,381,6,6,19,0,28,78,138,52,4,1,0,1,0,26,0,7,8,0,0,0,5,4,0,0,0,0,0,0,0,0,0,0,0,0,7,3
9,BRĂILA,"LICEUL TEHNOLOGIC „ANGHEL SALIGNY”",82,"MUNICIPIUL BRĂILA",42682,1,PROV,PRCNCT,CD,CD_SV,"2021-01-21 12:30:02",1038,1023,13,2,345,330,13,2,1100,755,340,5,0,16,2,18,47,115,50,6,5,0,1,0,38,0,3,5,0,0,0,1,2,0,0,0,0,0,0,0,0,0,3,0,0,17,11
9,BRĂILA,"LICEUL TEHNOLOGIC „ANGHEL SALIGNY”",83,"MUNICIPIUL BRĂILA",42682,1,PROV,PRCNCT,CD,CD_SV,"2021-01-21 12:30:02",1221,1209,12,0,403,391,12,0,1350,947,397,6,0,23,1,31,77,127,71,8,1,0,1,0,34,0,6,2,0,0,0,0,0,0,1,0,1,0,1,0,0,0,1,0,0,11,0
9,BRĂILA,"COLEGIUL ECONOMIC „ION GHICA”",84,"MUNICIPIUL BRĂILA",42682,2,PART,PRCNCT,CD,CD_SV,"2021-01-21 12:30:02",1123,1115,8,0,342,334,8,0,1200,858,333,9,0,15,3,13,58,120,52,4,3,0,1,4,19,1,9,6,0,0,0,1,2,0,0,0,1,0,0,0,0,0,0,0,0,21,0
9,BRĂILA,"COLEGIUL ECONOMIC „ION GHICA”",85,"MUNICIPIUL BRĂILA",42682,2,PART,PRCNCT,CD,CD_SV,"2021-01-21 12:30:02",1380,1367,13,0,484,471,13,0,1500,1016,475,8,1,17,2,21,77,176,58,6,6,2,2,0,65,4,3,2,0,0,2,3,1,0,0,6,1,0,0,0,0,0,0,0,0,15,6
9,BRĂILA,"CASA CORPULUI DIDACTIC",86,"MUNICIPIUL BRĂILA",42682,1,PROV,PRCNCT,CD,CD_SV,"2021-01-21 12:30:02",1170,1162,8,0,344,336,8,0,1302,958,339,3,2,19,0,23,51,127,50,6,5,0,1,0,24,1,5,5,0,0,1,1,3,0,0,0,1,0,1,0,0,0,0,0,0,14,1
9,BRĂILA,"ŞCOALA GIMNAZIALĂ NR. 32 „DIMITRIE CANTEMIR”",87,"MUNICIPIUL BRĂILA",42682,1,PROV,PRCNCT,CD,CD_SV,"2021-01-21 12:30:02",1162,1153,9,0,307,298,9,0,1250,943,299,8,0,14,1,18,35,140,44,4,1,0,0,0,30,1,0,2,0,0,0,0,1,0,0,1,0,0,0,0,0,0,1,1,0,4,1
9,BRĂILA,"ŞCOALA GIMNAZIALĂ NR. 32 „DIMITRIE CANTEMIR”",88,"MUNICIPIUL BRĂILA",42682,1,PROV,PRCNCT,CD,CD_SV,"2021-01-21 12:30:02",1394,1387,7,0,457,450,7,0,1500,1043,442,14,1,19,1,3,56,208,48,18,3,0,0,1,50,3,6,9,0,0,2,0,2,0,0,1,0,0,0,0,0,0,0,0,0,11,1
9,BRĂILA,"ȘCOALA GIMNAZIALĂ NR. 32 „DIMITRIE CANTEMIR”",89,"MUNICIPIUL BRĂILA",42682,1,PROV,PRCNCT,CD,CD_SV,"2021-01-21 12:30:02",825,822,3,0,222,219,3,0,900,678,216,6,0,6,1,9,29,105,15,2,4,1,0,2,26,0,1,3,0,0,0,1,1,0,0,0,1,1,0,0,0,0,0,0,0,8,0
9,BRĂILA,"ȘCOALA GIMNAZIALĂ NR. 32 „DIMITRIE CANTEMIR”",90,"MUNICIPIUL BRĂILA",42682,1,PROV,PRCNCT,CD,CD_SV,"2021-01-21 12:30:02",1187,1178,9,0,331,322,9,0,1350,1019,327,3,1,18,1,13,34,161,44,3,4,1,2,0,29,0,2,4,0,0,0,0,1,0,0,0,0,0,0,0,0,0,0,0,0,6,4
9,BRĂILA,"ȘCOALA GIMNAZIALĂ NR. 32 „DIMITRIE CANTEMIR”",91,"MUNICIPIUL BRĂILA",42682,1,PROV,PRCNCT,CD,CD_SV,"2021-01-21 12:30:02",1372,1365,7,0,448,441,7,0,1500,1052,444,3,1,10,1,21,68,201,72,5,1,3,2,1,30,4,2,8,0,0,0,0,1,1,0,0,0,1,0,0,0,0,1,0,0,6,5
9,BRĂILA,"GRĂDINIŢA NR. 36 „FURNICUŢA”",92,"MUNICIPIUL BRĂILA",42682,1,PROV,PRCNCT,CD,CD_SV,"2021-01-21 12:30:02",1336,1325,11,0,417,406,11,0,1450,1033,413,4,0,31,1,27,58,174,45,7,2,0,2,0,38,0,8,7,0,0,0,0,2,0,0,1,0,0,0,0,1,0,0,0,1,6,2
9,BRĂILA,"COLEGIUL NAȚIONAL PEDAGOGIC „DUMITRU PANAITESCU PERPESSICIUS”",93,"MUNICIPIUL BRĂILA",42682,3,PART,PRCNCT,CD,CD_SV,"2021-01-21 12:30:02",1229,1209,20,0,396,376,20,0,1300,904,391,5,0,8,0,29,71,188,40,3,5,1,2,0,21,4,5,4,0,0,0,1,1,0,0,0,0,0,0,0,0,0,0,0,0,7,1
9,BRĂILA,"COLEGIUL NAȚIONAL PEDAGOGIC „DUMITRU PANAITESCU PERPESSICIUS”",94,"MUNICIPIUL BRĂILA",42682,1,PROV,PRCNCT,CD,CD_SV,"2021-01-21 12:30:02",1178,1169,7,2,360,351,7,2,1300,940,357,3,0,10,0,15,55,181,46,6,3,0,1,1,20,0,1,5,0,0,0,0,2,0,0,0,0,0,0,0,0,0,0,0,0,10,1
9,BRĂILA,"GRĂDINIŢA NR. 37 „DUMBRAVA MINUNATĂ”",95,"MUNICIPIUL BRĂILA",42682,1,PROV,PRCNCT,CD,CD_SV,"2021-01-21 12:30:02",1176,1105,14,57,427,356,14,57,1250,823,416,7,4,10,5,13,74,182,52,6,4,1,3,0,32,2,11,4,0,0,0,1,1,0,0,0,0,1,0,1,0,0,0,0,0,11,2
9,BRĂILA,"GRĂDINIŢA NR. 37 „DUMBRAVA MINUNATĂ”",96,"MUNICIPIUL BRĂILA",42682,1,PROV,PRCNCT,CD,CD_SV,"2021-01-21 12:30:02",1695,1687,8,0,504,496,8,0,1850,1346,491,11,2,17,2,37,96,191,59,4,4,1,2,0,38,1,5,5,0,0,0,2,1,0,1,0,0,0,0,0,0,0,0,0,0,24,1
9,BRĂILA,"GRĂDINIŢA NR. 37 „DUMBRAVA MINUNATĂ”",97,"MUNICIPIUL BRĂILA",42682,1,PROV,PRCNCT,CD,CD_SV,"2021-01-21 12:30:02",1200,1191,9,0,404,395,9,0,1350,946,402,1,1,16,0,31,66,165,71,0,0,0,1,0,27,2,2,5,0,0,0,0,3,0,0,0,1,0,0,0,0,0,0,0,0,11,1
9,BRĂILA,"LICEUL PEDAGOGIC „D.P. PERPESSICIUS”",98,"MUNICIPIUL BRĂILA",42682,1,PROV,PRCNCT,CD,CD_SV,"2021-01-21 12:30:02",1040,1031,8,1,298,289,8,1,1150,852,289,7,2,19,1,25,40,135,21,3,4,0,2,0,25,1,0,3,0,0,0,1,0,0,0,0,0,0,0,0,0,0,0,0,0,8,1
9,BRĂILA,"LICEUL PEDAGOGIC „D.P. PERPESSICIUS”",99,"MUNICIPIUL BRĂILA",42682,1,PROV,PRCNCT,CD,CD_SV,"2021-01-21 12:30:02",1447,1436,9,2,452,441,9,2,1600,1148,441,9,2,23,0,33,60,214,53,7,1,0,1,0,23,0,5,9,0,0,0,2,1,0,0,0,0,0,0,0,0,0,0,0,0,7,2
9,BRĂILA,"LICEUL PEDAGOGIC „D.P. PERPESSICIUS”",100,"MUNICIPIUL BRĂILA",42682,1,PROV,PRCNCT,CD,CD_SV,"2021-01-21 12:30:02",1399,1392,7,0,449,442,7,0,1550,1101,439,8,2,17,0,27,67,195,66,1,2,0,0,2,35,3,1,8,0,0,1,0,1,0,1,0,0,0,0,0,0,0,0,0,0,11,1
9,BRĂILA,"ȘCOALA GIMNAZIALĂ NR. 23 „MIHAI EMINESCU”",101,"MUNICIPIUL BRĂILA",42682,1,PROV,PRCNCT,CD,CD_SV,"2021-01-21 12:30:02",982,976,6,0,246,240,6,0,1050,804,243,3,0,17,1,13,22,115,16,5,3,0,0,0,36,1,4,3,0,0,0,0,1,0,0,0,1,0,0,0,0,0,0,1,0,4,0
9,BRĂILA,"ȘCOALA GIMNAZIALĂ NR. 23 „MIHAI EMINESCU”",102,"MUNICIPIUL BRĂILA",42682,1,PROV,PRCNCT,CD,CD_SV,"2021-01-21 12:30:02",1213,1191,22,0,316,294,22,0,1300,984,308,7,1,13,1,9,46,139,30,4,1,1,1,1,41,2,6,2,0,0,0,0,2,0,0,1,0,0,1,0,0,0,0,0,0,5,2
9,BRĂILA,"ȘCOALA GIMNAZIALĂ NR. 23 „MIHAI EMINESCU”",103,"MUNICIPIUL BRĂILA",42682,1,PROV,PRCNCT,CD,CD_SV,"2021-01-21 12:30:02",1126,1116,10,0,351,341,10,0,1251,900,345,4,2,14,0,22,44,159,47,8,1,0,0,0,26,2,6,3,0,0,0,0,2,0,0,0,0,0,0,0,0,0,0,0,0,9,2
9,BRĂILA,"ŞCOALA GIMNAZIALĂ NR. 9 „ANTON PANN”",104,"MUNICIPIUL BRĂILA",42682,2,PART,PRCNCT,CD,CD_SV,"2021-01-21 12:30:02",1167,1161,6,0,263,257,6,0,1250,987,254,5,4,14,0,10,32,109,14,5,2,0,3,1,51,0,5,3,0,0,0,0,0,0,0,2,0,0,0,0,0,0,0,0,0,3,0
9,BRĂILA,"ŞCOALA GIMNAZIALĂ NR. 9 „ANTON PANN”",105,"MUNICIPIUL BRĂILA",42682,1,PROV,PRCNCT,CD,CD_SV,"2021-01-21 12:30:02",1247,1240,7,0,276,269,7,0,1350,1074,262,13,1,9,2,7,29,109,17,4,0,1,1,2,64,0,2,3,1,0,0,1,1,0,1,3,2,1,0,0,0,0,0,0,0,1,1
9,BRĂILA,"ŞCOALA GIMNAZIALĂ NR. 9 „ANTON PANN”",106,"MUNICIPIUL BRĂILA",42682,2,PART,PRCNCT,CD,CD_SV,"2021-01-21 12:30:02",1360,1354,6,0,299,293,6,0,1501,1202,288,8,3,21,2,12,26,105,20,4,4,1,1,3,65,0,3,5,0,0,0,1,0,0,0,8,2,0,0,0,0,0,1,0,0,3,1
9,BRĂILA,"ŞCOALA GIMNAZIALĂ NR. 9 „ANTON PANN”",107,"MUNICIPIUL BRĂILA",42682,3,PART,PRCNCT,CD,CD_SV,"2021-01-21 12:30:02",1253,1248,5,0,354,349,5,0,1400,1046,344,9,1,13,1,19,36,138,40,2,5,3,1,0,65,0,4,3,0,0,0,0,1,0,0,0,1,1,0,0,0,0,0,0,0,10,1
9,BRĂILA,"ŞCOALA GIMNAZIALĂ NR. 13 „NEDELCU CHERCEA”",108,"MUNICIPIUL BRĂILA",42682,1,PROV,PRCNCT,CD,CD_SV,"2021-01-21 12:30:02",1303,1278,6,19,368,343,6,19,1400,1032,363,4,1,20,1,11,57,135,37,7,3,0,0,5,67,0,3,4,0,0,0,1,0,0,0,0,0,0,0,0,0,0,1,0,0,8,3
9,BRĂILA,"ŞCOALA GIMNAZIALĂ NR. 13 „NEDELCU CHERCEA”",109,"MUNICIPIUL BRĂILA",42682,1,PROV,PRCNCT,CD,CD_SV,"2021-01-21 12:30:02",1227,1224,3,0,344,341,3,0,1400,1056,340,2,2,12,1,16,44,140,38,6,2,0,1,2,43,1,5,6,0,0,0,2,1,0,0,0,1,0,2,1,0,0,1,0,0,13,2
9,BRĂILA,"ȘCOALA GIMNAZIALĂ NR. 22 „RADU TUDORAN”",110,"MUNICIPIUL BRĂILA",42682,1,PROV,PRCNCT,CD,CD_SV,"2021-01-21 12:30:02",1347,1340,7,0,328,321,7,0,1500,1172,321,6,1,10,0,10,37,154,35,2,3,1,0,1,33,1,6,9,1,0,0,0,1,0,0,0,0,1,0,0,0,0,0,0,0,14,2
9,BRĂILA,"ȘCOALA GIMNAZIALĂ NR. 22 „RADU TUDORAN”",111,"MUNICIPIUL BRĂILA",42682,1,PROV,PRCNCT,CD,CD_SV,"2021-01-21 12:30:02",1387,1378,9,0,355,346,9,0,1500,1145,352,2,1,15,1,9,43,163,41,4,2,2,0,0,58,0,1,1,0,0,1,0,2,0,0,0,0,1,0,0,0,0,0,0,0,5,3
9,BRĂILA,"ȘCOALA GIMNAZIALĂ NR. 22 „RADU TUDORAN”",112,"MUNICIPIUL BRĂILA",42682,1,PROV,PRCNCT,CD,CD_SV,"2021-01-21 12:30:02",1212,1205,7,0,353,346,7,0,1300,947,347,5,1,20,0,15,59,140,34,7,1,1,5,0,46,0,3,4,0,1,0,2,1,0,0,0,0,0,1,0,0,0,0,0,0,5,2
9,BRĂILA,"ȘCOALA GIMNAZIALĂ NR. 22 „RADU TUDORAN”",113,"MUNICIPIUL BRĂILA",42682,1,PROV,PRCNCT,CD,CD_SV,"2021-01-21 12:30:02",1177,1174,3,0,325,322,3,0,1300,975,320,5,0,15,1,8,38,142,44,11,3,1,0,0,43,0,3,3,0,0,0,0,0,0,0,0,1,0,0,0,0,0,1,0,0,4,2
9,BRĂILA,"ȘCOALA GIMNAZIALĂ NR. 22 „RADU TUDORAN”",114,"MUNICIPIUL BRĂILA",42682,1,PROV,PRCNCT,CD,CD_SV,"2021-01-21 12:30:02",1138,1132,6,0,341,335,6,0,1250,909,338,3,0,12,0,15,55,144,30,3,2,1,0,0,55,0,1,7,1,0,0,0,1,0,1,0,0,1,1,0,0,0,0,0,0,8,0
9,BRĂILA,"ȘCOALA GIMNAZIALĂ „RADU TUDORAN”",115,"MUNICIPIUL BRĂILA",42682,1,PROV,PRCNCT,CD,CD_SV,"2021-01-21 12:30:02",1411,1403,8,0,307,299,8,0,1550,1243,303,3,1,12,1,13,54,119,22,10,2,2,0,1,46,1,3,6,1,0,0,0,1,0,0,1,0,0,0,1,0,0,0,1,0,5,1
9,BRĂILA,"ȘCOALA GIMNAZIALĂ NR. 24 „GHEORGHE NAUM”",116,"MUNICIPIUL BRĂILA",42682,1,PROV,PRCNCT,CD,CD_SV,"2021-01-21 12:30:02",1355,1347,8,0,330,322,8,0,1500,1170,320,10,0,11,0,7,40,147,28,4,0,2,2,0,66,0,1,4,1,0,0,0,1,0,0,0,0,0,0,0,0,0,0,0,0,4,2
9,BRĂILA,"ȘCOALA GIMNAZIALĂ NR. 24 „GHEORGHE NAUM”",117,"MUNICIPIUL BRĂILA",42682,1,PROV,PRCNCT,CD,CD_SV,"2021-01-21 12:30:02",1499,1489,10,0,383,373,10,0,1650,1267,376,4,3,21,1,17,58,147,29,3,0,1,2,0,75,1,0,5,0,0,0,0,3,0,0,1,2,0,0,0,0,0,0,0,0,7,3
9,BRĂILA,"ȘCOALA GIMNAZIALĂ NR. 24 „GHEORGHE NAUM”",118,"MUNICIPIUL BRĂILA",42682,1,PROV,PRCNCT,CD,CD_SV,"2021-01-21 12:30:02",1296,1287,7,2,367,358,7,2,1400,1033,363,0,4,21,2,25,37,148,42,3,5,0,3,0,51,0,5,7,0,0,1,0,1,0,0,1,0,0,0,0,0,0,0,0,0,5,6
9,BRĂILA,"ȘCOALA GIMNAZIALĂ NR. 24 „GHEORGHE NAUM”",119,"MUNICIPIUL BRĂILA",42682,2,PART,PRCNCT,CD,CD_SV,"2021-01-21 12:30:02",1459,1445,14,0,317,303,14,0,1600,1283,303,11,3,23,0,5,43,122,24,5,2,1,1,0,57,0,2,2,0,0,0,0,1,0,0,6,0,0,0,0,0,0,1,0,1,5,2
9,BRĂILA,"GRĂDINIŢA NR. 8 „SCUFIȚA ROȘIE”",120,"MUNICIPIUL BRĂILA",42682,1,PROV,PRCNCT,CD,CD_SV,"2021-01-21 12:30:02",1201,1189,12,0,364,352,12,0,1300,936,361,2,1,7,1,13,40,168,49,9,3,1,1,0,43,0,9,0,1,0,0,2,1,0,0,0,0,0,0,0,0,0,0,0,0,8,5
9,BRĂILA,"GRĂDINIŢA NR. 8 „SCUFIȚA ROȘIE”",121,"MUNICIPIUL BRĂILA",42682,2,PART,PRCNCT,CD,CD_SV,"2021-01-21 12:30:02",1186,1174,12,0,337,325,12,0,1299,962,329,7,1,13,2,14,51,152,30,3,2,1,3,0,40,0,7,1,0,1,0,0,1,0,0,1,0,0,1,0,0,1,0,0,0,5,0
9,BRĂILA,"ȘCOALA GIMNAZIALĂ NR. 11 „ION LUCA CARAGIALE”",122,"MUNICIPIUL BRĂILA",42682,2,PART,PRCNCT,CD,CD_SV,"2021-01-21 12:30:02",1189,1173,16,0,322,306,16,0,1299,977,315,3,4,17,1,20,55,114,43,2,5,0,4,0,32,0,3,1,0,0,0,0,2,0,0,0,0,1,0,0,0,0,0,0,0,14,1
9,BRĂILA,"ȘCOALA GIMNAZIALĂ NR. 11 „ION LUCA CARAGIALE”",123,"MUNICIPIUL BRĂILA",42682,1,PROV,PRCNCT,CD,CD_SV,"2021-01-21 12:30:02",1219,1210,9,0,307,298,9,0,1348,1041,302,4,1,8,0,20,52,126,37,3,3,1,0,0,32,1,6,3,0,0,0,0,3,0,0,0,0,0,1,0,1,0,0,0,0,4,1
9,BRĂILA,"ȘCOALA GIMNAZIALĂ NR. 19 „MIHAIL KOGĂLNICEANU”",124,"MUNICIPIUL BRĂILA",42682,1,PROV,PRCNCT,CD,CD_SV,"2021-01-21 12:30:02",1374,1369,5,0,367,362,5,0,1500,1133,363,2,2,16,2,15,54,160,35,4,5,0,0,0,48,0,3,5,1,0,0,2,2,0,0,0,0,1,0,0,0,0,0,0,2,7,1
9,BRĂILA,"ȘCOALA GIMNAZIALĂ NR. 19 „MIHAIL KOGĂLNICEANU”",125,"MUNICIPIUL BRĂILA",42682,1,PROV,PRCNCT,CD,CD_SV,"2021-01-21 12:30:02",1219,1213,6,0,302,296,6,0,1350,1048,299,0,3,7,0,16,31,150,26,11,0,0,0,1,37,0,3,4,0,0,0,0,3,0,0,1,0,0,0,0,0,0,0,0,0,9,0
9,BRĂILA,"ȘCOALA GIMNAZIALĂ NR. 19 „MIHAIL KOGĂLNICEANU”",126,"MUNICIPIUL BRĂILA",42682,1,PROV,PRCNCT,CD,CD_SV,"2021-01-21 12:30:02",1381,1370,8,3,347,336,8,3,1500,1153,338,8,1,11,1,18,39,134,47,9,2,0,2,1,54,0,2,2,0,1,0,1,3,1,0,0,0,0,0,0,0,0,1,1,0,5,3
9,BRĂILA,"ȘCOALA GIMNAZIALĂ NR. 19 „MIHAIL KOGĂLNICEANU”",127,"MUNICIPIUL BRĂILA",42682,1,PROV,PRCNCT,CD,CD_SV,"2021-01-21 12:30:02",1662,1655,7,0,430,423,7,0,1850,1420,419,11,0,22,1,18,57,164,44,7,7,2,1,0,68,1,3,5,0,0,1,1,5,0,0,1,0,0,0,0,0,0,0,0,0,8,3
9,BRĂILA,"ȘCOALA GIMNAZIALĂ NR. 21 „ALEXANDR SERGHEEVICI PUȘKIN”",128,"MUNICIPIUL BRĂILA",42682,1,PROV,PRCNCT,CD,CD_SV,"2021-01-21 12:30:02",1243,1235,8,0,284,276,8,0,1350,1066,269,13,2,9,2,6,34,61,36,3,1,0,0,0,37,1,4,3,0,0,0,0,69,0,0,0,0,0,0,0,0,0,0,0,0,3,0
9,BRĂILA,"ȘCOALA GIMNAZIALĂ NR. 21 „ALEXANDR SERGHEEVICI PUȘKIN”",129,"MUNICIPIUL BRĂILA",42682,1,PROV,PRCNCT,CD,CD_SV,"2021-01-21 12:30:02",1298,1292,6,0,309,303,6,0,1400,1091,301,7,1,11,2,5,37,89,32,8,5,1,3,0,36,0,1,7,0,0,0,0,61,0,0,0,0,0,0,0,0,0,1,0,0,1,1
9,BRĂILA,"ŞCOALA GIMNAZIALĂ NR. 20 „GEORGE COŞBUC”",130,"MUNICIPIUL BRĂILA",42682,1,PROV,PRCNCT,CD,CD_SV,"2021-01-21 12:30:02",1342,1332,10,0,418,408,10,0,1451,1033,410,6,2,17,1,17,71,187,45,4,7,0,1,0,32,0,4,13,1,0,0,2,2,0,0,0,0,0,0,0,0,0,0,0,0,4,2
9,BRĂILA,"ŞCOALA GIMNAZIALĂ NR. 20 „GEORGE COŞBUC”",131,"MUNICIPIUL BRĂILA",42682,2,PART,PRCNCT,CD,CD_SV,"2021-01-21 12:30:02",1164,1155,9,0,373,364,9,0,1251,878,367,4,2,18,0,19,49,187,42,8,2,0,0,0,23,0,1,4,0,1,0,0,4,0,0,0,0,0,0,0,0,0,0,0,0,8,1
9,BRĂILA,"ŞCOALA GIMNAZIALĂ NR. 20 „GEORGE COŞBUC”",132,"MUNICIPIUL BRĂILA",42682,2,PART,PRCNCT,CD,CD_SV,"2021-01-21 12:30:02",1316,1307,9,0,440,431,9,0,1449,1009,433,7,0,22,1,17,60,205,42,11,8,0,2,0,40,0,5,6,0,0,0,0,4,0,0,1,0,0,1,0,0,0,3,0,1,3,1
9,BRĂILA,"LICEUL TEHNOLOGIC „CONSTANTIN BRÂNCOVEANU”",133,"MUNICIPIUL BRĂILA",42682,2,PART,PRCNCT,CD,CD_SV,"2021-01-21 12:30:02",1052,1044,8,0,318,310,8,0,1150,832,309,7,2,20,1,11,31,154,31,2,3,2,3,0,32,0,8,2,0,0,0,1,3,0,0,0,0,0,0,0,0,0,0,0,0,0,5
9,BRĂILA,"LICEUL TEHNOLOGIC „CONSTANTIN BRÂNCOVEANU”",134,"MUNICIPIUL BRĂILA",42682,1,PROV,PRCNCT,CD,CD_SV,"2021-01-21 12:30:02",1598,1586,12,0,412,400,12,0,1747,1335,395,13,4,14,1,18,54,142,29,4,8,0,5,0,78,2,4,4,0,1,0,3,17,1,0,0,3,1,0,0,0,1,0,0,0,4,1
9,BRĂILA,"LICEUL TEHNOLOGIC „CONSTANTIN BRÂNCOVEANU”",135,"MUNICIPIUL BRĂILA",42682,1,PROV,PRCNCT,CD,CD_SV,"2021-01-21 12:30:02",1340,1333,7,0,362,355,7,0,1450,1088,359,3,0,18,1,14,57,151,49,5,3,1,1,2,29,0,4,9,0,0,0,0,9,0,0,0,0,0,0,0,0,0,2,0,0,4,0
9,BRĂILA,"LICEUL TEHNOLOGIC „CONSTANTIN BRÂNCOVEANU”",136,"MUNICIPIUL BRĂILA",42682,1,PROV,PRCNCT,CD,CD_SV,"2021-01-21 12:30:02",1177,1170,7,0,332,325,7,0,1300,968,325,7,0,14,0,10,30,177,29,7,2,2,1,1,38,0,4,1,0,1,0,0,3,0,0,0,0,0,0,0,0,0,2,0,0,2,1
9,BRĂILA,"LICEUL TEHNOLOGIC „CONSTANTIN BRÂNCOVEANU”",137,"MUNICIPIUL BRĂILA",42682,1,PROV,PRCNCT,CD,CD_SV,"2021-01-21 12:30:02",1153,1143,9,1,304,294,9,1,1250,946,293,9,2,22,1,19,25,132,29,5,2,0,10,0,36,0,1,0,0,0,0,0,0,0,0,1,0,1,0,0,0,0,0,0,0,9,0
9,BRĂILA,"ȘCOALA GIMNAZIALĂ NR. 33 „SFÂNTUL ANDREI”",138,"MUNICIPIUL BRĂILA",42682,1,PROV,PRCNCT,CD,CD_SV,"2021-01-21 12:30:02",1102,1089,13,0,342,329,13,0,1200,858,334,5,3,16,0,15,56,113,37,4,3,0,1,4,64,4,4,1,1,0,0,0,1,0,0,1,1,0,0,1,0,0,0,0,0,7,0
9,BRĂILA,"ȘCOALA GIMNAZIALĂ NR. 33 „SFÂNTUL ANDREI”",139,"MUNICIPIUL BRĂILA",42682,1,PROV,PRCNCT,CD,CD_SV,"2021-01-21 12:30:02",1401,1393,8,0,384,376,8,0,1550,1166,379,3,2,18,1,16,50,154,33,2,10,2,0,1,55,0,8,5,0,0,0,1,5,0,0,0,1,1,0,0,0,1,1,0,0,12,2
9,BRĂILA,"ȘCOALA GIMNAZIALĂ NR. 33 „SFÂNTUL ANDREI”",140,"MUNICIPIUL BRĂILA",42682,1,PROV,PRCNCT,CD,CD_SV,"2021-01-21 12:30:02",1048,1039,9,0,309,300,9,0,1200,891,301,7,1,14,1,6,41,151,33,5,4,2,1,0,30,0,1,5,0,0,0,0,2,0,0,0,0,0,0,0,0,0,0,0,1,4,0
9,BRĂILA,"CASA DE CULTURĂ FĂUREI, SALA MICĂ",141,"ORAŞ FĂUREI",42753,1,PROV,PRCNCT,CD,CD_SV,"2021-01-21 12:30:02",1379,1354,21,4,506,481,21,4,1550,1044,490,8,8,53,1,47,87,234,26,2,3,4,0,2,14,1,0,3,1,0,2,1,0,0,0,4,1,0,0,0,0,0,0,0,0,2,2
9,BRĂILA,"ŞCOALA GIMNAZIALĂ CU CLASELE I-IV FĂUREI, SALA NR.2",142,"ORAŞ FĂUREI",42753,1,PROV,PRCNCT,CD,CD_SV,"2021-01-21 12:30:02",1336,1320,15,1,510,494,15,1,1450,940,497,8,5,51,1,32,87,222,57,5,6,1,1,0,24,1,1,1,0,0,0,0,1,0,0,0,1,0,1,0,0,0,0,1,0,3,0
9,BRĂILA,"FOSTA ŞCOALA GENERALĂ NR.2 FĂUREI, SALA NR.1",143,"ORAŞ FĂUREI",42753,1,PROV,PRCNCT,CD,CD_SV,"2021-01-21 12:30:02",544,527,13,4,196,179,13,4,600,404,191,2,3,21,0,21,28,86,14,4,1,1,1,0,8,1,1,1,0,0,0,0,0,0,0,0,1,1,0,1,0,0,0,0,0,0,0
9,BRĂILA,"ȘCOALA GIMNAZIALĂ IANCA",144,"ORAŞ IANCA",43331,1,PROV,PRCNCT,CD,CD_SV,"2021-01-21 12:30:02",1047,1036,11,0,261,250,11,0,1150,889,252,6,3,12,0,8,38,137,22,3,0,0,0,0,29,0,0,1,0,0,0,0,1,0,0,0,0,0,0,0,0,0,0,0,0,1,0
9,BRĂILA,"ȘCOALA GIMNAZIALĂ IANCA",145,"ORAŞ IANCA",43331,1,PROV,PRCNCT,CD,CD_SV,"2021-01-21 12:30:02",1155,1143,10,2,312,300,10,2,1250,938,308,4,0,14,2,10,47,154,34,1,0,0,0,0,37,0,3,2,0,0,0,0,1,0,1,0,0,0,0,0,0,0,0,0,0,2,0
9,BRĂILA,"CASA DE CULTURĂ ”ION THEODORESCU SION”",146,"ORAŞ IANCA",43331,1,PROV,PRCNCT,CD,CD_SV,"2021-01-21 12:30:02",1146,1122,23,1,334,310,23,1,1302,968,330,3,1,15,0,12,42,188,27,3,0,0,0,0,33,0,2,3,0,0,0,0,1,1,0,1,0,0,0,0,0,0,0,0,1,0,1
9,BRĂILA,"LICEUL TEORETIC ”CONSTANTIN ANGELESCU”",147,"ORAŞ IANCA",43331,1,PROV,PRCNCT,CD,CD_SV,"2021-01-21 12:30:02",1060,1040,15,5,255,235,15,5,1150,895,248,2,5,14,3,3,35,135,18,4,0,0,0,0,27,0,0,1,0,0,0,0,0,0,0,1,0,0,0,1,0,0,0,0,1,4,1
9,BRĂILA,"LICEUL TEORETIC ”CONSTANTIN ANGELESCU”",148,"ORAŞ IANCA",43331,2,PART,PRCNCT,CD,CD_SV,"2021-01-21 12:30:02",972,964,8,0,301,293,8,0,1100,799,279,16,6,9,0,7,31,160,16,1,0,1,2,0,39,0,0,2,2,0,0,0,0,0,0,0,0,0,0,0,0,0,0,0,0,9,0
9,BRĂILA,"ȘCOALA GIMNAZIALĂ PLOPU",149,"ORAŞ IANCA",43331,1,PROV,PRCNCT,CD,CD_SV,"2021-01-21 12:30:02",1234,1209,25,0,363,338,25,0,1350,987,357,6,0,12,0,2,46,200,13,7,1,0,1,0,61,0,4,2,1,0,0,2,0,0,0,0,2,0,0,0,0,0,1,0,0,2,0
9,BRĂILA,"ȘCOALA PRIMARĂ OPRIȘENEȘTI",150,"ORAŞ IANCA",43331,1,PROV,PRCNCT,CD,CD_SV,"2021-01-21 12:30:02",634,622,12,0,204,192,12,0,700,496,198,3,3,6,1,5,37,88,7,3,1,0,0,0,43,0,1,1,0,0,0,0,0,0,0,0,2,0,0,0,0,0,0,0,1,2,0
9,BRĂILA,"ȘCOALA GIMNAZIALĂ PERIȘORU",151,"ORAŞ IANCA",43331,1,PROV,PRCNCT,CD,CD_SV,"2021-01-21 12:30:02",859,847,12,0,216,204,12,0,950,734,206,6,4,9,1,11,24,110,6,1,0,0,1,1,38,0,1,2,0,0,0,0,0,0,0,0,0,0,0,0,0,0,0,0,0,1,0
9,BRĂILA,"ȘCOALA PRIMARĂ TÎRLELE FILIU",152,"ORAŞ IANCA",43331,1,PROV,PRCNCT,CD,CD_SV,"2021-01-21 12:30:02",455,439,16,0,146,130,16,0,500,354,134,5,7,4,1,2,19,87,4,0,0,0,0,1,11,1,1,0,0,0,0,0,0,0,0,0,0,0,0,0,0,0,0,0,0,3,0
9,BRĂILA,"ȘCOALA PRIMARĂ BERLEȘTI",153,"ORAŞ IANCA",43331,1,PROV,PRCNCT,CD,CD_SV,"2021-01-21 12:30:02",270,259,11,0,96,85,11,0,300,204,93,1,2,4,0,2,21,47,1,1,1,0,0,1,11,0,0,2,0,0,0,0,0,0,0,0,0,1,0,0,0,0,0,0,0,1,0
9,BRĂILA,"ȘCOALA GIMNAZIALĂ ”SPIRU HARET” ÎNSURĂȚEI - LOCAȚIA 1",154,"ORAŞ ÎNSURĂŢEI",43411,1,PROV,PRCNCT,CD,CD_SV,"2021-01-21 12:30:02",1128,1118,10,0,165,155,10,0,1250,1085,155,3,7,5,1,4,17,79,14,2,0,0,2,0,27,0,1,1,0,0,0,0,0,0,0,0,1,0,0,0,1,0,0,0,0,0,0
9,BRĂILA,"ȘCOALA GIMNAZIALĂ ”SPIRU HARET” ÎNSURĂȚEI - LOCAȚIA 1",155,"ORAŞ ÎNSURĂŢEI",43411,1,PROV,PRCNCT,CD,CD_SV,"2021-01-21 12:30:02",1078,1075,3,0,226,223,3,0,1200,974,222,1,3,15,3,11,21,103,14,1,0,0,0,0,43,0,2,1,0,0,0,0,2,0,0,2,0,0,1,1,0,0,0,0,0,2,0
9,BRĂILA,"LICEUL TEHNOLOGIC ” NICOLAE TITULESCU ” ÎNSURĂȚEI - ȘCOALA ANEXĂ",156,"ORAŞ ÎNSURĂŢEI",43411,1,PROV,PRCNCT,CD,CD_SV,"2021-01-21 12:30:02",994,979,15,0,222,207,15,0,1050,828,220,1,1,21,1,26,17,99,7,0,0,0,0,7,27,0,1,6,0,0,0,2,1,1,0,0,0,0,0,0,0,0,0,0,0,4,0
9,BRĂILA,"LICEUL TEHNOLOGIC ” NICOLAE TITULESCU ” ÎNSURĂȚEI - ȘCOALA ANEXĂ",157,"ORAŞ ÎNSURĂŢEI",43411,1,PROV,PRCNCT,CD,CD_SV,"2021-01-21 12:30:02",873,859,14,0,177,163,14,0,950,773,165,9,3,16,0,6,10,89,9,3,0,1,1,5,19,0,1,2,0,0,0,0,1,0,0,0,0,1,0,0,0,0,1,0,0,0,0
9,BRĂILA,"ȘCOALA GIMNAZIALĂ ” SPIRU HARET ” ÎNSURĂȚEI - LOCAȚIA 2",158,"ORAŞ ÎNSURĂŢEI",43411,1,PROV,PRCNCT,CD,CD_SV,"2021-01-21 12:30:02",1280,1274,6,0,244,238,6,0,1400,1156,231,10,3,15,1,14,29,115,10,2,1,0,0,0,35,0,0,3,0,0,0,0,1,0,0,0,2,0,0,0,0,1,1,0,0,1,0
9,BRĂILA,"GRADINITA CU PROGRAM NORMAL",159,"ORAŞ ÎNSURĂŢEI",43411,1,PROV,PRCNCT,CD,CD_SV,"2021-01-21 12:30:02",381,370,11,0,84,73,11,0,400,316,81,2,1,4,0,4,3,51,7,2,0,0,0,0,8,0,0,1,0,0,0,0,0,0,0,0,0,1,0,0,0,0,0,0,0,0,0
9,BRĂILA,"ŞCOALA CU CLASELE I - VIII BĂRĂGANUL",160,BĂRĂGANUL,42824,1,PROV,PRCNCT,CD,CD_SV,"2021-01-21 12:30:02",1213,1203,10,0,252,242,10,0,1300,1048,246,5,1,23,0,12,43,108,19,2,3,0,1,0,23,0,1,1,0,0,0,0,0,0,0,1,0,1,0,0,0,0,0,1,0,7,0
9,BRĂILA,"SCOALA CU CLS. I - VIII BĂRĂGANUL - SALA DE CLASĂ NR. 1",161,BĂRĂGANUL,42824,1,PROV,PRCNCT,CD,CD_SV,"2021-01-21 12:30:02",1299,1275,24,0,278,254,24,0,1400,1122,271,4,3,23,3,6,42,121,11,3,1,0,3,1,42,0,2,4,0,0,0,0,1,0,0,1,0,0,0,1,0,0,0,0,1,5,0
9,BRĂILA,"CĂMINUL CULTURAL BERTEȘTII DE JOS",162,"BERTEŞTII DE JOS",42842,1,PROV,PRCNCT,CD,CD_SV,"2021-01-21 12:30:02",684,671,13,0,212,199,13,0,750,538,197,6,9,4,2,19,66,88,6,0,0,2,0,0,4,0,1,0,0,1,0,0,1,0,0,0,1,0,0,0,0,1,0,0,0,1,0
9,BRĂILA,"CĂMINUL CULTURAL SPIRU HARET",163,"BERTEŞTII DE JOS",42842,1,PROV,PRCNCT,CD,CD_SV,"2021-01-21 12:30:02",1237,1227,10,0,231,221,10,0,1350,1119,222,7,2,8,1,6,60,96,18,1,0,0,0,0,27,1,0,0,0,0,0,0,1,0,0,2,0,0,1,0,0,0,0,0,0,0,0
9,BRĂILA,"CĂMINUL CULTURAL BERTEȘTII DE SUS",164,"BERTEŞTII DE JOS",42842,1,PROV,PRCNCT,CD,CD_SV,"2021-01-21 12:30:02",283,273,10,0,78,68,10,0,300,222,75,1,2,1,1,2,20,39,0,0,0,0,0,0,10,0,0,0,0,1,0,0,1,0,0,0,0,0,0,0,0,0,0,0,0,0,0
9,BRĂILA,"SEDIU MULTIFUNCȚIONAL GURA CĂLMĂȚUI",165,"BERTEŞTII DE JOS",42842,1,PROV,PRCNCT,CD,CD_SV,"2021-01-21 12:30:02",279,258,21,0,114,93,21,0,302,188,112,1,1,1,1,1,31,50,2,0,0,0,0,0,21,0,0,2,0,0,0,0,1,0,0,0,0,0,0,0,0,1,0,0,0,1,0
9,BRĂILA,"CLĂDIRE SALA SPORT BORDEI VERDE",166,"BORDEI VERDE",42913,1,PROV,PRCNCT,CD,CD_SV,"2021-01-21 12:30:02",1143,1093,20,30,419,369,20,30,1200,781,402,9,8,10,2,13,30,276,22,3,3,2,2,1,29,1,2,1,0,0,0,0,0,0,1,2,0,1,0,0,0,0,0,1,0,0,0
9,BRĂILA,"CĂMIN CULTURAL CONSTANTIN GABRIELESCU",167,"BORDEI VERDE",42913,1,PROV,PRCNCT,CD,CD_SV,"2021-01-21 12:30:02",538,518,16,4,183,163,16,4,550,367,181,0,2,3,1,29,10,111,2,4,2,0,3,0,9,1,2,1,0,0,0,0,1,0,0,1,0,1,0,0,0,0,0,0,0,0,0
9,BRĂILA,"CĂMINUL CULTURAL LIȘCOTEANCA",168,"BORDEI VERDE",42913,1,PROV,PRCNCT,CD,CD_SV,"2021-01-21 12:30:02",446,430,15,1,183,167,15,1,450,267,174,4,5,6,1,7,13,130,3,1,0,0,1,0,11,0,0,0,0,0,0,0,0,0,0,0,0,0,0,0,0,0,0,0,0,1,0
9,BRĂILA,"ȘCOALA CU CLASELE I-IV CAZASU (SATUC)",169,CAZASU,44560,1,PROV,PRCNCT,CD,CD_SV,"2021-01-21 12:30:02",1373,1343,30,0,407,377,30,0,1450,1043,389,13,5,11,1,11,74,102,74,7,1,2,0,1,68,3,4,10,0,0,1,0,1,0,0,0,0,0,0,0,1,1,0,0,1,9,6
9,BRĂILA,"ȘCOALA GIMNAZIALĂ CAZASU",170,CAZASU,44560,1,PROV,PRCNCT,CD,CD_SV,"2021-01-21 12:30:02",1730,1709,21,0,493,472,21,0,1850,1357,476,12,5,14,0,26,103,136,55,8,4,3,2,0,84,0,1,15,2,0,0,0,1,0,0,1,0,0,0,0,0,0,0,0,0,13,8
9,BRĂILA,"SCOALA GIMNAZIALA CHISCANI - CENTRU",171,CHISCANI,42708,2,PART,PRCNCT,CD,CD_SV,"2021-01-21 12:30:02",1739,1728,11,0,340,329,11,0,1900,1560,331,8,1,40,1,17,52,135,35,1,2,1,0,0,36,0,0,2,0,0,0,1,1,0,0,0,1,0,0,0,0,0,0,0,0,4,2
9,BRĂILA,"SCOALA GIMNAZIALA- CHISCANI - CARTIER",172,CHISCANI,42708,1,PROV,PRCNCT,CD,CD_SV,"2021-01-21 12:30:02",1637,1626,11,0,327,316,11,0,1800,1473,302,18,7,8,0,18,43,146,21,5,1,1,3,1,40,0,2,3,1,0,0,0,0,0,0,0,1,2,0,0,0,0,1,1,0,4,0
9,BRĂILA,"SEDIUL SOCIAL ADMINISTRATIV AL CONSILIULUI LOCAL",173,CHISCANI,42708,1,PROV,PRCNCT,CD,CD_SV,"2021-01-21 12:30:02",1932,1876,24,32,532,476,24,32,2050,1518,512,11,9,13,0,23,86,228,65,5,0,1,4,1,66,0,3,5,1,0,0,0,0,0,0,0,3,1,1,0,0,0,1,0,1,3,1
9,BRĂILA,"CAMINUL CULTURAL CIOCILE",174,CIOCILE,42968,1,PROV,PRCNCT,CD,CD_SV,"2021-01-21 12:30:02",764,754,10,0,271,261,10,0,850,579,259,5,7,7,1,24,66,135,0,4,1,0,1,0,9,0,3,1,1,1,0,0,0,0,1,3,0,0,1,0,0,0,0,0,0,0,0
9,BRĂILA,"CAMINUL CULTURAL CIOCILE",175,CIOCILE,42968,1,PROV,PRCNCT,CD,CD_SV,"2021-01-21 12:30:02",795,783,11,1,304,292,11,1,850,546,289,9,6,4,0,11,81,158,3,6,0,1,1,0,15,1,2,2,1,1,0,0,0,0,0,1,1,0,0,0,0,0,0,0,0,0,0
9,BRĂILA,"ȘCOALA PRIMARA PRI CHICHINEȚU",176,CIOCILE,42968,1,PROV,PRCNCT,CD,CD_SV,"2021-01-21 12:30:02",437,428,8,1,149,140,8,1,450,301,143,5,1,3,2,19,34,70,0,1,0,1,1,0,6,0,2,2,0,0,0,0,0,0,0,0,0,0,0,0,0,0,1,0,0,1,0
9,BRĂILA,"ȘCOALA CU CLASELE I-VIII CIREȘU",177,CIREŞU,43019,1,PROV,PRCNCT,CD,CD_SV,"2021-01-21 12:30:02",832,721,72,39,467,356,72,39,800,333,459,3,5,0,2,8,379,42,3,5,1,0,1,0,10,0,3,0,0,1,0,0,1,0,1,0,0,0,0,0,1,0,0,0,0,1,0
9,BRĂILA,"ȘCOALA CU CLASELE I-VIII BATOGU",178,CIREŞU,43019,2,PART,PRCNCT,CD,CD_SV,"2021-01-21 12:30:02",551,517,18,16,308,274,18,16,550,242,304,1,3,4,0,0,252,29,3,0,0,0,0,0,12,0,0,0,0,0,0,0,1,0,1,0,0,0,0,0,0,0,0,1,0,1,0
9,BRĂILA,"ȘCOALA CU CLASELE I-VIII SCĂRLĂTEȘTI",179,CIREŞU,43019,1,PROV,PRCNCT,CD,CD_SV,"2021-01-21 12:30:02",700,645,27,28,309,254,27,28,697,388,298,8,3,7,0,3,235,33,1,2,0,0,0,0,13,0,1,1,0,0,0,0,0,0,0,0,0,1,0,0,1,0,0,0,0,0,0
9,BRĂILA,"ȘCOALA CU CLASELE I-VIII VULTURENI",180,CIREŞU,43019,1,PROV,PRCNCT,CD,CD_SV,"2021-01-21 12:30:02",479,421,36,22,300,242,36,22,500,200,295,5,0,4,0,4,256,13,0,3,1,2,0,0,10,0,1,0,0,0,0,0,0,0,1,0,0,0,0,0,0,0,0,0,0,0,0
9,BRĂILA,"ȘCOALA GIMNAZIALĂ DUDEȘTI",181,DUDEŞTI,43073,1,PROV,PRCNCT,CD,CD_SV,"2021-01-21 12:30:02",1298,1286,12,0,349,337,12,0,1450,1101,341,5,3,14,1,21,46,185,12,3,4,1,1,0,37,0,1,3,1,0,0,1,0,0,0,1,1,4,0,0,0,0,0,0,0,4,0
9,BRĂILA,"ȘCOALA CU CLASELE V-VIII TĂTARU",182,DUDEŞTI,43073,1,PROV,PRCNCT,CD,CD_SV,"2021-01-21 12:30:02",1101,1084,17,0,321,304,17,0,1200,879,310,6,5,31,0,13,29,193,3,2,2,1,5,0,15,0,1,8,1,1,0,0,0,0,0,0,1,0,0,0,0,0,1,0,0,3,0
9,BRĂILA,"ŞCOALA CU CLASELE I-IV TATARU",183,DUDEŞTI,43073,1,PROV,PRCNCT,CD,CD_SV,"2021-01-21 12:30:02",432,420,12,0,121,109,12,0,450,329,114,3,4,7,0,1,11,76,2,0,1,1,1,0,12,0,0,1,0,0,0,0,0,0,0,0,0,1,0,0,0,0,0,0,0,0,0
9,BRĂILA,"ȘCOALA PRIMARĂ AGAUA",184,FRECĂŢEI,43117,1,PROV,PRCNCT,CD,CD_SV,"2021-01-21 12:30:02",441,432,9,0,141,132,9,0,450,309,133,7,1,6,1,2,47,52,5,0,0,0,1,0,12,0,0,3,0,0,1,0,0,0,0,0,0,0,0,0,0,0,0,0,0,3,0
9,BRĂILA,"ȘCOALA CU CLASELE I-VIII FRECĂȚEI",185,FRECĂŢEI,43117,1,PROV,PRCNCT,CD,CD_SV,"2021-01-21 12:30:02",303,290,13,0,105,92,13,0,300,195,102,2,1,6,1,3,44,26,4,1,0,0,0,0,12,0,0,0,0,0,0,1,0,0,0,0,1,0,0,0,0,0,0,0,0,3,0
9,BRĂILA,"ȘCOALA CU CLASELE I-IV TITCOV",186,FRECĂŢEI,43117,1,PROV,PRCNCT,CD,CD_SV,"2021-01-21 12:30:02",391,384,7,0,107,100,7,0,400,293,106,0,1,1,1,5,42,34,3,1,0,1,0,0,14,0,1,0,0,0,0,0,0,0,0,1,0,0,0,0,0,0,0,0,0,2,0
9,BRĂILA,"ȘCOALA GIMNAZIALA ”TOMA TAMPEANU” GALBENU",187,GALBENU,43180,1,PROV,PRCNCT,CD,CD_SV,"2021-01-21 12:30:02",760,745,15,0,180,165,15,0,800,620,176,3,1,5,0,43,36,72,4,0,0,1,2,0,12,0,0,0,0,0,0,0,0,0,0,0,1,0,0,0,0,0,0,0,0,0,0
9,BRĂILA,"ȘCOALA GIMNAZIALĂ SĂTUC",188,GALBENU,43180,1,PROV,PRCNCT,CD,CD_SV,"2021-01-21 12:30:02",590,570,20,0,161,141,20,0,600,439,154,5,2,7,0,20,16,76,4,2,0,1,2,0,20,0,1,3,0,0,0,0,0,0,0,1,0,0,0,0,0,0,0,0,0,1,0
9,BRĂILA,"ȘCOALA GIMNAZIALĂ ZAMFIREȘTI",189,GALBENU,43180,1,PROV,PRCNCT,CD,CD_SV,"2021-01-21 12:30:02",300,287,10,3,105,92,10,3,300,195,104,1,0,3,0,36,3,51,2,2,1,1,0,0,3,0,0,1,0,0,0,0,1,0,0,0,0,0,0,0,0,0,0,0,0,0,0
9,BRĂILA,"ȘCOALA GIMNAZIALĂ DROGU",190,GALBENU,43180,1,PROV,PRCNCT,CD,CD_SV,"2021-01-21 12:30:02",680,662,18,0,176,158,18,0,750,574,172,4,0,10,1,73,8,68,1,1,0,0,1,0,7,0,1,1,0,0,0,0,0,0,0,0,0,0,0,0,0,0,0,0,0,0,0
9,BRĂILA,"ȘCOALA GIMNAZIALĂ PÂNTECANI",191,GALBENU,43180,1,PROV,PRCNCT,CD,CD_SV,"2021-01-21 12:30:02",150,137,13,0,72,59,13,0,150,78,66,5,1,3,0,16,12,24,4,1,0,0,0,0,5,0,0,0,0,0,0,0,0,0,0,0,0,0,1,0,0,0,0,0,0,0,0
9,BRĂILA,"ȘCOALA GIMNAZIALĂ CU CLASELE I-VIII",192,GEMENELE,43242,1,PROV,PRCNCT,CD,CD_SV,"2021-01-21 12:30:02",1452,1423,26,3,426,397,26,3,1600,1174,411,4,11,19,5,11,34,273,10,6,0,2,2,0,28,3,2,3,0,0,0,0,0,1,0,1,2,2,0,0,1,0,0,0,1,3,2
9,BRĂILA,"CAMIN CULTURAL GRADISTEA",193,GRĂDIŞTEA,43279,1,PROV,PRCNCT,CD,CD_SV,"2021-01-21 12:30:02",1009,1003,6,0,116,110,6,0,1100,984,110,3,3,19,1,2,28,43,5,0,0,0,2,0,5,0,0,0,0,0,0,0,0,0,0,0,0,0,0,0,0,0,1,0,0,3,1
9,BRĂILA,"CĂMIN CULTURAL SAT IBRIANU",194,GRĂDIŞTEA,43279,1,PROV,PRCNCT,CD,CD_SV,"2021-01-21 12:30:02",504,499,5,0,63,58,5,0,550,487,60,2,1,3,0,4,11,31,3,1,0,0,1,0,5,0,0,0,0,0,0,0,1,0,0,0,0,0,0,0,0,0,0,0,0,0,0
9,BRĂILA,"CĂMIN CULTURAL SAT MARALOIU",195,GRĂDIŞTEA,43279,1,PROV,PRCNCT,CD,CD_SV,"2021-01-21 12:30:02",234,220,14,0,48,34,14,0,250,202,47,1,0,5,1,1,12,18,3,1,0,0,0,0,4,0,1,0,0,0,0,0,0,0,0,0,0,0,0,0,0,0,0,0,0,0,1
9,BRĂILA,"CĂMIN CULTURAL",196,GROPENI,43313,1,PROV,PRCNCT,CD,CD_SV,"2021-01-21 12:30:02",1403,1376,27,0,379,352,27,0,1600,1221,363,10,6,8,0,6,71,185,7,6,1,1,2,0,58,1,1,5,2,0,0,0,1,0,1,1,0,2,0,0,0,0,1,0,0,1,2
9,BRĂILA,"ȘCOALA GIMNAZIALĂ GROPENI",197,GROPENI,43313,1,PROV,PRCNCT,CD,CD_SV,"2021-01-21 12:30:02",1294,1277,17,0,359,342,17,0,1450,1091,347,6,6,10,4,6,103,154,14,6,0,1,1,3,35,0,0,1,0,0,0,0,1,1,0,1,0,0,0,0,0,0,2,0,0,4,0
9,BRĂILA,"ŞCOALA GIMNAZIALĂ NR.2",198,JIRLĂU,43466,1,PROV,PRCNCT,CD,CD_SV,"2021-01-21 12:30:02",1356,1338,10,8,373,355,10,8,1500,1127,358,7,8,5,1,7,21,290,11,2,0,0,1,0,4,0,1,4,0,1,0,0,1,0,2,2,1,1,1,0,0,0,0,0,1,1,0
9,BRĂILA,"SCOALA GIMNAZIALĂ NR.1",199,JIRLĂU,43466,1,PROV,PRCNCT,CD,CD_SV,"2021-01-21 12:30:02",1109,1088,12,9,316,295,12,9,1200,884,306,9,1,6,1,7,23,238,7,2,0,0,1,1,16,2,0,0,0,0,0,0,1,0,0,1,0,0,0,0,0,0,0,0,0,0,0
9,BRĂILA,"CĂMINUL CULTURAL MĂRAȘU",200,MĂRAŞU,43493,1,PROV,PRCNCT,CD,CD_SV,"2021-01-21 12:30:02",723,709,14,0,198,184,14,0,799,601,181,9,8,7,3,7,28,98,4,5,0,0,0,0,9,0,2,8,0,0,0,0,0,0,0,0,1,1,0,0,0,0,0,0,1,7,0
9,BRĂILA,"ȘCOALA PRIMARA BĂNDOIU",201,MĂRAŞU,43493,1,PROV,PRCNCT,CD,CD_SV,"2021-01-21 12:30:02",337,330,7,0,130,123,7,0,350,220,122,4,4,2,0,7,13,76,12,2,0,1,0,0,6,0,0,1,0,0,0,0,0,1,0,0,0,0,0,0,0,0,0,0,0,1,0
9,BRĂILA,"ȘCOALA GIMNAZIALĂ ȚĂCĂU",202,MĂRAŞU,43493,1,PROV,PRCNCT,CD,CD_SV,"2021-01-21 12:30:02",552,545,7,0,122,115,7,0,599,477,114,4,4,4,2,4,35,45,5,1,0,0,1,0,11,0,0,2,0,0,0,1,1,0,1,0,1,0,0,0,0,0,0,0,0,0,0
9,BRĂILA,"CĂMINUL CULTURAL MĂGURENI",203,MĂRAŞU,43493,1,PROV,PRCNCT,CD,CD_SV,"2021-01-21 12:30:02",422,412,10,0,113,103,10,0,449,336,107,5,1,2,0,8,12,60,13,0,0,0,0,0,10,0,0,1,0,0,0,0,1,0,0,0,0,0,0,0,0,0,0,0,0,0,0
9,BRĂILA,"ȘCOALA PRIMARA PLOPI",204,MĂRAŞU,43493,1,PROV,PRCNCT,CD,CD_SV,"2021-01-21 12:30:02",140,130,10,0,43,33,10,0,150,107,42,1,0,1,0,2,6,26,3,0,0,0,0,0,4,0,0,0,0,0,0,0,0,0,0,0,0,0,0,0,0,0,0,0,0,0,0
9,BRĂILA,"ȘCOALA GENERALĂ CU CLASELE I-VIII MĂXINENI",205,MĂXINENI,43563,1,PROV,PRCNCT,CD,CD_SV,"2021-01-21 12:30:02",1199,1176,23,0,294,271,23,0,1300,1006,286,8,0,19,1,26,51,99,31,5,1,1,2,0,42,0,0,0,1,0,0,0,0,0,0,0,1,1,0,0,1,0,1,0,0,1,2
9,BRĂILA,"CĂMINUL CULTURAL CORBU NOU",206,MĂXINENI,43563,1,PROV,PRCNCT,CD,CD_SV,"2021-01-21 12:30:02",687,670,17,0,180,163,17,0,750,570,171,7,2,11,1,7,20,71,14,0,0,1,0,0,36,0,0,3,0,0,0,1,1,0,0,0,2,0,0,0,0,0,0,0,0,3,0
9,BRĂILA,"CĂMINUL CULTURAL CORBU VECHI",207,MĂXINENI,43563,1,PROV,PRCNCT,CD,CD_SV,"2021-01-21 12:30:02",232,217,15,0,70,55,15,0,250,180,70,0,0,6,0,4,9,18,16,0,0,0,0,0,13,0,0,0,0,0,0,0,1,0,1,0,0,0,0,0,0,0,0,0,1,1,0
9,BRĂILA,"CAMIN CULTURAL LATINU",208,MĂXINENI,43563,1,PROV,PRCNCT,CD,CD_SV,"2021-01-21 12:30:02",600,584,16,0,170,154,16,0,650,480,166,0,4,11,1,10,8,65,19,2,0,0,2,0,38,1,1,2,0,0,0,2,0,0,0,0,0,0,0,0,0,0,0,0,1,2,1
9,BRĂILA,"SCOALA GIMNAZIALA MIRCEA VODA, JUDEȚUL BRAILA",209,"MIRCEA VODĂ",43625,1,PROV,PRCNCT,CD,CD_SV,"2021-01-21 12:30:02",923,904,19,0,255,236,19,0,1000,745,245,5,5,13,0,1,41,131,15,1,4,2,0,0,33,0,0,2,0,0,0,0,0,0,0,0,0,0,0,0,0,0,0,0,0,1,1
9,BRĂILA,"SCOALA GIMNAZIALA MIRCEA VODA, JUDETUL BRAILA",210,"MIRCEA VODĂ",43625,1,PROV,PRCNCT,CD,CD_SV,"2021-01-21 12:30:02",1008,992,15,1,265,249,15,1,1100,835,259,3,3,4,0,11,45,127,25,3,3,0,2,1,31,0,1,1,0,0,0,0,0,0,0,0,0,0,0,0,0,0,1,0,0,3,1
9,BRĂILA,"SCOALA GIMNAZIALA SAT DEDULESTI",211,"MIRCEA VODĂ",43625,1,PROV,PRCNCT,CD,CD_SV,"2021-01-21 12:30:02",707,677,22,8,234,204,22,8,750,516,224,7,3,5,1,3,42,140,10,1,0,0,0,0,16,0,2,0,0,0,0,0,1,1,0,1,1,0,0,0,0,0,0,0,0,0,0
9,BRĂILA,"SCOALA VECHE",212,"MOVILA MIRESII",43652,1,PROV,PRCNCT,CD,CD_SV,"2021-01-21 12:30:02",1130,1109,21,0,381,360,21,0,1200,819,356,18,7,10,1,10,27,248,10,4,0,2,0,0,25,0,3,7,0,0,0,0,1,0,0,2,0,0,0,0,1,0,1,3,0,1,0
9,BRĂILA,"CAMIN CULTURAL M.MIRESII",213,"MOVILA MIRESII",43652,1,PROV,PRCNCT,CD,CD_SV,"2021-01-21 12:30:02",1200,1180,20,0,464,444,20,0,1300,836,442,12,10,7,3,32,27,298,18,1,0,0,3,1,35,2,4,4,0,0,0,0,1,0,1,1,0,1,0,0,0,0,0,1,0,2,0
9,BRĂILA,"SCOALA TEPES VODA",214,"MOVILA MIRESII",43652,1,PROV,PRCNCT,CD,CD_SV,"2021-01-21 12:30:02",775,755,20,0,241,221,20,0,850,609,227,7,7,17,1,5,19,140,6,5,1,0,2,0,26,0,0,2,0,0,0,0,1,0,0,0,0,0,0,0,0,0,1,1,0,0,0
9,BRĂILA,"SCOALA ESNA",215,"MOVILA MIRESII",43652,1,PROV,PRCNCT,CD,CD_SV,"2021-01-21 12:30:02",270,259,11,0,107,96,11,0,300,193,99,6,2,9,2,5,4,63,2,2,0,0,1,0,8,0,0,0,0,1,0,0,1,0,0,0,0,0,0,0,0,0,1,0,0,0,0
9,BRĂILA,"CĂMINUL CULTURAL RACOVIȚA",216,RACOVIŢA,43698,1,PROV,PRCNCT,CD,CD_SV,"2021-01-21 12:30:02",760,735,18,7,236,211,18,7,800,564,225,6,5,10,0,76,15,91,3,3,0,0,3,0,11,1,1,1,0,0,0,0,0,0,1,0,0,0,0,0,0,0,0,0,0,8,1
9,BRĂILA,"SALĂ FESTIVITĂȚI CORBENI ( FOST CAMIN CULTURAL SAT CORBENI)",217,RACOVIŢA,43698,1,PROV,PRCNCT,CD,CD_SV,"2021-01-21 12:30:02",121,102,19,0,50,31,19,0,150,100,50,0,0,1,0,17,4,18,1,0,0,0,0,0,6,0,1,0,0,0,0,0,1,0,0,0,0,1,0,0,0,0,0,0,0,0,0
9,BRĂILA,"ȘCOALA GIMNAZIALĂ RÎMNICELU",218,RÂMNICELU,43732,1,PROV,PRCNCT,CD,CD_SV,"2021-01-21 12:30:02",1118,1100,18,0,249,231,18,0,1200,951,238,9,2,10,2,11,19,132,7,1,1,0,1,0,41,0,2,6,1,0,0,0,1,0,0,1,0,0,0,0,0,0,0,0,0,1,1
9,BRĂILA,"ȘCOALA PRIMARĂ CONSTANTINEȘTI",219,RÂMNICELU,43732,1,PROV,PRCNCT,CD,CD_SV,"2021-01-21 12:30:02",280,261,19,0,83,64,19,0,300,217,80,1,2,5,3,5,8,51,1,0,0,0,0,0,6,0,0,0,0,0,0,0,1,0,0,0,0,0,0,0,0,0,0,0,0,0,0
9,BRĂILA,"ȘCOALA PRIMARĂ MIHAIL KOGĂLNICEANU",220,RÂMNICELU,43732,1,PROV,PRCNCT,CD,CD_SV,"2021-01-21 12:30:02",217,203,14,0,81,67,14,0,250,169,78,2,1,4,1,8,14,25,1,2,0,0,2,0,19,0,0,0,0,0,1,0,1,0,0,0,0,0,0,0,0,0,0,0,0,0,0
9,BRĂILA,"ȘCOALA GIMNAZIALA ROMANU",221,ROMANU,43787,2,PART,PRCNCT,CD,CD_SV,"2021-01-21 12:30:02",1146,1126,20,0,293,273,20,0,1250,957,277,11,5,10,2,2,35,144,22,6,0,0,1,0,37,0,1,1,0,0,0,0,1,0,0,0,0,0,0,0,0,0,1,0,0,1,13
9,BRĂILA,"ȘCOALA GIMNAZIALA OANCEA",222,ROMANU,43787,1,PROV,PRCNCT,CD,CD_SV,"2021-01-21 12:30:02",336,318,18,0,95,77,18,0,350,255,94,0,1,4,0,11,15,33,2,1,0,0,0,0,10,0,0,0,0,0,0,0,0,0,0,0,0,0,0,0,0,0,0,0,0,3,15
9,BRĂILA,"CASA DE CULTURĂ ROȘIORI",223,ROŞIORI,43812,1,PROV,PRCNCT,CD,CD_SV,"2021-01-21 12:30:02",1211,1195,16,0,260,244,16,0,1350,1090,251,6,3,49,0,6,24,134,16,2,0,0,1,0,9,0,0,8,0,0,0,0,0,0,0,0,0,0,0,0,0,0,0,0,1,1,0
9,BRĂILA,"ȘCOALA CU CLASELE I-VIII COLȚEA",224,ROŞIORI,43812,2,PART,PRCNCT,CD,CD_SV,"2021-01-21 12:30:02",843,827,16,0,194,178,16,0,900,706,185,8,1,34,2,7,28,92,4,1,0,1,1,0,12,1,0,1,0,0,0,0,0,0,0,0,0,0,1,0,0,0,0,0,0,0,0
9,BRĂILA,"CĂMINUL CULTURAL SALCIA TUDOR",225,"SALCIA TUDOR",43867,1,PROV,PRCNCT,CD,CD_SV,"2021-01-21 12:30:02",591,580,11,0,182,171,11,0,650,468,172,7,3,8,1,9,63,46,5,0,0,0,4,0,31,1,1,0,0,1,0,0,0,0,1,0,0,0,0,0,0,0,0,0,1,0,0
9,BRĂILA,"ȘCOALA GIMNAZIALĂ CUZA VODĂ",226,"SALCIA TUDOR",43867,1,PROV,PRCNCT,CD,CD_SV,"2021-01-21 12:30:02",695,681,14,0,162,148,14,0,750,588,152,5,5,5,0,8,28,72,10,2,1,1,1,0,13,0,0,2,0,0,0,0,0,1,0,0,0,2,0,0,1,0,0,0,1,1,3
9,BRĂILA,"GRĂDINIŢA CU PROGRAM NORMAL GULIANCA",227,"SALCIA TUDOR",43867,1,PROV,PRCNCT,CD,CD_SV,"2021-01-21 12:30:02",337,327,10,0,92,82,10,0,350,258,88,1,3,9,1,4,16,28,8,8,0,0,0,0,12,0,0,1,0,0,0,0,0,0,0,0,1,0,0,0,0,0,0,0,0,0,0
9,BRĂILA,"CĂMINUL CULTURAL OLĂNEASCA",228,"SALCIA TUDOR",43867,2,PART,PRCNCT,CD,CD_SV,"2021-01-21 12:30:02",350,335,15,0,96,81,15,0,350,254,88,3,5,7,1,5,17,34,5,1,0,1,0,0,14,0,0,0,0,0,0,0,1,0,0,0,0,0,0,0,0,0,0,0,0,0,2
9,BRĂILA,"CĂMINUL CULTURAL ARICIU",229,"SALCIA TUDOR",43867,1,PROV,PRCNCT,CD,CD_SV,"2021-01-21 12:30:02",137,128,9,0,46,37,9,0,150,104,40,3,3,1,0,5,9,9,4,1,0,0,0,0,4,2,0,1,0,2,0,0,0,0,0,0,0,0,0,1,0,0,1,0,0,0,0
9,BRĂILA,"ȘCOALA GIMNAZIALĂ SCORȚARU NOU",230,"SCORŢARU NOU",43929,1,PROV,PRCNCT,CD,CD_SV,"2021-01-21 12:30:02",697,671,26,0,211,185,26,0,751,540,201,7,3,20,0,17,50,53,13,1,3,2,0,0,29,2,0,0,0,0,0,0,0,0,1,1,2,0,0,0,0,0,2,0,0,4,1
9,BRĂILA,"GRĂDINIȚA CU PROGRAM NORMAL SIHLEANU",231,"SCORŢARU NOU",43929,2,PART,PRCNCT,CD,CD_SV,"2021-01-21 12:30:02",398,378,20,0,139,119,20,0,400,261,135,2,2,6,1,5,29,55,5,0,0,1,0,0,27,0,0,1,1,0,0,0,0,0,0,0,1,1,0,0,1,0,0,0,1,0,0
9,BRĂILA,"CĂMINUL CULTURAL SILIȘTEA",232,SILIŞTEA,43992,1,PROV,PRCNCT,CD,CD_SV,"2021-01-21 12:30:02",762,736,26,0,247,221,26,0,800,553,240,5,2,3,0,15,17,139,4,1,0,0,0,0,46,0,2,0,0,0,0,0,2,1,0,1,4,1,0,0,0,0,1,0,0,1,2
9,BRĂILA,"ȘCOALA PRIMARĂ MUCHEA",233,SILIŞTEA,43992,1,PROV,PRCNCT,CD,CD_SV,"2021-01-21 12:30:02",390,354,36,0,199,163,36,0,400,201,191,4,4,3,0,2,24,119,3,2,0,0,1,0,35,1,1,0,0,0,0,0,0,0,0,0,0,0,0,0,0,0,0,0,0,0,0
9,BRĂILA,"SALĂ FESTIVITĂȚI",234,SILIŞTEA,43992,1,PROV,PRCNCT,CD,CD_SV,"2021-01-21 12:30:02",144,106,38,0,80,42,38,0,150,70,78,1,1,8,2,5,8,46,1,1,0,0,0,0,4,0,1,1,0,0,0,0,0,0,0,0,0,0,0,0,0,0,0,0,0,0,1
9,BRĂILA,"GRĂDINIŢA CU PROGRAM NORMAL COTU-LUNG",235,SILIŞTEA,43992,1,PROV,PRCNCT,CD,CD_SV,"2021-01-21 12:30:02",285,263,22,0,124,102,22,0,300,176,120,4,0,9,1,1,17,69,1,2,0,1,0,0,16,0,0,0,0,0,0,0,1,0,0,1,0,0,0,0,0,0,0,0,0,0,1
9,BRĂILA,"ȘCOALA GIMNAZIALA STĂNCUȚA",236,STĂNCUŢA,44060,1,PROV,PRCNCT,CD,CD_SV,"2021-01-21 12:30:02",1261,1245,16,0,395,379,16,0,1350,955,378,14,3,5,0,21,37,264,6,4,0,0,1,0,30,0,0,2,0,0,0,0,0,1,0,0,1,0,0,0,0,0,0,0,0,6,0
9,BRĂILA,"CĂMINUL CULTURAL CUZA VODĂ",237,STĂNCUŢA,44060,1,PROV,PRCNCT,CD,CD_SV,"2021-01-21 12:30:02",1212,1201,11,0,324,313,11,0,1300,976,296,12,16,3,0,6,49,190,6,1,0,0,0,0,31,0,1,5,0,0,0,0,0,0,0,1,1,0,0,0,0,0,0,0,0,2,0
9,BRĂILA,"ȘCOALA STANCA",238,STĂNCUŢA,44060,1,PROV,PRCNCT,CD,CD_SV,"2021-01-21 12:30:02",378,352,26,0,122,96,26,0,400,278,118,1,3,3,0,3,19,71,4,3,0,0,1,0,5,0,0,6,0,0,0,1,0,0,0,0,0,0,0,0,0,0,0,0,0,2,0
9,BRĂILA,"CĂMINUL CULTURAL SURDILA GĂISEANCA",239,SURDILA-GĂISEANCA,44113,1,PROV,PRCNCT,CD,CD_SV,"2021-01-21 12:30:02",1334,1288,40,6,686,640,40,6,1450,764,660,15,11,12,0,7,342,176,23,5,0,0,4,1,77,0,2,6,1,0,0,0,1,0,0,0,0,0,0,0,0,2,0,0,0,0,1
9,BRĂILA,"FOSTA ȘCOALA GIMNAZIALA FILIPESTI",240,SURDILA-GĂISEANCA,44113,1,PROV,PRCNCT,CD,CD_SV,"2021-01-21 12:30:02",683,634,49,0,283,234,49,0,705,422,273,7,3,13,0,8,141,56,17,2,1,0,0,0,28,0,2,2,1,0,0,1,0,1,0,0,0,0,0,0,0,0,0,0,0,0,0
9,BRĂILA,"ȘCOALA CU CLASELE I-VIII SURDILA GRECI",241,SURDILA-GRECI,42771,3,PART,PRCNCT,CD,CD_SV,"2021-01-21 12:30:02",577,547,30,0,213,183,30,0,650,437,203,8,2,16,0,10,62,60,17,1,1,1,0,1,15,0,2,0,0,0,0,2,1,0,0,0,1,1,0,0,0,0,0,0,0,11,1
9,BRĂILA,"ȘCOALA CU CLASELE I-IV FĂUREI - SAT",242,SURDILA-GRECI,42771,1,PROV,PRCNCT,CD,CD_SV,"2021-01-21 12:30:02",296,286,10,0,95,85,10,0,300,205,91,4,0,4,1,5,32,26,4,1,0,1,0,0,6,0,0,0,0,0,0,0,0,0,0,0,1,0,0,0,0,0,0,1,0,9,0
9,BRĂILA,"ȘCOALA CU CLASELE I-IV HORIA",243,SURDILA-GRECI,42771,1,PROV,PRCNCT,CD,CD_SV,"2021-01-21 12:30:02",330,314,16,0,132,116,16,0,347,215,126,4,2,7,0,3,57,24,7,0,1,2,0,0,5,0,0,3,0,0,0,0,1,0,0,0,1,0,0,0,0,0,0,0,0,13,2
9,BRĂILA,"CĂMINUL CULTURAL ŞUŢEŞTI",244,ŞUŢEŞTI,44140,2,PART,PRCNCT,CD,CD_SV,"2021-01-21 12:30:02",1090,1066,24,0,295,271,24,0,1200,905,283,7,5,5,1,6,24,182,15,4,1,0,2,2,27,0,1,2,0,0,0,1,1,1,0,5,1,0,0,0,0,0,1,1,0,0,0
9,BRĂILA,"ŞCOALA GIMNAZIALĂ ŞUŢEŞTI (ŞCOALA DE ARTE ŞI MESERII)",245,ŞUŢEŞTI,44140,1,PROV,PRCNCT,CD,CD_SV,"2021-01-21 12:30:02",1228,1219,9,0,339,330,9,0,1350,1011,312,21,6,8,1,11,34,199,12,0,1,1,1,0,30,0,1,3,0,0,0,1,0,1,0,6,1,0,0,0,0,0,0,0,1,0,0
9,BRĂILA,"ŞCOALA GIMNAZIALĂ ŞUŢEŞTI (ŞCOALA DE ARTE ŞI MESERII)",246,ŞUŢEŞTI,44140,1,PROV,PRCNCT,CD,CD_SV,"2021-01-21 12:30:02",942,934,8,0,246,238,8,0,1000,754,229,12,5,3,0,7,32,136,20,2,1,0,1,2,17,0,0,1,0,0,0,0,1,0,0,3,0,0,0,0,0,0,1,0,0,1,1
9,BRĂILA,"GRĂDINIȚA 25 LOCURI",247,ŞUŢEŞTI,44140,1,PROV,PRCNCT,CD,CD_SV,"2021-01-21 12:30:02",310,291,19,0,111,92,19,0,350,239,105,5,1,3,1,5,5,62,7,1,0,0,0,0,17,0,0,2,0,0,0,1,1,0,0,0,0,0,0,0,0,0,0,0,0,0,0
9,BRĂILA,"SCOALA GIMNAZIALA TICHILESTI",248,TICHILEŞTI,44177,1,PROV,PRCNCT,CD,CD_SV,"2021-01-21 12:30:02",1431,1407,18,6,364,340,18,6,1550,1186,344,6,14,19,0,9,90,111,32,2,0,0,1,0,65,0,2,1,0,0,0,1,1,0,1,1,0,0,0,0,0,0,0,1,0,6,1
9,BRĂILA,"SCOALA GIMNAZIALA TICHILESTI",249,TICHILEŞTI,44177,1,PROV,PRCNCT,CD,CD_SV,"2021-01-21 12:30:02",1382,1366,14,2,279,263,14,2,1500,1221,268,8,3,12,0,4,85,106,19,1,0,1,1,0,29,0,0,5,0,0,0,0,1,0,0,1,0,0,0,0,0,0,1,0,0,2,0
9,BRĂILA,"SCOALA PRIMARA ALBINA",250,TICHILEŞTI,44177,1,PROV,PRCNCT,CD,CD_SV,"2021-01-21 12:30:02",282,255,27,0,97,70,27,0,300,203,95,1,1,3,0,3,29,32,5,2,0,0,0,0,14,0,0,2,0,0,0,2,1,0,0,0,0,0,0,0,0,0,1,0,0,1,0
9,BRĂILA,"ȘCOALA CU CLASELE I-VIII TRAIAN",251,TRAIAN,44202,1,PROV,PRCNCT,CD,CD_SV,"2021-01-21 12:30:02",934,904,30,0,302,272,30,0,1000,698,297,3,2,8,0,5,21,195,21,12,1,0,2,0,25,0,1,1,0,0,1,1,0,0,0,0,0,0,0,0,0,0,0,1,0,2,0
9,BRĂILA,"GRĂDINIȚA SILISTRARU",252,TRAIAN,44202,1,PROV,PRCNCT,CD,CD_SV,"2021-01-21 12:30:02",628,602,26,0,200,174,26,0,650,450,192,7,1,6,1,7,18,135,4,8,1,0,0,0,6,2,0,4,0,0,0,0,0,0,0,0,0,0,0,0,0,0,0,0,0,0,0
9,BRĂILA,"GRĂDINIȚA URLEASCA",253,TRAIAN,44202,1,PROV,PRCNCT,CD,CD_SV,"2021-01-21 12:30:02",1001,991,10,0,222,212,10,0,1101,879,217,2,3,5,2,14,22,114,4,3,0,1,0,0,39,0,1,5,0,0,1,1,1,0,0,0,0,0,1,1,1,0,0,0,1,0,0
9,BRĂILA,"FOSTA ȘCOALĂ CĂLDĂRUȘA",254,TRAIAN,44202,1,PROV,PRCNCT,CD,CD_SV,"2021-01-21 12:30:02",165,156,9,0,73,64,9,0,200,127,72,0,1,1,0,4,7,35,3,1,0,1,1,0,15,0,0,2,0,0,0,0,1,0,0,0,1,0,0,0,0,0,0,0,0,0,0
9,BRĂILA,"ȘCOALA GIMNAZIALĂ TUDOR VLADIMIRESCU",255,"TUDOR VLADIMIRESCU",44257,1,PROV,PRCNCT,CD,CD_SV,"2021-01-21 12:30:02",843,800,43,0,260,217,43,0,899,639,252,8,0,33,1,9,42,93,36,2,0,1,2,0,25,0,0,1,0,0,0,1,1,0,0,1,1,2,0,0,0,0,0,0,0,1,0
9,BRĂILA,"CĂMINUL CULTURAL SCORȚARU VECHI",256,"TUDOR VLADIMIRESCU",44257,1,PROV,PRCNCT,CD,CD_SV,"2021-01-21 12:30:02",778,745,31,2,319,286,31,2,850,531,311,4,4,17,2,6,29,184,30,2,1,1,4,0,24,1,3,2,0,0,0,0,1,1,0,0,0,1,1,0,0,0,0,0,0,1,0
9,BRĂILA,"CĂMINUL CULTURAL COMĂNEASCA",257,"TUDOR VLADIMIRESCU",44257,1,PROV,PRCNCT,CD,CD_SV,"2021-01-21 12:30:02",192,173,19,0,84,65,19,0,200,116,82,1,1,3,1,0,6,44,19,0,0,0,2,0,3,0,1,0,1,0,0,0,0,0,0,0,1,0,0,0,0,0,0,0,0,1,0
9,BRĂILA,"SCOALA PETRE CARP TUFESTI",258,TUFEŞTI,44300,1,PROV,PRCNCT,CD,CD_SV,"2021-01-21 12:30:02",863,851,12,0,186,174,12,0,950,764,182,4,0,2,0,7,24,103,7,1,2,0,1,0,32,0,0,0,0,0,0,0,1,0,0,0,0,0,0,0,0,0,0,0,0,2,0
9,BRĂILA,"CLADIREA FOSTEI GRADINITE TUFESTI",259,TUFEŞTI,44300,1,PROV,PRCNCT,CD,CD_SV,"2021-01-21 12:30:02",880,863,17,0,210,193,17,0,950,740,205,2,3,12,2,9,34,110,3,2,0,0,0,0,25,3,1,1,0,0,0,0,1,0,0,0,0,1,0,0,0,0,0,0,0,1,0
9,BRĂILA,"CAMIN CULTURAL DIN FOSTUL SAT TIBANESTI",260,TUFEŞTI,44300,1,PROV,PRCNCT,CD,CD_SV,"2021-01-21 12:30:02",1112,1085,27,0,305,278,27,0,1200,895,300,3,2,15,2,7,90,137,11,10,1,0,1,0,16,0,1,1,0,1,0,1,1,0,0,0,2,0,0,0,0,0,0,0,0,3,0
9,BRĂILA,"SCOALA PETRE CARP DIN FOSTUL SAT TIBANESTI",261,TUFEŞTI,44300,2,PART,PRCNCT,CD,CD_SV,"2021-01-21 12:30:02",1342,1324,18,0,322,304,18,0,1450,1128,312,5,5,7,0,5,53,179,11,1,4,0,3,1,30,1,2,10,0,0,0,0,1,0,1,0,0,0,0,0,0,0,0,0,1,2,0
9,BRĂILA,"CAMINUL CULTURAL ULMU",262,ULMU,44328,1,PROV,PRCNCT,CD,CD_SV,"2021-01-21 12:30:02",1209,1153,56,0,649,593,56,0,1350,701,629,8,12,6,1,11,433,133,10,4,3,1,0,0,14,0,1,3,1,0,0,0,1,0,0,1,1,0,0,0,0,0,0,0,1,3,1
9,BRĂILA,"CAMINUL CULTURAL MOHREANU",263,ULMU,44328,1,PROV,PRCNCT,CD,CD_SV,"2021-01-21 12:30:02",988,968,20,0,436,416,20,0,1050,614,419,8,9,12,2,4,223,131,6,3,0,1,0,0,25,0,0,1,0,0,0,0,0,1,0,1,0,1,0,3,0,0,1,0,2,2,0
9,BRĂILA,"CAMINUL CULTURAL JUGUREANU",264,ULMU,44328,1,PROV,PRCNCT,CD,CD_SV,"2021-01-21 12:30:02",795,773,22,0,371,349,22,0,850,479,343,13,15,10,0,0,264,52,1,1,0,2,2,0,1,0,0,2,0,0,0,0,0,1,0,2,0,2,0,0,0,0,0,1,1,1,0
9,BRĂILA,"CĂMIN CULTURAL",265,UNIREA,44355,1,PROV,PRCNCT,CD,CD_SV,"2021-01-21 12:30:02",880,846,29,5,301,267,29,5,953,652,294,3,4,10,2,4,25,204,13,0,1,0,2,0,15,3,0,1,0,0,0,1,1,0,0,0,2,0,0,1,0,0,0,0,0,9,0
9,BRĂILA,"CĂMIN CULTURAL",266,UNIREA,44355,1,PROV,PRCNCT,CD,CD_SV,"2021-01-21 12:30:02",1075,1046,29,0,262,233,29,0,1150,888,250,9,3,7,0,6,35,112,30,5,0,0,0,0,31,0,1,2,0,0,1,0,1,0,2,2,1,0,0,0,0,0,0,1,2,11,0
9,BRĂILA,"SCOALA GIMNAZIALA CU CLASELE I-VIII VADENI -SALA A",267,VĂDENI,44391,1,PROV,PRCNCT,CD,CD_SV,"2021-01-21 12:30:02",956,947,9,0,218,209,9,0,1050,832,211,5,2,6,1,15,20,95,19,3,1,1,2,0,36,0,0,5,0,0,1,0,1,0,0,2,1,1,0,1,0,0,0,0,0,0,0
9,BRĂILA,"SCOALA GIMNAZIALA CU CLASELE I-VIII-VADENI-SALA B",268,VĂDENI,44391,1,PROV,PRCNCT,CD,CD_SV,"2021-01-21 12:30:02",980,967,10,3,237,224,10,3,1050,813,227,8,2,6,3,12,22,104,22,3,2,0,1,0,44,0,0,6,1,0,0,0,1,0,0,0,0,0,0,0,0,0,0,0,0,0,0
9,BRĂILA,"SCOALA GIMNAZIALA CU CLASELE I-VIII BALDOVINESTI",269,VĂDENI,44391,1,PROV,PRCNCT,CD,CD_SV,"2021-01-21 12:30:02",982,961,20,1,257,236,20,1,1050,793,253,1,3,13,0,16,29,123,21,4,0,2,1,0,33,1,2,4,0,0,0,0,1,0,0,0,0,0,0,0,0,0,0,0,0,2,1
9,BRĂILA,"SCOALA CU CLASELE I-IV PIETROIU",270,VĂDENI,44391,1,PROV,PRCNCT,CD,CD_SV,"2021-01-21 12:30:02",452,434,18,0,139,121,18,0,500,361,134,2,3,9,0,4,19,64,10,2,0,0,0,0,21,0,1,1,0,0,0,0,2,0,0,0,1,0,0,0,0,0,0,0,0,0,0
9,BRĂILA,"SCOALA GIMNAZIALA VICTORIA",271,VICTORIA,44435,1,PROV,PRCNCT,CD,CD_SV,"2021-01-21 12:30:02",884,876,8,0,245,237,8,0,950,705,235,9,1,6,0,16,54,132,6,1,0,0,2,0,16,0,0,1,0,0,0,0,0,0,0,0,0,0,0,0,0,0,1,0,0,0,0
9,BRĂILA,"SCOALA GIMNAZIALA VICTORIA",272,VICTORIA,44435,1,PROV,PRCNCT,CD,CD_SV,"2021-01-21 12:30:02",817,812,5,0,272,267,5,0,900,628,258,6,8,11,0,14,45,131,13,3,3,1,4,0,16,1,1,2,0,0,0,0,2,1,0,0,0,1,0,0,1,1,1,0,2,3,1
9,BRĂILA,"SCOALA GIMNAZIALA VICTORIA STRUCTURA SCOLARA GIMNAZIALA MIHAI BRAVU",273,VICTORIA,44435,3,PART,PRCNCT,CD,CD_SV,"2021-01-21 12:30:02",1218,1209,9,0,304,295,9,0,1350,1046,299,3,2,8,2,3,20,207,15,2,0,0,2,0,35,0,1,3,0,0,0,0,1,0,0,0,0,0,0,0,0,0,0,0,0,0,0
9,BRĂILA,"ȘCOALA GIMNAZIALĂ VIȘANI",274,VIŞANI,44462,1,PROV,PRCNCT,CD,CD_SV,"2021-01-21 12:30:02",1412,1394,18,0,492,474,18,0,1550,1058,473,11,8,11,1,25,39,339,20,2,3,0,1,0,23,0,3,2,1,0,0,0,0,0,1,0,0,0,1,0,0,0,0,0,0,0,1
9,BRĂILA,"ȘCOALA PRIMARĂ CÂINENI-BĂI",275,VIŞANI,44462,1,PROV,PRCNCT,CD,CD_SV,"2021-01-21 12:30:02",472,463,9,0,118,109,9,0,500,382,115,1,2,6,0,8,18,81,0,0,0,1,0,0,1,0,0,0,0,0,0,0,0,0,0,0,0,0,0,0,0,0,0,0,0,0,0
9,BRĂILA,"SCOALA CU CLASELE I-VIII VIZIRU",276,VIZIRU,44505,1,PROV,PRCNCT,CD,CD_SV,"2021-01-21 12:30:02",1463,1432,31,0,332,301,31,0,1600,1268,324,6,2,17,1,60,28,137,9,6,1,0,1,1,42,2,0,4,0,0,0,0,0,0,0,2,0,0,0,0,0,0,0,0,0,11,2
9,BRĂILA,"CENTRU EDUCATIONAL VIZIRU",277,VIZIRU,44505,2,PART,PRCNCT,CD,CD_SV,"2021-01-21 12:30:02",1704,1678,26,0,387,361,26,0,1850,1463,369,12,6,12,1,45,32,194,9,3,3,2,1,4,52,0,0,2,0,0,0,0,0,0,0,1,1,3,0,0,0,0,0,0,0,4,0
9,BRĂILA,"ȘCOALA LANURILE",278,VIZIRU,44505,2,PART,PRCNCT,CD,CD_SV,"2021-01-21 12:30:02",910,887,23,0,229,206,23,0,1000,771,208,15,6,29,1,18,19,77,15,1,2,0,0,0,35,0,0,3,0,0,0,2,1,1,0,1,1,1,0,0,0,0,0,0,1,0,0
9,BRĂILA,"ȘCOALA LANURILE",279,VIZIRU,44505,1,PROV,PRCNCT,CD,CD_SV,"2021-01-21 12:30:02",914,907,7,0,249,242,7,0,1000,751,234,11,4,39,0,15,30,96,18,2,0,0,3,4,17,0,0,1,0,0,0,1,1,0,1,1,1,0,2,0,1,0,0,0,0,1,0
9,BRĂILA,"CAMIN CULTURAL ZAVOAIA",280,ZĂVOAIA,44532,1,PROV,PRCNCT,CD,CD_SV,"2021-01-21 12:30:02",980,950,30,0,285,255,30,0,1050,765,270,6,9,8,0,7,90,120,3,1,0,1,3,0,31,0,2,3,0,0,0,0,0,0,0,0,1,0,0,0,0,0,0,0,0,0,0
9,BRĂILA,"CĂMINUL CULTURAL ZĂVOAIA",281,ZĂVOAIA,44532,1,PROV,PRCNCT,CD,CD_SV,"2021-01-21 12:30:02",897,887,10,0,291,281,10,0,1000,709,269,15,7,10,1,2,90,106,6,3,0,0,1,0,29,0,1,9,0,1,0,2,3,2,0,0,0,0,1,0,0,0,0,0,0,2,0
9,BRĂILA,"CĂMINUL CULTURAL DUDESCU",282,ZĂVOAIA,44532,1,PROV,PRCNCT,CD,CD_SV,"2021-01-21 12:30:02",646,612,34,0,303,269,34,0,650,347,296,6,1,8,0,32,126,69,8,2,2,1,3,1,31,1,2,3,0,0,1,0,0,0,1,1,2,0,0,0,1,0,0,0,1,0,0
