precinct_county_nce,precinct_county_name,precinct_name,precinct_nr,uat_name,uat_siruta,report_version,report_stage_code,report_type_scope_code,report_type_category_code,report_type_code,created_at,a,a1,a2,a3,b,b1,b2,b3,c,d,e,f,g,"UNIUNEA DEMOCRATĂ MAGHIARĂ DIN ROMÂNIA-voturi","PARTIDUL NAȚIONAL LIBERAL-voturi","ALIANȚA USR PLUS-voturi","PARTIDUL PRO ROMÂNIA-voturi","PARTIDUL MIȘCAREA POPULARĂ-voturi","PARTIDUL SOCIAL DEMOCRAT-voturi","PARTIDUL NOUA ROMÂNIE-voturi","PARTIDUL ROMÂNIA MARE-voturi","ALIANȚA PENTRU UNIREA ROMÂNILOR-voturi","UNIUNEA SÂRBILOR DIN ROMÂNIA-voturi","UNIUNEA ELENĂ DIN ROMÂNIA-voturi","UNIUNEA ARMENILOR DIN ROMÂNIA-voturi","ASOCIAȚIA ITALIENILOR DIN ROMÂNIA – RO.AS.IT.-voturi","FEDERAȚIA COMUNITĂȚILOR EVREIEȘTI DIN ROMÂNIA-voturi","UNIUNEA CULTURALĂ A RUTENILOR DIN ROMÂNIA-voturi","ASOCIAȚIA LIGA ALBANEZILOR DIN ROMÂNIA-voturi","UNIUNEA CROAȚILOR DIN ROMÂNIA-voturi","FORUMUL DEMOCRAT AL GERMANILOR DIN ROMÂNIA-voturi","COMUNITATEA RUȘILOR LIPOVENI DIN ROMÂNIA-voturi","UNIUNEA BULGARĂ DIN BANAT-ROMÂNIA-voturi","UNIUNEA DEMOCRATICĂ A SLOVACILOR ȘI CEHILOR DIN ROMÂNIA-voturi","UNIUNEA POLONEZILOR DIN ROMÂNIA-voturi","UNIUNEA UCRAINENILOR DIN ROMÂNIA-voturi","ASOCIAȚIA MACEDONENILOR DIN ROMÂNIA-voturi","UNIUNEA DEMOCRATĂ TURCĂ DIN ROMÂNIA-voturi","ASOCIAȚIA PARTIDA ROMILOR “PRO-EUROPA”-voturi"
10,BUZĂU,"ŞCOALA GIMNAZIALĂ ”EP.DIONISIE ROMANO”",1,"MUNICIPIUL BUZĂU",44818,1,PROV,PRCNCT,CD,CD_SV,"2021-01-21 12:30:02",1521,1488,31,2,548,515,31,2,1635,1087,543,4,1,0,113,92,21,21,238,0,2,50,0,0,0,0,2,1,0,1,1,0,0,0,0,0,0,0,1
10,BUZĂU,"ŞCOALA GIMNAZIALĂ NR.11",2,"MUNICIPIUL BUZĂU",44818,1,PROV,PRCNCT,CD,CD_SV,"2021-01-21 12:30:02",1367,1346,21,0,399,378,21,0,1480,1081,396,3,0,1,79,75,18,11,174,2,2,29,1,0,0,0,0,0,2,0,0,0,0,1,0,0,1,0,0
10,BUZĂU,"ŞCOALA GIMNAZIALĂ NR.11",3,"MUNICIPIUL BUZĂU",44818,1,PROV,PRCNCT,CD,CD_SV,"2021-01-21 12:30:02",1580,1568,9,3,536,524,9,3,1720,1184,524,8,4,0,93,120,20,14,242,0,4,26,1,0,1,0,0,0,0,0,0,0,0,1,0,0,0,0,2
10,BUZĂU,"ŞCOALA GIMNAZIALĂ NR.11",4,"MUNICIPIUL BUZĂU",44818,1,PROV,PRCNCT,CD,CD_SV,"2021-01-21 12:30:02",1654,1627,27,0,555,528,27,0,1790,1235,548,6,1,2,89,100,28,16,245,0,2,59,0,1,1,1,0,0,0,0,0,1,0,1,1,0,1,0,0
10,BUZĂU,"ŞCOALA GIMNAZIALĂ NR.11",5,"MUNICIPIUL BUZĂU",44818,1,PROV,PRCNCT,CD,CD_SV,"2021-01-21 12:30:02",1433,1417,6,10,458,442,6,10,1580,1122,448,9,1,1,83,78,25,8,223,4,1,22,0,1,0,0,1,0,0,0,0,0,0,0,1,0,0,0,0
10,BUZĂU,"DIRECŢIA DE ASISTENŢĂ SOCIALĂ",6,"MUNICIPIUL BUZĂU",44818,1,PROV,PRCNCT,CD,CD_SV,"2021-01-21 12:30:02",1036,1026,10,0,354,344,10,0,1130,776,347,5,2,1,65,64,16,10,126,4,3,51,0,1,0,1,1,0,1,1,0,1,0,1,0,0,0,0,0
10,BUZĂU,"DIRECŢIA DE ASISTENŢĂ SOCIALĂ",7,"MUNICIPIUL BUZĂU",44818,4,PART,PRCNCT,CD,CD_SV,"2021-01-21 12:30:02",1118,1097,19,2,344,323,19,2,1200,856,341,2,1,2,64,63,7,11,150,3,2,36,0,1,0,0,2,0,0,0,0,0,0,0,0,0,0,0,0
10,BUZĂU,"LICEUL TEHNOLOGIC ”GRIGORE MOISIL”",8,"MUNICIPIUL BUZĂU",44818,1,PROV,PRCNCT,CD,CD_SV,"2021-01-21 12:30:02",1641,1621,20,0,511,491,20,0,1780,1269,502,7,2,2,83,82,43,19,230,2,3,35,0,0,0,0,1,0,1,0,0,0,0,0,0,0,0,1,0
10,BUZĂU,"LICEUL TEHNOLOGIC ”GRIGORE MOISIL”",9,"MUNICIPIUL BUZĂU",44818,1,PROV,PRCNCT,CD,CD_SV,"2021-01-21 12:30:02",1406,1398,8,0,386,378,8,0,1540,1154,381,5,0,0,62,70,13,17,181,2,5,29,1,0,0,1,0,0,0,0,0,0,0,0,0,0,0,0,0
10,BUZĂU,"LICEUL TEHNOLOGIC ”GRIGORE MOISIL”",10,"MUNICIPIUL BUZĂU",44818,1,PROV,PRCNCT,CD,CD_SV,"2021-01-21 12:30:02",1269,1254,15,0,393,378,15,0,1380,987,391,2,0,1,63,68,20,15,181,2,8,32,0,0,0,0,0,0,0,0,0,0,0,0,0,0,1,0,0
10,BUZĂU,"LICEUL TEHNOLOGIC ”GRIGORE MOISIL”",11,"MUNICIPIUL BUZĂU",44818,1,PROV,PRCNCT,CD,CD_SV,"2021-01-21 12:30:02",1452,1441,11,0,392,381,11,0,1580,1188,385,6,1,0,62,61,14,5,200,1,4,34,0,0,0,1,0,0,0,0,0,0,0,0,1,0,1,0,1
10,BUZĂU,"COLEGIUL UNIVERSITAR ECONOMIC",12,"MUNICIPIUL BUZĂU",44818,1,PROV,PRCNCT,CD,CD_SV,"2021-01-21 12:30:02",1591,1567,23,1,511,487,23,1,1720,1209,499,11,1,0,83,84,24,12,257,0,3,33,0,0,0,0,0,0,0,0,0,0,0,0,1,0,0,0,2
10,BUZĂU,"ŞCOALA GIMNAZIALĂ NR. 7",13,"MUNICIPIUL BUZĂU",44818,1,PROV,PRCNCT,CD,CD_SV,"2021-01-21 12:30:02",1779,1755,24,0,507,483,24,0,1930,1423,500,7,0,1,81,91,22,22,230,2,11,38,0,0,0,1,0,0,0,0,0,0,0,0,0,0,1,0,0
10,BUZĂU,"ŞCOALA GIMNAZIALĂ NR. 7",14,"MUNICIPIUL BUZĂU",44818,1,PROV,PRCNCT,CD,CD_SV,"2021-01-21 12:30:02",1759,1737,22,0,600,578,22,0,1910,1310,591,8,1,2,105,118,27,26,268,2,3,33,0,1,0,1,1,0,0,1,0,0,1,0,0,0,0,0,2
10,BUZĂU,"ŞCOALA GIMNAZIALĂ ”GENERAL GRIGORE BAŞTAN”",15,"MUNICIPIUL BUZĂU",44818,1,PROV,PRCNCT,CD,CD_SV,"2021-01-21 12:30:02",1197,1180,17,0,352,335,17,0,1300,948,352,0,0,2,53,63,12,9,176,4,2,27,0,1,0,0,1,0,1,0,0,0,0,0,0,0,0,0,1
10,BUZĂU,"ŞCOALA GIMNAZIALĂ ”GENERAL GRIGORE BAŞTAN”",16,"MUNICIPIUL BUZĂU",44818,1,PROV,PRCNCT,CD,CD_SV,"2021-01-21 12:30:02",1231,1216,14,1,332,317,14,1,1340,1008,326,5,1,0,50,67,17,11,151,0,6,22,0,0,0,1,0,0,0,0,0,0,0,0,0,0,1,0,0
10,BUZĂU,"ŞCOALA GIMNAZIALĂ ”GENERAL GRIGORE BAŞTAN”",17,"MUNICIPIUL BUZĂU",44818,1,PROV,PRCNCT,CD,CD_SV,"2021-01-21 12:30:02",1238,1226,10,2,376,364,10,2,1340,964,369,6,1,0,54,69,11,15,170,4,3,39,0,1,0,1,2,0,0,0,0,0,0,0,0,0,0,0,0
10,BUZĂU,"ŞCOALA GIMNAZIALĂ ”GENERAL GRIGORE BAŞTAN”",18,"MUNICIPIUL BUZĂU",44818,1,PROV,PRCNCT,CD,CD_SV,"2021-01-21 12:30:02",1230,1221,9,0,332,323,9,0,1340,1008,326,5,1,0,51,77,19,17,125,3,1,30,0,1,0,0,0,0,1,0,1,0,0,0,0,0,0,0,0
10,BUZĂU,"LICEUL TEORETIC ”ALEXANDRU MARGHILOMAN”",19,"MUNICIPIUL BUZĂU",44818,1,PROV,PRCNCT,CD,CD_SV,"2021-01-21 12:30:02",1395,1374,21,0,419,398,21,0,1510,1091,408,11,0,1,50,101,13,14,183,1,3,39,0,0,0,1,1,1,0,0,0,0,0,0,0,0,0,0,0
10,BUZĂU,"LICEUL TEORETIC ”ALEXANDRU MARGHILOMAN”",20,"MUNICIPIUL BUZĂU",44818,2,PART,PRCNCT,CD,CD_SV,"2021-01-21 12:30:02",1294,1278,16,0,399,383,16,0,1400,1001,387,11,1,4,51,59,46,20,172,0,8,20,1,0,0,2,0,0,0,1,0,0,0,1,0,0,0,1,1
10,BUZĂU,"LICEUL TEORETIC ”ALEXANDRU MARGHILOMAN”",21,"MUNICIPIUL BUZĂU",44818,3,PART,PRCNCT,CD,CD_SV,"2021-01-21 12:30:02",1381,1365,16,0,421,405,16,0,1500,1079,413,6,2,1,59,66,19,21,194,2,1,47,0,0,0,1,1,0,0,1,0,0,0,0,0,0,0,0,0
10,BUZĂU,"LICEUL TEHNOLOGIC ”HENRI COANDĂ”",22,"MUNICIPIUL BUZĂU",44818,1,PROV,PRCNCT,CD,CD_SV,"2021-01-21 12:30:02",1421,1394,27,0,423,396,27,0,1530,1107,398,22,3,0,34,46,38,30,176,8,9,43,2,0,0,1,2,0,1,0,0,1,0,1,0,1,1,2,2
10,BUZĂU,"LICEUL TEHNOLOGIC ”HENRI COANDĂ”",23,"MUNICIPIUL BUZĂU",44818,1,PROV,PRCNCT,CD,CD_SV,"2021-01-21 12:30:02",1320,1306,14,0,317,303,14,0,1440,1123,292,18,7,0,23,13,44,13,102,4,12,67,0,0,0,1,1,0,3,0,1,1,0,0,0,0,5,0,2
10,BUZĂU,"LICEUL TEHNOLOGIC ”HENRI COANDĂ” - SALA DE SPORT P+1E",24,"MUNICIPIUL BUZĂU",44818,1,PROV,PRCNCT,CD,CD_SV,"2021-01-21 12:30:02",1160,1130,21,9,341,311,21,9,1260,919,337,2,2,0,45,44,23,10,166,2,6,30,1,0,1,1,4,0,0,0,0,0,0,0,1,0,1,0,2
10,BUZĂU,"LICEUL TEHNOLOGIC ”HENRI COANDĂ” - SALA DE SPORT P+1E",25,"MUNICIPIUL BUZĂU",44818,1,PROV,PRCNCT,CD,CD_SV,"2021-01-21 12:30:02",1324,1307,17,0,352,335,17,0,1440,1088,349,3,0,0,59,63,19,13,159,3,3,29,0,0,0,0,0,0,0,0,0,0,0,0,0,0,0,1,0
10,BUZĂU,"ŞCOALA GIMNAZIALĂ ”ION CREANGĂ”",26,"MUNICIPIUL BUZĂU",44818,1,PROV,PRCNCT,CD,CD_SV,"2021-01-21 12:30:02",1586,1579,7,0,407,400,7,0,1740,1333,405,2,0,2,66,61,20,13,210,1,4,25,0,0,0,0,0,1,0,0,0,0,0,1,0,0,1,0,0
10,BUZĂU,"ŞCOALA GIMNAZIALĂ ”ION CREANGĂ”",27,"MUNICIPIUL BUZĂU",44818,1,PROV,PRCNCT,CD,CD_SV,"2021-01-21 12:30:02",1392,1380,8,4,432,420,8,4,1520,1088,420,11,1,0,56,79,17,23,199,1,4,38,0,0,0,0,0,0,1,1,0,0,0,0,0,0,1,0,0
10,BUZĂU,"ŞCOALA GIMNAZIALĂ ”ION CREANGĂ”",28,"MUNICIPIUL BUZĂU",44818,1,PROV,PRCNCT,CD,CD_SV,"2021-01-21 12:30:02",1608,1600,8,0,464,456,8,0,1760,1296,456,6,2,2,63,68,26,30,233,1,0,28,0,0,1,0,1,0,1,0,1,0,0,1,0,0,0,0,0
10,BUZĂU,"ŞCOALA GIMNAZIALĂ ”ION CREANGĂ”",29,"MUNICIPIUL BUZĂU",44818,1,PROV,PRCNCT,CD,CD_SV,"2021-01-21 12:30:02",1362,1345,17,0,439,422,17,0,2055,1616,430,6,3,1,46,62,22,17,229,0,3,38,0,1,2,1,0,0,0,0,2,1,0,1,2,0,0,1,1
10,BUZĂU,"COLEGIUL TEHNIC",30,"MUNICIPIUL BUZĂU",44818,1,PROV,PRCNCT,CD,CD_SV,"2021-01-21 12:30:02",846,835,11,0,295,284,11,0,910,615,290,4,1,0,30,56,12,11,160,2,4,15,0,0,0,0,0,0,0,0,0,0,0,0,0,0,0,0,0
10,BUZĂU,"COLEGIUL TEHNIC",31,"MUNICIPIUL BUZĂU",44818,1,PROV,PRCNCT,CD,CD_SV,"2021-01-21 12:30:02",898,883,15,0,295,280,15,0,1003,708,286,7,2,0,52,23,14,12,162,2,3,17,0,0,0,0,0,0,1,0,0,0,0,0,0,0,0,0,0
10,BUZĂU,"LICEUL DE ARTE ”MARGARETA STERIAN”",32,"MUNICIPIUL BUZĂU",44818,1,PROV,PRCNCT,CD,CD_SV,"2021-01-21 12:30:02",1477,1463,13,1,438,424,13,1,1600,1162,436,2,0,2,93,80,12,23,182,0,4,34,0,0,0,0,0,0,1,1,0,0,0,0,0,2,1,1,0
10,BUZĂU,"COLEGIUL NAŢIONAL ”B.P. HAŞDEU”",33,"MUNICIPIUL BUZĂU",44818,1,PROV,PRCNCT,CD,CD_SV,"2021-01-21 12:30:02",1433,1351,26,56,518,436,26,56,1520,1002,506,10,2,1,113,92,21,27,195,3,9,40,0,0,0,0,2,0,0,0,0,0,0,0,0,0,1,2,0
10,BUZĂU,"ŞCOALA GIMNAZIALĂ ”P.H. ZANGOPOL”",34,"MUNICIPIUL BUZĂU",44818,1,PROV,PRCNCT,CD,CD_SV,"2021-01-21 12:30:02",1000,969,30,1,281,250,30,1,1060,779,273,6,2,0,30,35,14,29,115,0,5,43,0,0,1,1,0,0,0,0,0,0,0,0,0,0,0,0,0
10,BUZĂU,"ŞCOALA GIMNAZIALĂ ”P.H. ZANGOPOL”",35,"MUNICIPIUL BUZĂU",44818,1,PROV,PRCNCT,CD,CD_SV,"2021-01-21 12:30:02",1246,1235,11,0,331,320,11,0,1360,1029,320,10,1,0,68,36,17,29,137,2,7,20,0,0,0,0,1,0,1,0,0,0,0,0,0,0,1,0,1
10,BUZĂU,"ŞCOALA GIMNAZIALĂ ”P.H. ZANGOPOL”",36,"MUNICIPIUL BUZĂU",44818,1,PROV,PRCNCT,CD,CD_SV,"2021-01-21 12:30:02",1554,1539,15,0,472,457,15,0,1700,1228,462,7,3,0,59,52,20,31,222,0,4,70,0,0,0,0,0,1,1,0,0,0,0,0,1,0,1,0,0
10,BUZĂU,"LICEUL TEHNOLOGIC ”DIMITRIE FILIPESCU”",37,"MUNICIPIUL BUZĂU",44818,1,PROV,PRCNCT,CD,CD_SV,"2021-01-21 12:30:02",1440,1409,31,0,409,378,31,0,1550,1141,398,9,2,1,38,61,14,27,214,1,1,33,1,1,0,0,0,0,1,0,0,0,0,0,2,1,0,0,2
10,BUZĂU,"LICEUL TEHNOLOGIC ”DIMITRIE FILIPESCU”",38,"MUNICIPIUL BUZĂU",44818,1,PROV,PRCNCT,CD,CD_SV,"2021-01-21 12:30:02",1546,1528,18,0,339,321,18,0,1680,1341,329,7,3,1,37,38,13,13,189,1,2,33,0,0,0,1,0,0,0,0,0,0,0,0,0,0,0,0,1
10,BUZĂU,"COLEGIUL AGRICOL ”DR. C. ANGELESCU”",39,"MUNICIPIUL BUZĂU",44818,1,PROV,PRCNCT,CD,CD_SV,"2021-01-21 12:30:02",1321,1298,23,0,488,465,23,0,1440,952,479,8,1,0,118,87,22,40,178,1,5,26,0,0,0,0,0,0,1,0,0,0,0,0,0,0,0,0,1
10,BUZĂU,"ŞCOALA GIMNAZIALĂ ”N.CONSTANTINESCU”",40,"MUNICIPIUL BUZĂU",44818,2,PART,PRCNCT,CD,CD_SV,"2021-01-21 12:30:02",1067,1047,20,0,347,327,20,0,1150,803,344,3,0,0,66,82,23,13,138,2,1,18,0,0,0,0,0,0,0,0,1,0,0,0,0,0,0,0,0
10,BUZĂU,"ŞCOALA GIMNAZIALĂ ”N.CONSTANTINESCU”",41,"MUNICIPIUL BUZĂU",44818,1,PROV,PRCNCT,CD,CD_SV,"2021-01-21 12:30:02",999,979,20,0,328,308,20,0,1070,742,322,5,1,0,58,57,17,11,147,1,5,22,0,1,0,0,0,0,0,0,0,0,0,1,1,0,1,0,0
10,BUZĂU,"ŞCOALA GIMNAZIALĂ ”N.CONSTANTINESCU”",42,"MUNICIPIUL BUZĂU",44818,1,PROV,PRCNCT,CD,CD_SV,"2021-01-21 12:30:02",1652,1640,12,0,572,560,12,0,1800,1228,559,8,5,1,102,73,18,86,215,4,8,46,0,1,0,0,1,0,1,0,0,0,0,0,0,0,0,1,2
10,BUZĂU,"GRĂDINIŢA CU PROGRAM PRELUNGIT NR. 8",43,"MUNICIPIUL BUZĂU",44818,1,PROV,PRCNCT,CD,CD_SV,"2021-01-21 12:30:02",984,971,13,0,302,289,13,0,1070,768,296,5,1,0,72,43,12,11,138,0,3,17,0,0,0,0,0,0,0,0,0,0,0,0,0,0,0,0,0
10,BUZĂU,"GRĂDINIŢA CU PROGRAM PRELUNGIT NR. 8",44,"MUNICIPIUL BUZĂU",44818,1,PROV,PRCNCT,CD,CD_SV,"2021-01-21 12:30:02",826,811,15,0,262,247,15,0,890,628,258,4,0,0,50,53,10,5,121,0,2,16,0,0,0,0,0,0,0,0,0,0,0,0,0,0,1,0,0
10,BUZĂU,"GRĂDINIŢA CU PROGRAM PRELUNGIT NR. 8",45,"MUNICIPIUL BUZĂU",44818,1,PROV,PRCNCT,CD,CD_SV,"2021-01-21 12:30:02",1644,1631,13,0,507,494,13,0,1790,1283,504,3,0,0,88,80,28,18,254,2,4,29,0,0,0,1,0,0,0,0,0,0,0,0,0,0,0,0,0
10,BUZĂU,"COLEGIUL NAŢIONAL PEDAGOGIC ”SPIRU HARET”",46,"MUNICIPIUL BUZĂU",44818,1,PROV,PRCNCT,CD,CD_SV,"2021-01-21 12:30:02",1635,1617,16,2,511,493,16,2,1780,1269,501,10,0,1,95,103,22,15,223,3,7,31,0,0,0,0,0,0,0,0,0,0,0,0,0,0,0,1,0
10,BUZĂU,"COLEGIUL NAŢIONAL PEDAGOGIC ”SPIRU HARET”",47,"MUNICIPIUL BUZĂU",44818,1,PROV,PRCNCT,CD,CD_SV,"2021-01-21 12:30:02",1589,1559,28,2,511,481,28,2,1830,1319,501,10,0,0,95,95,16,20,233,1,4,34,0,0,1,0,1,0,0,0,0,0,0,0,0,0,0,1,0
10,BUZĂU,"COLEGIUL NAŢIONAL PEDAGOGIC ”SPIRU HARET”",48,"MUNICIPIUL BUZĂU",44818,1,PROV,PRCNCT,CD,CD_SV,"2021-01-21 12:30:02",1314,1298,16,0,415,399,16,0,1500,1085,410,5,0,0,82,77,15,10,189,3,4,27,0,1,0,1,1,0,0,0,0,0,0,0,0,0,0,0,0
10,BUZĂU,"COLEGIUL NAŢIONAL PEDAGOGIC ”SPIRU HARET”",49,"MUNICIPIUL BUZĂU",44818,1,PROV,PRCNCT,CD,CD_SV,"2021-01-21 12:30:02",1191,1171,20,0,417,397,20,0,1280,863,413,3,1,0,85,89,20,9,191,2,0,14,0,0,0,0,0,0,0,0,0,0,0,0,1,0,2,0,0
10,BUZĂU,"ŞCOALA GIMNAZIALĂ ”EPISCOP DIONISIE ROMANO”",50,"MUNICIPIUL BUZĂU",44818,1,PROV,PRCNCT,CD,CD_SV,"2021-01-21 12:30:02",1497,1484,13,0,480,467,13,0,1620,1140,476,1,3,0,117,108,17,32,169,0,3,27,0,1,0,0,1,0,1,0,0,0,0,0,0,0,0,0,0
10,BUZĂU,"GRĂDINIŢA CU PROGRAM PRELUNGIT NR. 1",51,"MUNICIPIUL BUZĂU",44818,1,PROV,PRCNCT,CD,CD_SV,"2021-01-21 12:30:02",1202,1159,41,2,486,443,41,2,1260,774,472,14,0,0,108,121,26,11,161,2,1,38,0,1,0,0,0,0,1,0,1,0,0,0,0,0,1,0,0
10,BUZĂU,"ŞCOALA GIMNAZIALĂ ”DR. GEORGE EMIL PALADE”",52,"MUNICIPIUL BUZĂU",44818,3,PART,PRCNCT,CD,CD_SV,"2021-01-21 12:30:02",1535,1504,31,0,472,441,31,0,1650,1178,463,6,3,0,88,87,22,13,216,1,8,26,0,0,1,0,0,0,0,0,0,0,0,0,0,0,0,1,0
10,BUZĂU,"ŞCOALA GIMNAZIALĂ ”DR. GEORGE EMIL PALADE”",53,"MUNICIPIUL BUZĂU",44818,1,PROV,PRCNCT,CD,CD_SV,"2021-01-21 12:30:02",1298,1282,16,0,418,402,16,0,1410,992,410,8,0,1,96,88,12,7,167,3,4,30,0,0,0,1,0,0,0,0,0,1,0,0,0,0,0,0,0
10,BUZĂU,"ŞCOALA GIMNAZIALĂ ”DR. GEORGE EMIL PALADE”",54,"MUNICIPIUL BUZĂU",44818,1,PROV,PRCNCT,CD,CD_SV,"2021-01-21 12:30:02",1511,1499,10,2,541,529,10,2,1650,1109,534,7,0,0,91,122,24,19,232,2,8,28,1,1,0,0,1,0,2,0,1,0,0,0,1,0,1,0,0
10,BUZĂU,"ŞCOALA GIMNAZIALĂ ”DR. GEORGE EMIL PALADE”",55,"MUNICIPIUL BUZĂU",44818,1,PROV,PRCNCT,CD,CD_SV,"2021-01-21 12:30:02",1156,1143,13,0,356,343,13,0,1250,894,343,13,0,0,72,82,15,11,134,0,5,22,1,0,0,1,0,0,0,0,0,0,0,0,0,0,0,0,0
10,BUZĂU,"ŞCOALA GIMNAZIALĂ ”DR. GEORGE EMIL PALADE”",56,"MUNICIPIUL BUZĂU",44818,1,PROV,PRCNCT,CD,CD_SV,"2021-01-21 12:30:02",1197,1184,11,2,337,324,11,2,1310,973,332,5,0,1,65,68,12,11,145,2,2,23,0,0,1,0,0,0,0,0,0,0,0,0,0,1,0,1,0
10,BUZĂU,"COLEGIUL ECONOMIC",57,"MUNICIPIUL BUZĂU",44818,1,PROV,PRCNCT,CD,CD_SV,"2021-01-21 12:30:02",1163,1142,20,1,359,338,20,1,1250,891,355,3,1,0,90,49,13,21,146,2,3,27,0,1,0,1,0,1,0,0,0,0,0,0,0,1,0,0,0
10,BUZĂU,"ŞCOALA GIMNAZIALĂ ”CPT. AV. MIRCEA T. BĂDULESCU”",58,"MUNICIPIUL BUZĂU",44818,1,PROV,PRCNCT,CD,CD_SV,"2021-01-21 12:30:02",1326,1305,21,0,440,419,21,0,1430,990,435,5,0,0,117,74,20,14,174,2,4,26,0,0,0,1,0,1,0,0,0,0,0,0,1,1,0,0,0
10,BUZĂU,"ŞCOALA GIMNAZIALĂ ”CPT. AV. MIRCEA T. BĂDULESCU”",59,"MUNICIPIUL BUZĂU",44818,1,PROV,PRCNCT,CD,CD_SV,"2021-01-21 12:30:02",1444,1414,26,4,461,431,26,4,1560,1099,450,7,4,1,97,91,24,15,199,1,2,15,0,0,0,1,1,0,0,0,1,0,0,0,0,0,1,1,0
10,BUZĂU,"ŞCOALA GIMNAZIALĂ ”CPT. AV. MIRCEA T. BĂDULESCU”",60,"MUNICIPIUL BUZĂU",44818,1,PROV,PRCNCT,CD,CD_SV,"2021-01-21 12:30:02",1316,1298,18,0,378,360,18,0,1420,1042,374,3,1,0,72,77,13,22,154,2,3,28,0,1,0,0,0,0,1,0,1,0,0,0,0,0,0,0,0
10,BUZĂU,"ŞCOALA GIMNAZIALĂ ”CPT. AV. MIRCEA T. BĂDULESCU”",61,"MUNICIPIUL BUZĂU",44818,1,PROV,PRCNCT,CD,CD_SV,"2021-01-21 12:30:02",1206,1192,14,0,376,362,14,0,1310,934,370,6,0,0,77,68,21,15,161,4,6,17,0,0,0,0,1,0,0,0,0,0,0,0,0,0,0,0,0
10,BUZĂU,"GRĂDINIŢA CU PROGRAM PRELUNGIT NR.4",62,"MUNICIPIUL BUZĂU",44818,1,PROV,PRCNCT,CD,CD_SV,"2021-01-21 12:30:02",1343,1327,16,0,426,410,16,0,1460,1034,418,7,1,1,89,60,28,26,180,5,8,20,0,0,0,0,0,0,0,0,0,0,0,1,0,0,0,0,0
10,BUZĂU,"ŞCOALA GIMNAZIALĂ ”N.TITULESCU”",63,"MUNICIPIUL BUZĂU",44818,1,PROV,PRCNCT,CD,CD_SV,"2021-01-21 12:30:02",1276,1247,29,0,465,436,29,0,1410,945,457,6,2,0,91,103,24,15,179,5,4,31,0,1,1,0,0,0,0,0,0,0,0,1,0,0,2,0,0
10,BUZĂU,"ŞCOALA GIMNAZIALĂ ”N.TITULESCU”",64,"MUNICIPIUL BUZĂU",44818,1,PROV,PRCNCT,CD,CD_SV,"2021-01-21 12:30:02",1444,1418,22,4,514,488,22,4,1580,1066,501,11,2,1,100,105,27,17,201,5,4,33,0,0,0,1,1,0,0,0,1,0,0,3,0,0,1,0,1
10,BUZĂU,"ŞCOALA GIMNAZIALĂ ”SF.APOSTOL ANDREI”",65,"MUNICIPIUL BUZĂU",44818,1,PROV,PRCNCT,CD,CD_SV,"2021-01-21 12:30:02",1341,1287,18,36,359,305,18,36,1500,1141,354,4,1,0,40,57,16,19,182,0,3,29,1,0,0,1,0,1,1,1,0,0,1,0,0,0,1,1,0
10,BUZĂU,"ŞCOALA GIMNAZIALĂ ”SF.APOSTOL ANDREI”",66,"MUNICIPIUL BUZĂU",44818,1,PROV,PRCNCT,CD,CD_SV,"2021-01-21 12:30:02",1431,1407,24,0,401,377,24,0,1630,1229,393,6,2,1,63,56,25,18,190,0,0,34,1,0,0,0,0,0,0,0,0,0,0,0,0,0,1,3,1
10,BUZĂU,"ŞCOALA GIMNAZIALĂ ”SF.APOSTOL ANDREI”",67,"MUNICIPIUL BUZĂU",44818,1,PROV,PRCNCT,CD,CD_SV,"2021-01-21 12:30:02",1513,1503,10,0,438,428,10,0,1670,1232,428,9,1,1,71,79,19,18,192,2,2,38,1,0,0,0,0,1,1,0,1,0,0,0,0,0,1,0,1
10,BUZĂU,"ŞCOALA GIMNAZIALĂ ”SF.APOSTOL ANDREI”",68,"MUNICIPIUL BUZĂU",44818,2,PART,PRCNCT,CD,CD_SV,"2021-01-21 12:30:02",1717,1700,17,0,544,527,17,0,1870,1326,531,11,2,0,97,78,23,19,265,1,4,38,0,0,1,1,1,0,0,0,0,0,0,0,0,0,2,0,1
10,BUZĂU,"LICEUL CU PROGRAM SPORTIV ”I.BALAŞ-SÖTER”",69,"MUNICIPIUL BUZĂU",44818,1,PROV,PRCNCT,CD,CD_SV,"2021-01-21 12:30:02",936,922,14,0,240,226,14,0,1010,770,231,7,2,0,36,29,10,8,128,1,2,15,0,1,0,0,0,0,0,0,0,0,0,0,0,0,0,0,1
10,BUZĂU,"LICEUL CU PROGRAM SPORTIV ”I.BALAŞ- SÖTER ”",70,"MUNICIPIUL BUZĂU",44818,1,PROV,PRCNCT,CD,CD_SV,"2021-01-21 12:30:02",1294,1278,16,0,400,384,16,0,1410,1010,390,8,2,1,56,82,12,11,189,1,5,33,0,0,0,0,0,0,0,0,0,0,0,0,0,0,0,0,0
10,BUZĂU,"LICEUL CU PROGRAM SPORTIV ”I.BALAŞ- SÖTER ”",71,"MUNICIPIUL BUZĂU",44818,1,PROV,PRCNCT,CD,CD_SV,"2021-01-21 12:30:02",1082,1065,17,0,282,265,17,0,1170,888,278,4,0,0,35,40,15,13,145,2,5,23,0,0,0,0,0,0,0,0,0,0,0,0,0,0,0,0,0
10,BUZĂU,"GRĂDINIŢA CU PROGRAM PRELUNGIT ”BOBOCEII DIN MICRO III”",72,"MUNICIPIUL BUZĂU",44818,1,PROV,PRCNCT,CD,CD_SV,"2021-01-21 12:30:02",1409,1380,29,0,482,453,29,0,1520,1038,468,9,5,0,79,84,22,21,227,3,3,28,0,0,0,1,0,0,0,0,0,0,0,0,0,0,0,0,0
10,BUZĂU,"SEMINARUL TEOLOGIC ORTODOX ”CHESARIE EPISCOPUL”",73,"MUNICIPIUL BUZĂU",44818,1,PROV,PRCNCT,CD,CD_SV,"2021-01-21 12:30:02",1462,1442,20,0,537,517,20,0,1580,1043,527,7,3,0,131,108,30,20,192,3,4,36,1,1,0,0,0,0,0,0,0,0,0,0,0,0,1,0,0
10,BUZĂU,"SEMINARUL TEOLOGIC ORTODOX ”CHESARIE EPISCOPUL”",74,"MUNICIPIUL BUZĂU",44818,1,PROV,PRCNCT,CD,CD_SV,"2021-01-21 12:30:02",1674,1657,17,0,472,455,17,0,1820,1348,458,10,4,1,88,70,17,39,177,2,4,52,0,0,2,1,1,0,0,0,0,1,1,0,0,0,0,0,2
10,BUZĂU,"LICEUL TEHNOLOGIC ”COSTIN NENIŢESCU”",75,"MUNICIPIUL BUZĂU",44818,1,PROV,PRCNCT,CD,CD_SV,"2021-01-21 12:30:02",1841,1816,25,0,424,399,25,0,1990,1566,403,14,7,0,51,51,17,40,168,0,7,64,0,0,0,1,0,0,1,0,0,0,1,0,0,0,0,0,2
10,BUZĂU,"LICEUL TEHNOLOGIC MESERII ŞI SERVICII",76,"MUNICIPIUL BUZĂU",44818,1,PROV,PRCNCT,CD,CD_SV,"2021-01-21 12:30:02",1457,1446,11,0,321,310,11,0,1600,1279,304,15,2,0,38,39,8,23,142,1,1,47,0,0,0,0,0,0,1,1,0,0,0,0,2,0,0,0,1
10,BUZĂU,"LICEUL TEHNOLOGIC MESERII ŞI SERVICII",77,"MUNICIPIUL BUZĂU",44818,1,PROV,PRCNCT,CD,CD_SV,"2021-01-21 12:30:02",1138,1122,16,0,241,225,16,0,1230,989,232,5,4,0,30,23,16,15,120,0,3,23,0,0,0,0,0,0,0,0,0,0,0,0,0,0,1,0,1
10,BUZĂU,"ŞCOALA GIMNAZIALĂ ” M. KOGĂLNICEANU”",78,"MUNICIPIUL BUZĂU",44818,1,PROV,PRCNCT,CD,CD_SV,"2021-01-21 12:30:02",1623,1604,19,0,410,391,19,0,1760,1350,394,14,2,1,62,45,16,39,171,2,3,51,0,0,0,1,0,0,0,0,0,1,0,2,0,0,0,0,0
10,BUZĂU,"ŞCOALA GIMNAZIALĂ ” M. KOGĂLNICEANU”",79,"MUNICIPIUL BUZĂU",44818,1,PROV,PRCNCT,CD,CD_SV,"2021-01-21 12:30:02",1702,1696,6,0,394,388,6,0,1860,1466,360,28,6,0,31,15,19,89,138,0,5,45,0,1,1,0,2,0,0,2,0,0,0,0,3,1,3,0,5
10,BUZĂU,"ŞCOALA GIMNAZIALĂ ” M. KOGĂLNICEANU”",80,"MUNICIPIUL BUZĂU",44818,1,PROV,PRCNCT,CD,CD_SV,"2021-01-21 12:30:02",1683,1676,7,0,413,406,7,0,1850,1437,348,55,10,0,16,12,32,83,148,4,9,34,0,1,0,0,0,0,2,0,0,1,0,0,0,0,1,1,4
10,BUZĂU,"CENTRUL DE RECUPERARE PENTRU COPII CU DIZABILITĂŢI",81,"MUNICIPIUL RÂMNICU SĂRAT",44845,1,PROV,PRCNCT,CD,CD_SV,"2021-01-21 12:30:02",1915,1900,15,0,664,649,15,0,2090,1426,637,18,9,3,123,35,43,25,336,3,7,54,1,1,0,1,0,1,1,0,0,0,0,1,0,0,2,0,0
10,BUZĂU,"ŞCOALA GIMNAZIALĂ VASILE CRISTOFOREANU",82,"MUNICIPIUL RÂMNICU SĂRAT",44845,1,PROV,PRCNCT,CD,CD_SV,"2021-01-21 12:30:02",1787,1772,15,0,452,437,15,0,1950,1498,424,19,9,0,37,1,85,59,179,7,9,32,0,0,2,0,2,0,3,0,0,0,0,0,0,1,4,0,3
10,BUZĂU,"ŞCOALA GIMNAZIALĂ ”VASILE CRISTOFOREANU”",83,"MUNICIPIUL RÂMNICU SĂRAT",44845,1,PROV,PRCNCT,CD,CD_SV,"2021-01-21 12:30:02",1616,1575,40,1,530,489,40,1,1730,1200,506,19,5,0,95,31,63,32,229,5,9,33,0,1,0,0,0,0,0,0,1,0,0,1,0,0,3,1,2
10,BUZĂU,"ŞCOALA GIMNAZIALĂ ”VASILE CRISTOFOREANU”",84,"MUNICIPIUL RÂMNICU SĂRAT",44845,2,PART,PRCNCT,CD,CD_SV,"2021-01-21 12:30:02",1589,1552,36,1,439,402,36,1,1710,1271,435,4,0,2,74,31,37,21,237,1,6,25,0,0,0,0,0,1,0,0,0,0,0,0,0,0,0,0,0
10,BUZĂU,"ŞCOALA GIMNAZIALĂ ”VASILE CRISTOFOREANU”",85,"MUNICIPIUL RÂMNICU SĂRAT",44845,1,PROV,PRCNCT,CD,CD_SV,"2021-01-21 12:30:02",1458,1436,22,0,542,520,22,0,1580,1038,532,9,1,0,103,41,37,43,246,1,8,47,0,3,0,1,1,0,1,0,0,0,0,0,0,0,0,0,0
10,BUZĂU,"GRĂDINIŢA CU PROGRAM NORMAL ”ORIZONT”",86,"MUNICIPIUL RÂMNICU SĂRAT",44845,1,PROV,PRCNCT,CD,CD_SV,"2021-01-21 12:30:02",1487,1470,17,0,433,416,17,0,1610,1177,420,13,0,1,57,21,31,13,248,3,4,38,0,0,0,1,0,1,1,0,0,0,0,0,1,0,0,0,0
10,BUZĂU,"LICEUL TEHNOLOGIC ”VICTOR FRUNZĂ”",87,"MUNICIPIUL RÂMNICU SĂRAT",44845,1,PROV,PRCNCT,CD,CD_SV,"2021-01-21 12:30:02",1682,1657,25,0,426,401,25,0,1820,1394,402,19,5,0,61,23,40,19,189,1,4,59,0,0,1,0,0,0,1,0,0,0,1,0,0,0,2,0,1
10,BUZĂU,"LICEUL TEHNOLOGIC ”VICTOR FRUNZĂ”",88,"MUNICIPIUL RÂMNICU SĂRAT",44845,1,PROV,PRCNCT,CD,CD_SV,"2021-01-21 12:30:02",1364,1332,26,6,463,431,26,6,1570,1107,453,8,2,0,78,44,43,27,218,2,5,30,0,0,0,0,0,1,0,0,1,1,0,0,0,1,1,1,0
10,BUZĂU,"COLEGIUL NAŢIONAL ”ALEXANDRU VLAHUŢĂ”",89,"MUNICIPIUL RÂMNICU SĂRAT",44845,1,PROV,PRCNCT,CD,CD_SV,"2021-01-21 12:30:02",1138,1113,20,5,355,330,20,5,1228,873,340,13,2,0,49,36,32,19,174,1,3,23,0,0,0,0,0,0,0,0,0,0,0,0,1,0,0,1,1
10,BUZĂU,"COLEGIUL NAŢIONAL ”ALEXANDRU VLAHUŢĂ”",90,"MUNICIPIUL RÂMNICU SĂRAT",44845,1,PROV,PRCNCT,CD,CD_SV,"2021-01-21 12:30:02",1301,1282,16,3,440,421,16,3,1410,970,434,4,2,0,89,40,22,26,201,1,6,46,0,0,0,0,0,1,0,0,0,1,0,0,0,0,0,1,0
10,BUZĂU,"GRĂDINIŢA CU PROGRAM PRELUNGIT ”MUGURAŞII”",91,"MUNICIPIUL RÂMNICU SĂRAT",44845,1,PROV,PRCNCT,CD,CD_SV,"2021-01-21 12:30:02",1472,1440,32,0,451,419,32,0,1576,1125,439,12,0,0,88,33,28,14,225,2,5,40,0,0,0,0,0,0,1,0,1,0,0,0,0,0,1,1,0
10,BUZĂU,"GRĂDINIŢA CU PROGRAM PRELUNGIT ”LUMEA COPILĂRIEI”",92,"MUNICIPIUL RÂMNICU SĂRAT",44845,1,PROV,PRCNCT,CD,CD_SV,"2021-01-21 12:30:02",1661,1645,16,0,505,489,16,0,1810,1305,492,13,0,0,68,33,44,23,268,2,5,47,0,0,0,0,0,0,1,0,0,0,0,0,0,0,0,1,0
10,BUZĂU,"GRĂDINIŢA CU PROGRAM PRELUNGIT ”LUMEA COPILĂRIEI”",93,"MUNICIPIUL RÂMNICU SĂRAT",44845,1,PROV,PRCNCT,CD,CD_SV,"2021-01-21 12:30:02",1783,1757,24,2,554,528,24,2,1930,1376,543,9,2,0,108,54,46,24,265,0,1,44,0,0,0,1,0,0,0,0,0,0,0,0,0,0,0,0,0
10,BUZĂU,"ŞCOALA GIMNAZIALĂ NR. 6",94,"MUNICIPIUL RÂMNICU SĂRAT",44845,1,PROV,PRCNCT,CD,CD_SV,"2021-01-21 12:30:02",1998,1944,54,0,654,600,54,0,2160,1506,633,14,7,4,131,50,42,38,267,3,6,82,0,2,0,2,0,1,0,0,0,0,1,0,0,0,3,1,0
10,BUZĂU,"LICEUL TEORETIC ”ŞTEFAN CEL MARE”",95,"MUNICIPIUL RÂMNICU SĂRAT",44845,1,PROV,PRCNCT,CD,CD_SV,"2021-01-21 12:30:02",1204,1173,30,1,427,396,30,1,1290,863,419,7,1,0,92,34,31,36,188,2,2,27,0,0,0,1,1,0,0,0,0,0,0,1,0,1,2,0,1
10,BUZĂU,"CANTINA DE AJUTOR SOCIAL",96,"MUNICIPIUL RÂMNICU SĂRAT",44845,1,PROV,PRCNCT,CD,CD_SV,"2021-01-21 12:30:02",1295,1276,14,5,403,384,14,5,1400,997,397,5,1,0,38,24,40,26,223,1,0,36,0,0,0,0,1,0,0,0,1,0,0,0,0,1,1,2,3
10,BUZĂU,"ŞCOALA GIMNAZIALĂ NR. 1",97,"MUNICIPIUL RÂMNICU SĂRAT",44845,1,PROV,PRCNCT,CD,CD_SV,"2021-01-21 12:30:02",1159,1135,22,2,400,376,22,2,1245,845,383,12,5,0,66,18,31,30,186,2,4,39,0,0,0,1,0,1,0,0,0,0,0,0,2,1,0,0,2
10,BUZĂU,"ŞCOALA GIMNAZIALĂ NR. 2",98,"MUNICIPIUL RÂMNICU SĂRAT",44845,1,PROV,PRCNCT,CD,CD_SV,"2021-01-21 12:30:02",1818,1753,44,21,582,517,44,21,1940,1358,568,14,0,3,109,43,51,31,242,3,9,66,1,0,0,0,0,0,1,0,1,0,0,0,2,0,4,0,2
10,BUZĂU,"S.C. RAFINĂRIA VENUS OILREG S.A.",99,"MUNICIPIUL RÂMNICU SĂRAT",44845,1,PROV,PRCNCT,CD,CD_SV,"2021-01-21 12:30:02",1902,1876,26,0,585,559,26,0,2060,1475,557,24,4,2,99,35,55,23,261,0,8,64,0,0,1,0,0,0,3,0,0,0,0,2,1,0,2,0,1
10,BUZĂU,"GRĂDINIŢA CU PROGRAM PRELUNGIT NR.2",100,"MUNICIPIUL RÂMNICU SĂRAT",44845,1,PROV,PRCNCT,CD,CD_SV,"2021-01-21 12:30:02",1487,1465,20,2,444,422,20,2,1610,1166,435,8,1,0,66,42,27,27,214,1,7,50,0,0,0,0,0,0,0,0,0,0,0,0,0,1,0,0,0
10,BUZĂU,"LICEUL ECONOMIC ”ELINA MATEI BASARAB”",101,"MUNICIPIUL RÂMNICU SĂRAT",44845,1,PROV,PRCNCT,CD,CD_SV,"2021-01-21 12:30:02",1511,1491,20,0,494,474,20,0,1635,1141,487,5,2,0,93,42,44,27,233,1,4,41,0,1,0,0,1,0,0,0,0,0,0,0,0,0,0,0,0
10,BUZĂU,"CASA DE CULTURĂ GEORGE BĂICULESCU NEHOIU",102,"ORAŞ NEHOIU",47916,1,PROV,PRCNCT,CD,CD_SV,"2021-01-21 12:30:02",1217,1118,93,6,572,473,93,6,1230,658,555,12,5,1,133,54,32,65,223,4,4,33,0,0,0,0,0,0,1,0,1,1,0,0,0,0,1,1,1
10,BUZĂU,"GRUP SCOLAR TEHNIC NEHOIU STR. SCOLII",103,"ORAŞ NEHOIU",47916,2,PART,PRCNCT,CD,CD_SV,"2021-01-21 12:30:02",1061,1001,49,11,471,411,49,11,1115,644,463,7,1,1,130,47,19,79,150,2,5,30,0,0,0,0,0,0,0,0,0,0,0,0,0,0,0,0,0
10,BUZĂU,"SALA DE SPORT A ORASULUI",104,"ORAŞ NEHOIU",47916,1,PROV,PRCNCT,CD,CD_SV,"2021-01-21 12:30:02",706,663,35,8,368,325,35,8,730,362,358,8,2,1,92,21,22,37,160,2,3,15,0,0,0,0,0,1,0,0,0,0,0,0,1,0,1,1,1
10,BUZĂU,"CĂMIN CULTURAL BĂDÂRLEGI",105,"ORAŞ NEHOIU",47916,1,PROV,PRCNCT,CD,CD_SV,"2021-01-21 12:30:02",112,98,12,2,74,60,12,2,110,36,73,0,1,1,19,2,4,5,39,1,0,2,0,0,0,0,0,0,0,0,0,0,0,0,0,0,0,0,0
10,BUZĂU,"CLĂDIREA FOSTA SECŢIE CONFECŢIONAT ÎNCĂLŢĂMINTE DÂMBOVIŢA (LÂNGĂ BISERICA ORTODOXĂ) STR. VALEA NEHOIULUI",106,"ORAŞ NEHOIU",47916,1,PROV,PRCNCT,CD,CD_SV,"2021-01-21 12:30:02",575,540,17,18,247,212,17,18,590,343,242,4,1,0,55,26,13,24,112,3,6,3,0,0,0,0,0,0,0,0,0,0,0,0,0,0,0,0,0
10,BUZĂU,"CĂMIN CULTURAL VALEA NEHOIULUI",107,"ORAŞ NEHOIU",47916,1,PROV,PRCNCT,CD,CD_SV,"2021-01-21 12:30:02",846,810,15,21,362,326,15,21,890,528,354,6,2,0,74,20,12,29,188,0,5,23,0,0,0,0,1,0,0,0,0,0,0,0,0,0,2,0,0
10,BUZĂU,"ŞCOALA PRIMARĂ NEHOIAŞU",108,"ORAŞ NEHOIU",47916,1,PROV,PRCNCT,CD,CD_SV,"2021-01-21 12:30:02",356,331,18,7,182,157,18,7,360,178,177,2,3,0,28,9,2,22,101,0,2,7,1,0,0,1,1,0,0,0,0,0,0,0,0,0,3,0,0
10,BUZĂU,"ŞCOALA GIMNAZIALĂ LUNCA PRIPORULUI",109,"ORAŞ NEHOIU",47916,1,PROV,PRCNCT,CD,CD_SV,"2021-01-21 12:30:02",642,592,43,7,346,296,43,7,660,314,334,6,6,0,131,32,8,17,118,1,2,19,0,1,0,0,1,0,0,0,0,0,0,0,1,0,2,1,0
10,BUZĂU,"SCOALA CU CLASELE I-IV PRUND",110,"ORAŞ NEHOIU",47916,1,PROV,PRCNCT,CD,CD_SV,"2021-01-21 12:30:02",418,374,39,5,234,190,39,5,410,176,222,8,4,0,89,16,10,15,64,2,0,19,1,1,0,2,0,2,1,0,0,0,0,0,0,0,0,0,0
10,BUZĂU,"CĂMIN CULTURAL BÎSCA ROZILEI",111,"ORAŞ NEHOIU",47916,2,PART,PRCNCT,CD,CD_SV,"2021-01-21 12:30:02",624,592,32,0,284,252,32,0,650,366,276,6,2,1,72,24,12,20,123,0,1,19,0,0,1,0,1,0,0,0,0,0,0,0,1,0,1,0,0
10,BUZĂU,"GRĂDINITA POD VINETIS - VECHE",112,"ORAŞ NEHOIU",47916,1,PROV,PRCNCT,CD,CD_SV,"2021-01-21 12:30:02",508,497,5,6,240,229,5,6,540,300,230,9,1,1,36,15,7,15,138,1,2,13,1,0,0,0,0,0,1,0,0,0,0,0,0,0,0,0,0
10,BUZĂU,"CĂMIN CULTURAL VINETIS",113,"ORAŞ NEHOIU",47916,1,PROV,PRCNCT,CD,CD_SV,"2021-01-21 12:30:02",130,115,14,1,81,66,14,1,130,49,80,0,1,0,18,2,5,11,37,1,1,5,0,0,0,0,0,0,0,0,0,0,0,0,0,0,0,0,0
10,BUZĂU,"CĂMIN CULTURAL PĂLTINENI",114,"ORAŞ NEHOIU",47916,1,PROV,PRCNCT,CD,CD_SV,"2021-01-21 12:30:02",700,670,26,4,305,275,26,4,730,425,304,1,0,1,65,35,9,30,138,1,3,16,0,0,0,2,0,0,2,0,0,0,0,1,0,0,0,1,0
10,BUZĂU,"CĂMIN CULTURAL MLĂJET",115,"ORAŞ NEHOIU",47916,1,PROV,PRCNCT,CD,CD_SV,"2021-01-21 12:30:02",727,702,19,6,278,253,19,6,770,492,270,4,4,1,68,17,7,10,145,0,6,12,0,0,0,2,0,0,0,0,0,0,0,0,2,0,0,0,0
10,BUZĂU,"SCOALA CU CLASELE I-IV CHIRLESTI",116,"ORAŞ NEHOIU",47916,1,PROV,PRCNCT,CD,CD_SV,"2021-01-21 12:30:02",679,648,27,4,274,243,27,4,710,436,266,5,3,0,69,27,11,15,109,0,4,29,0,0,0,0,1,0,0,0,0,0,0,0,1,0,0,0,0
10,BUZĂU,"CĂMIN CULTURAL CURMĂTURA",117,"ORAŞ NEHOIU",47916,1,PROV,PRCNCT,CD,CD_SV,"2021-01-21 12:30:02",152,129,11,12,77,54,11,12,150,73,76,0,1,0,7,6,3,2,49,0,1,6,0,0,0,0,0,1,0,0,0,0,0,0,0,0,0,0,1
10,BUZĂU,"LICEUL TEHNOLOGIC PĂTÂRLAGELE",118,"ORAŞ PĂTÂRLAGELE",48325,1,PROV,PRCNCT,CD,CD_SV,"2021-01-21 12:30:02",978,948,30,0,293,263,30,0,1045,752,289,1,3,1,60,28,18,13,139,1,1,25,0,0,0,1,1,0,0,0,0,0,0,0,0,0,0,0,1
10,BUZĂU,"LICEUL TEHNOLOGIC PĂTÂRLAGELE",119,"ORAŞ PĂTÂRLAGELE",48325,1,PROV,PRCNCT,CD,CD_SV,"2021-01-21 12:30:02",1101,1092,9,0,354,345,9,0,1200,846,343,6,5,0,68,41,15,19,167,3,0,29,0,0,0,0,0,0,0,0,0,0,0,1,0,0,0,0,0
10,BUZĂU,"ŞCOALĂ PRIMARĂ",120,"ORAŞ PĂTÂRLAGELE",48325,1,PROV,PRCNCT,CD,CD_SV,"2021-01-21 12:30:02",265,242,23,0,99,76,23,0,270,171,99,0,0,0,9,1,8,19,53,0,1,6,0,0,0,0,0,0,0,0,0,0,0,0,0,0,1,1,0
10,BUZĂU,"CĂMIN CULTURAL",121,"ORAŞ PĂTÂRLAGELE",48325,1,PROV,PRCNCT,CD,CD_SV,"2021-01-21 12:30:02",1216,1202,14,0,339,325,14,0,1320,981,331,3,5,1,40,27,27,17,162,0,4,40,2,1,0,2,1,0,2,1,0,1,1,0,1,0,0,0,1
10,BUZĂU,"ŞCOALA GENERALĂ",122,"ORAŞ PĂTÂRLAGELE",48325,1,PROV,PRCNCT,CD,CD_SV,"2021-01-21 12:30:02",597,575,22,0,178,156,22,0,630,452,173,2,3,0,16,4,4,29,101,0,4,12,0,0,0,1,1,0,0,0,1,0,0,0,0,0,0,0,0
10,BUZĂU,"CĂMIN CULTURAL",123,"ORAŞ PĂTÂRLAGELE",48325,1,PROV,PRCNCT,CD,CD_SV,"2021-01-21 12:30:02",381,369,12,0,138,126,12,0,400,262,136,2,0,1,19,13,7,7,76,0,0,11,0,0,0,1,0,0,0,0,0,0,0,0,1,0,0,0,0
10,BUZĂU,"ŞCOALA PRIMARĂ",124,"ORAŞ PĂTÂRLAGELE",48325,1,PROV,PRCNCT,CD,CD_SV,"2021-01-21 12:30:02",404,391,13,0,126,113,13,0,430,304,126,0,0,0,24,12,8,4,69,0,2,7,0,0,0,0,0,0,0,0,0,0,0,0,0,0,0,0,0
10,BUZĂU,"CĂMIN CULTURAL",125,"ORAŞ PĂTÂRLAGELE",48325,1,PROV,PRCNCT,CD,CD_SV,"2021-01-21 12:30:02",541,528,13,0,204,191,13,0,580,376,195,7,2,1,18,11,8,5,120,1,2,24,0,0,0,0,1,0,1,0,1,0,0,0,0,0,0,1,1
10,BUZĂU,"CĂMIN CULTURAL",126,"ORAŞ PĂTÂRLAGELE",48325,1,PROV,PRCNCT,CD,CD_SV,"2021-01-21 12:30:02",714,699,15,0,257,242,15,0,760,503,244,5,8,1,29,15,13,23,129,2,3,20,0,0,0,2,2,0,2,0,0,0,0,0,0,0,1,1,1
10,BUZĂU,"ŞCOALA PRIMARĂ",127,"ORAŞ PĂTÂRLAGELE",48325,1,PROV,PRCNCT,CD,CD_SV,"2021-01-21 12:30:02",189,178,11,0,82,71,11,0,200,118,79,3,0,1,13,11,7,3,34,0,1,8,0,0,0,0,0,0,0,0,0,0,0,0,1,0,0,0,0
10,BUZĂU,"LICEUL TEORETIC POGOANELE",128,"ORAŞ POGOANELE",48744,1,PROV,PRCNCT,CD,CD_SV,"2021-01-21 12:30:02",1572,1465,60,47,546,474,30,42,1620,1074,534,8,4,0,74,40,74,67,237,4,3,24,1,0,0,1,1,0,3,1,1,0,0,0,1,0,1,0,1
10,BUZĂU,"CLUBUL COPIILOR POGOANELE",129,"ORAŞ POGOANELE",48744,1,PROV,PRCNCT,CD,CD_SV,"2021-01-21 12:30:02",1444,1405,29,10,525,486,29,10,1550,1025,495,13,17,0,73,20,89,47,212,3,7,38,0,0,0,0,1,0,1,1,0,0,0,0,0,0,1,0,2
10,BUZĂU,"ŞCOALA GENERALĂ NR.2 POGOANELE",130,"ORAŞ POGOANELE",48744,2,PART,PRCNCT,CD,CD_SV,"2021-01-21 12:30:02",1502,1472,16,14,532,502,16,14,1610,1078,511,14,7,0,62,22,160,35,169,1,10,40,0,2,0,0,0,0,2,2,0,2,0,0,0,0,2,1,1
10,BUZĂU,"ŞCOALA GENERALĂ CĂLDĂRĂŞTI",131,"ORAŞ POGOANELE",48744,2,PART,PRCNCT,CD,CD_SV,"2021-01-21 12:30:02",1528,1476,15,37,562,510,15,37,1620,1058,536,14,12,2,67,10,92,18,310,4,4,22,0,0,0,0,1,0,2,0,1,0,0,0,0,0,0,0,3
10,BUZĂU,"CASA DE CULTURĂ AMARU",132,AMARU,44863,1,PROV,PRCNCT,CD,CD_SV,"2021-01-21 12:30:02",946,924,15,7,293,271,15,7,1020,727,276,6,11,1,52,11,1,14,169,2,2,18,0,0,1,1,0,0,1,1,0,0,0,1,0,0,1,0,0
10,BUZĂU,"CĂMINUL CULTURAL",133,AMARU,44863,1,PROV,PRCNCT,CD,CD_SV,"2021-01-21 12:30:02",422,407,14,1,154,139,14,1,440,286,149,2,3,0,6,3,9,33,78,1,1,16,0,0,0,1,0,0,0,0,1,0,0,0,0,0,0,0,0
10,BUZĂU,"CĂMINUL CULTURAL",134,AMARU,44863,1,PROV,PRCNCT,CD,CD_SV,"2021-01-21 12:30:02",203,188,13,2,62,47,13,2,210,148,60,1,1,0,3,0,4,11,37,0,0,2,0,0,0,0,0,0,2,0,0,0,0,0,1,0,0,0,0
10,BUZĂU,"CAMINUL CULTURAL LUNCA",135,AMARU,44863,1,PROV,PRCNCT,CD,CD_SV,"2021-01-21 12:30:02",320,305,15,0,102,87,15,0,335,233,96,2,4,1,4,2,3,9,70,0,0,6,0,0,0,1,0,0,0,0,0,0,0,0,0,0,0,0,0
10,BUZĂU,"GRĂDINIŢA CU PROGRAM NORMAL SAT BALTA ALBĂ",136,"BALTA ALBĂ",44934,1,PROV,PRCNCT,CD,CD_SV,"2021-01-21 12:30:02",451,420,31,0,207,176,31,0,460,253,202,4,1,1,23,2,3,62,98,2,0,9,1,0,0,0,0,0,0,0,0,0,0,1,0,0,0,0,0
10,BUZĂU,"CAMINUL CULTURAL BAILE",137,"BALTA ALBĂ",44934,1,PROV,PRCNCT,CD,CD_SV,"2021-01-21 12:30:02",389,349,40,0,179,139,40,0,380,201,172,1,6,0,12,11,8,34,93,1,2,10,0,0,0,0,0,0,0,0,0,0,0,0,1,0,0,0,0
10,BUZĂU,"ŞCOALA GIMNAZIALĂ SAT AMARA",138,"BALTA ALBĂ",44934,1,PROV,PRCNCT,CD,CD_SV,"2021-01-21 12:30:02",1288,1203,76,9,624,539,76,9,1318,694,597,19,8,0,51,8,28,104,374,0,2,27,0,1,0,0,0,0,1,0,0,0,0,0,0,0,0,0,1
10,BUZĂU,"PRIMARIA COMUNEI BĂLĂCEANU",139,BĂLĂCEANU,44989,1,PROV,PRCNCT,CD,CD_SV,"2021-01-21 12:30:02",1300,1171,44,85,572,443,44,85,1390,818,557,6,9,1,92,6,30,97,301,2,5,15,1,0,1,3,0,0,0,0,1,0,0,0,1,1,0,0,0
10,BUZĂU,"ŞCOALA PRIMARĂ BECENI",140,BECENI,45003,1,PROV,PRCNCT,CD,CD_SV,"2021-01-21 12:30:02",825,792,33,0,319,286,33,0,880,561,312,6,1,0,131,13,12,5,119,0,0,31,0,0,0,0,0,1,0,0,0,0,0,0,0,0,0,0,0
10,BUZĂU,"ŞCOALA GIMNAZIALĂ GURA DIMIENII",141,BECENI,45003,1,PROV,PRCNCT,CD,CD_SV,"2021-01-21 12:30:02",761,731,30,0,297,267,30,0,830,533,293,3,1,1,106,17,16,11,112,0,2,26,0,0,1,0,0,0,0,0,0,0,0,0,0,0,0,1,0
10,BUZĂU,"ŞCOALA GIMNAZIALĂ VALEA PĂRULUI",142,BECENI,45003,1,PROV,PRCNCT,CD,CD_SV,"2021-01-21 12:30:02",1163,1122,41,0,363,322,41,0,1230,867,354,5,4,0,129,25,9,7,144,0,3,28,0,0,1,1,1,1,1,1,0,0,1,0,0,0,1,1,0
10,BUZĂU,"ŞCOALA PRIMARĂ IZVORU DULCE",143,BECENI,45003,1,PROV,PRCNCT,CD,CD_SV,"2021-01-21 12:30:02",720,678,42,0,257,215,42,0,740,483,255,2,0,0,77,10,8,4,128,0,2,24,0,0,0,0,0,0,0,0,0,0,0,2,0,0,0,0,0
10,BUZĂU,"ŞCOALA PRIMARĂ FLOREŞTI",144,BECENI,45003,2,PART,PRCNCT,CD,CD_SV,"2021-01-21 12:30:02",217,200,17,0,60,43,17,0,230,170,57,2,1,1,11,4,1,1,32,0,0,5,0,0,0,0,1,0,1,0,0,0,0,0,0,0,0,0,0
10,BUZĂU,"CASA DE CULTURĂ BERCA-PARTER",145,BERCA,45101,1,PROV,PRCNCT,CD,CD_SV,"2021-01-21 12:30:02",1249,1221,28,0,440,412,28,0,1370,930,431,3,6,1,67,63,19,24,218,6,6,25,1,0,0,0,0,0,0,0,0,0,0,0,1,0,0,0,0
10,BUZĂU,"GRĂDINIȚA CU PROGRAM NORMAL NITRARIA BERCA",146,BERCA,45101,1,PROV,PRCNCT,CD,CD_SV,"2021-01-21 12:30:02",1095,1080,15,0,320,305,15,0,1190,870,315,5,0,0,70,43,13,16,149,5,3,14,0,0,0,0,0,0,0,1,0,0,0,1,0,0,0,0,0
10,BUZĂU,"LICEUL TEHNOLOGIC SF.MUCENIC SAVA, BERCA",147,BERCA,45101,2,PART,PRCNCT,CD,CD_SV,"2021-01-21 12:30:02",645,623,22,0,218,196,22,0,680,462,214,3,1,0,40,28,13,18,95,0,4,15,0,0,0,0,0,0,0,0,0,0,1,0,0,0,0,0,0
10,BUZĂU,"GRĂDINIŢA SĂTUC",148,BERCA,45101,1,PROV,PRCNCT,CD,CD_SV,"2021-01-21 12:30:02",586,548,38,0,214,176,38,0,600,386,210,2,2,0,27,17,35,18,95,3,0,12,0,0,0,0,0,0,1,1,0,0,0,0,0,0,0,1,0
10,BUZĂU,"GRĂDINIȚA CU PROGRAM NORMAL RĂTEŞTI",149,BERCA,45101,1,PROV,PRCNCT,CD,CD_SV,"2021-01-21 12:30:02",785,767,18,0,208,190,18,0,840,632,202,5,1,0,36,20,8,15,102,0,8,11,0,0,0,1,0,0,0,1,0,0,0,0,0,0,0,0,0
10,BUZĂU,"CĂMIN CULTURAL PÎCLE",150,BERCA,45101,1,PROV,PRCNCT,CD,CD_SV,"2021-01-21 12:30:02",136,124,12,0,51,39,12,0,140,89,50,1,0,0,9,9,1,1,23,1,3,2,0,0,0,0,0,0,0,0,0,0,0,1,0,0,0,0,0
10,BUZĂU,"CĂMIN CULTURAL JOSENI",151,BERCA,45101,1,PROV,PRCNCT,CD,CD_SV,"2021-01-21 12:30:02",773,748,25,0,222,197,25,0,820,598,216,4,2,0,20,24,14,12,115,1,4,23,0,0,0,0,1,0,1,0,0,0,0,0,0,0,0,1,0
10,BUZĂU,"ŞCOALA GIMNAZIALĂ PLEȘCOI",152,BERCA,45101,1,PROV,PRCNCT,CD,CD_SV,"2021-01-21 12:30:02",839,815,23,1,233,209,23,1,890,657,230,3,0,0,59,35,15,10,88,1,2,19,0,0,0,1,0,0,0,0,0,0,0,0,0,0,0,0,0
10,BUZĂU,"ȘCOALA GIMNAZIALĂ PLEȘCOI",153,BERCA,45101,1,PROV,PRCNCT,CD,CD_SV,"2021-01-21 12:30:02",761,743,18,0,210,192,18,0,810,600,210,0,0,0,38,33,13,7,97,1,4,13,1,0,0,0,0,0,0,0,0,0,0,0,1,0,0,0,2
10,BUZĂU,"ŞCOALA PRIMARĂ VALEA NUCULUI",154,BERCA,45101,1,PROV,PRCNCT,CD,CD_SV,"2021-01-21 12:30:02",590,556,34,0,195,161,34,0,610,415,190,2,3,1,34,16,15,9,95,1,3,15,0,0,0,0,0,0,0,0,0,0,0,0,0,0,0,0,1
10,BUZĂU,"SALA DE FESTIVITATI A PRIMARIEI BISOCA",155,BISOCA,45245,1,PROV,PRCNCT,CD,CD_SV,"2021-01-21 12:30:02",478,463,15,0,144,129,15,0,510,366,137,3,4,0,5,6,2,2,103,1,1,15,0,0,0,0,0,0,2,0,0,0,0,0,0,0,0,0,0
10,BUZĂU,"CAMPUS PENTRU COPII SF.SAVA - RECEA",156,BISOCA,45245,1,PROV,PRCNCT,CD,CD_SV,"2021-01-21 12:30:02",786,773,13,0,234,221,13,0,850,616,218,4,12,1,7,4,5,6,156,0,1,33,0,1,0,0,0,0,0,1,0,0,0,1,0,0,0,0,2
10,BUZĂU,"ŞCOALA GENERALĂ PLEŞI",157,BISOCA,45245,1,PROV,PRCNCT,CD,CD_SV,"2021-01-21 12:30:02",353,344,9,0,135,126,9,0,380,245,134,0,1,0,4,2,8,2,102,1,0,13,0,0,0,0,0,0,0,0,0,0,0,0,0,0,0,0,2
10,BUZĂU,"ŞCOALA GENERALĂ SĂRILE",158,BISOCA,45245,1,PROV,PRCNCT,CD,CD_SV,"2021-01-21 12:30:02",400,389,11,0,161,150,11,0,420,259,147,8,6,0,10,2,17,6,89,1,2,14,0,0,0,1,0,1,0,0,1,0,0,0,1,0,0,0,2
10,BUZĂU,"CĂMINUL CULTURAL BLĂJANI",159,BLĂJANI,45334,1,PROV,PRCNCT,CD,CD_SV,"2021-01-21 12:30:02",668,580,52,36,377,289,52,36,630,253,369,4,4,2,33,8,18,4,288,0,1,12,0,1,0,0,1,0,0,0,0,0,0,0,0,0,0,0,1
10,BUZĂU,"CĂMINUL CULTURAL SOREŞTI",160,BLĂJANI,45334,1,PROV,PRCNCT,CD,CD_SV,"2021-01-21 12:30:02",256,219,20,17,154,119,20,15,260,106,150,3,1,1,9,2,5,4,120,0,2,6,0,0,0,0,1,0,0,0,0,0,0,0,0,0,0,0,0
10,BUZĂU,"CLUBUL PRIMĂRIEI BOLDU",161,BOLDU,45361,1,PROV,PRCNCT,CD,CD_SV,"2021-01-21 12:30:02",1017,963,25,29,392,338,25,29,1050,658,380,7,5,0,27,13,15,17,285,1,1,16,0,1,0,1,0,0,1,0,0,0,0,0,0,0,1,0,1
10,BUZĂU,"ȘCOALA GIMNAZIALĂ BOLDU",162,BOLDU,45361,1,PROV,PRCNCT,CD,CD_SV,"2021-01-21 12:30:02",876,807,40,29,356,287,40,29,890,534,342,8,6,0,28,9,32,26,232,0,0,13,0,0,0,0,0,0,1,0,0,0,1,0,0,0,0,0,0
10,BUZĂU,"ŞCOALA GIMNAZIALĂ BOZIORU",163,BOZIORU,45389,1,PROV,PRCNCT,CD,CD_SV,"2021-01-21 12:30:02",521,479,38,4,242,200,38,4,520,278,235,3,4,1,18,4,71,24,98,0,6,8,0,1,0,0,0,0,0,0,0,0,1,0,0,0,3,0,0
10,BUZĂU,"ŞCOALA PRIMARĂ FIŞICI",164,BOZIORU,45389,2,PART,PRCNCT,CD,CD_SV,"2021-01-21 12:30:02",319,299,20,0,145,125,20,0,320,175,138,3,4,0,22,2,7,36,64,1,1,3,0,1,0,1,0,0,0,0,0,0,0,0,0,0,0,0,0
10,BUZĂU,"CLĂDIRE GRĂDINIȚĂ ȘI SEDIU ADMINISTRATIV",165,BRĂDEANU,45496,1,PROV,PRCNCT,CD,CD_SV,"2021-01-21 12:30:02",896,872,24,0,270,246,24,0,950,680,254,7,9,1,75,7,21,4,120,2,4,12,0,0,0,0,1,0,3,0,0,0,0,0,1,0,2,0,1
10,BUZĂU,"ŞCOALA GIMNAZIALĂ SMÎRDAN",166,BRĂDEANU,45496,2,PART,PRCNCT,CD,CD_SV,"2021-01-21 12:30:02",724,712,12,0,257,245,12,0,780,523,244,9,4,0,72,4,24,7,120,0,4,10,0,0,1,0,0,0,0,0,0,0,1,1,0,0,0,0,0
10,BUZĂU,"ŞCOALA PRIMARĂ MITROPOLIA",167,BRĂDEANU,45496,1,PROV,PRCNCT,CD,CD_SV,"2021-01-21 12:30:02",351,341,10,0,134,124,10,0,370,236,124,6,4,0,25,1,10,23,54,0,2,6,0,0,0,1,2,0,0,0,0,0,0,0,0,0,0,0,0
10,BUZĂU,"ŞCOALA GIMNAZIALĂ COMUNA BRĂEŞTI",168,BRĂEŞTI,45539,1,PROV,PRCNCT,CD,CD_SV,"2021-01-21 12:30:02",381,366,14,1,138,123,14,1,401,263,131,7,0,0,36,3,25,6,54,0,2,1,0,0,0,0,0,0,1,0,0,0,0,1,0,0,1,0,1
10,BUZĂU,"GRĂDINIŢA CU PROGRAM NORMAL BRĂTILEŞTI",169,BRĂEŞTI,45539,1,PROV,PRCNCT,CD,CD_SV,"2021-01-21 12:30:02",1108,1072,36,0,378,342,36,0,1180,802,358,14,6,2,36,17,14,95,162,1,2,24,0,0,0,1,0,0,1,0,0,0,2,0,0,0,1,0,0
10,BUZĂU,"CAMINUL CULTURAL PINU",170,BRĂEŞTI,45539,1,PROV,PRCNCT,CD,CD_SV,"2021-01-21 12:30:02",288,275,13,0,113,100,13,0,300,187,108,2,3,0,30,7,3,5,55,1,0,3,0,0,0,0,1,0,0,0,0,0,0,1,0,0,2,0,0
10,BUZĂU,"GRADINITA CU PROGRAM NORMAL BREAZA",171,BREAZA,45619,1,PROV,PRCNCT,CD,CD_SV,"2021-01-21 12:30:02",803,782,21,0,266,245,21,0,860,594,258,7,1,1,36,18,8,59,109,0,1,21,0,1,0,0,1,0,0,0,0,0,0,0,0,0,3,0,0
10,BUZĂU,"ŞCOALA GENERALĂ GRECEANCA",172,BREAZA,45619,1,PROV,PRCNCT,CD,CD_SV,"2021-01-21 12:30:02",792,747,45,0,257,212,45,0,815,558,249,4,4,1,28,20,8,93,78,0,3,16,0,0,0,0,1,0,0,0,0,0,0,0,0,0,0,0,1
10,BUZĂU,"CĂMINUL CULTURAL VISPEȘTI",173,BREAZA,45619,1,PROV,PRCNCT,CD,CD_SV,"2021-01-21 12:30:02",572,548,24,0,170,146,24,0,620,450,166,3,1,0,17,11,5,34,77,0,1,21,0,0,0,0,0,0,0,0,0,0,0,0,0,0,0,0,0
10,BUZĂU,"GRĂDINIŢA CU PROGRAM NORMAL BUDA",174,BUDA,45673,1,PROV,PRCNCT,CD,CD_SV,"2021-01-21 12:30:02",916,867,39,10,365,316,39,10,960,595,349,10,6,2,45,6,41,86,139,1,4,18,0,0,1,0,1,0,0,0,1,0,0,1,1,0,1,0,1
10,BUZĂU,"ȘCOALA GIMNAZIALĂ ALEXANDRU ODOBESCU",175,BUDA,45673,1,PROV,PRCNCT,CD,CD_SV,"2021-01-21 12:30:02",933,902,21,10,325,294,21,10,1000,675,309,10,6,2,20,2,9,29,227,1,1,12,0,0,0,0,0,0,2,0,0,0,0,0,2,0,2,0,0
10,BUZĂU,"GRADINITA PN PIETROIU",176,BUDA,45673,1,PROV,PRCNCT,CD,CD_SV,"2021-01-21 12:30:02",539,517,21,1,196,174,21,1,570,374,174,13,9,1,5,2,12,17,108,1,2,20,0,0,0,0,0,0,0,0,0,1,0,2,1,0,1,0,1
10,BUZĂU,"ȘCOALA GIMNAZIALĂ C.A.ROSETTI",177,"C.A. ROSETTI",45815,1,PROV,PRCNCT,CD,CD_SV,"2021-01-21 12:30:02",718,696,22,0,241,219,22,0,760,519,236,4,1,2,26,17,49,45,67,3,3,20,0,0,0,0,0,0,3,1,0,0,0,0,0,0,0,0,0
10,BUZĂU,"ŞCOALA PRIMARĂ BĂLTENI",178,"C.A. ROSETTI",45815,1,PROV,PRCNCT,CD,CD_SV,"2021-01-21 12:30:02",379,360,19,0,158,139,19,0,390,232,148,6,4,3,13,2,61,5,50,0,0,4,0,2,0,1,1,0,0,1,0,0,0,0,1,0,2,0,2
10,BUZĂU,"CĂMINUL CULTURAL BÎLHACU",179,"C.A. ROSETTI",45815,1,PROV,PRCNCT,CD,CD_SV,"2021-01-21 12:30:02",176,169,7,0,57,50,7,0,190,133,56,1,0,0,10,2,10,3,26,0,0,3,0,0,0,1,0,0,1,0,0,0,0,0,0,0,0,0,0
10,BUZĂU,"ŞCOALA PRIMARĂ COTU CIORII",180,"C.A. ROSETTI",45815,1,PROV,PRCNCT,CD,CD_SV,"2021-01-21 12:30:02",490,473,17,0,144,127,17,0,510,366,101,43,0,0,18,2,19,7,37,0,3,14,0,0,0,0,0,0,1,0,0,0,0,0,0,0,0,0,0
10,BUZĂU,"ȘCOALA GIMNAZIALĂ LUNCA",181,"C.A. ROSETTI",45815,1,PROV,PRCNCT,CD,CD_SV,"2021-01-21 12:30:02",812,796,16,0,321,305,16,0,874,553,295,13,13,0,41,1,97,2,128,1,7,13,0,0,1,1,1,0,1,0,0,0,0,1,0,0,0,0,0
10,BUZĂU,"ŞCOALA PRIMARĂ VIZIRENI",182,"C.A. ROSETTI",45815,1,PROV,PRCNCT,CD,CD_SV,"2021-01-21 12:30:02",379,366,13,0,153,140,13,0,401,248,145,3,5,1,39,4,16,30,42,1,0,9,0,0,1,0,1,0,0,0,1,0,0,0,0,0,0,0,0
10,BUZĂU,"CAMIN CULTURAL CALVINI",183,CALVINI,45753,1,PROV,PRCNCT,CD,CD_SV,"2021-01-21 12:30:02",804,750,29,25,402,348,29,25,860,458,388,6,8,0,254,14,7,15,68,2,1,23,0,0,0,1,0,0,0,0,1,0,0,0,0,0,0,0,2
10,BUZĂU,"SCOALA GIMNAZIALA ”DUMITRU I. IONESCU” CALVINI",184,CALVINI,45753,1,PROV,PRCNCT,CD,CD_SV,"2021-01-21 12:30:02",1557,1505,21,31,536,484,21,31,1670,1134,496,20,20,3,193,3,31,112,44,1,0,23,0,0,0,0,1,0,1,0,14,0,0,1,0,0,2,5,62
10,BUZĂU,"SCOALA PRIMARA BÎSCENII DE JOS",185,CALVINI,45753,1,PROV,PRCNCT,CD,CD_SV,"2021-01-21 12:30:02",511,477,24,10,263,229,24,10,520,257,253,6,4,0,174,8,2,3,48,3,0,9,0,0,0,0,0,0,0,0,1,0,0,0,0,0,0,1,4
10,BUZĂU,"SCOALA GIMNAZIALA BÎSCENII DE SUS",186,CALVINI,45753,1,PROV,PRCNCT,CD,CD_SV,"2021-01-21 12:30:02",781,723,24,34,395,337,24,34,792,397,390,4,1,0,259,13,15,5,73,3,0,12,0,1,1,0,2,0,1,0,0,0,0,0,0,0,0,0,5
10,BUZĂU,"SCOALA GIMNAZIALA CANESTI",187,CĂNEŞTI,45888,1,PROV,PRCNCT,CD,CD_SV,"2021-01-21 12:30:02",518,435,39,44,262,179,39,44,480,218,257,5,0,1,38,11,5,15,167,0,4,15,0,0,0,0,0,0,0,0,0,0,0,0,0,0,0,1,0
10,BUZĂU,"SCOALA PRIMARA NEGOSINA",188,CĂNEŞTI,45888,1,PROV,PRCNCT,CD,CD_SV,"2021-01-21 12:30:02",192,157,17,18,105,71,17,17,180,75,103,1,1,0,9,6,5,3,71,1,1,6,0,0,0,0,0,0,0,0,0,1,0,0,0,0,0,0,0
10,BUZĂU,"ŞCOALA GIMNAZIALĂ NR.1 CĂTINA",189,CĂTINA,45959,1,PROV,PRCNCT,CD,CD_SV,"2021-01-21 12:30:02",633,610,22,1,206,183,22,1,670,464,198,4,4,0,62,11,10,8,93,1,2,9,0,0,0,0,1,0,0,0,0,0,0,0,0,0,1,0,0
10,BUZĂU,"ŞCOALA GIMNAZIALĂ NR.2 CORBU",190,CĂTINA,45959,1,PROV,PRCNCT,CD,CD_SV,"2021-01-21 12:30:02",669,644,22,3,282,257,22,3,700,418,270,7,5,0,41,14,3,4,197,0,2,4,0,0,0,0,0,0,2,0,1,0,0,1,0,0,1,0,0
10,BUZĂU,"ŞCOALA PRIMARĂ NR.1 VALEA CĂTINEI",191,CĂTINA,45959,1,PROV,PRCNCT,CD,CD_SV,"2021-01-21 12:30:02",389,379,8,2,133,123,8,2,410,277,132,0,1,0,47,6,5,0,62,0,1,11,0,0,0,0,0,0,0,0,0,0,0,0,0,0,0,0,0
10,BUZĂU,"ŞCOALA CU CLS.I-IV SLOBOZIA",192,CĂTINA,45959,1,PROV,PRCNCT,CD,CD_SV,"2021-01-21 12:30:02",176,165,11,0,69,58,11,0,190,121,69,0,0,0,24,2,2,1,29,0,1,9,0,0,0,0,0,0,0,0,0,0,0,0,0,0,1,0,0
10,BUZĂU,"ŞCOALA PRIMARĂ NR.2 ZELETIN",193,CĂTINA,45959,2,PART,PRCNCT,CD,CD_SV,"2021-01-21 12:30:02",167,158,9,0,19,10,9,0,180,161,18,0,1,1,2,1,1,1,9,0,0,2,0,0,0,0,0,0,0,0,0,0,0,1,0,0,0,0,0
10,BUZĂU,"GRADINITA CU PROGRAM NORMAL CERNATESTI",194,CERNĂTEŞTI,46019,1,PROV,PRCNCT,CD,CD_SV,"2021-01-21 12:30:02",925,906,19,0,252,233,19,0,990,738,244,6,2,0,35,39,6,10,141,0,5,7,0,0,0,0,0,0,0,0,0,0,0,0,0,0,0,0,1
10,BUZĂU,"CĂMINUL CULTURAL DIN SATUL ZĂRNEŞTI SLĂNIC",195,CERNĂTEŞTI,46019,1,PROV,PRCNCT,CD,CD_SV,"2021-01-21 12:30:02",1115,1099,16,0,344,328,16,0,1210,866,338,6,0,0,38,38,14,16,198,2,5,26,1,0,0,0,0,0,0,0,0,0,0,0,0,0,0,0,0
10,BUZĂU,"CĂMINUL CULTURAL DIN SATUL ALDENI",196,CERNĂTEŞTI,46019,1,PROV,PRCNCT,CD,CD_SV,"2021-01-21 12:30:02",712,665,41,6,298,251,41,6,740,442,292,6,0,0,37,29,20,9,165,1,4,23,1,1,0,0,0,0,0,0,0,0,0,0,1,0,1,0,0
10,BUZĂU,"ŞCOALA PRIMARA DIN SATUL FULGA",197,CERNĂTEŞTI,46019,1,PROV,PRCNCT,CD,CD_SV,"2021-01-21 12:30:02",401,378,22,1,153,130,22,1,410,257,149,3,1,1,22,13,6,7,88,1,1,10,0,0,0,0,0,0,0,0,0,0,0,0,0,0,0,0,0
10,BUZĂU,"CAMINUL CULTURAL CHILIILE",198,CHILIILE,46108,1,PROV,PRCNCT,CD,CD_SV,"2021-01-21 12:30:02",297,255,24,18,173,132,24,17,290,117,166,6,1,1,16,4,1,3,130,0,3,4,0,0,0,0,1,0,2,0,0,0,0,0,0,0,0,0,1
10,BUZĂU,"ŞCOALA TRESTIOARA",199,CHILIILE,46108,1,PROV,PRCNCT,CD,CD_SV,"2021-01-21 12:30:02",197,174,17,6,102,79,17,6,200,98,101,1,0,0,1,2,1,1,89,0,1,2,0,0,0,1,0,0,2,0,0,0,0,0,1,0,0,0,0
10,BUZĂU,"GRADINITA CU PROGRAM NORMAL CHIOJDU",200,CHIOJDU,46180,3,PART,PRCNCT,CD,CD_SV,"2021-01-21 12:30:02",804,784,16,4,304,284,16,4,860,556,297,1,6,1,154,18,12,8,86,1,0,11,0,0,0,0,0,0,0,0,0,2,1,0,0,0,1,0,2
10,BUZĂU,"ŞCOALA GIMNAZIALA BISCA-CHIOJDULUI",201,CHIOJDU,46180,1,PROV,PRCNCT,CD,CD_SV,"2021-01-21 12:30:02",945,933,10,2,294,282,10,2,1030,736,291,2,1,1,160,12,9,4,92,0,1,9,1,0,0,0,1,0,1,0,0,0,0,0,0,0,0,0,0
10,BUZĂU,"ŞCOALA PRIMARA PLESCIOARA",202,CHIOJDU,46180,1,PROV,PRCNCT,CD,CD_SV,"2021-01-21 12:30:02",142,129,13,0,63,50,13,0,150,87,60,0,3,0,35,1,3,0,18,0,0,3,0,0,0,0,0,0,0,0,0,0,0,0,0,0,0,0,0
10,BUZĂU,"ŞCOALA PRIMARA CATIASU",203,CHIOJDU,46180,1,PROV,PRCNCT,CD,CD_SV,"2021-01-21 12:30:02",285,270,15,0,99,84,15,0,291,192,93,2,4,0,42,3,4,2,38,0,0,2,0,0,0,0,0,0,0,1,0,0,0,0,0,0,0,1,0
10,BUZĂU,"ŞCOALA PRIMARA LERA",204,CHIOJDU,46180,1,PROV,PRCNCT,CD,CD_SV,"2021-01-21 12:30:02",360,349,11,0,113,102,11,0,380,267,109,1,3,1,51,1,8,1,41,0,0,4,0,0,0,0,0,0,0,0,0,1,0,0,0,0,1,0,0
10,BUZĂU,"ŞCOALA PRIMARA POENITELE",205,CHIOJDU,46180,1,PROV,PRCNCT,CD,CD_SV,"2021-01-21 12:30:02",185,175,10,0,64,54,10,0,200,136,58,4,2,0,24,3,2,2,25,0,0,2,0,0,0,0,0,0,0,0,0,0,0,0,0,0,0,0,0
10,BUZĂU,"PRIMĂRIA COMUNA CILIBIA – LA PARTER",206,CILIBIA,46251,1,PROV,PRCNCT,CD,CD_SV,"2021-01-21 12:30:02",1295,1192,73,30,571,470,73,28,1310,739,556,6,9,0,22,11,213,76,185,1,14,28,0,0,0,2,0,0,0,0,0,0,0,0,0,0,1,0,3
10,BUZĂU,"ŞCOALA PRIMARĂ DIN SATUL MOVILA OII",207,CILIBIA,46251,1,PROV,PRCNCT,CD,CD_SV,"2021-01-21 12:30:02",351,290,46,15,197,136,46,15,320,123,195,1,1,0,19,11,11,47,89,2,3,12,0,0,0,0,1,0,0,0,0,0,0,0,0,0,0,0,0
10,BUZĂU,"GRĂDINIŢA CU PROGRAM NORMAL NR. 1 COMUNA CISLĂU",208,CISLĂU,46313,1,PROV,PRCNCT,CD,CD_SV,"2021-01-21 12:30:02",1834,1792,30,12,672,631,30,11,1970,1298,641,23,8,2,81,24,56,13,396,3,5,57,0,2,0,0,0,0,0,0,0,0,0,0,1,0,1,0,0
10,BUZĂU,"ŞCOALA GIMNAZIALĂ SAT SCĂRIŞOARA, COMUNA CISLĂU",209,CISLĂU,46313,1,PROV,PRCNCT,CD,CD_SV,"2021-01-21 12:30:02",1070,1030,29,11,461,422,29,10,1130,669,451,4,6,2,84,16,20,33,253,1,4,34,1,0,0,1,1,0,0,0,0,0,0,0,0,0,0,0,1
10,BUZĂU,"CENTRUL DE ZI « DOAMNA NEAGA » PENTRU COPII CU VÂRSTE CUPRINSE ÎNTRE 3-6 ANI",210,CISLĂU,46313,1,PROV,PRCNCT,CD,CD_SV,"2021-01-21 12:30:02",623,612,11,0,190,179,11,0,670,480,180,3,7,0,40,3,6,9,94,0,1,19,0,0,0,0,2,0,1,1,0,0,0,1,0,0,1,0,2
10,BUZĂU,"ŞCOALA PRIMARĂ SAT GURA BÂSCEI, COMUNA CISLĂU",211,CISLĂU,46313,1,PROV,PRCNCT,CD,CD_SV,"2021-01-21 12:30:02",340,304,24,12,153,117,24,12,340,187,147,4,2,1,7,10,7,10,98,1,0,11,0,1,0,0,0,0,1,0,0,0,0,0,0,0,0,0,0
10,BUZĂU,"SCOALA GIMNAZIALA COCHIRLEANCA NR.1",212,COCHIRLEANCA,46377,1,PROV,PRCNCT,CD,CD_SV,"2021-01-21 12:30:02",1290,1268,22,0,360,338,22,0,1390,1030,345,4,11,1,88,16,21,81,99,1,1,31,0,1,0,2,2,0,0,0,0,0,0,0,0,0,0,1,0
10,BUZĂU,"SCOALA GIMNAZIALA COCHIRLEANCA NR.2",213,COCHIRLEANCA,46377,1,PROV,PRCNCT,CD,CD_SV,"2021-01-21 12:30:02",821,809,12,0,254,242,12,0,890,636,238,4,12,0,41,13,23,42,93,4,6,10,0,0,0,0,0,0,0,0,1,0,1,1,0,0,2,1,0
10,BUZĂU,"ȘCOALA GIMNAZIALĂ BOBOC",214,COCHIRLEANCA,46377,1,PROV,PRCNCT,CD,CD_SV,"2021-01-21 12:30:02",1356,1345,11,0,369,358,11,0,1480,1111,359,7,3,0,48,22,30,86,119,1,6,43,0,0,0,0,0,1,1,0,0,0,0,0,0,0,1,1,0
10,BUZĂU,"SCOALA PRIMARA ROSIORU",215,COCHIRLEANCA,46377,1,PROV,PRCNCT,CD,CD_SV,"2021-01-21 12:30:02",570,550,20,0,185,165,20,0,610,425,175,6,4,0,63,6,19,14,50,2,3,16,0,0,0,0,2,0,0,0,0,0,0,0,0,0,0,0,0
10,BUZĂU,"SCOALA PRIMARA GARA BOBOCU",216,COCHIRLEANCA,46377,1,PROV,PRCNCT,CD,CD_SV,"2021-01-21 12:30:02",317,296,21,0,110,89,21,0,320,210,106,0,4,1,20,5,8,8,46,0,1,15,0,0,0,0,0,0,0,0,0,0,0,0,1,0,0,0,1
10,BUZĂU,"SCOALA PRIMARA TARLELE",217,COCHIRLEANCA,46377,1,PROV,PRCNCT,CD,CD_SV,"2021-01-21 12:30:02",52,39,13,0,27,14,13,0,50,23,27,0,0,1,4,1,5,2,11,0,0,2,0,0,0,1,0,0,0,0,0,0,0,0,0,0,0,0,0
10,BUZĂU,"ȘCOALA GIMNAZIALĂ COLȚI",218,COLŢI,46439,1,PROV,PRCNCT,CD,CD_SV,"2021-01-21 12:30:02",415,391,24,0,208,184,24,0,430,222,203,2,3,0,22,9,57,59,44,0,1,10,0,0,0,0,0,0,0,0,0,0,0,0,0,0,0,1,0
10,BUZĂU,"ȘCOALA GIMNAZIALĂ ALUNIȘ",219,COLŢI,46439,1,PROV,PRCNCT,CD,CD_SV,"2021-01-21 12:30:02",124,116,8,0,60,52,8,0,130,70,58,0,2,1,4,3,10,19,15,1,1,3,0,0,0,0,0,0,0,0,0,0,0,0,0,0,1,0,0
10,BUZĂU,"CĂMINUL CULTURAL MUSCELUL CĂRĂMĂNEŞTI",220,COLŢI,46439,1,PROV,PRCNCT,CD,CD_SV,"2021-01-21 12:30:02",93,73,20,0,49,29,20,0,90,41,47,0,2,1,3,4,3,16,15,0,0,2,0,0,0,0,1,0,0,0,0,0,0,2,0,0,0,0,0
10,BUZĂU,"ŞCOALA GIMNAZIALĂ COLȚII DE JOS",221,COLŢI,46439,1,PROV,PRCNCT,CD,CD_SV,"2021-01-21 12:30:02",258,248,10,0,110,100,10,0,280,170,107,2,1,0,15,7,20,23,38,0,2,1,0,1,0,0,0,0,0,0,0,0,0,0,0,0,0,0,0
10,BUZĂU,"ȘCOALA GIMNAZIALĂ COSTEȘTI",222,COSTEŞTI,46484,1,PROV,PRCNCT,CD,CD_SV,"2021-01-21 12:30:02",1325,1270,55,0,465,410,55,0,1405,940,454,9,2,1,74,27,46,47,201,2,1,49,0,0,0,1,0,1,0,0,0,0,0,2,0,0,1,0,1
10,BUZĂU,"GRĂDINIŢA CU PROGRAM NORMAL PIETROSU",223,COSTEŞTI,46484,1,PROV,PRCNCT,CD,CD_SV,"2021-01-21 12:30:02",1123,1095,28,0,320,292,28,0,1200,880,304,11,5,1,12,10,17,95,142,1,1,22,0,0,0,0,0,0,0,2,0,0,0,0,0,0,0,0,1
10,BUZĂU,"GRĂDINIȚA CU PROGRAM NORMAL BUDIȘTENI",224,COSTEŞTI,46484,1,PROV,PRCNCT,CD,CD_SV,"2021-01-21 12:30:02",406,391,15,0,156,141,15,0,430,274,151,3,2,0,17,2,8,42,60,1,3,17,0,0,0,1,0,0,0,0,0,0,0,0,0,0,0,0,0
10,BUZĂU,"ŞCOALA GIMNAZIALĂ ”GENERAL ȘTEFAN GUȘĂ” SPĂTARU",225,COSTEŞTI,46484,1,PROV,PRCNCT,CD,CD_SV,"2021-01-21 12:30:02",1131,1089,42,0,364,322,42,0,1190,826,358,4,2,0,51,46,12,47,161,0,1,35,0,1,0,0,1,0,1,1,0,0,0,1,0,0,0,0,0
10,BUZĂU,"ŞCOALA PRIMARĂ GOMOEȘTI",226,COSTEŞTI,46484,1,PROV,PRCNCT,CD,CD_SV,"2021-01-21 12:30:02",219,182,37,0,105,68,37,0,210,105,101,2,2,1,7,5,4,26,51,0,0,4,1,1,0,1,0,0,0,0,0,0,0,0,0,0,0,0,0
10,BUZĂU,"ŞCOALA COZIENI",227,COZIENI,46554,2,PART,PRCNCT,CD,CD_SV,"2021-01-21 12:30:02",534,507,27,0,190,163,27,0,560,370,183,5,2,0,34,6,9,6,115,0,1,9,0,0,0,0,0,0,0,1,0,0,0,0,0,0,1,0,1
10,BUZĂU,"ŞCOALA BĂLĂNEŞTI",228,COZIENI,46554,1,PROV,PRCNCT,CD,CD_SV,"2021-01-21 12:30:02",618,579,39,0,225,186,39,0,630,405,222,1,2,0,30,9,6,6,142,0,0,21,0,0,0,0,1,1,1,0,1,0,1,1,0,1,0,0,1
10,BUZĂU,"CĂMINUL CULTURAL TRESTIA",229,COZIENI,46554,1,PROV,PRCNCT,CD,CD_SV,"2021-01-21 12:30:02",333,316,17,0,140,123,17,0,340,200,139,0,1,1,16,4,11,3,85,1,11,7,0,0,0,0,0,0,0,0,0,0,0,0,0,0,0,0,0
10,BUZĂU,"ŞCOALA PIETRARU",230,COZIENI,46554,1,PROV,PRCNCT,CD,CD_SV,"2021-01-21 12:30:02",196,171,25,0,67,42,25,0,190,123,64,2,1,2,3,1,4,2,47,0,0,5,0,0,0,0,0,0,0,0,0,0,0,0,0,0,0,0,0
10,BUZĂU,"ŞCOALA GIMNAZIALA FLORICA",231,FLORICA,50564,1,PROV,PRCNCT,CD,CD_SV,"2021-01-21 12:30:02",1058,1012,32,14,443,397,32,14,1141,698,423,12,8,1,43,9,11,57,273,2,3,22,0,0,0,1,0,0,0,0,0,0,0,0,1,0,0,0,0
10,BUZĂU,"ŞCOALA GIMNAZIALĂ GĂLBINAŞI",232,GĂLBINAŞI,46769,1,PROV,PRCNCT,CD,CD_SV,"2021-01-21 12:30:02",1131,1096,33,2,427,392,33,2,1210,783,417,9,1,0,34,42,14,8,257,3,7,45,0,0,0,0,1,1,0,0,0,1,0,1,0,0,1,0,2
10,BUZĂU,"CĂMINUL CULTURAL BENTU",233,GĂLBINAŞI,46769,1,PROV,PRCNCT,CD,CD_SV,"2021-01-21 12:30:02",787,758,29,0,245,216,29,0,830,585,242,3,0,0,51,20,7,6,122,3,3,26,1,0,0,0,0,0,2,0,0,0,0,0,0,0,1,0,0
10,BUZĂU,"CĂMIN CULTURAL TĂBĂRĂȘTI",234,GĂLBINAŞI,46769,1,PROV,PRCNCT,CD,CD_SV,"2021-01-21 12:30:02",655,623,32,0,269,237,32,0,680,411,264,5,0,0,20,8,19,5,181,0,1,25,1,0,0,0,2,0,0,0,0,0,0,0,1,0,0,0,1
10,BUZĂU,"GRĂDINIȚA CU PROGRAM NORMAL NR. 2 TĂBĂRĂȘTI",235,GĂLBINAŞI,46769,1,PROV,PRCNCT,CD,CD_SV,"2021-01-21 12:30:02",1084,1045,39,0,375,336,39,0,1140,765,364,8,3,0,26,27,12,17,228,2,5,38,0,0,0,0,0,0,2,0,0,0,1,1,0,0,4,1,0
10,BUZĂU,"CĂMIN CULTURAL CU BIBLIOTECĂ",236,GHERĂSENI,46803,1,PROV,PRCNCT,CD,CD_SV,"2021-01-21 12:30:02",1480,1432,48,0,578,530,48,0,1600,1022,554,16,8,0,130,56,19,11,261,1,4,67,0,0,0,0,0,0,0,0,0,0,1,0,0,0,1,2,1
10,BUZĂU,"ŞCOALA CU CLASELE I-IV GHERASENI",237,GHERĂSENI,46803,1,PROV,PRCNCT,CD,CD_SV,"2021-01-21 12:30:02",871,850,21,0,349,328,21,0,930,581,337,7,5,0,59,28,27,13,167,3,3,32,0,0,0,0,0,0,0,1,0,1,0,0,0,1,0,0,2
10,BUZĂU,"ŞCOALA CU CLS.I-IV SUDITI",238,GHERĂSENI,46803,1,PROV,PRCNCT,CD,CD_SV,"2021-01-21 12:30:02",439,425,14,0,157,143,14,0,460,303,153,0,4,0,35,20,1,3,74,0,1,15,0,0,0,0,0,0,1,0,0,0,0,0,0,0,2,1,0
10,BUZĂU,"ŞCOALA GIMNAZIALA GHERGHEASA",239,GHERGHEASA,46830,1,PROV,PRCNCT,CD,CD_SV,"2021-01-21 12:30:02",999,973,24,2,318,292,24,2,1067,749,309,5,4,0,42,6,14,4,215,0,5,18,0,0,0,0,0,1,3,0,0,0,0,0,1,0,0,0,0
10,BUZĂU,"ȘCOALA PRIMARĂ SĂLCIOARA",240,GHERGHEASA,46830,1,PROV,PRCNCT,CD,CD_SV,"2021-01-21 12:30:02",825,805,20,0,277,257,20,0,880,603,270,4,3,2,35,10,26,9,173,0,0,14,0,0,0,1,0,0,0,0,0,0,0,0,0,0,0,0,0
10,BUZĂU,"SCOALA GIMNAZIALA GLODEANU SARAT",241,"GLODEANU SĂRAT",46867,1,PROV,PRCNCT,CD,CD_SV,"2021-01-21 12:30:02",1677,1657,20,0,617,597,20,0,1850,1233,593,15,9,1,103,15,42,115,266,2,5,37,0,0,0,0,0,0,1,0,1,1,0,0,0,0,2,0,2
10,BUZĂU,"GRADINITA CU PROGRAM NORMAL ILEANA",242,"GLODEANU SĂRAT",46867,1,PROV,PRCNCT,CD,CD_SV,"2021-01-21 12:30:02",356,338,16,2,146,128,16,2,370,224,139,3,4,0,16,8,3,25,70,0,2,10,0,0,0,1,1,0,0,0,0,0,0,0,0,0,1,0,2
10,BUZĂU,"ŞCOALA GIMNAZIALA PITULICEA",243,"GLODEANU SĂRAT",46867,1,PROV,PRCNCT,CD,CD_SV,"2021-01-21 12:30:02",741,722,19,0,271,252,19,0,810,539,263,4,4,0,41,14,8,26,144,4,2,20,0,0,0,0,0,1,0,1,0,0,0,0,1,0,0,0,1
10,BUZĂU,"GRĂDINIȚA CU PROGRAM NORMAL",244,"GLODEANU SĂRAT",46867,1,PROV,PRCNCT,CD,CD_SV,"2021-01-21 12:30:02",584,478,106,0,310,204,106,0,520,210,300,2,8,0,152,28,27,12,66,1,3,8,1,1,0,0,0,0,0,0,0,0,1,0,0,0,0,0,0
10,BUZĂU,"ȘCOALA GIMNAZIALĂ GLODEANU-SILIȘTEA",245,GLODEANU-SILIŞTEA,46910,1,PROV,PRCNCT,CD,CD_SV,"2021-01-21 12:30:02",1082,1044,33,5,401,363,33,5,1150,749,380,11,10,2,39,11,11,10,264,2,2,30,0,1,0,1,0,0,0,1,1,1,0,0,1,1,2,0,0
10,BUZĂU,"ȘCOALA PRIMARĂ COTORCA",246,GLODEANU-SILIŞTEA,46910,1,PROV,PRCNCT,CD,CD_SV,"2021-01-21 12:30:02",791,777,14,0,227,213,14,0,860,633,219,5,3,0,27,10,8,24,134,1,0,13,0,0,0,0,0,0,1,0,0,0,0,0,0,0,0,1,0
10,BUZĂU,"ŞCOALA CÎRLIGU MARE",247,GLODEANU-SILIŞTEA,46910,1,PROV,PRCNCT,CD,CD_SV,"2021-01-21 12:30:02",356,333,23,0,122,99,23,0,360,238,118,1,3,0,12,3,16,3,70,0,1,11,0,1,0,0,0,0,1,0,0,0,0,0,0,0,0,0,0
10,BUZĂU,"ŞCOALA GIMNAZIALĂ VĂCĂREASCA",248,GLODEANU-SILIŞTEA,46910,1,PROV,PRCNCT,CD,CD_SV,"2021-01-21 12:30:02",372,354,18,0,109,91,18,0,390,281,106,2,1,0,14,1,10,6,58,0,2,14,0,0,0,0,0,0,0,0,0,0,0,0,0,0,0,0,1
10,BUZĂU,"GRĂDINIŢA CAŞOTA",249,GLODEANU-SILIŞTEA,46910,1,PROV,PRCNCT,CD,CD_SV,"2021-01-21 12:30:02",265,253,12,0,104,92,12,0,290,186,102,1,1,0,17,13,7,7,43,2,2,9,0,0,0,0,0,0,1,0,0,0,0,0,0,0,1,0,0
10,BUZĂU,"ŞCOALA GIMNAZIALĂ GREBĂNU",250,GREBĂNU,47006,1,PROV,PRCNCT,CD,CD_SV,"2021-01-21 12:30:02",1820,1793,27,0,513,486,27,0,1970,1457,497,5,11,0,18,13,49,144,202,0,5,54,0,0,0,1,1,0,4,0,0,0,0,1,2,0,1,0,2
10,BUZĂU,"ŞCOALA PRIMARĂ HOMEŞTI",251,GREBĂNU,47006,1,PROV,PRCNCT,CD,CD_SV,"2021-01-21 12:30:02",876,797,79,0,355,276,79,0,870,515,342,4,9,0,22,1,76,43,158,2,11,23,0,0,0,0,0,0,2,0,0,0,2,0,0,0,2,0,0
10,BUZĂU,"ŞCOALA PRIMARĂ LIVADA",252,GREBĂNU,47006,1,PROV,PRCNCT,CD,CD_SV,"2021-01-21 12:30:02",645,586,59,0,301,242,59,0,650,349,295,2,4,0,22,11,9,26,196,0,4,23,0,0,0,0,0,0,0,0,1,0,1,0,0,0,0,1,1
10,BUZĂU,"ŞCOALA GIMNAZIALĂ PLEVNA",253,GREBĂNU,47006,1,PROV,PRCNCT,CD,CD_SV,"2021-01-21 12:30:02",1181,1123,58,0,502,444,58,0,1230,728,490,3,9,1,88,17,43,35,280,0,3,16,0,0,0,1,1,0,2,0,1,0,0,0,0,0,0,1,1
10,BUZĂU,"ŞCOALA GIMNAZIALĂ PĂLTINIŞ",254,"GURA TEGHII",47079,1,PROV,PRCNCT,CD,CD_SV,"2021-01-21 12:30:02",530,497,33,0,254,221,33,0,540,286,247,3,4,1,32,7,9,126,55,2,2,9,0,0,0,0,0,1,0,1,0,0,0,0,0,0,1,1,0
10,BUZĂU,"CĂMINUL CULTURAL SAT FURTUNEŞTI",255,"GURA TEGHII",47079,1,PROV,PRCNCT,CD,CD_SV,"2021-01-21 12:30:02",753,738,13,2,324,309,13,2,810,486,309,15,0,1,53,19,7,133,72,2,5,13,0,0,0,1,0,0,0,0,0,0,0,0,1,0,1,1,0
10,BUZĂU,"CAMINUL CULTURAL SATUL GURA TEGHII",256,"GURA TEGHII",47079,1,PROV,PRCNCT,CD,CD_SV,"2021-01-21 12:30:02",1127,1098,29,0,589,560,29,0,1210,621,576,11,2,0,68,29,23,277,149,2,2,20,0,0,0,1,1,0,0,0,1,0,0,0,1,1,1,0,0
10,BUZĂU,"ŞCOALA PRIMARĂ VARLAAM",257,"GURA TEGHII",47079,1,PROV,PRCNCT,CD,CD_SV,"2021-01-21 12:30:02",449,438,11,0,209,198,11,0,480,271,204,3,2,0,15,2,8,112,53,2,3,5,1,0,0,0,0,0,0,0,0,0,0,0,0,0,2,0,1
10,BUZĂU,"PRIMARIA LARGU",258,LARGU,47159,1,PROV,PRCNCT,CD,CD_SV,"2021-01-21 12:30:02",1248,1233,15,0,352,337,15,0,1360,1008,341,3,8,0,54,11,7,19,205,0,1,35,0,0,0,2,0,0,2,0,0,2,1,0,0,0,2,0,0
10,BUZĂU,"CLĂDIRE CĂMIN CULTURAL SAT LOPĂTARI",259,LOPĂTARI,47186,1,PROV,PRCNCT,CD,CD_SV,"2021-01-21 12:30:02",957,935,22,0,356,334,22,0,1020,664,350,3,3,4,51,105,13,7,146,2,2,15,1,0,0,0,0,0,1,0,0,1,1,0,0,0,1,0,0
10,BUZĂU,"ŞCOALA PRIMARĂ SAT LUNCILE",260,LOPĂTARI,47186,1,PROV,PRCNCT,CD,CD_SV,"2021-01-21 12:30:02",651,643,8,0,147,139,8,0,710,563,139,4,4,3,19,49,3,3,49,0,4,6,0,0,0,0,1,0,1,0,0,0,0,0,0,0,0,0,1
10,BUZĂU,"CĂMINUL CULTURAL TERCA",261,LOPĂTARI,47186,1,PROV,PRCNCT,CD,CD_SV,"2021-01-21 12:30:02",342,332,10,0,96,86,10,0,360,264,88,5,3,0,15,28,1,2,32,1,4,3,0,0,0,0,0,0,1,0,0,0,0,0,0,0,1,0,0
10,BUZĂU,"ŞCOALA PRIMARĂ SAT PLOŞTINA",262,LOPĂTARI,47186,1,PROV,PRCNCT,CD,CD_SV,"2021-01-21 12:30:02",405,396,9,0,97,88,9,0,428,331,95,2,0,1,6,23,2,2,44,0,1,16,0,0,0,0,0,0,0,0,0,0,0,0,0,0,0,0,0
10,BUZĂU,"ȘCOALA GIMNAZIALĂ PLAIUL NUCULUI",263,LOPĂTARI,47186,1,PROV,PRCNCT,CD,CD_SV,"2021-01-21 12:30:02",567,556,11,0,137,126,11,0,610,473,130,7,0,1,13,59,1,0,45,3,1,3,0,1,0,0,0,0,1,0,0,0,0,0,1,0,1,0,0
10,BUZĂU,"FOSTA ŞCOALĂ GIMNAZIALĂ ”PROF. DR. ION ANGHEL”",264,LUCIU,47300,1,PROV,PRCNCT,CD,CD_SV,"2021-01-21 12:30:02",1550,1515,35,0,538,503,35,0,1670,1132,520,10,8,0,40,24,17,48,355,0,3,30,0,0,0,1,0,0,1,0,0,0,0,0,0,0,1,0,0
10,BUZĂU,"ŞCOALA CARAGELE",265,LUCIU,47300,1,PROV,PRCNCT,CD,CD_SV,"2021-01-21 12:30:02",689,677,12,0,258,246,12,0,740,482,250,4,4,0,19,3,10,3,194,0,0,17,0,1,0,1,0,0,0,0,0,0,0,0,0,0,1,0,1
10,BUZĂU,"ȘCOALA GIMNAZIALĂ MĂGURA",266,MĂGURA,47337,1,PROV,PRCNCT,CD,CD_SV,"2021-01-21 12:30:02",1116,1061,32,23,435,380,32,23,1205,770,421,7,7,1,54,29,18,20,270,1,2,18,0,0,0,0,1,0,1,0,0,0,1,0,1,0,2,0,2
10,BUZĂU,"ŞCOALA GIMNAZIALĂ CIUTA",267,MĂGURA,47337,1,PROV,PRCNCT,CD,CD_SV,"2021-01-21 12:30:02",663,646,12,5,317,300,12,5,710,393,310,6,1,3,19,6,6,2,232,0,3,34,0,0,0,0,0,0,2,0,1,0,0,0,2,0,0,0,0
10,BUZĂU,"SCOALA GENERALA MARACINENI",268,MĂRĂCINENI,47373,1,PROV,PRCNCT,CD,CD_SV,"2021-01-21 12:30:02",1424,1396,27,1,424,396,27,1,1550,1126,416,7,1,0,50,54,17,16,221,1,3,49,0,0,0,0,0,1,2,0,0,0,0,1,0,0,0,0,1
10,BUZĂU,"ŞCOALA GENERALĂ MĂRĂCINENI",269,MĂRĂCINENI,47373,1,PROV,PRCNCT,CD,CD_SV,"2021-01-21 12:30:02",1220,1194,26,0,340,314,26,0,1310,970,329,9,2,1,55,49,10,15,153,1,3,41,0,0,0,0,1,0,0,0,0,0,0,0,0,0,0,0,0
10,BUZĂU,"GRĂDINIȚA CU PROGRAM NORMAL CĂPĂȚÂNEȘTI",270,MĂRĂCINENI,47373,1,PROV,PRCNCT,CD,CD_SV,"2021-01-21 12:30:02",1536,1509,25,2,443,417,24,2,1660,1217,436,7,0,1,48,36,21,10,235,1,2,78,0,0,0,2,0,0,1,0,0,0,0,0,0,0,1,0,0
10,BUZĂU,"GRĂDINIŢA CU PROGRAM NORMAL CĂPĂŢÂNEŞTI",271,MĂRĂCINENI,47373,1,PROV,PRCNCT,CD,CD_SV,"2021-01-21 12:30:02",1582,1565,17,0,465,448,17,0,1710,1245,452,9,4,0,58,65,22,7,230,0,2,61,0,0,0,1,0,1,2,0,0,0,0,0,1,0,2,0,0
10,BUZĂU,"ŞCOALA GENERALĂ POTOCENI",272,MĂRĂCINENI,47373,1,PROV,PRCNCT,CD,CD_SV,"2021-01-21 12:30:02",1751,1722,29,0,592,563,29,0,1890,1298,576,10,6,1,63,83,17,15,332,3,4,56,0,1,0,0,0,0,0,0,0,0,0,0,0,0,1,0,0
10,BUZĂU,"PRIMARIA MĂRGĂRITEŞTI",273,MĂRGĂRITEŞTI,47417,1,PROV,PRCNCT,CD,CD_SV,"2021-01-21 12:30:02",533,500,33,0,244,211,33,0,550,306,231,3,10,1,21,8,16,34,130,1,4,12,0,2,0,0,0,0,0,0,0,0,1,1,0,0,0,0,0
10,BUZĂU,"ŞCOALA GIMNAZIALĂ MÎNZĂLEŞTI",274,MÂNZĂLEŞTI,47630,1,PROV,PRCNCT,CD,CD_SV,"2021-01-21 12:30:02",636,624,12,0,225,213,12,0,680,455,220,2,3,1,27,22,12,8,134,1,1,10,0,0,0,1,0,1,0,0,0,0,0,1,0,0,0,0,1
10,BUZĂU,"ŞCOALA GIMNAZIALĂ ”DUMITRU N. CRISTEA” BEŞLII",275,MÂNZĂLEŞTI,47630,1,PROV,PRCNCT,CD,CD_SV,"2021-01-21 12:30:02",444,416,26,2,129,101,26,2,460,331,125,2,2,0,28,10,2,5,69,1,0,9,0,0,0,0,0,0,0,0,0,0,0,0,0,1,0,0,0
10,BUZĂU,"ŞCOALA PRIMARĂ VALEA COTOAREI",276,MÂNZĂLEŞTI,47630,1,PROV,PRCNCT,CD,CD_SV,"2021-01-21 12:30:02",189,175,14,0,99,85,14,0,200,101,94,4,1,1,2,3,3,35,41,1,0,4,0,0,1,0,0,0,1,0,0,0,0,0,0,0,0,0,2
10,BUZĂU,"ŞCOALA GIMNAZIALĂ GURA BĂDICULUI",277,MÂNZĂLEŞTI,47630,1,PROV,PRCNCT,CD,CD_SV,"2021-01-21 12:30:02",370,358,11,1,104,92,11,1,390,286,99,2,3,0,9,4,3,4,66,1,1,10,0,0,0,0,0,0,0,0,0,0,0,0,0,0,0,0,1
10,BUZĂU,"ŞCOALA PRIMARĂ TRESTIOARA",278,MÂNZĂLEŞTI,47630,1,PROV,PRCNCT,CD,CD_SV,"2021-01-21 12:30:02",300,284,16,0,96,80,16,0,310,214,93,2,1,0,6,3,1,4,69,1,0,8,0,0,0,0,0,0,0,0,0,0,0,0,0,1,0,0,0
10,BUZĂU,"ŞCOALA GIMNAZIALĂ MEREI",279,MEREI,47453,1,PROV,PRCNCT,CD,CD_SV,"2021-01-21 12:30:02",941,909,32,0,250,218,32,0,1000,750,248,2,0,0,22,24,20,16,134,0,5,22,1,0,0,0,1,0,2,0,0,0,0,0,0,0,0,0,1
10,BUZĂU,"GRĂDINIȚA CU PROGRAM NORMAL LIPIA",280,MEREI,47453,1,PROV,PRCNCT,CD,CD_SV,"2021-01-21 12:30:02",1600,1547,53,0,527,474,53,0,1760,1233,518,9,0,1,60,43,12,20,314,2,4,54,0,0,0,0,0,0,2,2,1,0,0,0,1,1,0,0,1
10,BUZĂU,"SALA DE SPORT SĂRATA MONTEORU",281,MEREI,47453,1,PROV,PRCNCT,CD,CD_SV,"2021-01-21 12:30:02",699,661,38,0,246,208,38,0,720,474,244,1,1,1,50,25,13,6,120,1,3,24,0,0,0,0,0,0,1,0,0,0,0,0,0,0,0,0,0
10,BUZĂU,"ŞCOALA GURA SĂRĂŢII",282,MEREI,47453,1,PROV,PRCNCT,CD,CD_SV,"2021-01-21 12:30:02",157,140,17,0,75,58,17,0,160,85,72,1,2,0,8,2,5,3,46,0,2,5,0,0,0,0,0,0,1,0,0,0,0,0,0,0,0,0,0
10,BUZĂU,"ŞCOALA PRIMARĂ DEALUL VIEI",283,MEREI,47453,1,PROV,PRCNCT,CD,CD_SV,"2021-01-21 12:30:02",684,642,42,0,235,193,42,0,700,465,227,3,5,0,53,24,9,36,86,0,4,13,0,0,0,0,0,0,0,0,0,0,0,0,0,0,0,2,0
10,BUZĂU,"ŞCOALA GIMNAZIALĂ IZVORU DULCE",284,MEREI,47453,1,PROV,PRCNCT,CD,CD_SV,"2021-01-21 12:30:02",748,725,23,0,195,172,23,0,790,595,193,1,1,1,43,8,5,21,87,0,2,22,0,0,0,0,1,0,1,0,0,0,0,0,0,0,1,0,1
10,BUZĂU,"ŞCOALA NENCIULEŞTI",285,MEREI,47453,1,PROV,PRCNCT,CD,CD_SV,"2021-01-21 12:30:02",272,250,22,0,86,64,22,0,254,168,84,2,0,1,19,4,6,13,35,0,2,2,0,0,0,0,0,0,0,0,0,0,0,0,0,0,2,0,0
10,BUZĂU,"ŞCOALA PRIMARĂ OGRĂZILE",286,MEREI,47453,1,PROV,PRCNCT,CD,CD_SV,"2021-01-21 12:30:02",607,583,24,0,160,136,24,0,640,480,159,0,1,0,21,16,16,12,87,1,1,5,0,0,0,0,0,0,0,0,0,0,0,0,0,0,0,0,0
10,BUZĂU,"ŞCOALA GIMNAZIALA MIHAILESTI",287,MIHĂILEŞTI,47578,1,PROV,PRCNCT,CD,CD_SV,"2021-01-21 12:30:02",1025,963,44,18,330,268,44,18,1050,720,315,6,9,2,34,22,6,39,193,2,0,14,0,0,0,0,0,1,0,0,1,0,0,0,0,1,0,0,0
10,BUZĂU,"ŞCOALA PRIMARA MĂRGINEANU",288,MIHĂILEŞTI,47578,1,PROV,PRCNCT,CD,CD_SV,"2021-01-21 12:30:02",670,647,18,5,243,220,18,5,710,467,234,4,5,0,8,7,2,51,154,0,1,8,0,0,0,0,1,0,0,0,0,1,0,0,0,0,1,0,0
10,BUZĂU,"GRĂDINIȚA CU PROGRAM NORMAL MOVILA BANULUI",289,"MOVILA BANULUI",47774,1,PROV,PRCNCT,CD,CD_SV,"2021-01-21 12:30:02",1045,997,48,0,356,308,48,0,1090,734,340,8,8,0,48,11,2,42,196,0,4,32,0,0,0,0,0,0,0,0,0,0,0,0,0,0,0,0,5
10,BUZĂU,"GRĂDINIŢA CU PROGRAM NORMAL LIMPEZIŞ",290,"MOVILA BANULUI",47774,1,PROV,PRCNCT,CD,CD_SV,"2021-01-21 12:30:02",831,796,35,0,292,257,35,0,880,588,281,8,3,0,45,28,5,8,171,1,2,18,0,0,0,0,0,0,0,0,0,1,0,0,1,0,0,0,1
10,BUZĂU,"ŞCOALA GENERALA CIORANCA",291,"MOVILA BANULUI",47774,2,PART,PRCNCT,CD,CD_SV,"2021-01-21 12:30:02",241,199,42,0,118,76,42,0,220,102,117,1,0,1,12,6,7,63,25,0,1,1,0,0,0,0,0,0,0,0,0,0,0,0,0,0,0,0,1
10,BUZĂU,"PRIMĂRIA MURGEŞTI",292,MURGEŞTI,47818,1,PROV,PRCNCT,CD,CD_SV,"2021-01-21 12:30:02",794,731,63,0,399,336,63,0,800,401,379,10,10,0,17,12,42,66,223,1,1,8,0,0,0,1,1,0,0,1,1,1,0,0,1,0,2,0,1
10,BUZĂU,"ŞCOALA GIMNAZIALĂ NĂENI",293,NĂENI,47854,1,PROV,PRCNCT,CD,CD_SV,"2021-01-21 12:30:02",489,445,44,0,221,177,44,0,495,274,215,3,3,0,10,4,9,102,82,0,3,3,0,0,0,0,0,0,1,0,0,0,0,0,1,0,0,0,0
10,BUZĂU,"ŞCOALA PRIMARĂ FINŢESTI",294,NĂENI,47854,1,PROV,PRCNCT,CD,CD_SV,"2021-01-21 12:30:02",490,472,18,0,226,208,18,0,510,284,216,8,2,0,44,7,22,64,62,0,3,10,0,0,0,0,0,1,0,0,1,2,0,0,0,0,0,0,0
10,BUZĂU,"ŞCOALA VÎRF",295,NĂENI,47854,1,PROV,PRCNCT,CD,CD_SV,"2021-01-21 12:30:02",217,199,18,0,108,90,18,0,230,122,103,3,2,0,1,3,4,65,29,0,1,0,0,0,0,0,0,0,0,0,0,0,0,0,0,0,0,0,0
10,BUZĂU,"GRĂDINIŢA PROSCA",296,NĂENI,47854,1,PROV,PRCNCT,CD,CD_SV,"2021-01-21 12:30:02",190,179,11,0,79,68,11,0,200,121,76,0,3,0,7,2,4,33,19,0,4,6,0,0,0,0,0,0,0,0,0,0,0,0,0,0,0,1,0
10,BUZĂU,"ŞCOALA GIMNAZIALĂ ODĂILE",297,ODĂILE,48021,2,PART,PRCNCT,CD,CD_SV,"2021-01-21 12:30:02",624,598,26,0,203,177,26,0,650,447,197,3,3,0,31,13,12,10,112,1,6,8,0,1,0,0,0,0,0,0,0,0,0,0,1,0,2,0,0
10,BUZĂU,"GRADINITA CU PROGRAM NORMAL NR. 2 COMUNA PADINA",298,PADINA,48138,1,PROV,PRCNCT,CD,CD_SV,"2021-01-21 12:30:02",1276,1261,15,0,337,322,15,0,1390,1053,319,12,6,0,55,19,12,84,119,1,1,23,0,1,0,0,1,0,0,0,0,1,0,0,1,0,1,0,0
10,BUZĂU,"CĂMINUL CULTURAL PADINA",299,PADINA,48138,1,PROV,PRCNCT,CD,CD_SV,"2021-01-21 12:30:02",896,883,13,0,238,225,13,0,970,732,229,3,6,0,55,14,10,29,98,0,2,18,0,0,0,0,0,0,0,0,0,0,0,0,0,0,2,1,0
10,BUZĂU,"SCOALA GIMNAZIALA NR.1 COMUNA PADINA",300,PADINA,48138,1,PROV,PRCNCT,CD,CD_SV,"2021-01-21 12:30:02",1001,978,23,0,274,251,23,0,1070,796,261,9,4,0,43,12,2,27,140,3,3,25,0,0,0,1,1,0,0,0,0,0,0,0,0,0,3,0,1
10,BUZĂU,"ŞCOALA PARDOŞI",301,PARDOŞI,48165,3,PART,PRCNCT,CD,CD_SV,"2021-01-21 12:30:02",392,313,79,0,235,156,79,0,338,103,229,0,6,1,153,1,7,4,56,0,1,6,0,0,0,0,0,0,0,0,0,0,0,0,0,0,0,0,0
10,BUZĂU,"ŞCOALA GIMNAZIALĂ PĂNĂTĂU",302,PĂNĂTĂU,48227,1,PROV,PRCNCT,CD,CD_SV,"2021-01-21 12:30:02",1249,1229,20,0,396,376,20,0,1350,954,377,12,7,0,49,18,20,10,247,0,5,21,0,0,1,1,1,0,2,0,0,1,0,0,0,0,1,0,0
10,BUZĂU,"ŞCOALA TEGA",303,PĂNĂTĂU,48227,1,PROV,PRCNCT,CD,CD_SV,"2021-01-21 12:30:02",526,510,16,0,168,152,16,0,560,392,163,2,3,0,14,6,3,4,117,0,1,15,0,0,0,0,1,0,1,0,0,0,0,0,0,0,0,0,1
10,BUZĂU,"ŞCOALA PRIMARĂ BEGU",304,PĂNĂTĂU,48227,1,PROV,PRCNCT,CD,CD_SV,"2021-01-21 12:30:02",185,175,10,0,78,68,10,0,200,122,75,0,3,0,9,4,2,1,50,0,1,6,0,0,0,1,0,0,0,0,0,0,0,0,0,0,1,0,0
10,BUZĂU,"CĂMINUL CULTURAL PÎRSCOV",305,PÂRSCOV,48557,1,PROV,PRCNCT,CD,CD_SV,"2021-01-21 12:30:02",1265,1238,27,0,285,258,27,0,1360,1075,276,7,2,0,39,19,21,53,108,4,3,27,0,0,0,1,0,0,0,0,0,0,0,1,0,0,0,0,0
10,BUZĂU,"CĂMINUL CULTURAL PÎRSCOV",306,PÂRSCOV,48557,1,PROV,PRCNCT,CD,CD_SV,"2021-01-21 12:30:02",1214,1197,17,0,302,285,17,0,1320,1018,294,5,3,0,46,18,21,56,112,1,4,30,0,0,0,3,0,0,1,0,0,0,0,0,0,0,1,0,1
10,BUZĂU,"ŞCOALA GENERALĂ BĂDILA",307,PÂRSCOV,48557,1,PROV,PRCNCT,CD,CD_SV,"2021-01-21 12:30:02",658,637,21,0,133,112,21,0,720,587,126,3,4,0,21,5,2,21,50,1,5,17,0,0,0,0,0,0,0,1,0,0,0,0,0,1,2,0,0
10,BUZĂU,"ŞCOALA LUNCA FRUMOASA",308,PÂRSCOV,48557,1,PROV,PRCNCT,CD,CD_SV,"2021-01-21 12:30:02",912,889,23,0,225,202,23,0,980,755,222,3,0,1,21,28,13,23,98,0,11,26,0,0,0,0,0,0,0,0,0,0,0,0,0,0,1,0,0
10,BUZĂU,"ŞCOALA GENERALĂ ROBEŞTI",309,PÂRSCOV,48557,1,PROV,PRCNCT,CD,CD_SV,"2021-01-21 12:30:02",500,476,24,0,147,123,24,0,520,373,144,2,1,0,18,26,5,9,65,0,2,16,0,0,0,0,0,0,0,0,0,0,1,1,0,0,1,0,0
10,BUZĂU,"FOSTUL MAGAZIN TRESTIENI",310,PÂRSCOV,48557,1,PROV,PRCNCT,CD,CD_SV,"2021-01-21 12:30:02",52,38,14,0,20,6,14,0,50,30,20,0,0,0,1,1,1,2,11,0,0,4,0,0,0,0,0,0,0,0,0,0,0,0,0,0,0,0,0
10,BUZĂU,"ŞCOALA GIMNAZIALĂ PIETROASELE",311,PIETROASELE,48487,1,PROV,PRCNCT,CD,CD_SV,"2021-01-21 12:30:02",1577,1519,43,15,463,405,43,15,1660,1197,458,3,2,1,67,43,27,33,234,0,5,38,2,0,0,2,0,0,2,0,1,0,0,0,1,1,1,0,0
10,BUZĂU,"GRĂDINIŢA CU PROGRAM NORMAL DIN SATUL ŞARÎNGA",312,PIETROASELE,48487,1,PROV,PRCNCT,CD,CD_SV,"2021-01-21 12:30:02",1212,1138,70,4,395,321,70,4,1265,870,376,15,4,1,53,19,54,46,163,1,8,28,0,0,0,1,2,0,0,0,0,0,0,0,0,0,0,0,0
10,BUZĂU,"ŞCOALA PRIMARĂ PLEȘEȘTI",313,PODGORIA,48682,1,PROV,PRCNCT,CD,CD_SV,"2021-01-21 12:30:02",327,306,20,1,112,91,20,1,330,218,109,3,0,1,15,2,33,1,49,2,3,3,0,0,0,0,0,0,0,0,0,0,0,0,0,0,0,0,0
10,BUZĂU,"ŞCOALA GIMNAZIALĂ PODGORIA",314,PODGORIA,48682,1,PROV,PRCNCT,CD,CD_SV,"2021-01-21 12:30:02",1326,1292,33,1,410,376,33,1,1410,1000,396,8,6,1,45,20,35,19,232,2,3,35,0,0,0,0,0,0,0,0,0,0,1,0,0,0,2,1,0
10,BUZĂU,"ŞCOALA GIMNAZIALĂ COȚATCU",315,PODGORIA,48682,1,PROV,PRCNCT,CD,CD_SV,"2021-01-21 12:30:02",988,965,21,2,285,262,21,2,1060,775,277,6,2,3,23,9,15,4,188,1,2,29,0,0,0,0,0,0,0,0,0,0,0,1,0,0,2,0,0
10,BUZĂU,"GRĂDINIŢA DE COPII POŞTA CÎLNĂU",316,"POŞTA CÂLNĂU",48771,1,PROV,PRCNCT,CD,CD_SV,"2021-01-21 12:30:02",1101,1054,38,9,368,322,38,8,1160,792,362,4,2,0,25,26,10,33,221,1,1,40,0,0,0,0,1,0,2,0,0,0,0,1,0,0,0,1,0
10,BUZĂU,"GRĂDINIŢA DE COPII POŞTA CÎLNĂU",317,"POŞTA CÂLNĂU",48771,1,PROV,PRCNCT,CD,CD_SV,"2021-01-21 12:30:02",1026,983,30,13,323,280,30,13,1070,747,321,1,1,1,44,18,10,34,179,4,2,28,0,0,0,0,0,0,1,0,0,0,0,0,0,0,0,0,0
10,BUZĂU,"SCOALA GENERALA DIN POTIRNICHESTI",318,"POŞTA CÂLNĂU",48771,1,PROV,PRCNCT,CD,CD_SV,"2021-01-21 12:30:02",428,396,31,1,152,120,31,1,430,278,149,2,1,0,24,6,11,15,67,0,3,22,1,0,0,0,0,0,0,0,0,0,0,0,0,0,0,0,0
10,BUZĂU,"ŞCOALA GENERALĂ ZILIŞTEANCA",319,"POŞTA CÂLNĂU",48771,1,PROV,PRCNCT,CD,CD_SV,"2021-01-21 12:30:02",1164,1108,42,14,394,338,42,14,1220,826,383,9,2,0,22,16,7,119,187,0,3,29,0,0,0,0,0,0,0,0,0,0,0,0,0,0,0,0,0
10,BUZĂU,"ŞCOALA GENERALĂ, SATUL SUDIŢI",320,"POŞTA CÂLNĂU",48771,1,PROV,PRCNCT,CD,CD_SV,"2021-01-21 12:30:02",1523,1449,52,22,549,475,52,22,1590,1041,543,6,0,0,26,23,24,114,304,3,3,44,0,0,0,0,0,0,0,0,0,0,0,0,0,0,2,0,0
10,BUZĂU,"ŞCOALA PUIEŞTII DE SUS",321,PUIEŞTI,48842,1,PROV,PRCNCT,CD,CD_SV,"2021-01-21 12:30:02",322,298,24,0,91,67,24,0,320,229,89,2,0,0,17,6,17,3,33,0,0,10,0,0,1,0,0,0,0,0,0,0,0,1,0,0,1,0,0
10,BUZĂU,"ŞCOALA GIMNAZIALĂ PUIEŞTII DE JOS",322,PUIEŞTI,48842,1,PROV,PRCNCT,CD,CD_SV,"2021-01-21 12:30:02",1076,1060,16,0,298,282,16,0,1170,872,285,7,6,1,53,8,64,14,103,0,7,25,0,1,0,1,1,0,1,0,0,0,0,0,0,0,2,3,1
10,BUZĂU,"ŞCOALA GIMNAZIALĂ NICOLEŞTI",323,PUIEŞTI,48842,1,PROV,PRCNCT,CD,CD_SV,"2021-01-21 12:30:02",572,557,15,0,158,143,15,0,610,452,155,3,0,0,13,9,61,6,54,0,1,8,1,0,0,0,0,0,1,0,1,0,0,0,0,0,0,0,0
10,BUZĂU,"GRĂDINIŢA DĂSCĂLEŞTI",324,PUIEŞTI,48842,1,PROV,PRCNCT,CD,CD_SV,"2021-01-21 12:30:02",572,562,10,0,142,132,10,0,610,468,133,8,1,0,34,8,28,2,48,1,0,10,0,0,0,0,0,0,0,0,0,0,0,1,1,0,0,0,0
10,BUZĂU,"ŞCOALA MĂCRINA",325,PUIEŞTI,48842,1,PROV,PRCNCT,CD,CD_SV,"2021-01-21 12:30:02",445,431,14,0,136,122,14,0,470,334,130,3,3,0,12,3,18,9,73,1,1,9,1,1,0,0,0,0,1,0,0,0,0,0,0,0,0,0,1
10,BUZĂU,"PRIMĂRIA RACOVIŢENI",326,RACOVIŢENI,48922,1,PROV,PRCNCT,CD,CD_SV,"2021-01-21 12:30:02",1143,1025,114,4,490,372,114,4,1120,630,470,16,4,3,43,11,62,109,198,3,6,24,1,0,1,1,1,0,0,1,0,0,2,1,1,0,1,0,1
10,BUZĂU,"SCOALA GIMNAZIALA NR.1",327,RÂMNICELU,48968,1,PROV,PRCNCT,CD,CD_SV,"2021-01-21 12:30:02",1034,1017,17,0,303,286,17,0,1110,807,296,1,6,5,57,9,20,51,120,2,2,25,0,0,0,0,0,0,2,0,0,1,0,0,1,0,0,0,1
10,BUZĂU,"SCOALA NR.2 SAT RAMNICELU",328,RÂMNICELU,48968,1,PROV,PRCNCT,CD,CD_SV,"2021-01-21 12:30:02",1458,1447,11,0,365,354,11,0,1590,1225,344,10,11,3,41,1,34,85,139,0,4,30,0,0,0,2,0,0,0,0,0,0,0,2,1,0,2,0,0
10,BUZĂU,"SCOALA SAT ŞTIUBEI",329,RÂMNICELU,48968,1,PROV,PRCNCT,CD,CD_SV,"2021-01-21 12:30:02",504,470,34,0,218,184,34,0,520,302,213,2,3,0,24,8,17,4,135,1,1,16,1,0,0,0,1,0,1,1,0,0,0,1,1,0,0,1,0
10,BUZĂU,"ŞCOALA SAT COLIBAŞI",330,RÂMNICELU,48968,4,PART,PRCNCT,CD,CD_SV,"2021-01-21 12:30:02",368,327,41,0,158,117,41,0,350,192,153,3,2,1,13,4,22,7,90,1,5,8,0,0,1,0,0,0,0,0,0,0,0,0,0,0,0,1,0
10,BUZĂU,"ŞCOALA SAT FOTIN",331,RÂMNICELU,48968,1,PROV,PRCNCT,CD,CD_SV,"2021-01-21 12:30:02",203,181,22,0,104,82,22,0,200,96,100,4,0,0,4,1,17,9,56,0,0,12,0,0,0,0,0,0,0,0,0,0,0,0,0,0,1,0,0
10,BUZĂU,"ŞCOALA GIMNAZIALĂ ROBEASCA",332,ROBEASCA,49019,1,PROV,PRCNCT,CD,CD_SV,"2021-01-21 12:30:02",627,570,13,44,190,133,13,44,630,440,179,7,4,2,6,2,5,12,139,0,3,7,0,0,0,1,2,0,0,0,0,0,0,0,0,0,0,0,0
10,BUZĂU,"CAMINUL CULTURAL MOŞEŞTI",333,ROBEASCA,49019,1,PROV,PRCNCT,CD,CD_SV,"2021-01-21 12:30:02",310,262,27,21,114,66,27,21,295,181,111,3,0,0,6,6,13,7,72,0,2,4,0,0,0,0,0,0,1,0,0,0,0,0,0,0,0,0,0
10,BUZĂU,"LICEUL TEHNOLOGIC RUȘEȚU",334,RUŞEŢU,49046,1,PROV,PRCNCT,CD,CD_SV,"2021-01-21 12:30:02",999,963,36,0,381,345,36,0,1060,679,372,5,4,0,46,21,11,28,225,0,2,35,0,0,0,1,0,0,1,0,1,0,0,0,0,0,1,0,0
10,BUZĂU,"CLĂDIREA GRĂDINIŢEI CU PROGRAM NORMAL",335,RUŞEŢU,49046,1,PROV,PRCNCT,CD,CD_SV,"2021-01-21 12:30:02",912,909,3,0,327,324,3,0,1020,693,316,8,3,1,58,8,7,14,209,1,2,12,0,0,0,0,1,1,0,0,0,0,1,0,0,0,1,0,0
10,BUZĂU,"CĂMINUL CULTURAL ”DIMITRIE GUSTI”",336,RUŞEŢU,49046,2,PART,PRCNCT,CD,CD_SV,"2021-01-21 12:30:02",943,929,14,0,363,349,14,0,1020,657,346,9,8,0,57,10,22,9,209,5,3,29,0,0,0,0,0,0,0,0,1,0,0,0,0,0,0,0,1
10,BUZĂU,"ŞCOALA PRIMARĂ",337,RUŞEŢU,49046,1,PROV,PRCNCT,CD,CD_SV,"2021-01-21 12:30:02",176,165,11,0,92,81,11,0,190,98,89,2,1,0,13,3,13,3,50,1,0,5,1,0,0,0,0,0,0,0,0,0,0,0,0,0,0,0,0
10,BUZĂU,"GRĂDINIŢA CU PROGRAM NORMAL SĂGEATA",338,SĂGEATA,49073,1,PROV,PRCNCT,CD,CD_SV,"2021-01-21 12:30:02",1146,1108,14,24,435,398,14,23,1220,785,415,8,12,1,56,27,9,9,278,1,3,26,0,1,0,0,1,0,0,0,0,0,0,1,0,0,0,0,2
10,BUZĂU,"GRĂDINIȚA CU PROGRAM NORMAL DÂMBROCA",339,SĂGEATA,49073,2,PART,PRCNCT,CD,CD_SV,"2021-01-21 12:30:02",1055,999,16,40,357,301,16,40,1100,743,348,2,7,2,27,24,9,10,242,2,3,25,0,0,1,0,0,0,0,0,0,1,0,0,1,0,1,0,0
10,BUZĂU,"ŞCOALA BORDUŞANI",340,SĂGEATA,49073,1,PROV,PRCNCT,CD,CD_SV,"2021-01-21 12:30:02",331,311,20,0,168,148,20,0,330,162,162,4,2,1,20,5,8,0,112,1,3,8,0,0,0,0,1,0,2,0,0,0,0,0,0,0,1,0,0
10,BUZĂU,"ŞCOALA BEILIC",341,SĂGEATA,49073,1,PROV,PRCNCT,CD,CD_SV,"2021-01-21 12:30:02",304,290,14,0,130,116,14,0,310,180,126,2,2,0,12,6,8,2,77,0,4,15,0,0,0,1,0,0,0,0,0,0,0,0,0,0,0,0,1
10,BUZĂU,"ŞCOALA GĂVĂNEŞTI",342,SĂGEATA,49073,2,PART,PRCNCT,CD,CD_SV,"2021-01-21 12:30:02",801,787,14,0,261,247,14,0,890,629,251,3,7,0,21,5,8,9,164,1,4,35,0,0,0,0,0,0,1,0,0,0,0,0,1,0,1,0,1
10,BUZĂU,"SCOALA BANIŢA",343,SĂGEATA,49073,1,PROV,PRCNCT,CD,CD_SV,"2021-01-21 12:30:02",248,238,10,0,97,87,10,0,270,173,96,1,0,0,33,3,2,7,33,0,2,14,0,0,1,1,0,0,0,0,0,0,0,0,0,0,0,0,0
10,BUZĂU,"GRĂDINIȚA CU PROGRAM NORMAL SĂHĂTENI",344,SĂHĂTENI,49153,1,PROV,PRCNCT,CD,CD_SV,"2021-01-21 12:30:02",1358,1301,44,13,563,507,43,13,1430,867,553,10,0,0,61,35,16,191,214,2,9,19,0,0,0,0,0,0,1,0,0,1,0,0,1,0,1,1,1
10,BUZĂU,"ŞCOALA CU CLS.I-IV ISTRIŢA DE JOS",345,SĂHĂTENI,49153,2,PART,PRCNCT,CD,CD_SV,"2021-01-21 12:30:02",294,263,29,2,128,97,29,2,290,162,125,1,2,1,25,7,1,34,49,1,1,3,0,0,0,0,1,0,0,1,0,0,0,0,0,0,0,1,0
10,BUZĂU,"ŞCOALA CU CLS.I-IV GĂGENI",346,SĂHĂTENI,49153,1,PROV,PRCNCT,CD,CD_SV,"2021-01-21 12:30:02",374,362,12,0,135,123,12,0,400,265,132,2,1,0,12,7,6,8,78,1,0,20,0,0,0,0,0,0,0,0,0,0,0,0,0,0,0,0,0
10,BUZĂU,"ŞCOALA CLS.I-VIII VINTILEANCA",347,SĂHĂTENI,49153,1,PROV,PRCNCT,CD,CD_SV,"2021-01-21 12:30:02",717,690,13,14,271,244,13,14,760,489,265,2,4,0,27,5,8,53,157,0,2,12,0,0,0,0,0,0,0,0,0,0,0,0,0,0,1,0,0
10,BUZĂU,"ȘCOALA GIMNAZIALĂ SĂPOCA",348,SĂPOCA,49206,1,PROV,PRCNCT,CD,CD_SV,"2021-01-21 12:30:02",1563,1442,70,51,600,479,70,51,1650,1050,577,18,5,0,72,43,13,38,346,5,3,51,0,0,0,2,1,0,0,1,1,0,0,0,0,0,1,0,0
10,BUZĂU,"ȘCOALA GIMNAZIALĂ MĂTESTI",349,SĂPOCA,49206,1,PROV,PRCNCT,CD,CD_SV,"2021-01-21 12:30:02",1416,1384,32,0,449,417,32,0,1520,1071,444,3,2,1,86,28,29,26,220,0,3,49,0,0,0,0,0,0,1,0,0,0,0,1,0,0,0,0,0
10,BUZĂU,"CĂMINUL CULTURAL SĂRULEŞTI",350,SĂRULEŞTI,49233,2,PART,PRCNCT,CD,CD_SV,"2021-01-21 12:30:02",1092,1053,39,0,425,386,39,0,1160,735,409,8,8,0,62,25,4,28,254,2,3,25,0,0,0,1,1,0,1,0,0,0,0,0,0,0,0,0,3
10,BUZĂU,"SALA DE FESTIVITĂŢI SCORTOASA",351,SCORŢOASA,49313,1,PROV,PRCNCT,CD,CD_SV,"2021-01-21 12:30:02",1028,998,28,2,337,307,28,2,1100,763,323,11,3,0,27,16,9,140,98,1,4,24,0,1,0,0,0,0,1,1,0,0,0,0,0,0,0,1,0
10,BUZĂU,"ŞCOALA PRIMARĂ SAT GURA VĂII",352,SCORŢOASA,49313,1,PROV,PRCNCT,CD,CD_SV,"2021-01-21 12:30:02",185,165,16,4,72,52,16,4,190,118,71,0,1,1,5,11,3,18,30,0,0,2,0,1,0,0,0,0,0,0,0,0,0,0,0,0,0,0,0
10,BUZĂU,"ŞCOALA PRIMARĂ SAT PLOPEASA DE SUS",353,SCORŢOASA,49313,1,PROV,PRCNCT,CD,CD_SV,"2021-01-21 12:30:02",164,145,19,0,52,33,19,0,170,118,51,1,0,0,3,2,1,19,23,0,0,2,0,0,0,0,0,0,0,0,0,0,0,0,1,0,0,0,0
10,BUZĂU,"ŞCOALA PRIMARĂ SAT GRABICINA DE JOS",354,SCORŢOASA,49313,1,PROV,PRCNCT,CD,CD_SV,"2021-01-21 12:30:02",161,147,14,0,65,51,14,0,170,105,63,0,2,0,2,3,3,23,28,0,0,3,0,0,0,0,0,0,0,0,0,0,0,0,0,1,0,0,0
10,BUZĂU,"ŞCOALA PRIMARĂ SAT GOLU GRABICINA",355,SCORŢOASA,49313,1,PROV,PRCNCT,CD,CD_SV,"2021-01-21 12:30:02",248,232,16,0,107,91,16,0,260,153,104,2,1,1,2,4,3,46,42,1,1,3,0,0,0,0,0,1,0,0,0,0,0,0,0,0,0,0,0
10,BUZĂU,"SCOALA GIMNAZIALĂ SAT BALTA TOCILA",356,SCORŢOASA,49313,1,PROV,PRCNCT,CD,CD_SV,"2021-01-21 12:30:02",267,247,20,0,109,89,20,0,280,171,106,2,1,1,5,6,7,52,24,0,3,6,0,0,1,0,0,0,0,0,0,0,1,0,0,0,0,0,0
10,BUZĂU,"ŞCOALA PRIMARĂ SAT BECIU",357,SCORŢOASA,49313,1,PROV,PRCNCT,CD,CD_SV,"2021-01-21 12:30:02",128,112,16,0,53,37,16,0,130,77,52,1,0,0,0,1,1,17,26,1,1,5,0,0,0,0,0,0,0,0,0,0,0,0,0,0,0,0,0
10,BUZĂU,"GRĂDINIȚA CU PROGRAM NORMAL SCUTELNICI",358,SCUTELNICI,49439,1,PROV,PRCNCT,CD,CD_SV,"2021-01-21 12:30:02",966,866,79,21,459,361,78,20,950,491,443,10,6,2,210,9,9,55,126,4,3,18,0,0,0,0,0,0,0,0,2,0,1,0,0,1,0,2,1
10,BUZĂU,"GRĂDINIȚA CU PROGRAM NORMAL BRĂGĂREASA",359,SCUTELNICI,49439,1,PROV,PRCNCT,CD,CD_SV,"2021-01-21 12:30:02",570,502,53,15,318,250,53,15,570,252,309,5,4,0,213,4,10,12,55,1,1,12,0,0,0,0,0,0,0,0,0,0,0,0,1,0,0,0,0
10,BUZĂU,"ŞCOALA PRIMARA SAT ARCANU",360,SCUTELNICI,49439,2,PART,PRCNCT,CD,CD_SV,"2021-01-21 12:30:02",329,317,12,0,140,128,12,0,340,200,134,5,1,0,44,5,3,15,62,1,0,3,0,0,0,0,0,0,0,0,0,0,0,0,0,0,0,0,1
10,BUZĂU,"ŞCOALA GIMNAZIALA COMUNA SIRIU, JUDETUL BUZAU,DIN SATUL LUNCA JARISTEI",361,SIRIU,49484,1,PROV,PRCNCT,CD,CD_SV,"2021-01-21 12:30:02",1428,1382,38,8,630,584,38,8,1530,900,606,16,8,1,103,46,21,30,352,0,6,38,0,0,2,0,1,0,0,0,0,2,0,0,0,1,2,1,0
10,BUZĂU,"ŞCOALA PRIMARĂ SAT COLŢU PIETRII,COMUNA SIRIU,JUDETUL BUZĂU",362,SIRIU,49484,1,PROV,PRCNCT,CD,CD_SV,"2021-01-21 12:30:02",1163,1143,16,4,521,501,16,4,1250,729,500,17,4,0,53,20,37,55,273,3,4,46,0,0,0,0,1,0,1,1,2,1,1,1,0,0,0,0,1
10,BUZĂU,"CĂMINUL DE NUNTI SMEENI",363,SMEENI,49545,1,PROV,PRCNCT,CD,CD_SV,"2021-01-21 12:30:02",1183,1168,15,0,300,285,15,0,1280,980,289,7,4,1,34,25,14,16,155,2,4,32,0,0,0,0,1,0,1,1,0,0,1,0,0,0,2,0,0
10,BUZĂU,"GRĂDINIȚA CU PROGRAM NORMAL SMEENI",364,SMEENI,49545,1,PROV,PRCNCT,CD,CD_SV,"2021-01-21 12:30:02",1113,1085,26,2,323,295,26,2,1200,877,317,3,3,0,45,21,23,22,179,0,0,25,0,0,0,0,0,1,0,0,0,0,0,0,0,0,1,0,0
10,BUZĂU,"ȘCOALA PRIMARĂ SĂLCIOARA",365,SMEENI,49545,1,PROV,PRCNCT,CD,CD_SV,"2021-01-21 12:30:02",563,533,30,0,151,121,30,0,580,429,150,1,0,0,18,13,6,36,65,0,1,8,0,0,0,1,0,0,1,0,0,1,0,0,0,0,0,0,0
10,BUZĂU,"GRĂDINIȚA CU PROGRAM NORMAL MOISICA",366,SMEENI,49545,1,PROV,PRCNCT,CD,CD_SV,"2021-01-21 12:30:02",297,285,12,0,79,67,12,0,310,231,77,2,0,0,3,14,2,2,51,0,1,4,0,0,0,0,0,0,0,0,0,0,0,0,0,0,0,0,0
10,BUZĂU,"ŞCOALA GIMNAZIALĂ ALBEŞTI",367,SMEENI,49545,1,PROV,PRCNCT,CD,CD_SV,"2021-01-21 12:30:02",722,707,15,0,182,167,15,0,770,588,172,8,2,0,16,4,5,10,113,0,2,18,0,0,0,0,0,0,1,0,1,0,0,0,0,0,1,0,1
10,BUZĂU,"GRĂDINIȚA CU PROGRAM NORMAL UDAŢI- MÂNZU",368,SMEENI,49545,1,PROV,PRCNCT,CD,CD_SV,"2021-01-21 12:30:02",722,707,15,0,179,164,15,0,770,591,174,5,0,0,11,12,8,14,112,0,2,14,0,0,1,0,0,0,0,0,0,0,0,0,0,0,0,0,0
10,BUZĂU,"ŞCOALA PRMARĂ CĂLŢUNA",369,SMEENI,49545,1,PROV,PRCNCT,CD,CD_SV,"2021-01-21 12:30:02",430,416,14,0,135,121,14,0,470,335,127,4,4,0,8,5,2,6,77,0,1,26,0,0,0,0,0,0,1,0,0,0,0,0,0,0,1,0,0
10,BUZĂU,"ŞCOALA PRMARĂ LUCIENI",370,SMEENI,49545,2,PART,PRCNCT,CD,CD_SV,"2021-01-21 12:30:02",366,350,16,0,80,64,16,0,380,300,78,0,2,0,6,5,2,9,37,0,1,16,0,0,0,0,0,0,2,0,0,0,0,0,0,0,0,0,0
10,BUZĂU,"SCOALA GIMNAZIALA STILPU",371,STÂLPU,49625,1,PROV,PRCNCT,CD,CD_SV,"2021-01-21 12:30:02",1412,1385,27,0,490,463,27,0,1535,1045,477,5,8,0,43,20,56,31,288,3,9,20,0,1,0,1,0,0,0,0,1,0,0,1,0,1,1,0,1
10,BUZĂU,"PRIMARIA STILPU",372,STÂLPU,49625,2,PART,PRCNCT,CD,CD_SV,"2021-01-21 12:30:02",1221,1199,20,2,414,392,20,2,1320,906,405,2,7,0,41,19,35,16,268,0,4,22,0,0,0,0,0,0,0,0,0,0,0,0,0,0,0,0,0
10,BUZĂU,"CAMINUL CULTURAL SAT GRAJDANA",373,TISĂU,49643,2,PART,PRCNCT,CD,CD_SV,"2021-01-21 12:30:02",905,877,28,0,300,272,28,0,960,660,291,7,2,0,75,25,19,16,108,4,4,33,0,0,0,1,0,2,2,0,0,0,0,0,0,0,1,0,1
10,BUZĂU,"SCOALA PRIMARA, SAT IZVORANU, COMUNA TISAU",374,TISĂU,49643,1,PROV,PRCNCT,CD,CD_SV,"2021-01-21 12:30:02",119,98,21,0,57,36,21,0,110,53,57,0,0,0,11,1,11,8,18,0,0,7,1,0,0,0,0,0,0,0,0,0,0,0,0,0,0,0,0
10,BUZĂU,"GRADINIŢA CU PROGRAM NORMAL SAT VALEA SĂLCIILOR, COMUNA TISAU",375,TISĂU,49643,1,PROV,PRCNCT,CD,CD_SV,"2021-01-21 12:30:02",533,521,12,0,127,115,12,0,570,443,124,1,2,0,34,8,6,10,51,2,0,12,0,0,0,0,0,1,0,0,0,0,0,0,0,0,0,0,0
10,BUZĂU,"ŞCOALA GIMNAZIALA SAT HALEŞ, COMUNA TISAU",376,TISĂU,49643,1,PROV,PRCNCT,CD,CD_SV,"2021-01-21 12:30:02",791,765,26,0,209,183,26,0,865,656,197,8,4,0,62,17,8,25,61,1,0,23,0,0,0,0,0,0,0,0,0,0,0,0,0,0,0,0,0
10,BUZĂU,"GRADINITA CU PROGRAM NORMAL SAT PADURENI, COMUNA TISAU",377,TISĂU,49643,1,PROV,PRCNCT,CD,CD_SV,"2021-01-21 12:30:02",458,441,17,0,104,87,17,0,480,376,101,3,0,0,21,17,7,2,29,0,0,21,1,1,0,0,0,0,0,0,0,0,1,0,0,0,1,0,0
10,BUZĂU,"GRADINIŢĂ CU PROGRAM NORMAL COMUNA TISAU",378,TISĂU,49643,1,PROV,PRCNCT,CD,CD_SV,"2021-01-21 12:30:02",622,599,23,0,224,201,23,0,660,436,217,4,3,1,90,16,16,12,58,2,3,16,1,0,0,0,0,0,1,0,0,0,0,0,0,0,0,0,1
10,BUZĂU,"SCOALA PRIMARĂ SAT STREZENI, COMUNA TISAU",379,TISĂU,49643,1,PROV,PRCNCT,CD,CD_SV,"2021-01-21 12:30:02",442,436,6,0,119,113,6,0,470,351,117,2,0,0,25,10,5,21,36,1,4,13,0,0,0,1,0,0,0,0,0,0,0,0,1,0,0,0,0
10,BUZĂU,"ŞCOALA PRIMARA POŞTA",380,TOPLICENI,49769,1,PROV,PRCNCT,CD,CD_SV,"2021-01-21 12:30:02",482,421,61,0,195,134,61,0,460,265,188,4,3,0,28,5,30,15,80,1,3,21,0,0,0,0,0,1,0,1,0,0,0,0,1,0,1,1,0
10,BUZĂU,"ŞCOALA GIMNAZIALA TOPLICENI",381,TOPLICENI,49769,1,PROV,PRCNCT,CD,CD_SV,"2021-01-21 12:30:02",1095,1032,62,1,356,293,62,1,1135,779,348,1,7,0,94,15,39,33,132,0,9,23,0,1,0,0,0,0,0,0,1,0,0,0,0,0,0,1,0
10,BUZĂU,"GRADINITA CU PROGRAM NORMAL RĂDUCEŞTI",382,TOPLICENI,49769,1,PROV,PRCNCT,CD,CD_SV,"2021-01-21 12:30:02",438,383,55,0,219,164,55,0,420,201,207,9,3,0,20,2,70,22,64,2,3,17,1,0,2,0,0,0,0,0,0,0,0,1,0,1,2,0,0
10,BUZĂU,"ŞCOALA GIMNAZIALA BĂBENI ”ION ARISTOTEL”",383,TOPLICENI,49769,1,PROV,PRCNCT,CD,CD_SV,"2021-01-21 12:30:02",864,841,23,0,259,236,23,0,930,671,251,4,4,1,47,12,22,6,119,1,6,32,0,0,0,0,0,0,0,1,0,0,1,0,0,1,0,2,0
10,BUZĂU,"GRADINITA CU PROGRAM NORMAL DEDULEŞTI",384,TOPLICENI,49769,1,PROV,PRCNCT,CD,CD_SV,"2021-01-21 12:30:02",776,736,40,0,298,258,40,0,820,522,287,3,8,3,29,3,32,10,171,1,2,25,0,1,0,2,1,0,1,0,0,0,0,0,0,0,2,0,4
10,BUZĂU,"SCOALA GURA-FAGETULUI",385,TOPLICENI,49769,2,PART,PRCNCT,CD,CD_SV,"2021-01-21 12:30:02",165,137,25,3,98,70,25,3,160,62,94,2,2,1,10,3,10,9,49,0,2,7,0,0,0,0,0,0,0,0,0,0,0,0,1,0,0,1,1
10,BUZĂU,"ŞCOALA PRIMARA SAT ŢINTEŞTI",386,ŢINTEŞTI,49849,1,PROV,PRCNCT,CD,CD_SV,"2021-01-21 12:30:02",1869,1810,59,0,713,654,59,0,1990,1277,701,5,7,0,77,29,14,12,495,3,5,60,0,0,0,1,1,0,0,0,1,0,0,0,0,1,1,0,1
10,BUZĂU,"CÃMIN CULTURAL",387,ŢINTEŞTI,49849,1,PROV,PRCNCT,CD,CD_SV,"2021-01-21 12:30:02",1882,1814,68,0,594,526,68,0,2000,1406,572,13,9,1,73,36,22,43,332,3,7,46,0,1,0,2,0,0,1,0,0,0,0,1,1,0,2,0,1
10,BUZĂU,"SCOALA GIMNAZIALA PROFESOR CONSTANTIN DINCA ULMENI",388,ULMENI,49894,2,PART,PRCNCT,CD,CD_SV,"2021-01-21 12:30:02",1299,1221,47,31,380,303,46,31,1340,960,376,2,2,0,33,25,46,20,212,4,6,27,0,1,0,0,0,0,0,0,0,0,0,0,0,0,1,1,0
10,BUZĂU,"CLĂDIRE CĂMIN CULTURAL CLONDIRU",389,ULMENI,49894,1,PROV,PRCNCT,CD,CD_SV,"2021-01-21 12:30:02",1333,1285,27,21,427,379,27,21,1460,1033,407,15,5,0,72,13,41,58,184,2,6,29,0,1,0,0,0,0,1,0,0,0,0,0,0,0,0,0,0
10,BUZĂU,"SCOALA GIMNAZIALA ING. OPRISAN IARCA UNGURIU",390,UNGURIU,50549,1,PROV,PRCNCT,CD,CD_SV,"2021-01-21 12:30:02",954,914,1,39,318,278,1,39,1060,742,304,7,7,0,57,23,26,30,121,3,4,30,0,0,0,0,0,0,5,0,0,0,0,0,2,1,0,0,2
10,BUZĂU,"SCOALA GIMNAZIALA ING. OPRISAN IARCA UNGURIU",391,UNGURIU,50549,2,PART,PRCNCT,CD,CD_SV,"2021-01-21 12:30:02",981,944,37,0,325,288,37,0,1050,725,317,5,3,0,40,38,40,42,125,0,6,23,0,1,1,0,0,0,0,0,0,0,0,0,0,0,0,0,1
10,BUZĂU,"SALA DE FESTIVITĂŢI A PRIMĂRIEI COMUNEI VADU PAŞII",392,"VADU PAŞII",49956,1,PROV,PRCNCT,CD,CD_SV,"2021-01-21 12:30:02",1846,1791,54,1,732,677,54,1,1970,1238,719,8,5,0,296,60,29,12,265,1,0,49,1,0,1,1,0,0,1,0,0,0,1,0,0,0,1,1,0
10,BUZĂU,"GRĂDINIŢA CU PROGRAM NORMAL VADU PAŞII",393,"VADU PAŞII",49956,1,PROV,PRCNCT,CD,CD_SV,"2021-01-21 12:30:02",1674,1660,14,0,599,585,14,0,1820,1221,578,16,5,1,192,40,12,15,262,0,2,46,0,0,0,1,0,0,2,1,0,0,0,0,1,0,1,1,1
10,BUZĂU,"SCOALA FOCŞĂNEI",394,"VADU PAŞII",49956,1,PROV,PRCNCT,CD,CD_SV,"2021-01-21 12:30:02",1273,1228,44,1,417,372,44,1,1340,923,405,8,4,0,100,48,12,6,210,1,2,21,0,0,1,1,0,0,0,0,0,0,0,1,0,0,1,0,1
10,BUZĂU,"SCOALA CIOCÂRLIA",395,"VADU PAŞII",49956,1,PROV,PRCNCT,CD,CD_SV,"2021-01-21 12:30:02",577,564,13,0,209,196,13,0,620,411,204,4,1,0,59,4,6,3,103,0,0,24,0,0,0,1,0,0,0,0,0,0,1,0,0,0,2,0,1
10,BUZĂU,"SCOALA GIMNAZIALA SCURTEŞTI",396,"VADU PAŞII",49956,1,PROV,PRCNCT,CD,CD_SV,"2021-01-21 12:30:02",1653,1625,28,0,486,458,28,0,1780,1294,471,9,6,1,108,27,22,6,234,3,2,62,0,0,0,0,1,0,0,0,0,0,0,0,0,0,1,3,1
10,BUZĂU,"ŞCOALA GIMNAZIALA STĂNCEŞTI",397,"VADU PAŞII",49956,1,PROV,PRCNCT,CD,CD_SV,"2021-01-21 12:30:02",1238,1215,23,0,401,378,23,0,1340,939,387,10,4,1,94,21,21,7,178,5,3,52,0,0,1,0,0,0,0,0,0,0,0,0,0,0,0,2,2
10,BUZĂU,"ȘCOALA GIMNAZIALĂ OREAVUL",398,"VALEA RÂMNICULUI",50022,1,PROV,PRCNCT,CD,CD_SV,"2021-01-21 12:30:02",1885,1858,27,0,641,614,27,0,2050,1409,625,13,3,0,53,24,41,12,407,2,4,76,0,2,0,0,2,0,0,0,0,0,0,0,0,0,0,0,2
10,BUZĂU,"SCOALA GIMNAZIALA VALEA RAMNICULUI",399,"VALEA RÂMNICULUI",50022,1,PROV,PRCNCT,CD,CD_SV,"2021-01-21 12:30:02",1821,1799,22,0,589,567,22,0,1980,1391,581,2,6,1,62,26,34,12,347,4,4,78,1,3,0,1,1,0,1,0,0,0,0,0,2,0,2,1,1
10,BUZĂU,"GRADINITA CU PROGRAM NORMAL RUBLA",400,"VALEA RÂMNICULUI",50022,1,PROV,PRCNCT,CD,CD_SV,"2021-01-21 12:30:02",958,943,15,0,351,336,15,0,1040,689,342,2,7,0,28,13,10,9,219,0,1,51,1,2,0,0,1,0,1,1,0,0,2,0,1,0,1,0,1
10,BUZĂU,"CĂMINUL CULTURAL VALEA SALCIEI",401,"VALEA SALCIEI",50068,2,PART,PRCNCT,CD,CD_SV,"2021-01-21 12:30:02",597,558,11,28,236,197,11,28,610,374,233,1,2,2,35,3,5,11,166,1,1,9,0,0,0,0,0,0,0,0,0,0,0,0,0,0,0,0,0
10,BUZĂU,"SCOALA GIMNAZIALA NR 1 VILCELELE",402,VÂLCELELE,50399,2,PART,PRCNCT,CD,CD_SV,"2021-01-21 12:30:02",1325,1132,138,55,760,567,138,55,1240,480,725,22,13,2,30,9,116,43,463,3,10,36,0,1,0,0,3,1,1,0,0,0,0,0,1,0,3,0,3
10,BUZĂU,"ŞCOALA GIMNAZIALĂ ”NICOLAE IOAN JILINSCHI” VERNEȘTI",403,VERNEŞTI,50102,1,PROV,PRCNCT,CD,CD_SV,"2021-01-21 12:30:02",1982,1923,58,1,538,479,58,1,2110,1572,527,9,2,1,92,83,24,22,226,4,11,59,0,0,0,0,0,0,1,0,0,0,0,1,0,0,3,0,0
10,BUZĂU,"ŞCOALA GIMNAZIALĂ SAT CÎNDEȘTI",404,VERNEŞTI,50102,1,PROV,PRCNCT,CD,CD_SV,"2021-01-21 12:30:02",1390,1384,6,0,392,386,6,0,1520,1128,364,25,3,1,30,8,26,128,125,4,2,30,0,0,0,1,0,0,0,0,1,0,0,1,0,0,2,2,3
10,BUZĂU,"ŞCOALA GIMNAZIALĂ SAT CINDEŞTI",405,VERNEŞTI,50102,1,PROV,PRCNCT,CD,CD_SV,"2021-01-21 12:30:02",1362,1344,18,0,363,345,18,0,1480,1117,337,18,8,0,39,16,25,91,115,6,3,35,0,0,0,1,0,0,3,0,0,0,0,1,0,0,1,1,0
10,BUZĂU,"ŞCOALA GIMNAZIALĂ ”VASILE ALDEA” ZOREȘTI",406,VERNEŞTI,50102,1,PROV,PRCNCT,CD,CD_SV,"2021-01-21 12:30:02",1125,1100,25,0,288,263,25,0,1210,922,279,6,3,0,32,28,13,11,133,2,3,51,1,1,1,1,1,0,0,0,0,1,0,0,0,0,0,0,0
10,BUZĂU,"GRĂDINIȚA CU PROGRAM NORMAL NIȘCOV",407,VERNEŞTI,50102,1,PROV,PRCNCT,CD,CD_SV,"2021-01-21 12:30:02",1084,1055,29,0,302,273,29,0,1160,858,294,7,1,1,31,23,40,38,120,1,4,30,0,0,0,0,1,0,0,0,0,0,0,0,1,0,2,0,2
10,BUZĂU,"ŞCOALA PRIMARĂ SĂSENII NOI",408,VERNEŞTI,50102,1,PROV,PRCNCT,CD,CD_SV,"2021-01-21 12:30:02",308,296,12,0,92,80,12,0,320,228,90,2,0,1,14,6,8,6,49,0,0,6,0,0,0,0,0,0,0,0,0,0,0,0,0,0,0,0,0
10,BUZĂU,"GRADINITA CU PROGRAM NORMAL MIEREA",409,VERNEŞTI,50102,1,PROV,PRCNCT,CD,CD_SV,"2021-01-21 12:30:02",392,375,17,0,130,113,17,0,410,280,126,3,1,0,22,17,12,5,56,1,2,9,0,0,1,1,0,0,0,0,0,0,0,0,0,0,0,0,0
10,BUZĂU,"ŞCOALA GIMNAZIALĂ TACHE ŞI ECATERINA TOCILESCU",410,"VINTILĂ VODĂ",50228,1,PROV,PRCNCT,CD,CD_SV,"2021-01-21 12:30:02",1280,1236,44,0,370,326,44,0,1370,1000,355,11,4,1,32,31,32,9,195,4,0,49,0,0,0,1,1,0,0,0,0,0,0,0,0,0,0,0,0
10,BUZĂU,"ŞCOALA PRIMARĂ SAT NICULEŞTI",411,"VINTILĂ VODĂ",50228,1,PROV,PRCNCT,CD,CD_SV,"2021-01-21 12:30:02",962,932,30,0,289,259,30,0,1030,741,281,5,3,0,45,12,50,14,128,0,2,24,0,0,0,2,0,0,0,0,0,0,0,0,0,0,1,1,2
10,BUZĂU,"ŞCOALA PRIMARĂ SAT COCA ANTIMIREŞTI",412,"VINTILĂ VODĂ",50228,1,PROV,PRCNCT,CD,CD_SV,"2021-01-21 12:30:02",204,187,17,0,57,40,17,0,210,153,53,2,2,0,12,2,5,3,25,0,0,5,0,0,0,0,0,0,0,0,0,0,0,1,0,0,0,0,0
10,BUZĂU,"ŞCOALA GIMNAZIALA VIPEREŞTI",413,VIPEREŞTI,50326,1,PROV,PRCNCT,CD,CD_SV,"2021-01-21 12:30:02",916,903,13,0,263,250,13,0,990,727,253,9,1,0,31,10,31,19,126,4,5,13,0,1,0,0,0,0,2,1,0,2,0,1,0,0,1,2,4
10,BUZĂU,"ŞCOALA PRIMARA TRONARI",414,VIPEREŞTI,50326,1,PROV,PRCNCT,CD,CD_SV,"2021-01-21 12:30:02",757,745,12,0,240,228,12,0,810,570,231,4,5,0,16,2,23,11,146,2,2,25,1,0,0,0,0,0,0,0,0,0,0,0,0,0,1,0,2
10,BUZĂU,"ŞCOALA GIMNAZIALA URSOAIA",415,VIPEREŞTI,50326,1,PROV,PRCNCT,CD,CD_SV,"2021-01-21 12:30:02",860,836,24,0,203,179,24,0,920,717,197,4,2,0,25,18,23,11,84,1,4,26,0,0,0,1,0,0,1,0,0,0,0,2,0,0,0,0,1
10,BUZĂU,"ŞCOALA PRIMARA MUŞCEL",416,VIPEREŞTI,50326,1,PROV,PRCNCT,CD,CD_SV,"2021-01-21 12:30:02",110,96,14,0,31,17,14,0,110,79,31,0,0,0,1,1,3,5,17,0,1,2,0,0,0,1,0,0,0,0,0,0,0,0,0,0,0,0,0
10,BUZĂU,"ŞCOALA GIMNAZIALĂ ”CONSTANTIN POPESCU” FUNDENI",417,ZĂRNEŞTI,50415,1,PROV,PRCNCT,CD,CD_SV,"2021-01-21 12:30:02",1881,1837,38,6,674,630,38,6,2030,1356,653,13,8,2,47,25,18,279,233,5,4,28,0,1,0,1,0,0,2,0,1,0,0,2,0,0,4,0,1
10,BUZĂU,"SCOALA GENERALA PRUNENI",418,ZĂRNEŞTI,50415,1,PROV,PRCNCT,CD,CD_SV,"2021-01-21 12:30:02",333,300,33,0,165,132,33,0,330,165,157,6,2,1,5,3,7,97,34,0,2,4,1,0,0,1,1,0,0,0,0,0,0,0,0,0,0,0,1
10,BUZĂU,"GRĂDINIŢA DE COPII VADU SOREŞTI",419,ZĂRNEŞTI,50415,1,PROV,PRCNCT,CD,CD_SV,"2021-01-21 12:30:02",1064,1034,30,0,447,417,30,0,1140,693,422,12,13,0,21,7,8,236,82,1,8,35,1,2,1,3,1,3,0,2,2,0,0,0,1,0,3,3,2
10,BUZĂU,"GRĂDINIŢA DE COPII ZĂRNEŞTI",420,ZĂRNEŞTI,50415,1,PROV,PRCNCT,CD,CD_SV,"2021-01-21 12:30:02",904,843,61,0,469,408,61,0,920,451,456,7,6,1,30,15,12,204,159,1,3,22,1,1,0,1,0,0,1,0,0,1,1,0,0,0,2,0,1
10,BUZĂU,"SALA DE ŞEDINŢE PRIMĂRIA ZIDURI",421,ZIDURI,50479,2,PART,PRCNCT,CD,CD_SV,"2021-01-21 12:30:02",1003,811,186,6,603,411,186,6,890,287,571,19,12,1,45,15,373,9,69,5,28,16,0,0,0,0,0,2,3,0,0,0,0,3,0,0,1,0,1
10,BUZĂU,"CĂMINUL CULTURAL LANURILE",422,ZIDURI,50479,1,PROV,PRCNCT,CD,CD_SV,"2021-01-21 12:30:02",717,559,144,14,492,334,144,14,630,138,466,26,0,3,10,6,344,12,38,2,21,8,0,3,1,0,2,1,3,0,1,0,1,0,0,0,4,2,4
10,BUZĂU,"ŞCOALA PRIMARĂ HELIADE RĂDULESCU",423,ZIDURI,50479,1,PROV,PRCNCT,CD,CD_SV,"2021-01-21 12:30:02",703,631,72,0,340,268,72,0,690,350,323,12,5,0,17,4,167,8,78,3,17,19,0,1,2,1,1,1,0,0,0,0,0,0,1,0,2,0,1
10,BUZĂU,"ŞCOALA PRIMARĂ COSTIENI",424,ZIDURI,50479,1,PROV,PRCNCT,CD,CD_SV,"2021-01-21 12:30:02",615,585,30,0,265,235,30,0,640,375,259,3,3,1,12,5,122,6,86,0,4,16,0,0,0,1,1,2,0,0,0,0,0,0,1,0,2,0,0
10,BUZĂU,"CĂMINUL CULTURAL ZOIŢA",425,ZIDURI,50479,1,PROV,PRCNCT,CD,CD_SV,"2021-01-21 12:30:02",476,440,36,0,205,169,36,0,480,275,190,10,5,1,15,2,81,5,60,1,6,10,0,0,1,1,2,0,0,0,0,0,0,1,0,0,2,0,2
10,BUZĂU,"ŞCOALA PRIMARĂ CUCULEASA",426,ZIDURI,50479,1,PROV,PRCNCT,CD,CD_SV,"2021-01-21 12:30:02",382,350,32,0,225,193,32,0,380,155,216,9,0,1,16,4,148,2,25,1,5,11,0,1,0,0,0,0,0,0,1,0,0,0,0,0,0,1,0
