precinct_county_nce,precinct_county_name,precinct_name,precinct_nr,uat_name,uat_siruta,report_version,report_stage_code,report_type_scope_code,report_type_category_code,report_type_code,created_at,a,a1,a2,a3,b,b1,b2,b3,c,d,e,f,g,"PARTIDUL PRO ROMÂNIA-voturi","ALIANȚA USR PLUS-voturi","PARTIDUL SOCIAL DEMOCRAT-voturi","UNIUNEA DEMOCRATĂ MAGHIARĂ DIN ROMÂNIA-voturi","PARTIDUL MIȘCAREA POPULARĂ-voturi","PARTIDUL NAȚIONAL LIBERAL-voturi","ALIANȚA PENTRU UNIREA ROMÂNILOR-voturi","PARTIDUL SOCIALIST ROMÂN-voturi","BLOCUL UNITĂȚII NAȚIONALE-voturi","PARTIDUL VERDE-voturi","PARTIDUL PUTERII UMANISTE (SOCIAL-LIBERAL)-voturi","PARTIDUL ROMÂNIA MARE-voturi","PARTIDUL ECOLOGIST ROMÂN-voturi"
34,SIBIU,"ŞCOALA GIMNAZIALĂ NR. 10 CU STRUCTURA GRADINIŢA CU PROGRAM PRELUNGIT NR. 20",1,"MUNICIPIUL SIBIU",143450,1,PROV,PRCNCT,S,S_SV,"2021-01-21 12:30:02",1753,1727,23,3,599,573,23,3,1900,1301,588,9,2,8,157,66,1,20,266,37,7,2,4,5,1,14
34,SIBIU,"ŞCOALA GIMNAZIALĂ NR. 10 CU STRUCTURA GRADINIŢA CU PROGRAM PRELUNGIT NR. 20",2,"MUNICIPIUL SIBIU",143450,2,PART,PRCNCT,S,S_SV,"2021-01-21 12:30:02",1672,1652,19,1,545,525,19,1,1820,1275,537,6,2,18,122,78,1,5,247,39,1,1,6,5,2,12
34,SIBIU,"ŞCOALA GIMNAZIALĂ NR.10",3,"MUNICIPIUL SIBIU",143450,1,PROV,PRCNCT,S,S_SV,"2021-01-21 12:30:02",1551,1525,24,2,548,522,24,2,1670,1122,543,4,1,11,188,53,1,27,215,29,0,2,0,4,1,12
34,SIBIU,"ŞCOALA GIMNAZIALĂ NR.10",4,"MUNICIPIUL SIBIU",143450,2,PART,PRCNCT,S,S_SV,"2021-01-21 12:30:02",1432,1400,30,2,514,482,30,2,1540,1026,514,0,0,4,217,44,2,16,178,36,4,0,1,0,1,11
34,SIBIU,"ŞCOALA GIMNAZIALĂ NR.10",5,"MUNICIPIUL SIBIU",143450,2,PART,PRCNCT,S,S_SV,"2021-01-21 12:30:02",1694,1665,27,2,594,565,27,2,1840,1246,588,5,1,14,172,60,1,24,252,36,0,2,6,4,5,12
34,SIBIU,"ŞCOALA GIMNAZIALĂ NR. 13 CU STRUCTURA ŞCOALA GIMNAZIALĂ NR. 12",6,"MUNICIPIUL SIBIU",143450,1,PROV,PRCNCT,S,S_SV,"2021-01-21 12:30:02",1792,1771,19,2,657,636,19,2,1950,1293,648,6,3,7,200,65,9,29,255,51,2,2,3,9,0,16
34,SIBIU,"ŞCOALA GIMNAZIALĂ NR. 13 CU STRUCTURA ŞCOALA GIMNAZIALĂ NR. 12",7,"MUNICIPIUL SIBIU",143450,2,PART,PRCNCT,S,S_SV,"2021-01-21 12:30:02",1330,1301,29,0,516,487,29,0,1430,914,513,3,0,10,170,57,5,13,212,27,1,3,1,2,1,11
34,SIBIU,"ŞCOALA GIMNAZIALĂ NR. 13 CU STRUCTURA ŞCOALA GIMNAZIALĂ NR. 12",8,"MUNICIPIUL SIBIU",143450,1,PROV,PRCNCT,S,S_SV,"2021-01-21 12:30:02",1529,1512,16,1,596,579,16,1,1670,1074,588,4,4,16,185,57,8,21,245,30,5,2,3,2,1,13
34,SIBIU,"LICEUL TEHNOLOGIC CONSTRUCȚII ŞI ARHITECTURĂ CAROL I SIBIU",9,"MUNICIPIUL SIBIU",143450,2,PART,PRCNCT,S,S_SV,"2021-01-21 12:30:02",1960,1909,35,16,660,609,35,16,2070,1410,648,10,2,9,237,54,5,22,240,56,4,1,3,1,1,15
34,SIBIU,"ŞCOALA GIMNAZIALĂ NR.13",10,"MUNICIPIUL SIBIU",143450,2,PART,PRCNCT,S,S_SV,"2021-01-21 12:30:02",1050,1027,20,3,435,412,20,3,1130,695,429,4,2,9,134,38,5,13,189,24,1,2,4,1,1,8
34,SIBIU,"ŞCOALA GIMNAZIALĂ NR.13",11,"MUNICIPIUL SIBIU",143450,2,PART,PRCNCT,S,S_SV,"2021-01-21 12:30:02",1233,1216,13,4,431,414,13,4,1340,909,429,2,0,1,129,45,2,13,184,36,0,3,4,3,1,8
34,SIBIU,"ŞCOALA GIMNAZIALĂ NR.13",12,"MUNICIPIUL SIBIU",143450,1,PROV,PRCNCT,S,S_SV,"2021-01-21 12:30:02",1252,1232,19,1,427,407,19,1,1360,933,423,4,0,10,136,46,2,11,171,23,0,1,5,4,3,11
34,SIBIU,"ŞCOALA GIMNAZIALĂ NR.23",13,"MUNICIPIUL SIBIU",143450,2,PART,PRCNCT,S,S_SV,"2021-01-21 12:30:02",2008,2002,6,0,839,833,6,0,2200,1361,831,6,2,12,296,64,5,32,327,45,3,5,8,4,8,22
34,SIBIU,"ŞCOALA GIMNAZIALĂ NR.23",14,"MUNICIPIUL SIBIU",143450,2,PART,PRCNCT,S,S_SV,"2021-01-21 12:30:02",1464,1449,15,0,430,415,15,0,1600,1170,419,10,1,7,110,48,4,9,177,49,1,2,3,2,1,6
34,SIBIU,"ŞCOALA GIMNAZIALĂ NR.23",15,"MUNICIPIUL SIBIU",143450,1,PROV,PRCNCT,S,S_SV,"2021-01-21 12:30:02",1390,1372,18,0,427,409,18,0,1520,1093,426,1,0,12,110,45,0,6,192,38,2,2,3,4,1,11
34,SIBIU,"COLEGIUL TEHNIC INDEPENDENŢA",16,"MUNICIPIUL SIBIU",143450,2,PART,PRCNCT,S,S_SV,"2021-01-21 12:30:02",1347,1322,25,0,441,416,25,0,1460,1019,427,14,0,9,117,57,3,5,180,27,2,2,7,3,1,14
34,SIBIU,"COLEGIUL TEHNIC DE INDUSTRIE ALIMENTARĂ TEREZIANUM SIBIU",17,"MUNICIPIUL SIBIU",143450,2,PART,PRCNCT,S,S_SV,"2021-01-21 12:30:02",1520,1498,20,2,563,541,20,2,1662,1099,560,3,0,5,164,53,6,24,234,46,1,2,2,2,0,21
34,SIBIU,"COLEGIUL TEHNIC DE INDUSTRIE ALIMENTARĂ TEREZIANUM SIBIU",18,"MUNICIPIUL SIBIU",143450,2,PART,PRCNCT,S,S_SV,"2021-01-21 12:30:02",1461,1445,15,1,570,554,15,1,1600,1030,560,6,4,19,170,59,9,17,233,24,0,3,4,8,1,13
34,SIBIU,"ŞCOALA GIMNAZIALĂ NR.18",19,"MUNICIPIUL SIBIU",143450,2,PART,PRCNCT,S,S_SV,"2021-01-21 12:30:02",1794,1769,25,0,668,643,25,0,1950,1282,655,10,3,11,179,58,9,15,294,39,4,3,12,4,5,22
34,SIBIU,"ŞCOALA GIMNAZIALĂ NR.18",20,"MUNICIPIUL SIBIU",143450,2,PART,PRCNCT,S,S_SV,"2021-01-21 12:30:02",1726,1664,20,42,674,612,20,42,1840,1166,662,10,2,15,187,62,5,22,286,41,4,7,4,2,3,24
34,SIBIU,"ŞCOALA GIMNAZIALĂ IOAN SLAVICI CU STRUCTURA ŞCOALA GIMNAZIALĂ NR. 11",21,"MUNICIPIUL SIBIU",143450,1,PROV,PRCNCT,S,S_SV,"2021-01-21 12:30:02",1618,1604,14,0,435,421,14,0,1770,1335,429,6,0,10,124,44,2,15,167,45,1,0,2,4,0,15
34,SIBIU,"ŞCOALA GIMNAZIALĂ IOAN SLAVICI CU STRUCTURA ŞCOALA GIMNAZIALĂ NR. 11",22,"MUNICIPIUL SIBIU",143450,2,PART,PRCNCT,S,S_SV,"2021-01-21 12:30:02",1692,1678,14,0,520,506,14,0,1850,1330,515,4,1,10,169,70,1,13,191,42,1,2,1,7,0,8
34,SIBIU,"ŞCOALA GIMNAZIALĂ IOAN SLAVICI",23,"MUNICIPIUL SIBIU",143450,1,PROV,PRCNCT,S,S_SV,"2021-01-21 12:30:02",1641,1612,26,3,663,634,26,3,1780,1117,658,3,2,16,182,76,11,30,284,32,1,1,6,10,2,7
34,SIBIU,"ŞCOALA GIMNAZIALĂ IOAN SLAVICI",24,"MUNICIPIUL SIBIU",143450,1,PROV,PRCNCT,S,S_SV,"2021-01-21 12:30:02",1499,1479,20,0,578,558,20,0,1640,1062,565,11,2,21,156,71,3,20,224,33,2,1,6,8,2,18
34,SIBIU,"LICEUL TEHNOLOGIC HENRI COANDĂ",25,"MUNICIPIUL SIBIU",143450,1,PROV,PRCNCT,S,S_SV,"2021-01-21 12:30:02",1115,1087,28,0,369,341,28,0,1200,831,358,10,1,7,87,43,5,12,141,51,1,2,0,2,0,7
34,SIBIU,"LICEUL TEHNOLOGIC HENRI COANDĂ",26,"MUNICIPIUL SIBIU",143450,1,PROV,PRCNCT,S,S_SV,"2021-01-21 12:30:02",985,970,13,2,374,359,13,2,1080,706,367,4,3,7,74,35,2,15,184,17,1,0,4,4,0,24
34,SIBIU,"LICEUL TEHNOLOGIC HENRI COANDĂ",27,"MUNICIPIUL SIBIU",143450,1,PROV,PRCNCT,S,S_SV,"2021-01-21 12:30:02",1694,1680,14,0,478,464,14,0,1850,1372,467,11,0,15,130,53,1,9,174,61,2,1,5,3,4,9
34,SIBIU,"ŞCOALA GIMNAZIALĂ NR. 8",28,"MUNICIPIUL SIBIU",143450,2,PART,PRCNCT,S,S_SV,"2021-01-21 12:30:02",1190,1170,18,2,448,428,18,2,1300,852,444,4,0,4,132,44,2,14,193,30,2,1,6,3,1,12
34,SIBIU,"ŞCOALA GIMNAZIALĂ NR. 8",29,"MUNICIPIUL SIBIU",143450,1,PROV,PRCNCT,S,S_SV,"2021-01-21 12:30:02",1417,1400,17,0,567,550,17,0,1540,973,554,9,4,17,167,63,8,18,231,23,1,2,8,4,1,11
34,SIBIU,"ŞCOALA GIMNAZIALĂ NR. 8",30,"MUNICIPIUL SIBIU",143450,2,PART,PRCNCT,S,S_SV,"2021-01-21 12:30:02",1267,1252,15,0,491,476,15,0,1380,889,482,9,0,16,130,65,3,32,198,22,2,0,1,2,2,9
34,SIBIU,"ŞCOALA GIMNAZIALĂ NR. 8",31,"MUNICIPIUL SIBIU",143450,2,PART,PRCNCT,S,S_SV,"2021-01-21 12:30:02",1679,1661,18,0,608,590,18,0,1830,1222,600,4,4,15,190,57,8,20,242,39,3,4,4,5,3,10
34,SIBIU,"GRĂDINIŢA CU PROGRAM PRELUNGIT NR. 17",32,"MUNICIPIUL SIBIU",143450,1,PROV,PRCNCT,S,S_SV,"2021-01-21 12:30:02",1030,1014,15,1,333,317,15,1,1120,787,325,7,1,8,71,51,3,8,138,29,0,0,4,2,2,9
34,SIBIU,"GRĂDINIŢA CU PROGRAM PRELUNGIT NR. 37",33,"MUNICIPIUL SIBIU",143450,2,PART,PRCNCT,S,S_SV,"2021-01-21 12:30:02",1311,1288,23,0,394,371,23,0,1430,1036,386,7,1,13,124,45,5,16,147,15,1,0,5,1,1,13
34,SIBIU,"ȘCOALA GIMNAZIALĂ NR.2 SIBIU",34,"MUNICIPIUL SIBIU",143450,2,PART,PRCNCT,S,S_SV,"2021-01-21 12:30:02",1333,1295,37,1,463,425,37,1,1440,977,456,6,1,13,136,65,7,22,157,24,1,2,9,7,1,12
34,SIBIU,"ȘCOALA GIMNAZIALĂ NR.2 SIBIU",35,"MUNICIPIUL SIBIU",143450,2,PART,PRCNCT,S,S_SV,"2021-01-21 12:30:02",1126,1051,12,63,482,407,12,63,1170,688,472,8,2,6,124,69,1,13,196,32,1,3,3,6,6,12
34,SIBIU,"ŞCOALA GIMNAZIALĂ NR.2",36,"MUNICIPIUL SIBIU",143450,1,PROV,PRCNCT,S,S_SV,"2021-01-21 12:30:02",1112,1096,16,0,346,330,16,0,1210,864,342,4,0,2,76,50,4,14,152,28,1,2,5,2,2,4
34,SIBIU,"COLEGIUL NAŢIONAL GHEORGHE LAZĂR SIBIU",37,"MUNICIPIUL SIBIU",143450,1,PROV,PRCNCT,S,S_SV,"2021-01-21 12:30:02",1185,1156,29,0,385,356,29,0,1280,895,378,6,1,11,128,53,1,19,137,15,1,1,0,7,2,3
34,SIBIU,"LICEUL DE ARTĂ SIBIU",38,"MUNICIPIUL SIBIU",143450,1,PROV,PRCNCT,S,S_SV,"2021-01-21 12:30:02",792,768,11,13,234,210,11,13,852,618,230,3,1,10,51,33,10,13,87,12,1,0,1,2,0,10
34,SIBIU,"LICEUL DE ARTĂ SIBIU",39,"MUNICIPIUL SIBIU",143450,2,PART,PRCNCT,S,S_SV,"2021-01-21 12:30:02",938,909,20,9,283,254,20,9,1010,727,277,6,0,8,84,30,3,9,102,23,1,1,4,3,0,9
34,SIBIU,"COLEGIUL TEHNIC INDEPENDENŢA SIBIU",40,"MUNICIPIUL SIBIU",143450,2,PART,PRCNCT,S,S_SV,"2021-01-21 12:30:02",1200,1165,34,1,393,358,34,1,1290,897,390,2,1,10,98,61,4,19,144,33,3,1,5,4,0,8
34,SIBIU,"COLEGIUL NAŢIONAL OCTAVIAN GOGA SIBIU",41,"MUNICIPIUL SIBIU",143450,1,PROV,PRCNCT,S,S_SV,"2021-01-21 12:30:02",990,970,20,0,334,314,20,0,1070,736,330,4,0,8,93,60,1,16,117,21,2,4,2,3,0,3
34,SIBIU,"COLEGIUL NAŢIONAL OCTAVIAN GOGA CU STRUCTURĂ ŞCOALA CU CLASELE I-VIII NR. 15",42,"MUNICIPIUL SIBIU",143450,2,PART,PRCNCT,S,S_SV,"2021-01-21 12:30:02",1181,1144,37,0,412,375,37,0,1260,848,405,6,1,7,138,62,4,16,143,20,1,1,2,7,1,3
34,SIBIU,"ŞCOALA GIMNAZIALĂ REGINA MARIA",43,"MUNICIPIUL SIBIU",143450,2,PART,PRCNCT,S,S_SV,"2021-01-21 12:30:02",1207,1177,28,2,487,457,28,2,1300,813,477,8,2,13,168,64,2,14,163,31,1,0,3,4,1,13
34,SIBIU,"ŞCOALA GIMNAZIALĂ REGINA MARIA",44,"MUNICIPIUL SIBIU",143450,2,PART,PRCNCT,S,S_SV,"2021-01-21 12:30:02",1079,1053,25,1,407,381,25,1,1160,753,403,3,1,8,123,53,3,22,151,22,0,0,4,9,0,8
34,SIBIU,"COLEGIUL AGRICOL DANIIL POPOVICI BARCIANU SIBIU",45,"MUNICIPIUL SIBIU",143450,3,PART,PRCNCT,S,S_SV,"2021-01-21 12:30:02",1137,1069,28,40,450,382,28,40,1190,740,445,3,2,14,135,41,5,24,167,30,3,1,8,2,0,15
34,SIBIU,"CASA CORPULUI DIDACTIC",46,"MUNICIPIUL SIBIU",143450,2,PART,PRCNCT,S,S_SV,"2021-01-21 12:30:02",1444,1429,15,0,588,573,15,0,1580,992,584,3,1,9,222,69,7,19,207,27,0,1,6,4,1,12
34,SIBIU,"LICEUL TEORETIC ONISIFOR GHIBU",47,"MUNICIPIUL SIBIU",143450,2,PART,PRCNCT,S,S_SV,"2021-01-21 12:30:02",1255,1210,45,0,502,457,45,0,1340,838,497,3,2,10,140,71,4,19,197,33,2,2,7,5,1,6
34,SIBIU,"ŞCOALA GIMNAZIALĂ NR. 1",48,"MUNICIPIUL SIBIU",143450,2,PART,PRCNCT,S,S_SV,"2021-01-21 12:30:02",1494,1464,30,0,594,564,30,0,1620,1026,583,11,0,17,190,65,1,20,245,27,0,0,8,1,0,9
34,SIBIU,"ŞCOALA GIMNAZIALĂ NR. 1",49,"MUNICIPIUL SIBIU",143450,2,PART,PRCNCT,S,S_SV,"2021-01-21 12:30:02",1515,1484,29,2,591,560,29,2,1640,1049,589,2,0,11,206,59,6,18,228,28,4,1,3,8,0,17
34,SIBIU,"ŞCOALA GIMNAZIALĂ NR. 1",50,"MUNICIPIUL SIBIU",143450,2,PART,PRCNCT,S,S_SV,"2021-01-21 12:30:02",1566,1545,20,1,633,612,20,1,1710,1077,623,9,1,10,195,83,5,15,256,31,0,0,6,11,0,11
34,SIBIU,"ŞCOALA GIMNAZIALĂ NR. 1",51,"MUNICIPIUL SIBIU",143450,2,PART,PRCNCT,S,S_SV,"2021-01-21 12:30:02",1653,1629,21,3,694,670,21,3,1810,1116,690,3,1,13,259,73,2,24,271,26,0,1,4,6,0,11
34,SIBIU,"GRĂDINIŢA CU PROGRAM PRELUNGIT NR. 22",52,"MUNICIPIUL SIBIU",143450,2,PART,PRCNCT,S,S_SV,"2021-01-21 12:30:02",1504,1474,29,1,695,665,29,1,1630,935,687,6,2,21,271,63,10,25,255,27,0,2,2,4,1,6
34,SIBIU,"GRĂDINIŢA CU PROGRAM PRELUNGIT NR. 22",53,"MUNICIPIUL SIBIU",143450,2,PART,PRCNCT,S,S_SV,"2021-01-21 12:30:02",1470,1441,21,8,602,573,21,8,1590,988,588,11,3,17,163,75,3,22,262,29,1,1,0,4,1,10
34,SIBIU,"GRĂDINIŢA CU PROGRAM PRELUNGIT NR. 22",54,"MUNICIPIUL SIBIU",143450,2,PART,PRCNCT,S,S_SV,"2021-01-21 12:30:02",1757,1724,30,3,807,774,30,3,1910,1103,803,3,1,21,298,90,5,16,300,46,0,1,7,1,3,15
34,SIBIU,"GRĂDINIŢA CU PROGRAM PRELUNGIT NR. 22",55,"MUNICIPIUL SIBIU",143450,2,PART,PRCNCT,S,S_SV,"2021-01-21 12:30:02",1094,1080,14,0,415,401,14,0,1200,785,410,5,0,22,130,44,0,18,165,17,3,1,3,1,0,6
34,SIBIU,"ŞCOALA GIMNAZIALĂ NR. 25",56,"MUNICIPIUL SIBIU",143450,2,PART,PRCNCT,S,S_SV,"2021-01-21 12:30:02",1251,1220,31,0,500,469,31,0,1350,850,496,1,3,14,171,48,0,18,190,30,3,0,4,2,1,15
34,SIBIU,"ŞCOALA GIMNAZIALĂ NR. 25",57,"MUNICIPIUL SIBIU",143450,2,PART,PRCNCT,S,S_SV,"2021-01-21 12:30:02",1338,1315,20,3,533,510,20,3,1450,917,529,3,1,15,170,63,1,20,200,42,1,0,1,2,4,10
34,SIBIU,"ŞCOALA GIMNAZIALĂ NR. 25",58,"MUNICIPIUL SIBIU",143450,2,PART,PRCNCT,S,S_SV,"2021-01-21 12:30:02",1314,1300,13,1,523,509,13,1,1450,927,513,7,3,14,155,49,1,20,226,26,1,1,4,5,2,9
34,SIBIU,"ŞCOALA GIMNAZIALĂ NR. 25",59,"MUNICIPIUL SIBIU",143450,2,PART,PRCNCT,S,S_SV,"2021-01-21 12:30:02",1631,1607,22,2,642,618,22,2,1780,1138,632,8,2,7,220,70,0,18,248,47,4,0,4,4,2,8
34,SIBIU,"ŞCOALA GIMNAZIALĂ ION LUCA CARAGIALE",60,"MUNICIPIUL SIBIU",143450,2,PART,PRCNCT,S,S_SV,"2021-01-21 12:30:02",1424,1393,29,2,694,663,29,2,1540,846,690,2,2,15,248,51,3,27,309,20,1,0,2,2,2,10
34,SIBIU,"ŞCOALA GIMNAZIALĂ ION LUCA CARAGIALE",61,"MUNICIPIUL SIBIU",143450,1,PROV,PRCNCT,S,S_SV,"2021-01-21 12:30:02",1203,1186,13,4,526,509,13,4,1310,784,519,5,2,11,187,60,3,14,202,23,1,0,1,9,2,6
34,SIBIU,"ŞCOALA GIMNAZIALĂ ION LUCA CARAGIALE",62,"MUNICIPIUL SIBIU",143450,1,PROV,PRCNCT,S,S_SV,"2021-01-21 12:30:02",1164,1146,17,1,533,515,17,1,1270,737,529,3,1,8,177,63,2,22,234,7,1,0,3,3,1,8
34,SIBIU,"FACULTATEA DE INGINERIE",63,"MUNICIPIUL SIBIU",143450,2,PART,PRCNCT,S,S_SV,"2021-01-21 12:30:02",1188,1161,27,0,433,406,27,0,1290,857,431,2,0,5,132,67,3,18,176,12,0,3,3,5,0,7
34,SIBIU,"COLEGIU ECONOMIC GEORGE BARIŢIU",64,"MUNICIPIUL SIBIU",143450,2,PART,PRCNCT,S,S_SV,"2021-01-21 12:30:02",1210,1191,19,0,433,414,19,0,1320,887,429,4,0,11,127,48,8,14,179,17,3,4,6,1,2,9
34,SIBIU,"COLEGIU ECONOMIC GEORGE BARIŢIU",65,"MUNICIPIUL SIBIU",143450,2,PART,PRCNCT,S,S_SV,"2021-01-21 12:30:02",1353,1311,42,0,480,438,42,0,1450,970,472,8,0,11,155,68,4,11,174,29,0,1,4,3,2,10
34,SIBIU,"COLEGIUL ECONOMIC GEORGE BARIŢIU, SIBIU",66,"MUNICIPIUL SIBIU",143450,2,PART,PRCNCT,S,S_SV,"2021-01-21 12:30:02",1271,1246,22,3,556,531,22,3,1380,824,547,9,0,11,153,61,5,23,254,16,0,1,1,4,2,16
34,SIBIU,"ȘCOALA GIMNAZIALĂ NR.4 SIBIU",67,"MUNICIPIUL SIBIU",143450,2,PART,PRCNCT,S,S_SV,"2021-01-21 12:30:02",1341,1308,14,19,566,533,14,19,1450,884,560,5,1,14,176,103,6,9,197,32,2,5,1,3,3,9
34,SIBIU,"ŞCOALA GIMNAZIALĂ NR.4",68,"MUNICIPIUL SIBIU",143450,2,PART,PRCNCT,S,S_SV,"2021-01-21 12:30:02",1352,1336,13,3,518,502,13,3,1480,962,512,6,0,14,163,58,1,7,236,21,1,1,2,2,0,6
34,SIBIU,"ŞCOALA GIMNAZIALĂ NR.4",69,"MUNICIPIUL SIBIU",143450,2,PART,PRCNCT,S,S_SV,"2021-01-21 12:30:02",1140,1128,12,0,463,451,12,0,1240,777,463,0,0,12,138,66,3,21,181,21,2,1,0,5,3,10
34,SIBIU,"ŞCOALA GIMNAZIALĂ NR.4",70,"MUNICIPIUL SIBIU",143450,2,PART,PRCNCT,S,S_SV,"2021-01-21 12:30:02",1437,1421,14,2,588,572,14,2,1570,982,586,2,0,8,157,51,8,22,297,25,1,0,2,3,0,12
34,SIBIU,"COLEGIUL TEHNIC ENERGETIC",71,"MUNICIPIUL SIBIU",143450,2,PART,PRCNCT,S,S_SV,"2021-01-21 12:30:02",1330,1297,31,2,575,542,31,2,1440,865,569,5,1,10,162,59,9,25,264,25,0,0,0,3,4,8
34,SIBIU,"COLEGIUL TEHNIC ENERGETIC",72,"MUNICIPIUL SIBIU",143450,2,PART,PRCNCT,S,S_SV,"2021-01-21 12:30:02",1308,1280,26,2,403,375,26,2,1420,1017,391,12,0,10,115,65,1,9,144,27,4,2,2,3,0,9
34,SIBIU,"COLEGIUL TEHNIC ENERGETIC",73,"MUNICIPIUL SIBIU",143450,1,PROV,PRCNCT,S,S_SV,"2021-01-21 12:30:02",1510,1496,13,1,480,466,13,1,1650,1170,475,3,2,13,116,72,2,3,238,18,3,1,2,1,1,5
34,SIBIU,"COLEGIUL TEHNIC ENERGETIC",74,"MUNICIPIUL SIBIU",143450,2,PART,PRCNCT,S,S_SV,"2021-01-21 12:30:02",1424,1411,13,0,457,444,13,0,1560,1103,449,8,0,16,108,67,0,17,187,34,1,1,2,7,3,6
34,SIBIU,"ŞCOALA GIMNAZIALĂ REGELE FERDINAND",75,"MUNICIPIUL SIBIU",143450,2,PART,PRCNCT,S,S_SV,"2021-01-21 12:30:02",1277,1241,36,0,344,308,36,0,1370,1026,340,4,0,15,85,39,4,5,129,46,0,3,2,3,1,8
34,SIBIU,"ŞCOALA GIMNAZIALĂ REGELE FERDINAND",76,"MUNICIPIUL SIBIU",143450,2,PART,PRCNCT,S,S_SV,"2021-01-21 12:30:02",1372,1355,17,0,373,356,17,0,1500,1127,370,3,0,8,98,45,0,20,121,48,6,1,2,8,1,12
34,SIBIU,"ŞCOALA GIMNAZIALĂ REGELE FERDINAND",77,"MUNICIPIUL SIBIU",143450,2,PART,PRCNCT,S,S_SV,"2021-01-21 12:30:02",1331,1309,17,5,510,488,17,5,1440,930,493,13,4,5,147,73,6,11,199,28,2,0,4,5,2,11
34,SIBIU,"ŞCOALA GIMNAZIALĂ REGELE FERDINAND",78,"MUNICIPIUL SIBIU",143450,1,PROV,PRCNCT,S,S_SV,"2021-01-21 12:30:02",1295,1280,15,0,414,399,15,0,1420,1006,412,2,0,5,132,62,4,12,160,25,0,1,3,1,1,6
34,SIBIU,"ŞCOALA GIMNAZIALĂ REGELE FERDINAND",79,"MUNICIPIUL SIBIU",143450,2,PART,PRCNCT,S,S_SV,"2021-01-21 12:30:02",1022,1009,13,0,327,314,13,0,1120,793,324,2,1,6,92,37,2,20,136,18,1,1,0,3,1,7
34,SIBIU,"ŞCOALA GIMNAZIALĂ REGELE FERDINAND",80,"MUNICIPIUL SIBIU",143450,1,PROV,PRCNCT,S,S_SV,"2021-01-21 12:30:02",1194,1185,9,0,399,390,9,0,1320,921,395,4,0,15,88,40,2,10,187,35,0,0,3,7,1,7
34,SIBIU,"ŞCOALA GIMNAZIALĂ REGELE FERDINAND",81,"MUNICIPIUL SIBIU",143450,2,PART,PRCNCT,S,S_SV,"2021-01-21 12:30:02",1237,1222,15,0,307,292,15,0,1350,1043,304,3,0,3,64,40,1,8,142,36,1,0,5,1,1,2
34,SIBIU,"GRĂDINIŢA CU PROGRAM PRELUNGIT NR.29",82,"MUNICIPIUL SIBIU",143450,2,PART,PRCNCT,S,S_SV,"2021-01-21 12:30:02",1200,1159,39,2,444,403,39,2,1280,836,435,9,0,7,126,59,3,11,163,39,0,1,4,9,0,13
34,SIBIU,"ŞCOALA GIMNAZIALĂ RADU SELEJAN",83,"MUNICIPIUL SIBIU",143450,2,PART,PRCNCT,S,S_SV,"2021-01-21 12:30:02",1195,1172,23,0,379,356,23,0,1300,921,372,6,1,15,96,40,0,9,160,32,0,1,3,0,0,16
34,SIBIU,"ŞCOALA GIMNAZIALĂ RADU SELEJAN",84,"MUNICIPIUL SIBIU",143450,1,PROV,PRCNCT,S,S_SV,"2021-01-21 12:30:02",974,954,20,0,370,350,20,0,1060,690,367,2,1,15,103,50,4,12,149,20,1,1,2,1,2,7
34,SIBIU,"GRĂDINIŢA CU PROGRAM PRELUNGIT NR.33",85,"MUNICIPIUL SIBIU",143450,2,PART,PRCNCT,S,S_SV,"2021-01-21 12:30:02",1224,1173,51,0,466,415,51,0,1300,834,459,7,0,10,155,67,3,16,156,32,1,0,6,5,3,5
34,SIBIU,"ŞCOALA GIMNAZIALĂ NR. 21",86,"MUNICIPIUL SIBIU",143450,2,PART,PRCNCT,S,S_SV,"2021-01-21 12:30:02",1313,1297,16,0,471,455,16,0,1440,969,464,5,2,10,169,68,1,9,161,23,2,1,4,5,1,10
34,SIBIU,"ŞCOALA GIMNAZIALĂ NR. 21",87,"MUNICIPIUL SIBIU",143450,2,PART,PRCNCT,S,S_SV,"2021-01-21 12:30:02",951,907,43,1,362,318,43,1,1010,648,350,12,0,10,99,40,1,11,134,29,0,1,4,3,2,16
34,SIBIU,"ŞCOALA GIMNAZIALĂ NR. 21",88,"MUNICIPIUL SIBIU",143450,1,PROV,PRCNCT,S,S_SV,"2021-01-21 12:30:02",1002,975,25,2,390,363,25,2,1080,690,389,1,0,13,131,52,4,13,141,19,2,0,3,1,1,9
34,SIBIU,"ŞCOALA GIMNAZIALĂ NR. 21",89,"MUNICIPIUL SIBIU",143450,2,PART,PRCNCT,S,S_SV,"2021-01-21 12:30:02",1203,1186,17,0,380,363,17,0,1320,940,375,4,1,12,88,52,2,8,170,21,3,0,1,7,0,11
34,SIBIU,"ŞCOALA GIMNAZIALĂ NICOLAE IORGA",90,"MUNICIPIUL SIBIU",143450,2,PART,PRCNCT,S,S_SV,"2021-01-21 12:30:02",1356,1342,13,1,503,489,13,1,1490,987,502,0,1,10,161,69,5,11,197,28,4,3,3,1,1,9
34,SIBIU,"ŞCOALA GIMNAZIALĂ NICOLAE IORGA",91,"MUNICIPIUL SIBIU",143450,1,PROV,PRCNCT,S,S_SV,"2021-01-21 12:30:02",1367,1350,17,0,491,474,17,0,1490,999,488,1,2,23,140,64,2,11,196,34,3,0,3,2,1,9
34,SIBIU,"ŞCOALA GIMNAZIALĂ NICOLAE IORGA",92,"MUNICIPIUL SIBIU",143450,2,PART,PRCNCT,S,S_SV,"2021-01-21 12:30:02",1335,1280,55,0,478,423,55,0,1420,942,471,7,0,6,157,54,6,16,186,33,0,0,2,3,1,7
34,SIBIU,"ŞCOALA GIMNAZIALĂ NICOLAE IORGA",93,"MUNICIPIUL SIBIU",143450,2,PART,PRCNCT,S,S_SV,"2021-01-21 12:30:02",1099,1046,53,0,379,326,53,0,1160,781,372,7,0,3,128,49,0,7,147,19,3,1,1,1,2,11
34,SIBIU,"LICEUL TEORETIC CONSTANTIN NOICA",94,"MUNICIPIUL SIBIU",143450,1,PROV,PRCNCT,S,S_SV,"2021-01-21 12:30:02",1254,1219,35,0,490,455,35,0,1350,860,481,9,0,8,122,92,5,17,201,26,0,0,4,0,1,5
34,SIBIU,"LICEUL TEORETIC CONSTANTIN NOICA",95,"MUNICIPIUL SIBIU",143450,1,PROV,PRCNCT,S,S_SV,"2021-01-21 12:30:02",1357,1327,30,0,483,453,30,0,1480,997,473,8,2,9,156,57,2,13,190,19,0,1,3,4,2,17
34,SIBIU,"LICEUL TEORETIC CONSTANTIN NOICA",96,"MUNICIPIUL SIBIU",143450,2,PART,PRCNCT,S,S_SV,"2021-01-21 12:30:02",1405,1374,28,3,494,463,28,3,1520,1026,490,4,0,9,171,43,2,16,200,20,1,3,7,0,1,17
34,SIBIU,"GRĂDINIŢA CU PROGRAM PRELUNGIT ELEFĂNŢELUL CURIOS",97,"MUNICIPIUL SIBIU",143450,2,PART,PRCNCT,S,S_SV,"2021-01-21 12:30:02",1444,1414,30,0,485,455,30,0,1560,1075,484,1,0,15,144,77,2,13,195,17,1,1,3,2,3,11
34,SIBIU,"COLEGIUL NAŢIONAL PEDAGOGIC ANDREI ŞAGUNA",98,"MUNICIPIUL SIBIU",143450,2,PART,PRCNCT,S,S_SV,"2021-01-21 12:30:02",1310,1273,35,2,488,451,35,2,1410,922,481,7,0,17,153,61,2,21,180,23,1,2,3,3,5,10
34,SIBIU,"COLEGIUL NAŢIONAL PEDAGOGIC ANDREI ŞAGUNA",99,"MUNICIPIUL SIBIU",143450,2,PART,PRCNCT,S,S_SV,"2021-01-21 12:30:02",1184,1160,22,2,477,453,22,2,1290,813,472,5,0,10,158,80,0,13,171,23,1,1,3,0,2,10
34,SIBIU,"GRĂDINIŢA CU PROGRAM PRELUNGIT NR. 42",100,"MUNICIPIUL SIBIU",143450,2,PART,PRCNCT,S,S_SV,"2021-01-21 12:30:02",1311,1280,30,1,555,524,30,1,1420,865,541,11,3,16,173,88,2,13,208,18,1,2,5,6,2,7
34,SIBIU,"GRĂDINIŢA CU PROGRAM PRELUNGIT NR. 43",101,"MUNICIPIUL SIBIU",143450,2,PART,PRCNCT,S,S_SV,"2021-01-21 12:30:02",1755,1576,179,0,797,618,179,0,1740,943,785,8,4,20,279,74,4,19,277,82,0,0,4,5,1,20
34,SIBIU,"GRĂDINIŢA CU PROGRAM PRELUNGIT NR. 43",102,"MUNICIPIUL SIBIU",143450,2,PART,PRCNCT,S,S_SV,"2021-01-21 12:30:02",1532,1395,137,0,564,427,137,0,1540,976,561,3,0,16,200,45,2,13,219,45,0,1,3,5,0,12
34,SIBIU,"GRĂDINIŢA CU PROGRAM PRELUNGIT NR. 5",103,"MUNICIPIUL SIBIU",143450,2,PART,PRCNCT,S,S_SV,"2021-01-21 12:30:02",1680,1619,57,4,597,536,57,4,1780,1183,590,6,1,9,180,68,1,19,238,37,3,2,4,10,1,18
34,SIBIU,"GRĂDINIŢA CU PROGRAM PRELUNGIT NR. 5",104,"MUNICIPIUL SIBIU",143450,3,PART,PRCNCT,S,S_SV,"2021-01-21 12:30:02",1612,1567,43,2,604,559,43,2,1740,1136,590,14,0,10,188,67,11,15,242,33,1,0,6,3,0,14
34,SIBIU,PĂLTINIŞ,105,"MUNICIPIUL SIBIU",143450,1,PROV,PRCNCT,S,S_SV,"2021-01-21 12:30:02",47,25,22,0,23,1,22,0,170,147,23,0,0,1,5,4,0,2,7,2,0,0,0,0,0,2
34,SIBIU,"SCOALA GIMNAZIALA NR.10 SIBIU",106,"MUNICIPIUL SIBIU",143450,2,PART,PRCNCT,S,S_SV,"2021-01-21 12:30:02",1337,1311,22,4,509,483,22,4,1450,941,505,4,0,13,262,36,1,6,139,32,0,0,1,5,0,10
34,SIBIU,"ŞCOALA GIMNAZIALĂ HERMANN OBERTH",107,"MUNICIPIUL MEDIAŞ",143619,2,PART,PRCNCT,S,S_SV,"2021-01-21 12:30:02",1133,1102,20,11,299,268,20,11,1220,921,296,3,0,5,65,40,18,11,106,35,3,1,2,3,2,5
34,SIBIU,"GRĂDINIŢA CU PROGRAM PRELUNGIT NR.12",108,"MUNICIPIUL MEDIAŞ",143619,2,PART,PRCNCT,S,S_SV,"2021-01-21 12:30:02",1040,1024,15,1,273,257,15,1,1130,857,269,3,1,3,49,44,15,12,111,26,2,0,1,2,0,4
34,SIBIU,"ŞCOALA GIMNAZIALĂ MIHAI EMINESCU",109,"MUNICIPIUL MEDIAŞ",143619,2,PART,PRCNCT,S,S_SV,"2021-01-21 12:30:02",1283,1267,16,0,394,378,16,0,1400,1006,386,6,2,3,72,56,35,20,164,27,1,1,1,1,2,3
34,SIBIU,"GRĂDINIŢA CU PROGRAM PRELUNGIT BUCURIA COPIILOR",110,"MUNICIPIUL MEDIAŞ",143619,2,PART,PRCNCT,S,S_SV,"2021-01-21 12:30:02",1168,1157,11,0,374,363,11,0,1280,906,368,5,1,5,78,52,22,9,168,22,2,1,0,1,3,5
34,SIBIU,"VESTIAR SPARTA",111,"MUNICIPIUL MEDIAŞ",143619,2,PART,PRCNCT,S,S_SV,"2021-01-21 12:30:02",755,744,11,0,249,238,11,0,735,486,243,4,2,5,45,23,30,7,105,20,1,0,0,4,1,2
34,SIBIU,"STADIONUL MUNICIPAL GAZ METAN",112,"MUNICIPIUL MEDIAŞ",143619,1,PROV,PRCNCT,S,S_SV,"2021-01-21 12:30:02",840,827,13,0,244,231,13,0,910,666,242,2,0,3,63,23,25,2,98,20,0,1,0,3,0,4
34,SIBIU,"SC HULA VECHE SRL",113,"MUNICIPIUL MEDIAŞ",143619,2,PART,PRCNCT,S,S_SV,"2021-01-21 12:30:02",1264,1245,19,0,430,411,19,0,1370,940,420,8,2,4,60,59,35,13,194,35,1,1,1,11,0,6
34,SIBIU,"CLUBUL COPIILOR",114,"MUNICIPIUL MEDIAŞ",143619,2,PART,PRCNCT,S,S_SV,"2021-01-21 12:30:02",1023,1005,18,0,320,302,18,0,1110,790,318,2,0,7,51,47,10,8,156,24,2,0,3,2,1,7
34,SIBIU,"CENTRU ŞCOLAR DE EDUCAŢIE INCLUZIVĂ MEDIAŞ",115,"MUNICIPIUL MEDIAŞ",143619,2,PART,PRCNCT,S,S_SV,"2021-01-21 12:30:02",1161,1144,17,0,370,353,17,0,1270,900,362,6,2,4,95,27,14,13,164,36,3,0,0,3,1,2
34,SIBIU,"ŞCOALA GIMNAZIALĂ NR.7",116,"MUNICIPIUL MEDIAŞ",143619,2,PART,PRCNCT,S,S_SV,"2021-01-21 12:30:02",1346,1331,15,0,363,348,15,0,1480,1117,359,3,1,4,67,61,15,6,168,23,2,1,1,6,1,4
34,SIBIU,"ŞCOALA GIMNAZIALĂ NR.7",117,"MUNICIPIUL MEDIAŞ",143619,1,PROV,PRCNCT,S,S_SV,"2021-01-21 12:30:02",982,974,8,0,246,238,8,0,1080,834,244,2,0,0,33,44,15,4,115,21,2,2,0,5,1,2
34,SIBIU,"ŞCOALA GIMNAZIALĂ NR.7",118,"MUNICIPIUL MEDIAŞ",143619,2,PART,PRCNCT,S,S_SV,"2021-01-21 12:30:02",1108,1101,7,0,333,326,7,0,1220,887,329,4,0,6,71,41,18,8,150,20,1,2,0,4,1,7
34,SIBIU,"ŞCOALA GIMNAZIALĂ NR.7",119,"MUNICIPIUL MEDIAŞ",143619,1,PROV,PRCNCT,S,S_SV,"2021-01-21 12:30:02",971,963,8,0,238,230,8,0,1070,832,231,7,0,9,26,34,13,7,117,21,1,0,0,0,2,1
34,SIBIU,"GRĂDINIŢA CU PROGRAM PRELUNGIT RAZĂ DE SOARE",120,"MUNICIPIUL MEDIAŞ",143619,2,PART,PRCNCT,S,S_SV,"2021-01-21 12:30:02",1244,1232,12,0,330,318,12,0,1360,1030,325,4,1,7,50,54,14,15,141,29,2,1,0,3,3,6
34,SIBIU,"ŞCOALA GIMNAZIALĂ NR.7 CORP A",121,"MUNICIPIUL MEDIAŞ",143619,2,PART,PRCNCT,S,S_SV,"2021-01-21 12:30:02",996,981,15,0,264,249,15,0,1090,826,262,2,0,6,42,32,11,13,127,23,0,0,0,5,1,2
34,SIBIU,"ŞCOALA GIMNAZIALĂ NR.7 CORP A",122,"MUNICIPIUL MEDIAŞ",143619,2,PART,PRCNCT,S,S_SV,"2021-01-21 12:30:02",1196,1186,10,0,241,231,10,0,1310,1069,230,10,1,7,36,24,7,8,110,28,2,1,2,1,0,4
34,SIBIU,"ŞCOALA GIMNAZIALĂ NR.7 CORP A",123,"MUNICIPIUL MEDIAŞ",143619,2,PART,PRCNCT,S,S_SV,"2021-01-21 12:30:02",1115,1102,13,0,269,256,13,0,1220,951,259,3,7,5,44,37,12,8,117,30,0,1,1,3,0,1
34,SIBIU,"GRĂDINIŢA CU PROGRAM PRELUNGIT PITICOT",124,"MUNICIPIUL MEDIAŞ",143619,2,PART,PRCNCT,S,S_SV,"2021-01-21 12:30:02",1355,1320,27,8,445,410,27,8,1460,1015,422,17,6,13,31,57,10,10,202,73,5,3,2,5,3,8
34,SIBIU,"ŞCOALA GIMNAZIALĂ NR.4",125,"MUNICIPIUL MEDIAŞ",143619,2,PART,PRCNCT,S,S_SV,"2021-01-21 12:30:02",1225,1201,24,0,373,349,24,0,1330,957,366,7,0,6,90,59,16,9,152,22,0,1,0,2,4,5
34,SIBIU,"ŞCOALA GIMNAZIALĂ NR.4",126,"MUNICIPIUL MEDIAŞ",143619,2,PART,PRCNCT,S,S_SV,"2021-01-21 12:30:02",1011,1003,8,0,326,318,8,0,1110,784,323,3,0,11,69,34,19,15,133,27,3,0,0,3,2,7
34,SIBIU,"ŞCOALA GIMNAZIALĂ NR.4",127,"MUNICIPIUL MEDIAŞ",143619,2,PART,PRCNCT,S,S_SV,"2021-01-21 12:30:02",1033,1022,10,1,312,301,10,1,1130,818,310,2,0,5,85,24,18,10,139,18,2,1,1,0,4,3
34,SIBIU,"SPAŢIU CU ALTĂ DETINAŢIE",128,"MUNICIPIUL MEDIAŞ",143619,2,PART,PRCNCT,S,S_SV,"2021-01-21 12:30:02",1199,1181,15,3,368,350,15,3,1310,942,363,3,2,9,75,40,22,7,180,23,2,0,0,1,2,2
34,SIBIU,"SC AUTOMECANICA SA",129,"MUNICIPIUL MEDIAŞ",143619,2,PART,PRCNCT,S,S_SV,"2021-01-21 12:30:02",603,587,16,0,197,181,16,0,650,453,193,3,1,8,21,19,13,13,91,18,0,3,1,4,0,2
34,SIBIU,"ŞCOALA GIMNAZIALĂ GEORGE POPA",130,"MUNICIPIUL MEDIAŞ",143619,2,PART,PRCNCT,S,S_SV,"2021-01-21 12:30:02",1245,1229,16,0,382,366,16,0,1360,978,379,2,1,5,58,37,15,30,201,26,1,1,0,1,2,2
34,SIBIU,"ŞCOALA GIMNAZIALĂ GEORGE POPA",131,"MUNICIPIUL MEDIAŞ",143619,2,PART,PRCNCT,S,S_SV,"2021-01-21 12:30:02",981,970,8,3,294,283,8,3,1080,786,290,3,1,6,75,35,17,17,104,24,1,1,2,0,1,7
34,SIBIU,"ŞCOALA GIMNAZIALĂ GEORGE POPA",132,"MUNICIPIUL MEDIAŞ",143619,2,PART,PRCNCT,S,S_SV,"2021-01-21 12:30:02",1438,1424,14,0,421,407,14,0,1580,1159,409,7,5,3,49,55,15,20,186,56,2,2,2,10,3,6
34,SIBIU,"ŞCOALA GIMNAZIALĂ GEORGE POPA",133,"MUNICIPIUL MEDIAŞ",143619,1,PROV,PRCNCT,S,S_SV,"2021-01-21 12:30:02",1193,1177,14,2,387,371,14,2,1300,913,379,5,3,5,69,48,17,11,188,27,0,3,1,3,1,6
34,SIBIU,"COMPLEX COMERCIAL",134,"MUNICIPIUL MEDIAŞ",143619,2,PART,PRCNCT,S,S_SV,"2021-01-21 12:30:02",1300,1286,14,0,444,430,14,0,1420,976,436,4,4,10,80,47,21,10,212,45,0,2,1,2,2,4
34,SIBIU,"COLEGIUL ”ŞCOALA NAŢIONALĂ DE GAZ”",135,"MUNICIPIUL MEDIAŞ",143619,1,PROV,PRCNCT,S,S_SV,"2021-01-21 12:30:02",1159,1148,11,0,323,312,11,0,1280,957,317,2,4,5,58,41,13,12,152,27,0,1,2,2,0,4
34,SIBIU,"CASA DE OASPETI",136,"MUNICIPIUL MEDIAŞ",143619,2,PART,PRCNCT,S,S_SV,"2021-01-21 12:30:02",767,755,10,2,230,218,10,2,830,600,226,4,0,4,56,24,6,8,106,14,0,0,1,0,1,6
34,SIBIU,"COLEGIUL TEHNIC MEDIENSIS",137,"MUNICIPIUL MEDIAŞ",143619,1,PROV,PRCNCT,S,S_SV,"2021-01-21 12:30:02",1358,1344,13,1,405,391,13,1,1490,1085,400,5,0,4,80,56,15,7,174,49,1,0,4,1,3,6
34,SIBIU,"ŞCOALA GIMNAZIALĂ CIREŞARII",138,"MUNICIPIUL MEDIAŞ",143619,2,PART,PRCNCT,S,S_SV,"2021-01-21 12:30:02",1346,1333,13,0,395,382,13,0,1480,1085,393,2,0,8,76,51,19,10,192,21,5,2,0,2,0,7
34,SIBIU,"GRĂDINIŢA CU PROGRAM PRELUNGIT PINOCCHIO",139,"MUNICIPIUL MEDIAŞ",143619,2,PART,PRCNCT,S,S_SV,"2021-01-21 12:30:02",1234,1224,10,0,300,290,10,0,1350,1050,295,0,5,4,62,38,19,7,124,33,2,0,0,2,2,2
34,SIBIU,"ŞCOALA GIMNAZIALĂ CONSTANTIN IOAN MOTAŞ",140,"MUNICIPIUL MEDIAŞ",143619,2,PART,PRCNCT,S,S_SV,"2021-01-21 12:30:02",1225,1211,14,0,280,266,14,0,1340,1060,276,0,2,4,46,20,14,8,145,31,1,0,1,1,1,4
34,SIBIU,"ŞCOALA GIMNAZIALĂ CONSTANTIN IOAN MOTAŞ",141,"MUNICIPIUL MEDIAŞ",143619,1,PROV,PRCNCT,S,S_SV,"2021-01-21 12:30:02",1321,1314,5,2,330,323,5,2,1450,1120,325,3,2,5,60,62,8,7,157,16,0,0,0,3,1,6
34,SIBIU,"ŞCOALA GIMNAZIALĂ CONSTANTIN IOAN MOTAŞ",142,"MUNICIPIUL MEDIAŞ",143619,2,PART,PRCNCT,S,S_SV,"2021-01-21 12:30:02",1334,1329,5,0,318,313,5,0,1470,1152,316,2,0,5,61,40,7,13,157,16,0,0,0,9,1,7
34,SIBIU,"ŞCOALA GIMNAZIALĂ CONSTANTIN IOAN MOTAŞ",143,"MUNICIPIUL MEDIAŞ",143619,2,PART,PRCNCT,S,S_SV,"2021-01-21 12:30:02",1185,1177,6,2,284,276,6,2,1300,1016,283,1,0,8,46,17,10,11,139,35,1,1,0,5,5,5
34,SIBIU,"ŞCOALA GIMNAZIALĂ CONSTANTIN IOAN MOTAŞ",144,"MUNICIPIUL MEDIAŞ",143619,1,PROV,PRCNCT,S,S_SV,"2021-01-21 12:30:02",1320,1313,7,0,301,294,7,0,1450,1149,300,1,0,8,68,33,13,8,134,22,2,2,0,2,1,7
34,SIBIU,"ŞCOALA GIMNAZIALĂ CONSTANTIN IOAN MOTAŞ",145,"MUNICIPIUL MEDIAŞ",143619,2,PART,PRCNCT,S,S_SV,"2021-01-21 12:30:02",1084,1076,8,0,284,276,8,0,1190,906,280,3,1,2,44,46,13,7,136,23,1,1,2,0,2,3
34,SIBIU,"UNIVERSITATEA LUCIAN BLAGA",146,"MUNICIPIUL MEDIAŞ",143619,1,PROV,PRCNCT,S,S_SV,"2021-01-21 12:30:02",1115,1104,11,0,323,312,11,0,1220,897,320,2,1,8,61,39,14,8,163,21,2,2,0,1,0,1
34,SIBIU,"UNIVERSITATEA LUCIAN BLAGA",147,"MUNICIPIUL MEDIAŞ",143619,2,PART,PRCNCT,S,S_SV,"2021-01-21 12:30:02",1390,1375,12,3,384,369,12,3,1520,1136,377,7,0,9,80,48,12,7,172,27,3,0,2,5,0,12
34,SIBIU,"ŞCOALA GIMNAZIALĂ",148,"MUNICIPIUL MEDIAŞ",143619,1,PROV,PRCNCT,S,S_SV,"2021-01-21 12:30:02",1340,1324,15,1,257,241,15,1,1470,1213,252,3,2,6,19,30,1,14,132,42,2,1,0,3,1,1
34,SIBIU,"ŞCOALA GIMNAZIALĂ G.D.TEUTSCH",149,"ORAŞ AGNITA",143682,1,PROV,PRCNCT,S,S_SV,"2021-01-21 12:30:02",1214,1196,18,0,255,237,18,0,1320,1065,253,2,0,6,41,38,6,3,138,17,1,0,0,1,0,2
34,SIBIU,"ŞCOALA GIMNAZIALĂ G.D.TEUTSCH",150,"ORAŞ AGNITA",143682,1,PROV,PRCNCT,S,S_SV,"2021-01-21 12:30:02",1108,1096,12,0,299,287,12,0,1220,921,298,1,0,11,49,43,2,5,159,23,0,0,2,1,1,2
34,SIBIU,"GRĂDINIŢA CU PROGRAM PRELUNGIT",151,"ORAŞ AGNITA",143682,1,PROV,PRCNCT,S,S_SV,"2021-01-21 12:30:02",1081,1069,12,0,218,206,12,0,1180,962,215,3,0,7,35,30,4,3,112,14,1,0,1,3,0,5
34,SIBIU,"CASA SENIORILOR",152,"ORAŞ AGNITA",143682,2,PART,PRCNCT,S,S_SV,"2021-01-21 12:30:02",1407,1388,15,4,301,282,15,4,1540,1239,287,8,6,4,39,48,2,4,153,32,1,1,0,1,1,1
34,SIBIU,"COLEGIUL TEHNIC A.T. LAUREAN",153,"ORAŞ AGNITA",143682,2,PART,PRCNCT,S,S_SV,"2021-01-21 12:30:02",1065,1054,10,1,198,187,10,1,1170,972,193,3,2,5,35,29,3,5,87,27,0,1,0,0,1,0
34,SIBIU,"CASA DE CULTURĂ ”ILARION COCIȘIU”",154,"ORAŞ AGNITA",143682,1,PROV,PRCNCT,S,S_SV,"2021-01-21 12:30:02",1223,1204,19,0,218,199,19,0,1330,1112,216,1,1,3,30,23,1,3,125,21,0,1,0,2,4,3
34,SIBIU,"GRĂDINIŢA CU PROGRAM PRELUNGIT NR.2",155,"ORAŞ AGNITA",143682,1,PROV,PRCNCT,S,S_SV,"2021-01-21 12:30:02",1139,1126,13,0,301,288,13,0,1250,949,295,5,1,6,60,35,1,5,146,27,0,4,2,4,2,3
34,SIBIU,"ŞCOALA GIMNAZIALĂ COVEŞ",156,"ORAŞ AGNITA",143682,2,PART,PRCNCT,S,S_SV,"2021-01-21 12:30:02",524,512,12,0,159,147,12,0,570,411,152,3,4,5,5,20,0,1,93,20,1,2,2,2,1,0
34,SIBIU,"ŞCOALA GIMNAZIALĂ RUJA",157,"ORAŞ AGNITA",143682,1,PROV,PRCNCT,S,S_SV,"2021-01-21 12:30:02",974,961,13,0,237,224,13,0,1060,823,229,6,2,7,24,12,2,1,142,35,1,3,1,0,0,1
34,SIBIU,"GRADINITA NR.3 PROGRAM PRELUNGIT",158,"ORAŞ AVRIG",144054,1,PROV,PRCNCT,S,S_SV,"2021-01-21 12:30:02",1424,1397,27,0,356,329,27,0,1550,1194,349,5,2,7,49,40,0,23,138,76,2,1,2,5,1,5
34,SIBIU,"SCOALA GIMNAZIALA AVRIG",159,"ORAŞ AVRIG",144054,2,PART,PRCNCT,S,S_SV,"2021-01-21 12:30:02",1408,1389,19,0,364,345,19,0,1540,1176,361,3,0,6,57,69,1,15,165,36,0,1,1,1,2,7
34,SIBIU,"ŞCOALA GIMNAZIALA AVRIG",160,"ORAŞ AVRIG",144054,2,PART,PRCNCT,S,S_SV,"2021-01-21 12:30:02",1231,1213,18,0,398,380,18,0,1340,942,386,12,0,5,54,88,0,14,181,34,0,1,0,1,1,7
34,SIBIU,"GRADINITA NR,1 PROGRAM NORMAL",161,"ORAŞ AVRIG",144054,1,PROV,PRCNCT,S,S_SV,"2021-01-21 12:30:02",1551,1535,14,2,443,427,14,2,1690,1247,435,8,0,6,70,69,0,51,180,47,0,1,3,0,3,5
34,SIBIU,"LICEUL ”GHEORGHE LAZĂR”, AVRIG",162,"ORAŞ AVRIG",144054,1,PROV,PRCNCT,S,S_SV,"2021-01-21 12:30:02",1301,1273,28,0,348,320,28,0,1410,1062,339,8,1,6,58,59,0,23,146,29,1,1,4,5,2,5
34,SIBIU,"LICEUL ”GHEORGHE LAZĂR”, AVRIG",163,"ORAŞ AVRIG",144054,1,PROV,PRCNCT,S,S_SV,"2021-01-21 12:30:02",1377,1358,18,1,451,432,18,1,1500,1049,444,5,2,6,92,93,0,18,172,45,2,1,3,5,0,7
34,SIBIU,"LICEUL ”TEHNOLOGIC MÂRŞA",164,"ORAŞ AVRIG",144054,2,PART,PRCNCT,S,S_SV,"2021-01-21 12:30:02",1298,1290,6,2,331,323,6,2,1430,1099,323,3,5,5,37,47,1,6,147,71,0,1,0,0,1,7
34,SIBIU,"LICEUL ”TEHNOLOGIC MÂRŞA",165,"ORAŞ AVRIG",144054,2,PART,PRCNCT,S,S_SV,"2021-01-21 12:30:02",1314,1301,13,0,328,315,13,0,1440,1112,319,5,4,2,46,46,1,9,158,48,1,0,1,3,2,2
34,SIBIU,"ŞCOLA GIMNAZIALĂ BRADU",166,"ORAŞ AVRIG",144054,1,PROV,PRCNCT,S,S_SV,"2021-01-21 12:30:02",912,888,24,0,254,230,24,0,990,736,245,6,3,3,24,23,2,8,151,26,0,0,1,1,1,5
34,SIBIU,"ŞCOLA PRIMARĂ SĂCĂDATE",167,"ORAŞ AVRIG",144054,1,PROV,PRCNCT,S,S_SV,"2021-01-21 12:30:02",522,503,19,0,147,128,19,0,560,413,144,1,2,2,13,25,3,8,67,18,1,1,2,2,1,1
34,SIBIU,"ŞCOALA PRIMARĂ GLÎMBOACA",168,"ORAŞ AVRIG",144054,1,PROV,PRCNCT,S,S_SV,"2021-01-21 12:30:02",204,188,16,0,69,53,16,0,210,141,68,0,1,2,3,7,1,2,29,21,0,0,0,0,2,1
34,SIBIU,"GRĂDINIŢA CU PROGRAM NORMAL CISNĂDIOARA",169,"ORAŞ CISNĂDIE",143735,2,PART,PRCNCT,S,S_SV,"2021-01-21 12:30:02",750,690,60,0,237,177,60,0,760,523,234,1,2,5,86,28,0,6,88,13,0,1,3,1,1,2
34,SIBIU,"GRĂDINIŢA CU PROGRAM PRELUNGIT NR.7",170,"ORAŞ CISNĂDIE",143735,1,PROV,PRCNCT,S,S_SV,"2021-01-21 12:30:02",1586,1577,9,0,419,410,9,0,1750,1331,414,2,3,15,78,73,2,9,167,46,1,2,6,3,2,10
34,SIBIU,"ȘCOALA GIMNAZIALĂ NR. 3",171,"ORAŞ CISNĂDIE",143735,2,PART,PRCNCT,S,S_SV,"2021-01-21 12:30:02",1457,1434,23,0,367,344,23,0,1580,1213,364,2,1,5,76,49,4,19,160,36,1,1,1,5,4,3
34,SIBIU,"GRĂDINIŢA CU PROGRAM PRELUNGIT NR.6",172,"ORAŞ CISNĂDIE",143735,1,PROV,PRCNCT,S,S_SV,"2021-01-21 12:30:02",1419,1404,15,0,378,363,15,0,1550,1172,368,10,0,13,91,58,0,10,133,41,0,4,2,4,2,10
34,SIBIU,"ŞCOALA GIMNAZIALĂ NR.3 CISNĂDIE",173,"ORAŞ CISNĂDIE",143735,2,PART,PRCNCT,S,S_SV,"2021-01-21 12:30:02",1587,1552,19,16,480,445,19,16,1710,1230,475,5,0,15,129,53,2,17,196,49,2,1,2,0,1,8
34,SIBIU,"LICEUL TEORETIC ”GUSTAV GUNDISCH” CISNĂDIE",174,"ORAŞ CISNĂDIE",143735,2,PART,PRCNCT,S,S_SV,"2021-01-21 12:30:02",1849,1826,21,2,481,458,21,2,2020,1539,470,8,3,21,92,65,3,18,174,68,3,1,3,5,5,12
34,SIBIU,"LICEUL TEHNOLOGIC",175,"ORAŞ CISNĂDIE",143735,1,PROV,PRCNCT,S,S_SV,"2021-01-21 12:30:02",1521,1495,22,4,415,389,22,4,1660,1245,411,1,3,10,107,44,2,16,167,33,2,7,4,7,1,11
34,SIBIU,"ŞCOALA GIMNAZIALĂ NR. 2 CISNĂDIE",176,"ORAŞ CISNĂDIE",143735,2,PART,PRCNCT,S,S_SV,"2021-01-21 12:30:02",1826,1804,21,1,547,525,21,1,1980,1433,537,10,0,18,127,63,0,23,209,63,2,8,6,7,3,8
34,SIBIU,"LICEUL TEHNOLOGIC CISNĂDIE",177,"ORAŞ CISNĂDIE",143735,2,PART,PRCNCT,S,S_SV,"2021-01-21 12:30:02",1118,1110,8,0,289,281,8,0,1230,941,286,2,1,12,66,38,0,11,114,28,0,5,2,0,1,9
34,SIBIU,"LICEUL TEHNOLOGIC CISNĂDIE",178,"ORAŞ CISNĂDIE",143735,1,PROV,PRCNCT,S,S_SV,"2021-01-21 12:30:02",1093,1078,15,0,258,243,15,0,1190,932,251,6,1,14,29,30,0,15,96,48,2,2,2,5,1,7
34,SIBIU,"GRĂDINIŢA CU PROGRAM NORMAL NR.1",179,"ORAŞ CISNĂDIE",143735,1,PROV,PRCNCT,S,S_SV,"2021-01-21 12:30:02",2000,1952,44,4,621,573,44,4,2130,1509,612,9,0,13,306,44,2,16,170,42,1,1,1,3,2,11
34,SIBIU,"GRĂDINIŢA CU PROGRAM NORMAL NR.1",180,"ORAŞ CISNĂDIE",143735,2,PART,PRCNCT,S,S_SV,"2021-01-21 12:30:02",1953,1925,28,0,672,644,28,0,2110,1438,665,4,3,25,244,61,3,18,229,58,1,1,2,3,4,16
34,SIBIU,"GRĂDINIȚA CU PROGRAM NORMAL NR. 1",181,"ORAŞ CISNĂDIE",143735,1,PROV,PRCNCT,S,S_SV,"2021-01-21 12:30:02",2011,1981,30,0,502,472,30,0,2170,1668,499,3,0,16,244,33,0,14,132,44,0,2,3,2,2,7
34,SIBIU,"ŞCOALA GIMNAZIALĂ COPŞA MICĂ, STRADA COLONIA LABORATOR, NR.45",182,"ORAŞ COPŞA MICĂ",143771,2,PART,PRCNCT,S,S_SV,"2021-01-21 12:30:02",1463,1446,16,1,238,221,16,1,1590,1352,231,5,2,8,18,42,1,4,101,52,0,2,1,0,1,1
34,SIBIU,"LICEUL TEHNOLOGIC ”NICOLAE TECLU” COPŞA MICĂ, STRADA ŞOSEAUA SIBIULUI, NR.61",183,"ORAŞ COPŞA MICĂ",143771,2,PART,PRCNCT,S,S_SV,"2021-01-21 12:30:02",1490,1465,22,3,299,274,22,3,1620,1321,292,4,3,8,33,50,4,3,138,42,1,2,2,8,1,0
34,SIBIU,"ŞCOALA GIMNAZIALĂ NR.1 COPŞA MICĂ,STRADA ŞOSEAUA MEDIAŞULUI, NR.93",184,"ORAŞ COPŞA MICĂ",143771,2,PART,PRCNCT,S,S_SV,"2021-01-21 12:30:02",1268,1250,18,0,261,243,18,0,1380,1119,256,4,1,4,27,39,41,0,89,46,1,2,0,3,2,2
34,SIBIU,"ŞCOALA PRIMARĂ NR. 2 COPŞA MICĂ, STRADA TÂRNĂVIOARA, NR.76",185,"ORAŞ COPŞA MICĂ",143771,2,PART,PRCNCT,S,S_SV,"2021-01-21 12:30:02",454,442,11,1,85,73,11,1,490,405,78,3,4,4,2,11,2,2,30,21,0,0,0,3,0,3
34,SIBIU,"PRIMĂRIA ORAȘULUI DUMBRĂVENI",186,"ORAŞ DUMBRĂVENI",143806,2,PART,PRCNCT,S,S_SV,"2021-01-21 12:30:02",1250,1230,17,3,310,290,17,3,1370,1060,309,1,0,12,89,49,20,12,96,25,0,0,0,1,0,5
34,SIBIU,"LICEUL ”TIMOTEI CIPARIU” DUMBRĂVENI",187,"ORAŞ DUMBRĂVENI",143806,2,PART,PRCNCT,S,S_SV,"2021-01-21 12:30:02",1115,1095,20,0,307,287,20,0,1210,903,302,4,1,6,89,66,16,4,89,26,1,1,0,0,3,1
34,SIBIU,"LICEUL ”TIMOTEI CIPARIU” DUMBRĂVENI",188,"ORAŞ DUMBRĂVENI",143806,2,PART,PRCNCT,S,S_SV,"2021-01-21 12:30:02",1218,1208,10,0,166,156,10,0,1340,1174,163,3,0,6,36,38,5,7,47,19,0,0,0,2,0,3
34,SIBIU,"CENTRUL ŞCOLAR PENTRU EDUCAŢIE INCLUZIVĂ DUMBRĂVENI",189,"ORAŞ DUMBRĂVENI",143806,1,PROV,PRCNCT,S,S_SV,"2021-01-21 12:30:02",1267,1252,15,0,238,223,15,0,1390,1152,231,5,2,7,69,35,12,3,69,30,0,0,1,3,1,1
34,SIBIU,"ŞCOALA GIMNAZIALĂ ŞAROŞ PE TÎRNAVE",190,"ORAŞ DUMBRĂVENI",143806,2,PART,PRCNCT,S,S_SV,"2021-01-21 12:30:02",1461,1444,10,7,303,286,10,7,1590,1287,283,13,7,5,11,116,3,4,72,65,0,1,0,0,3,3
34,SIBIU,"CĂMINUL CULTURAL ERNEA",191,"ORAŞ DUMBRĂVENI",143806,1,PROV,PRCNCT,S,S_SV,"2021-01-21 12:30:02",399,387,10,2,100,88,10,2,430,330,96,4,0,3,9,18,5,2,23,32,0,0,0,2,1,1
34,SIBIU,"PRIMĂRIA ORAŞULUI MIERCUREA SIBIULUI",192,"ORAŞ MIERCUREA SIBIULUI",144928,1,PROV,PRCNCT,S,S_SV,"2021-01-21 12:30:02",807,790,16,1,189,172,16,1,880,691,181,6,2,9,20,25,0,2,76,35,0,3,0,4,3,4
34,SIBIU,"PRIMĂRIA ORAŞULUI MIERCUREA SIBIULUI",193,"ORAŞ MIERCUREA SIBIULUI",144928,1,PROV,PRCNCT,S,S_SV,"2021-01-21 12:30:02",962,929,33,0,184,151,33,0,1030,846,182,1,1,0,46,13,1,10,85,17,1,2,2,2,1,2
34,SIBIU,"CAMIN CULTURAL",194,"ORAŞ MIERCUREA SIBIULUI",144928,2,PART,PRCNCT,S,S_SV,"2021-01-21 12:30:02",1483,1458,25,0,241,216,25,0,1610,1369,231,10,0,3,37,40,0,5,91,52,2,1,0,0,0,0
34,SIBIU,"CAMIN CULTURAL",195,"ORAŞ MIERCUREA SIBIULUI",144928,2,PART,PRCNCT,S,S_SV,"2021-01-21 12:30:02",677,664,13,0,88,75,13,0,740,652,83,4,1,3,5,19,0,10,19,24,0,0,0,1,1,1
34,SIBIU,"ŞCOALA GIMNAZIALA OCNA SIBIULUI",196,"ORAŞ OCNA SIBIULUI",143851,1,PROV,PRCNCT,S,S_SV,"2021-01-21 12:30:02",960,948,11,1,321,309,11,1,1050,729,317,4,0,14,43,30,21,14,170,12,0,2,3,1,4,3
34,SIBIU,"ŞCOALA GIMNAZIALĂ OCNA SIBIULUI",197,"ORAŞ OCNA SIBIULUI",143851,2,PART,PRCNCT,S,S_SV,"2021-01-21 12:30:02",974,966,8,0,285,277,8,0,1070,785,278,7,0,8,56,23,12,16,144,15,1,1,0,0,0,2
34,SIBIU,"CLĂDIREA PAROHIALĂ ORTODOXĂ NR.1 OCNA SIBIULUI",198,"ORAŞ OCNA SIBIULUI",143851,1,PROV,PRCNCT,S,S_SV,"2021-01-21 12:30:02",1453,1433,19,1,393,373,19,1,1580,1187,381,7,5,16,40,47,7,26,177,46,2,2,5,6,4,3
34,SIBIU,"CLADIRE (FOST SEDIU PRIMARIE),TOPÎRCEA",199,"ORAŞ OCNA SIBIULUI",143851,2,PART,PRCNCT,S,S_SV,"2021-01-21 12:30:02",149,113,36,0,63,27,36,0,130,67,60,2,1,3,3,6,1,2,39,5,0,1,0,0,0,0
34,SIBIU,"LICEUL TEHNOLOGIC ”IOAN LUPAȘ”",200,"ORAŞ SĂLIŞTE",145499,1,PROV,PRCNCT,S,S_SV,"2021-01-21 12:30:02",1255,1221,34,0,366,332,34,0,1350,984,357,8,1,3,51,56,0,19,163,51,2,0,1,6,1,4
34,SIBIU,"LICEUL TEHNOLOGIC ”IOAN LUPAȘ”",201,"ORAŞ SĂLIŞTE",145499,1,PROV,PRCNCT,S,S_SV,"2021-01-21 12:30:02",1206,1158,39,9,409,361,39,9,1280,871,400,9,0,8,56,51,0,23,187,55,1,0,3,7,3,6
34,SIBIU,"MUZEUL ETNOGRAFIC ”MARIA COSTACHESCU",202,"ORAŞ SĂLIŞTE",145499,1,PROV,PRCNCT,S,S_SV,"2021-01-21 12:30:02",285,272,13,0,106,93,13,0,310,204,103,3,0,5,10,22,0,8,46,11,0,1,0,0,0,0
34,SIBIU,"CLĂDIREA FOSTEI PRIMĂRII",203,"ORAŞ SĂLIŞTE",145499,1,PROV,PRCNCT,S,S_SV,"2021-01-21 12:30:02",326,299,27,0,111,84,27,0,340,229,101,9,1,5,12,29,0,3,38,12,1,0,0,0,0,1
34,SIBIU,"CENTRU DE DOCUMENTARE ȘI INFORMARE SIBIEL",204,"ORAŞ SĂLIŞTE",145499,2,PART,PRCNCT,S,S_SV,"2021-01-21 12:30:02",400,344,56,0,183,127,56,0,380,197,182,0,1,5,47,20,0,20,78,6,0,1,1,1,1,2
34,SIBIU,"CĂMIN CULTURAL FÂNTÂNELE",205,"ORAŞ SĂLIŞTE",145499,1,PROV,PRCNCT,S,S_SV,"2021-01-21 12:30:02",187,151,36,0,70,34,36,0,170,100,70,0,0,3,12,6,0,8,35,4,0,0,0,0,0,2
34,SIBIU,"ŞCOALA GENERALĂ SĂCEL",206,"ORAŞ SĂLIŞTE",145499,2,PART,PRCNCT,S,S_SV,"2021-01-21 12:30:02",453,432,21,0,143,122,21,0,480,337,141,1,1,6,17,11,0,9,79,14,0,1,0,2,0,2
34,SIBIU,"ŞCOALA PRIMARĂ MAG",207,"ORAŞ SĂLIŞTE",145499,2,PART,PRCNCT,S,S_SV,"2021-01-21 12:30:02",427,374,53,0,165,112,53,0,420,255,159,5,1,4,10,28,0,6,70,37,0,1,0,2,0,1
34,SIBIU,"ŞCOALA PRIMARĂ AMNAŞ",208,"ORAŞ SĂLIŞTE",145499,1,PROV,PRCNCT,S,S_SV,"2021-01-21 12:30:02",374,352,22,0,107,85,22,0,390,283,105,1,1,5,11,10,0,3,57,12,0,3,0,0,4,0
34,SIBIU,"CĂMIN CULTURAL ACILIU",209,"ORAŞ SĂLIŞTE",145499,1,PROV,PRCNCT,S,S_SV,"2021-01-21 12:30:02",192,166,26,0,76,50,26,0,190,114,76,0,0,2,9,10,0,3,40,6,0,2,0,2,1,1
34,SIBIU,"PRIMARIA ORASULUI TALMACIU",210,"ORAŞ TĂLMACIU",145827,1,PROV,PRCNCT,S,S_SV,"2021-01-21 12:30:02",1544,1516,27,1,361,333,27,1,1670,1309,348,9,4,14,52,66,3,12,149,47,0,2,0,2,0,1
34,SIBIU,"LICEUL TEHNOLOGIC / ȘCOALA GIMNAZIALĂ TĂLMACIU",211,"ORAŞ TĂLMACIU",145827,2,PART,PRCNCT,S,S_SV,"2021-01-21 12:30:02",1121,1090,30,1,395,364,30,1,1200,805,388,6,1,31,64,50,2,5,183,35,0,0,3,5,4,6
34,SIBIU,"LICEUL TEHNOLOGIC TĂLMACIU CORP A",212,"ORAŞ TĂLMACIU",145827,1,PROV,PRCNCT,S,S_SV,"2021-01-21 12:30:02",1225,1209,16,0,379,363,16,0,1340,961,371,8,0,15,49,89,2,9,150,45,1,0,1,4,3,3
34,SIBIU,"LICEUL TEHNOLOGIC TĂLMACIU CORP B",213,"ORAŞ TĂLMACIU",145827,2,PART,PRCNCT,S,S_SV,"2021-01-21 12:30:02",1633,1615,15,3,476,458,15,3,1790,1314,460,12,4,17,110,48,1,19,207,42,1,1,3,3,3,5
34,SIBIU,"LICEUL TEHNOLOGIC/SCOALA COLONIE TALMACIU II",214,"ORAŞ TĂLMACIU",145827,1,PROV,PRCNCT,S,S_SV,"2021-01-21 12:30:02",238,225,13,0,71,58,13,0,250,179,68,2,1,2,18,3,0,3,25,13,1,0,0,0,0,3
34,SIBIU,"LICEUL TEHNOLOGIC TALMACIU/SCOALA GIMNAZIALA TALMACEL",215,"ORAŞ TĂLMACIU",145827,1,PROV,PRCNCT,S,S_SV,"2021-01-21 12:30:02",949,933,16,0,270,254,16,0,1030,760,261,5,4,4,20,47,0,5,149,29,0,1,1,2,2,1
34,SIBIU,"CĂMINUL CULTURAL ALMA",216,ALMA,146012,2,PART,PRCNCT,S,S_SV,"2021-01-21 12:30:02",672,653,18,1,267,248,18,1,720,453,263,3,1,4,35,44,25,29,102,17,2,1,0,3,0,1
34,SIBIU,"CĂMINUL CULTURAL GIACĂŞ",217,ALMA,146012,1,PROV,PRCNCT,S,S_SV,"2021-01-21 12:30:02",219,189,27,3,122,92,27,3,220,98,117,2,3,1,1,31,3,5,53,19,1,1,0,0,0,2
34,SIBIU,"CĂMINUL CULTURAL ŞMIG",218,ALMA,146012,2,PART,PRCNCT,S,S_SV,"2021-01-21 12:30:02",761,717,31,13,350,306,31,13,800,450,340,4,6,11,16,35,20,15,192,36,1,2,0,1,2,9
34,SIBIU,"SEDIU PRIMARIA",219,ALŢINA,143888,2,PART,PRCNCT,S,S_SV,"2021-01-21 12:30:02",1136,1081,33,22,415,360,33,22,1200,785,396,7,12,5,77,103,1,101,84,8,2,2,2,5,4,2
34,SIBIU,"FOST SEDIU CAP",220,ALŢINA,143888,2,PART,PRCNCT,S,S_SV,"2021-01-21 12:30:02",243,227,16,0,83,67,16,0,250,167,76,4,3,1,3,24,1,20,12,9,1,0,0,2,0,3
34,SIBIU,"FOST SEDIU CAP",221,ALŢINA,143888,1,PROV,PRCNCT,S,S_SV,"2021-01-21 12:30:02",132,114,18,0,60,42,18,0,130,70,57,1,2,2,2,11,1,11,18,9,0,1,0,2,0,0
34,SIBIU,"ȘCOALA GIMNAZIALĂ APOLDU DE JOS",222,"APOLDU DE JOS",143922,1,PROV,PRCNCT,S,S_SV,"2021-01-21 12:30:02",865,830,33,2,237,202,33,2,920,683,231,3,3,1,30,57,1,57,58,19,1,1,1,3,0,2
34,SIBIU,"ȘCOALA PRIMARĂ - SÎNGĂTIN",223,"APOLDU DE JOS",143922,2,PART,PRCNCT,S,S_SV,"2021-01-21 12:30:02",232,212,20,0,84,64,20,0,240,156,83,0,1,1,6,11,0,11,45,4,1,0,0,1,0,3
34,SIBIU,"CĂMIN CULTURAL ARPAȘU DE JOS",224,"ARPAŞU DE JOS",143959,2,PART,PRCNCT,S,S_SV,"2021-01-21 12:30:02",947,923,24,0,235,211,24,0,1020,785,229,6,0,7,25,66,0,11,91,16,1,1,0,3,1,7
34,SIBIU,"CĂMIN CULTURAL ARPAȘU DE SUS",225,"ARPAŞU DE JOS",143959,1,PROV,PRCNCT,S,S_SV,"2021-01-21 12:30:02",1052,1027,25,0,309,284,25,0,1130,821,306,0,3,8,30,41,1,12,182,17,1,3,0,2,0,9
34,SIBIU,"CĂMINUL CULTURAL NOU ROMÂN",226,"ARPAŞU DE JOS",143959,2,PART,PRCNCT,S,S_SV,"2021-01-21 12:30:02",321,299,22,0,119,97,22,0,330,211,118,1,0,0,8,29,1,2,51,25,0,0,0,0,0,2
34,SIBIU,"PRIMARIA ATEL",227,AŢEL,143995,2,PART,PRCNCT,S,S_SV,"2021-01-21 12:30:02",1159,1136,21,2,421,398,21,2,1260,839,411,7,3,7,39,28,1,18,283,29,0,1,0,2,0,3
34,SIBIU,"CLADIREA PRIMARIEI (FOSTA SCOALA), DUPUS NR. 107.",228,AŢEL,143995,2,PART,PRCNCT,S,S_SV,"2021-01-21 12:30:02",221,207,14,0,66,52,14,0,230,164,65,1,0,6,15,6,1,3,19,11,1,1,0,2,0,0
34,SIBIU,"CĂMIN CULTURAL",229,"AXENTE SEVER",144116,2,PART,PRCNCT,S,S_SV,"2021-01-21 12:30:02",1208,1182,24,2,262,236,24,2,1310,1048,259,3,0,4,25,43,1,8,124,47,2,1,0,1,2,1
34,SIBIU,"CĂMIN CULTURAL",230,"AXENTE SEVER",144116,1,PROV,PRCNCT,S,S_SV,"2021-01-21 12:30:02",300,276,21,3,95,71,21,3,310,215,92,2,1,12,8,9,1,1,54,4,0,1,0,0,0,2
34,SIBIU,"ȘCOALA GIMNAZIALĂ AXENTE SEVER",231,"AXENTE SEVER",144116,2,PART,PRCNCT,S,S_SV,"2021-01-21 12:30:02",1018,994,24,0,254,230,24,0,1100,846,252,0,2,5,33,45,2,17,128,14,0,1,1,0,2,4
34,SIBIU,"SALA DE FESTIVITĂȚI",232,"AXENTE SEVER",144116,1,PROV,PRCNCT,S,S_SV,"2021-01-21 12:30:02",1048,1024,20,4,240,216,20,4,1130,890,236,3,1,7,15,39,1,15,109,40,0,2,1,4,1,2
34,SIBIU,"PRIMARIA BAZNA",233,BAZNA,144152,1,PROV,PRCNCT,S,S_SV,"2021-01-21 12:30:02",1428,1412,16,0,223,207,16,0,1560,1337,218,3,2,13,32,22,1,12,91,38,0,1,1,4,0,3
34,SIBIU,"SCOALA GIMNAZIALA BOIAN",234,BAZNA,144152,1,PROV,PRCNCT,S,S_SV,"2021-01-21 12:30:02",1190,1166,24,0,235,211,24,0,1290,1055,225,6,4,4,8,26,1,14,141,27,0,0,1,1,1,1
34,SIBIU,"SCOALA PRIMARĂ VELȚ",235,BAZNA,144152,2,PART,PRCNCT,S,S_SV,"2021-01-21 12:30:02",484,463,21,0,145,124,21,0,520,375,136,5,4,5,7,17,0,1,41,63,0,0,0,0,1,1
34,SIBIU,"CĂMIN CULTURAL IGHIŞU VECHI",236,BÂRGHIŞ,144232,1,PROV,PRCNCT,S,S_SV,"2021-01-21 12:30:02",209,190,19,0,59,40,19,0,211,152,57,0,2,2,8,13,2,3,23,2,0,1,0,2,0,1
34,SIBIU,"GRĂDINIȚA CU PROGRAM NORMAL BÎRGHIȘ",237,BÂRGHIŞ,144232,2,PART,PRCNCT,S,S_SV,"2021-01-21 12:30:02",652,631,21,0,213,192,21,0,700,487,202,10,1,5,39,24,5,6,96,16,1,1,1,0,1,7
34,SIBIU,"ŞCOALA PRIMARĂ APOȘ",238,BÂRGHIŞ,144232,2,PART,PRCNCT,S,S_SV,"2021-01-21 12:30:02",286,276,10,0,56,46,10,0,310,254,54,1,1,1,7,6,2,2,8,24,0,1,0,0,0,3
34,SIBIU,"ŞCOALA PRIMARĂ PELIȘOR",239,BÂRGHIŞ,144232,2,PART,PRCNCT,S,S_SV,"2021-01-21 12:30:02",423,404,19,0,105,86,19,0,450,345,100,4,1,3,4,16,3,9,42,16,1,0,1,1,2,2
34,SIBIU,"ŞCOALA PRIMARĂ ZLAGNA",240,BÂRGHIŞ,144232,1,PROV,PRCNCT,S,S_SV,"2021-01-21 12:30:02",158,141,17,0,60,43,17,0,160,100,57,2,1,3,6,7,3,2,27,3,0,3,2,0,0,1
34,SIBIU,"DISPENSAR UMAN VECERD",241,BÂRGHIŞ,144232,2,PART,PRCNCT,S,S_SV,"2021-01-21 12:30:02",108,89,19,0,44,25,19,0,100,56,42,1,1,2,3,14,1,4,6,7,0,1,1,1,1,1
34,SIBIU,"PRIMARIA COMUNEI BIERTAN",242,BIERTAN,144198,2,PART,PRCNCT,S,S_SV,"2021-01-21 12:30:02",1376,1339,18,19,345,308,18,19,1490,1145,336,3,6,2,31,68,5,4,162,55,3,0,1,0,2,3
34,SIBIU,"SCOALA PRIMARA RICHIS",243,BIERTAN,144198,2,PART,PRCNCT,S,S_SV,"2021-01-21 12:30:02",664,636,19,9,253,225,19,9,710,457,241,4,8,4,10,23,2,3,140,52,0,1,1,2,1,2
34,SIBIU,"SCOALA PRIMARA COPSA MARE",244,BIERTAN,144198,2,PART,PRCNCT,S,S_SV,"2021-01-21 12:30:02",414,402,12,0,153,141,12,0,450,297,143,3,7,8,12,40,0,3,50,24,3,2,0,0,1,0
34,SIBIU,"ŞCOALA GIMNAZIALĂ",245,BLĂJEL,144303,1,PROV,PRCNCT,S,S_SV,"2021-01-21 12:30:02",374,356,12,6,126,108,12,6,400,274,125,1,0,1,10,7,7,16,65,11,2,1,1,2,0,2
34,SIBIU,"FOSTA ŞCOALĂ GENERALĂ",246,BLĂJEL,144303,1,PROV,PRCNCT,S,S_SV,"2021-01-21 12:30:02",77,60,17,0,38,21,17,0,70,32,36,1,1,1,6,8,1,2,17,0,0,0,0,0,0,1
34,SIBIU,"CĂMIN CULTURAL",247,BLĂJEL,144303,2,PART,PRCNCT,S,S_SV,"2021-01-21 12:30:02",1543,1483,33,27,431,371,33,27,1640,1209,418,3,10,13,32,35,12,80,219,20,0,1,0,2,3,1
34,SIBIU,"PRIMĂRIA COMUNEI BOIŢA",248,BOIŢA,146021,1,PROV,PRCNCT,S,S_SV,"2021-01-21 12:30:02",1298,1247,46,5,437,386,46,5,1380,943,424,4,9,5,73,64,2,3,232,36,2,0,0,0,1,6
34,SIBIU,"CĂMINUL CULTURAL BRATEIU",249,BRATEIU,144349,2,PART,PRCNCT,S,S_SV,"2021-01-21 12:30:02",1154,1142,12,0,242,230,12,0,1260,1018,229,10,3,5,13,16,1,14,111,56,3,3,0,2,2,3
34,SIBIU,"ŞCOALA GIMNAZIALĂ BRATEIU",250,BRATEIU,144349,2,PART,PRCNCT,S,S_SV,"2021-01-21 12:30:02",852,839,13,0,191,178,13,0,930,739,177,9,5,4,14,21,2,5,91,37,0,1,0,1,0,1
34,SIBIU,"ŞCOALA GIMNAZIALĂ BUZD",251,BRATEIU,144349,2,PART,PRCNCT,S,S_SV,"2021-01-21 12:30:02",995,981,14,0,246,232,14,0,1090,844,234,7,5,5,3,23,2,5,111,73,2,0,0,5,2,3
34,SIBIU,"SALA MARE-PRIMĂRIE",252,BRĂDENI,144376,2,PART,PRCNCT,S,S_SV,"2021-01-21 12:30:02",771,730,41,0,262,221,41,0,810,548,253,2,7,3,5,41,0,4,147,44,1,1,0,3,2,2
34,SIBIU,"SALA MARE FOSTĂ PRIMĂRIE",253,BRĂDENI,144376,1,PROV,PRCNCT,S,S_SV,"2021-01-21 12:30:02",383,369,14,0,101,87,14,0,410,309,97,1,3,3,6,16,1,3,41,18,1,4,0,1,2,1
34,SIBIU,"FOSTA ŞCOALĂ ŢELINE",254,BRĂDENI,144376,3,PART,PRCNCT,S,S_SV,"2021-01-21 12:30:02",110,89,21,0,67,46,21,0,100,33,64,2,1,1,3,5,1,2,46,3,0,1,1,0,1,0
34,SIBIU,"PRIMĂRIA BRUIU",255,BRUIU,144410,2,PART,PRCNCT,S,S_SV,"2021-01-21 12:30:02",428,414,14,0,105,91,14,0,460,355,99,4,2,6,7,18,0,6,44,9,0,1,2,0,0,6
34,SIBIU,"ȘCOALA PRIMARĂ ȘOMARTIN",256,BRUIU,144410,1,PROV,PRCNCT,S,S_SV,"2021-01-21 12:30:02",337,328,9,0,62,53,9,0,360,298,58,1,3,1,9,5,2,3,25,7,1,0,1,0,1,3
34,SIBIU,"PRIMARIA CIRTA",257,CÂRŢA,144508,2,PART,PRCNCT,S,S_SV,"2021-01-21 12:30:02",999,955,42,2,249,205,42,2,1060,811,245,2,2,4,35,36,0,3,144,16,0,1,0,1,0,5
34,SIBIU,"PRIMĂRIA COMUNEI CÎRȚIȘOARA",258,CÂRŢIŞOARA,144535,2,PART,PRCNCT,S,S_SV,"2021-01-21 12:30:02",1139,1106,33,0,320,287,33,0,1220,900,309,8,3,6,36,101,0,7,105,43,0,0,0,4,0,7
34,SIBIU,"ŞCOALA GIMNAZIALĂ CHIRPĂR",259,CHIRPĂR,144456,1,PROV,PRCNCT,S,S_SV,"2021-01-21 12:30:02",990,977,13,0,131,118,13,0,1090,959,127,3,1,4,13,32,1,4,49,17,2,1,1,0,0,3
34,SIBIU,"CĂMINUL CULTURAL VĂRD",260,CHIRPĂR,144456,2,PART,PRCNCT,S,S_SV,"2021-01-21 12:30:02",306,290,16,0,122,106,16,0,320,198,114,3,5,4,8,19,0,2,42,35,0,1,1,0,1,1
34,SIBIU,"ŞCOALA PRIMARĂ VESEUD",261,CHIRPĂR,144456,1,PROV,PRCNCT,S,S_SV,"2021-01-21 12:30:02",157,148,9,0,37,28,9,0,170,133,35,0,2,1,4,8,1,0,13,2,0,2,0,0,0,4
34,SIBIU,"CĂMINUL CULTURAL SĂSĂUŞ",262,CHIRPĂR,144456,2,PART,PRCNCT,S,S_SV,"2021-01-21 12:30:02",120,104,16,0,45,29,16,0,120,75,44,0,1,2,7,10,1,2,10,8,0,0,0,1,0,3
34,SIBIU,"PRIMARIA COMUNEI CRISTIAN",263,CRISTIAN,143487,2,PART,PRCNCT,S,S_SV,"2021-01-21 12:30:02",1208,1171,37,0,177,140,37,0,1300,1123,167,4,6,2,30,15,0,3,62,45,0,0,1,3,2,4
34,SIBIU,"GRADINITA CU PROGRAM PRELUNGIT CRISTIAN",264,CRISTIAN,143487,1,PROV,PRCNCT,S,S_SV,"2021-01-21 12:30:02",1219,1193,26,0,409,383,26,0,1300,891,403,5,1,7,118,42,0,12,170,42,0,1,1,3,1,6
34,SIBIU,"SCOALA GIMNAZIALA , CRISTIAN",265,CRISTIAN,143487,2,PART,PRCNCT,S,S_SV,"2021-01-21 12:30:02",1142,1113,29,0,347,318,29,0,1230,883,339,7,1,10,85,33,0,21,133,38,1,0,7,2,2,7
34,SIBIU,"CĂMINUL CULTURAL DÂRLOS",266,DÂRLOS,144553,1,PROV,PRCNCT,S,S_SV,"2021-01-21 12:30:02",889,861,28,0,214,186,28,0,950,736,211,2,1,8,30,40,1,9,96,18,1,2,1,5,0,0
34,SIBIU,"ŞCOALA GIMNAZIALĂ ”IOAN MORARU” DÎRLOS",267,DÂRLOS,144553,1,PROV,PRCNCT,S,S_SV,"2021-01-21 12:30:02",1047,1034,13,0,202,189,13,0,1150,948,190,10,2,10,18,38,1,3,89,29,0,0,0,0,0,2
34,SIBIU,"ŞCOALA GIMNAZIALĂ CURCIU",268,DÂRLOS,144553,2,PART,PRCNCT,S,S_SV,"2021-01-21 12:30:02",761,744,17,0,181,164,17,0,820,639,173,6,2,5,13,10,1,3,104,32,1,0,0,2,1,1
34,SIBIU,"CĂMIN CULTURAL VALEA LUNGĂ",269,DÂRLOS,144553,1,PROV,PRCNCT,S,S_SV,"2021-01-21 12:30:02",220,203,17,0,81,64,17,0,230,149,80,1,0,3,15,5,2,3,43,8,0,1,0,0,0,0
34,SIBIU,"ŞCOALA GIMNAZIALĂ ”AUREL DECEI” GURA RÂULUI",270,"GURA RÂULUI",144599,1,PROV,PRCNCT,S,S_SV,"2021-01-21 12:30:02",1448,1395,51,2,545,492,51,2,1540,995,532,7,6,10,72,56,1,29,277,65,2,1,8,1,4,6
34,SIBIU,"GRĂDINIŢA CU PROGRAM NORMAL NR.2 GURA RÂULUI",271,"GURA RÂULUI",144599,1,PROV,PRCNCT,S,S_SV,"2021-01-21 12:30:02",1559,1515,44,0,506,462,44,0,1650,1144,485,18,3,14,46,49,0,30,225,91,2,3,14,1,3,7
34,SIBIU,"PRIMĂRIA HOGHILAG",272,HOGHILAG,144615,2,PART,PRCNCT,S,S_SV,"2021-01-21 12:30:02",999,991,8,0,200,192,8,0,1100,900,186,9,5,7,15,54,4,5,51,38,1,0,0,2,1,8
34,SIBIU,"SCOALA PRIMARĂ PROD",273,HOGHILAG,144615,2,PART,PRCNCT,S,S_SV,"2021-01-21 12:30:02",212,205,7,0,73,66,7,0,230,157,69,2,2,3,7,21,2,1,27,4,2,0,0,1,0,1
34,SIBIU,"FOSTA PRIMĂRIE VALCHID",274,HOGHILAG,144615,2,PART,PRCNCT,S,S_SV,"2021-01-21 12:30:02",649,641,8,0,268,260,8,0,710,442,253,6,9,1,4,176,1,12,41,11,1,1,1,2,1,1
34,SIBIU,"LICEUL TEHNOLOGIC IACOBENI",275,IACOBENI,144651,2,PART,PRCNCT,S,S_SV,"2021-01-21 12:30:02",866,859,7,0,133,126,7,0,950,817,117,10,6,12,2,41,1,1,16,34,1,1,0,3,1,4
34,SIBIU,"ȘCOALA PRIMARĂ STEJĂRIȘU",276,IACOBENI,144651,1,PROV,PRCNCT,S,S_SV,"2021-01-21 12:30:02",437,423,14,0,87,73,14,0,470,383,80,6,1,2,3,25,0,1,12,14,0,1,1,0,1,20
34,SIBIU,"ȘCOALA PRIMARĂ NETUȘ",277,IACOBENI,144651,1,PROV,PRCNCT,S,S_SV,"2021-01-21 12:30:02",414,402,12,0,121,109,12,0,450,329,116,3,2,1,5,61,1,3,28,13,0,2,0,1,0,1
34,SIBIU,"ȘCOALA GIMNAZIALĂ NOIȘTAT",278,IACOBENI,144651,1,PROV,PRCNCT,S,S_SV,"2021-01-21 12:30:02",466,459,7,0,100,93,7,0,510,410,97,2,1,5,7,35,0,1,18,28,0,0,0,1,0,2
34,SIBIU,"ȘCOALA PRIMARĂ MOVILE",279,IACOBENI,144651,1,PROV,PRCNCT,S,S_SV,"2021-01-21 12:30:02",290,280,10,0,87,77,10,0,310,223,85,0,2,3,3,31,1,4,22,4,0,1,1,0,0,15
34,SIBIU,"PRIMĂRIA COMUNEI JINA",280,JINA,144713,2,PART,PRCNCT,S,S_SV,"2021-01-21 12:30:02",1509,1474,25,10,424,389,25,10,1630,1206,408,4,12,5,16,49,1,28,165,125,0,2,0,4,1,12
34,SIBIU,"ŞCOALA GIMNAZIALĂ JINA BĂIEŞI",281,JINA,144713,2,PART,PRCNCT,S,S_SV,"2021-01-21 12:30:02",1249,1223,26,0,252,226,26,0,1350,1098,218,16,18,9,2,24,2,5,46,107,1,3,2,3,8,6
34,SIBIU,"CĂMIN CULTURAL LASLEA",282,LASLEA,144731,2,PART,PRCNCT,S,S_SV,"2021-01-21 12:30:02",1310,1286,15,9,292,268,15,9,1420,1128,279,9,4,5,32,132,1,10,62,26,0,1,0,4,5,1
34,SIBIU,"CĂMIN CULTURAL MĂLÎNCRAV",283,LASLEA,144731,2,PART,PRCNCT,S,S_SV,"2021-01-21 12:30:02",1024,1010,14,0,208,194,14,0,1120,912,203,3,2,4,13,104,1,4,63,10,0,1,0,0,2,1
34,SIBIU,"CĂMIN CULTURAL FLOREŞTI",284,LASLEA,144731,2,PART,PRCNCT,S,S_SV,"2021-01-21 12:30:02",116,101,15,0,43,28,15,0,120,77,43,0,0,3,8,16,1,1,12,1,0,0,0,1,0,0
34,SIBIU,"ȘCOALA PRIMARĂ ROANDOLA",285,LASLEA,144731,2,PART,PRCNCT,S,S_SV,"2021-01-21 12:30:02",261,250,11,0,45,34,11,0,280,235,43,1,1,1,2,8,1,8,6,16,0,0,0,0,0,1
34,SIBIU,"ȘCOALA PRIMARĂ NOU SĂSESC",286,LASLEA,144731,1,PROV,PRCNCT,S,S_SV,"2021-01-21 12:30:02",610,600,10,0,89,79,10,0,670,581,86,1,2,9,4,22,1,6,35,5,1,0,1,0,0,2
34,SIBIU,"CĂMIN CULTURAL LOAMNEŞ",287,LOAMNEŞ,144795,2,PART,PRCNCT,S,S_SV,"2021-01-21 12:30:02",526,499,27,0,213,186,27,0,550,337,209,3,1,4,9,86,2,5,70,24,0,0,1,4,0,4
34,SIBIU,"CĂMIN CULTURAL MÎNDRA",288,LOAMNEŞ,144795,1,PROV,PRCNCT,S,S_SV,"2021-01-21 12:30:02",300,274,23,3,125,99,23,3,310,185,121,4,0,3,7,53,1,3,40,6,1,0,1,3,0,3
34,SIBIU,"CĂMIN CULTURAL ALĂMOR",289,LOAMNEŞ,144795,2,PART,PRCNCT,S,S_SV,"2021-01-21 12:30:02",632,610,22,0,164,142,22,0,680,516,158,2,4,3,11,58,2,2,54,19,0,0,0,4,1,4
34,SIBIU,"ŞCOALA PRIMARĂ ARMENI",290,LOAMNEŞ,144795,2,PART,PRCNCT,S,S_SV,"2021-01-21 12:30:02",441,416,25,0,108,83,25,0,460,352,102,0,6,2,11,31,1,5,36,13,0,0,0,1,0,2
34,SIBIU,"ŞCOALA PRIMARĂ HAŞAG",291,LOAMNEŞ,144795,2,PART,PRCNCT,S,S_SV,"2021-01-21 12:30:02",567,549,18,0,110,92,18,0,610,500,107,1,2,1,6,17,2,3,54,14,0,4,0,4,0,2
34,SIBIU,"PRIMĂRIA COMUNEI LUDOȘ",292,LUDOŞ,144866,1,PROV,PRCNCT,S,S_SV,"2021-01-21 12:30:02",616,558,42,16,176,118,42,16,630,454,174,1,1,4,13,22,0,12,92,20,1,1,1,0,0,8
34,SIBIU,"PRIMĂRIA MARPOD",293,MARPOD,144893,2,PART,PRCNCT,S,S_SV,"2021-01-21 12:30:02",563,543,20,0,151,131,20,0,600,449,145,5,1,3,18,35,1,5,67,7,0,3,0,1,1,4
34,SIBIU,"FOSTĂ ŞCOALĂ GENERALĂ ILIMBAV",294,MARPOD,144893,2,PART,PRCNCT,S,S_SV,"2021-01-21 12:30:02",192,162,30,0,75,45,30,0,180,105,74,0,1,2,7,11,1,12,30,3,0,0,0,0,1,7
34,SIBIU,"CĂMIN CULTURAL MERGHINDEAL",295,MERGHINDEAL,144964,2,PART,PRCNCT,S,S_SV,"2021-01-21 12:30:02",738,699,17,22,253,214,17,22,780,527,242,8,3,7,10,68,5,11,109,26,1,0,2,2,1,0
34,SIBIU,"ȘCOALA PRIMARĂ DEALU FRUMOS",296,MERGHINDEAL,144964,1,PROV,PRCNCT,S,S_SV,"2021-01-21 12:30:02",582,561,13,8,178,157,13,8,620,442,167,9,2,3,9,93,0,2,46,7,1,0,1,2,0,3
34,SIBIU,"ȘCOALA GIMNAZIALĂ ”CORNELIU PĂCURARIU” MICĂSASA",297,MICĂSASA,144991,2,PART,PRCNCT,S,S_SV,"2021-01-21 12:30:02",1144,1111,31,2,396,363,31,2,1230,834,382,6,8,4,198,71,4,1,66,20,1,0,1,2,0,14
34,SIBIU,"ȘCOALA PRIMARĂ ŢAPU",298,MICĂSASA,144991,2,PART,PRCNCT,S,S_SV,"2021-01-21 12:30:02",633,616,17,0,132,115,17,0,680,548,130,2,0,1,27,29,1,17,25,16,2,0,0,6,2,4
34,SIBIU,"DISPENSARUL MEDICAL CHESLER",299,MICĂSASA,144991,1,PROV,PRCNCT,S,S_SV,"2021-01-21 12:30:02",70,52,18,0,44,26,18,0,60,16,42,1,1,1,13,4,1,4,11,2,0,0,0,2,2,2
34,SIBIU,"PRIMĂRIA COMUNEI MIHĂILENI",300,MIHĂILENI,145042,1,PROV,PRCNCT,S,S_SV,"2021-01-21 12:30:02",265,245,20,0,66,46,20,0,280,214,66,0,0,1,3,19,0,4,33,2,0,1,0,0,0,3
34,SIBIU,"ȘCOALA PRIMARĂ METIȘ - CORP NOU",301,MIHĂILENI,145042,2,PART,PRCNCT,S,S_SV,"2021-01-21 12:30:02",249,241,8,0,31,23,8,0,270,239,30,1,0,2,2,9,0,2,7,7,0,1,0,0,0,0
34,SIBIU,"ȘCOALA PRIMARĂ RĂVĂȘEL",302,MIHĂILENI,145042,2,PART,PRCNCT,S,S_SV,"2021-01-21 12:30:02",280,267,13,0,53,40,13,0,300,247,50,0,3,3,6,15,0,1,13,8,1,0,0,1,0,2
34,SIBIU,"CĂMINUL CULTURAL AL COMUNEI MOȘNA",303,MOŞNA,145104,1,PROV,PRCNCT,S,S_SV,"2021-01-21 12:30:02",1137,1116,21,0,175,154,21,0,1240,1065,166,7,2,5,12,20,1,2,85,28,0,2,1,1,5,4
34,SIBIU,"CĂMINUL CULTURAL AL COMUNEI MOȘNA",304,MOŞNA,145104,2,PART,PRCNCT,S,S_SV,"2021-01-21 12:30:02",968,953,15,0,289,274,15,0,1060,771,279,6,4,7,19,39,7,0,153,54,0,0,0,0,0,0
34,SIBIU,"GRĂDINIȚA CU PROGRAM NORMAL ALMA VII",305,MOŞNA,145104,1,PROV,PRCNCT,S,S_SV,"2021-01-21 12:30:02",332,323,9,0,57,48,9,0,360,303,55,2,0,2,3,7,1,4,30,5,2,1,0,0,0,0
34,SIBIU,"ȘCOALA GIMNAZIALĂ NEMȘA",306,MOŞNA,145104,1,PROV,PRCNCT,S,S_SV,"2021-01-21 12:30:02",495,482,13,0,132,119,13,0,530,398,130,1,1,8,11,22,3,2,47,34,1,2,0,0,0,0
34,SIBIU,"CAMINUL CULTURAL NOCRICH",307,NOCRICH,145140,1,PROV,PRCNCT,S,S_SV,"2021-01-21 12:30:02",1144,1127,16,1,271,254,16,1,1240,969,257,10,4,3,16,84,1,7,62,34,1,2,2,3,0,42
34,SIBIU,"SCOALA GIMNAZIALA HOSMAN",308,NOCRICH,145140,1,PROV,PRCNCT,S,S_SV,"2021-01-21 12:30:02",742,716,26,0,193,167,26,0,790,597,177,11,5,2,15,66,1,2,41,29,0,3,2,2,3,11
34,SIBIU,"SCOALA PRIMARA FOFELDEA",309,NOCRICH,145140,2,PART,PRCNCT,S,S_SV,"2021-01-21 12:30:02",348,323,25,0,222,197,25,0,360,138,202,13,7,2,9,156,0,4,10,7,1,2,0,1,3,7
34,SIBIU,"FOSTA SCOALA GHIJASA DE JOS",310,NOCRICH,145140,1,PROV,PRCNCT,S,S_SV,"2021-01-21 12:30:02",99,84,15,0,35,20,15,0,100,65,35,0,0,1,0,17,1,3,8,3,0,0,0,0,0,2
34,SIBIU,"SCOALA PRIMARA ŢICHINDEAL",311,NOCRICH,145140,1,PROV,PRCNCT,S,S_SV,"2021-01-21 12:30:02",157,138,19,0,53,34,19,0,160,107,50,0,3,4,6,13,2,2,17,2,0,0,0,1,1,2
34,SIBIU,"GRĂDINIŢA CU PROGRAM NORMAL ORLAT",312,ORLAT,145202,1,PROV,PRCNCT,S,S_SV,"2021-01-21 12:30:02",1301,1276,25,0,367,342,25,0,1410,1043,358,5,4,22,57,36,1,11,145,46,5,0,26,1,3,5
34,SIBIU,"GRĂDINIŢA CU PROGRAM NORMAL ORLAT",313,ORLAT,145202,1,PROV,PRCNCT,S,S_SV,"2021-01-21 12:30:02",1373,1336,37,0,416,379,37,0,1480,1064,406,5,5,7,56,39,0,12,218,36,1,2,29,2,1,3
34,SIBIU,"PRIMARIA COMUNEI PĂUCA",314,PĂUCA,145220,1,PROV,PRCNCT,S,S_SV,"2021-01-21 12:30:02",663,648,15,0,234,219,15,0,720,486,226,8,0,2,8,30,1,8,159,15,0,3,0,0,0,0
34,SIBIU,"ŞCOALA GIMNAZIALA BOGATU-ROMÂN",315,PĂUCA,145220,1,PROV,PRCNCT,S,S_SV,"2021-01-21 12:30:02",377,360,17,0,153,136,17,0,400,247,150,1,2,1,5,12,0,1,117,14,0,0,0,0,0,0
34,SIBIU,"ŞCOALA PRIMARA BROŞTENI",316,PĂUCA,145220,1,PROV,PRCNCT,S,S_SV,"2021-01-21 12:30:02",278,264,14,0,127,113,14,0,300,173,122,4,1,3,4,19,0,4,80,3,0,0,0,3,1,5
34,SIBIU,"ŞCOALA PRIMARA PRESACA",317,PĂUCA,145220,2,PART,PRCNCT,S,S_SV,"2021-01-21 12:30:02",320,293,27,0,207,180,27,0,330,123,203,3,1,0,5,15,1,2,152,26,0,1,1,0,0,0
34,SIBIU,"CĂMINUL CULTURAL POIANA SIBIULUI",318,"POIANA SIBIULUI",145275,1,PROV,PRCNCT,S,S_SV,"2021-01-21 12:30:02",908,870,38,0,206,168,38,0,970,764,202,3,1,1,29,45,0,18,73,30,0,1,0,0,1,4
34,SIBIU,"ȘCOALA GIMNAZIALĂ ”IOAN BAN - DASCĂLU”, POIANA SIBIULUI, NR. 1332",319,"POIANA SIBIULUI",145275,1,PROV,PRCNCT,S,S_SV,"2021-01-21 12:30:02",922,900,22,0,192,170,22,0,1000,808,189,3,0,4,16,46,1,9,85,23,1,2,0,0,0,2
34,SIBIU,"CĂMINUL CULTURAL POPLACA",320,POPLACA,143502,2,PART,PRCNCT,S,S_SV,"2021-01-21 12:30:02",1470,1420,50,0,530,480,50,0,1570,1040,514,8,8,7,66,140,4,9,217,46,2,2,4,3,4,10
34,SIBIU,"SALA DE SPORT A ȘCOLII GIMNAZIALE PORUMBACU DE JOS",321,"PORUMBACU DE JOS",145293,2,PART,PRCNCT,S,S_SV,"2021-01-21 12:30:02",915,889,25,1,276,250,25,1,980,704,271,5,0,12,31,46,1,16,146,6,0,1,0,7,1,4
34,SIBIU,"CĂMINUL CULTURAL PORUMBACU DE SUS",322,"PORUMBACU DE JOS",145293,2,PART,PRCNCT,S,S_SV,"2021-01-21 12:30:02",756,706,50,0,248,198,50,0,780,532,243,5,0,12,42,49,0,5,96,24,2,0,8,2,1,2
34,SIBIU,"CĂMINUL CULTURAL SCOREIU",323,"PORUMBACU DE JOS",145293,1,PROV,PRCNCT,S,S_SV,"2021-01-21 12:30:02",589,559,30,0,171,141,30,0,620,449,167,3,1,7,15,31,0,5,86,16,3,1,1,0,1,1
34,SIBIU,"CĂMINUL CULTURAL SARATA",324,"PORUMBACU DE JOS",145293,2,PART,PRCNCT,S,S_SV,"2021-01-21 12:30:02",307,282,23,2,80,55,23,2,320,240,78,2,0,3,2,12,0,4,38,13,0,0,0,1,1,4
34,SIBIU,"CĂMINUL CULTURAL COLUN",325,"PORUMBACU DE JOS",145293,1,PROV,PRCNCT,S,S_SV,"2021-01-21 12:30:02",159,143,14,2,71,55,14,2,160,89,66,5,0,2,8,20,0,1,27,1,1,3,0,3,0,0
34,SIBIU,"CĂMINUL CULTURAL SEBEȘU DE SUS",326,RACOVIŢA,145355,2,PART,PRCNCT,S,S_SV,"2021-01-21 12:30:02",644,603,40,1,214,173,40,1,670,456,210,3,1,7,28,26,1,11,100,25,1,1,1,1,3,5
34,SIBIU,"CĂMINUL CULTURAL RACOVIŢA",327,RACOVIŢA,145355,2,PART,PRCNCT,S,S_SV,"2021-01-21 12:30:02",1778,1736,42,0,569,527,42,0,1920,1351,549,10,10,7,64,60,0,55,285,46,6,0,3,3,0,20
34,SIBIU,"ŞCOALA GIMNAZIALĂ OCTAVIAN GOGA RĂŞINARI",328,RĂŞINARI,143520,1,PROV,PRCNCT,S,S_SV,"2021-01-21 12:30:02",1544,1522,21,1,274,252,21,1,1690,1416,262,7,5,10,47,36,0,19,102,40,2,0,0,1,2,3
34,SIBIU,"ŞCOALA GIMNAZIALĂ SAVA POPOVICI BARCIANU RĂŞINARI",329,RĂŞINARI,143520,1,PROV,PRCNCT,S,S_SV,"2021-01-21 12:30:02",1484,1466,18,0,304,286,18,0,1620,1316,296,3,5,5,47,30,0,18,147,34,2,1,1,3,3,5
34,SIBIU,"CĂMINUL CULTURAL RĂȘINARI",330,RĂŞINARI,143520,2,PART,PRCNCT,S,S_SV,"2021-01-21 12:30:02",1448,1422,25,1,356,330,25,1,1570,1214,351,4,1,11,84,39,0,7,162,38,0,1,0,2,0,7
34,SIBIU,PRIMĂRIA,331,"RÂU SADULUI",145382,2,PART,PRCNCT,S,S_SV,"2021-01-21 12:30:02",478,460,18,0,172,154,18,0,510,338,166,3,3,6,14,23,0,7,94,13,2,0,0,1,1,5
34,SIBIU,"PRIMARIA ROSIA",332,ROŞIA,145408,2,PART,PRCNCT,S,S_SV,"2021-01-21 12:30:02",1242,1233,9,0,166,157,9,0,1360,1194,157,4,5,4,13,19,0,44,38,19,3,1,0,2,2,12
34,SIBIU,"SCOALA GIMNAZIALA NOU",333,ROŞIA,145408,2,PART,PRCNCT,S,S_SV,"2021-01-21 12:30:02",1328,1318,10,0,193,183,10,0,1460,1267,184,7,2,6,8,33,0,56,42,27,0,3,2,2,3,2
34,SIBIU,"SCOALA GIMAZIALA DAIA",334,ROŞIA,145408,2,PART,PRCNCT,S,S_SV,"2021-01-21 12:30:02",803,770,30,3,224,191,30,3,850,626,223,1,0,2,18,18,0,60,92,23,0,2,0,1,1,6
34,SIBIU,"SCOALA GIMNAZIALA CAŞOLŢ",335,ROŞIA,145408,1,PROV,PRCNCT,S,S_SV,"2021-01-21 12:30:02",666,642,18,6,147,123,18,6,710,563,144,2,1,3,12,20,0,31,46,26,1,1,0,3,1,0
34,SIBIU,"SEDIUL ADMINISTRATIV DISPENSAR",336,ROŞIA,145408,2,PART,PRCNCT,S,S_SV,"2021-01-21 12:30:02",448,410,38,0,163,125,38,0,460,297,160,2,1,5,22,15,0,40,48,22,1,0,0,0,0,7
34,SIBIU,"CĂMINUL CULTURAL AL COMUNEI SADU",337,SADU,145471,1,PROV,PRCNCT,S,S_SV,"2021-01-21 12:30:02",948,922,24,2,401,375,24,2,1030,629,389,4,8,6,37,32,1,32,243,23,1,1,1,2,4,6
34,SIBIU,"CĂMINUL CULTURAL AL COMUNEI SADU",338,SADU,145471,1,PROV,PRCNCT,S,S_SV,"2021-01-21 12:30:02",1248,1199,47,2,507,458,47,2,1320,813,501,4,2,8,64,77,0,40,257,36,5,1,2,5,2,4
34,SIBIU,"ŞCOALA GIMNAZIALĂ SLIMNIC",339,SLIMNIC,145603,1,PROV,PRCNCT,S,S_SV,"2021-01-21 12:30:02",1311,1297,12,2,287,273,12,2,1430,1143,277,5,5,6,35,22,0,29,140,41,0,0,0,2,0,2
34,SIBIU,"ŞCOALA GIMNAZIALĂ SLIMNIC",340,SLIMNIC,145603,1,PROV,PRCNCT,S,S_SV,"2021-01-21 12:30:02",1062,1047,15,0,234,219,15,0,1160,926,233,0,1,10,35,23,0,20,122,13,1,0,0,5,3,1
34,SIBIU,"ŞCOALA GIMNAZIALĂ RUŞI",341,SLIMNIC,145603,1,PROV,PRCNCT,S,S_SV,"2021-01-21 12:30:02",747,728,19,0,159,140,19,0,800,641,156,2,1,13,25,21,0,18,56,18,0,0,0,0,2,3
34,SIBIU,"ŞCOALA GIMNAZIALA VESEUD",342,SLIMNIC,145603,1,PROV,PRCNCT,S,S_SV,"2021-01-21 12:30:02",187,166,21,0,55,34,21,0,190,135,55,0,0,6,3,6,0,2,29,7,0,0,0,0,0,2
34,SIBIU,"SCOALA GIMNAZIALA SEICA MARE",343,"ŞEICA MARE",145667,2,PART,PRCNCT,S,S_SV,"2021-01-21 12:30:02",988,963,25,0,222,197,25,0,1060,838,214,6,2,8,16,23,1,5,96,46,2,1,2,1,2,11
34,SIBIU,"SCOALA GIMNAZIALA SEICA MARE",344,"ŞEICA MARE",145667,2,PART,PRCNCT,S,S_SV,"2021-01-21 12:30:02",868,860,8,0,184,176,8,0,960,776,184,0,0,8,24,24,2,11,71,36,0,0,1,5,1,1
34,SIBIU,"SCOALA PRIMARA SEICA MARE",345,"ŞEICA MARE",145667,1,PROV,PRCNCT,S,S_SV,"2021-01-21 12:30:02",899,875,24,0,200,176,24,0,970,770,195,2,3,5,32,15,4,11,91,29,0,2,1,1,1,3
34,SIBIU,"SCOALA PRIMARA BOARTA",346,"ŞEICA MARE",145667,2,PART,PRCNCT,S,S_SV,"2021-01-21 12:30:02",343,330,13,0,86,73,13,0,370,284,85,1,0,5,7,15,4,3,48,0,1,0,0,0,0,2
34,SIBIU,"SCOALA PRIMARA BUIA",347,"ŞEICA MARE",145667,1,PROV,PRCNCT,S,S_SV,"2021-01-21 12:30:02",490,473,17,0,83,66,17,0,530,447,81,1,1,1,5,10,8,3,39,7,0,1,0,0,2,5
34,SIBIU,"ŞCOALA PRIMARA ŞTENEA",348,"ŞEICA MARE",145667,2,PART,PRCNCT,S,S_SV,"2021-01-21 12:30:02",147,131,16,0,54,38,16,0,150,96,49,4,1,2,1,12,1,3,14,6,1,0,0,0,0,9
34,SIBIU,"CASA PAROHIALA CULT ORTODOX",349,"ŞEICA MARE",145667,2,PART,PRCNCT,S,S_SV,"2021-01-21 12:30:02",66,46,20,0,31,11,20,0,60,29,30,1,0,1,6,3,1,1,12,2,0,0,0,0,0,4
34,SIBIU,PRIMARIA,350,"ŞEICA MICĂ",145738,2,PART,PRCNCT,S,S_SV,"2021-01-21 12:30:02",1078,1032,18,28,279,233,18,28,1140,861,271,6,2,11,33,40,2,6,130,40,2,1,1,3,0,2
34,SIBIU,"FOSTUL SEDIU CAP SOROŞTIN",351,"ŞEICA MICĂ",145738,1,PROV,PRCNCT,S,S_SV,"2021-01-21 12:30:02",481,445,21,15,225,189,21,15,490,265,216,6,3,3,11,37,2,4,136,11,0,2,1,5,1,3
34,SIBIU,"ȘCOALA GENERALĂ”MIHAI VITEAZU”ȘELIMBĂR, CORP B",352,ŞELIMBĂR,143557,2,PART,PRCNCT,S,S_SV,"2021-01-21 12:30:02",1680,1642,34,4,653,615,34,4,1810,1157,640,10,3,25,234,69,2,21,234,35,3,0,2,6,1,8
34,SIBIU,"ŞCOALA GIMNAZIALĂ `MIHAI VITEAZU~ ŞELIMBĂR",353,ŞELIMBĂR,143557,1,PROV,PRCNCT,S,S_SV,"2021-01-21 12:30:02",1583,1516,63,4,707,640,63,4,1670,963,701,6,0,20,256,81,2,39,224,49,1,1,11,1,1,15
34,SIBIU,"GRĂDINIȚA CU PROGRAM PRELUNGIT",354,ŞELIMBĂR,143557,1,PROV,PRCNCT,S,S_SV,"2021-01-21 12:30:02",1987,1908,77,2,850,771,77,2,2091,1241,844,6,0,17,428,66,1,32,236,38,0,4,7,3,3,9
34,SIBIU,"CĂMIN CULTURAL VEȘTEM",355,ŞELIMBĂR,143557,1,PROV,PRCNCT,S,S_SV,"2021-01-21 12:30:02",1433,1411,22,0,487,465,22,0,1560,1073,482,3,2,15,124,73,2,18,199,33,1,0,2,9,1,5
34,SIBIU,"CĂMIN CULTURAL MOHU",356,ŞELIMBĂR,143557,2,PART,PRCNCT,S,S_SV,"2021-01-21 12:30:02",625,604,21,0,185,164,21,0,670,485,183,1,1,5,77,15,0,9,59,13,1,1,1,1,1,0
34,SIBIU,"CĂMIN CULTURAL BUNGRAD",357,ŞELIMBĂR,143557,1,PROV,PRCNCT,S,S_SV,"2021-01-21 12:30:02",517,494,23,0,178,155,23,0,550,372,172,3,3,7,40,13,0,5,76,25,1,0,1,1,1,2
34,SIBIU,"GRĂDINIȚA CU PROGRAM PRELUNGIT ȘELIMBĂR, CORP NOU, PARTER",358,ŞELIMBĂR,143557,2,PART,PRCNCT,S,S_SV,"2021-01-21 12:30:02",1701,1653,43,5,787,739,43,5,1818,1031,784,3,0,11,350,80,1,19,258,41,0,4,9,5,0,6
34,SIBIU,"CARTIER DOAMNA STANCA ȘCOALA DE BALET PENTRU COPII",359,ŞELIMBĂR,143557,2,PART,PRCNCT,S,S_SV,"2021-01-21 12:30:02",1656,1571,79,6,634,549,79,6,1720,1086,627,5,2,12,291,50,1,16,177,48,1,1,5,5,2,18
34,SIBIU,"CARTIER AVANTGARDEN 3 SEDIUL SECUNDAR ȘI PUNCT DE LUCRU FIRMĂ",360,ŞELIMBĂR,143557,2,PART,PRCNCT,S,S_SV,"2021-01-21 12:30:02",580,497,83,0,269,186,83,0,550,281,268,1,0,6,141,23,0,15,59,15,3,0,1,1,1,3
34,SIBIU,"SALĂ SPORT",361,"ŞURA MARE",145765,1,PROV,PRCNCT,S,S_SV,"2021-01-21 12:30:02",1375,1329,46,0,423,377,46,0,1470,1047,416,5,2,4,83,63,2,13,184,32,3,1,3,2,1,25
34,SIBIU,"SALĂ SPORT",362,"ŞURA MARE",145765,2,PART,PRCNCT,S,S_SV,"2021-01-21 12:30:02",1874,1838,33,3,574,538,33,3,2020,1446,566,6,2,10,149,50,0,21,270,28,2,0,2,1,1,32
34,SIBIU,"CĂMIN CULTURAL",363,"ŞURA MARE",145765,2,PART,PRCNCT,S,S_SV,"2021-01-21 12:30:02",758,721,37,0,209,172,37,0,800,591,207,0,2,7,29,26,0,12,103,14,0,0,1,6,3,6
34,SIBIU,"SCOALA GIMNAZIALA SURA MICA",364,"ŞURA MICĂ",145792,1,PROV,PRCNCT,S,S_SV,"2021-01-21 12:30:02",1428,1396,32,0,396,364,32,0,1550,1154,385,5,6,8,85,28,0,10,189,34,0,2,2,4,19,4
34,SIBIU,"SCOALA PRIMARA RUSCIORI",365,"ŞURA MICĂ",145792,1,PROV,PRCNCT,S,S_SV,"2021-01-21 12:30:02",634,618,16,0,138,122,16,0,680,542,131,2,5,4,16,6,0,5,52,41,0,0,1,2,1,3
34,SIBIU,"ȘCOALA GIMNAZIALĂ CLASELE I-IV ȘURA MICĂ",366,"ŞURA MICĂ",145792,1,PROV,PRCNCT,S,S_SV,"2021-01-21 12:30:02",689,654,35,0,269,234,35,0,710,441,269,0,0,3,78,23,0,5,122,22,0,0,1,0,13,2
34,SIBIU,"GRĂDINIŢA CU ORAR NORMAL TÎRNAVA",367,TÂRNAVA,143646,1,PROV,PRCNCT,S,S_SV,"2021-01-21 12:30:02",1316,1306,10,0,240,230,10,0,1440,1200,231,3,6,5,48,47,3,2,82,27,2,1,3,2,1,8
34,SIBIU,"GRĂDINIŢA CU ORAR NORMAL TÎRNAVA",368,TÂRNAVA,143646,1,PROV,PRCNCT,S,S_SV,"2021-01-21 12:30:02",1218,1206,12,0,274,262,12,0,1330,1056,268,5,1,2,64,40,3,9,104,29,0,1,5,6,1,4
34,SIBIU,"PRIMĂRIA TILIŞCA",369,TILIŞCA,145907,1,PROV,PRCNCT,S,S_SV,"2021-01-21 12:30:02",854,827,27,0,332,305,27,0,920,588,329,1,2,8,28,52,0,12,172,43,0,1,2,7,1,3
34,SIBIU,"ŞCOALA PRIMARĂ ROD",370,TILIŞCA,145907,2,PART,PRCNCT,S,S_SV,"2021-01-21 12:30:02",360,325,35,0,151,116,35,0,360,209,148,1,2,4,8,22,1,4,81,21,0,1,1,0,2,3
34,SIBIU,"CĂMINUL CULTURAL ”REGELE MIHAI I”",371,"TURNU ROŞU",145934,1,PROV,PRCNCT,S,S_SV,"2021-01-21 12:30:02",1562,1494,54,14,496,428,54,14,1650,1154,483,10,3,5,134,58,0,74,153,39,2,0,4,3,2,9
34,SIBIU,"CĂMINUL CULTURAL",372,"TURNU ROŞU",145934,2,PART,PRCNCT,S,S_SV,"2021-01-21 12:30:02",496,446,50,0,211,161,50,0,490,279,205,1,5,4,53,34,0,20,74,12,0,0,0,5,2,1
34,SIBIU,"CĂMIN VALEA VIILOR",373,"VALEA VIILOR",145961,2,PART,PRCNCT,S,S_SV,"2021-01-21 12:30:02",1312,1267,16,29,303,258,16,29,1400,1097,292,11,0,6,36,91,1,14,101,35,1,1,1,3,1,1
34,SIBIU,"CĂMIN MOTIȘ",374,"VALEA VIILOR",145961,1,PROV,PRCNCT,S,S_SV,"2021-01-21 12:30:02",573,554,17,2,112,93,17,2,620,508,110,1,1,5,7,16,2,8,36,33,1,0,0,1,0,1
34,SIBIU,"SALA SPORT",375,VURPĂR,145998,2,PART,PRCNCT,S,S_SV,"2021-01-21 12:30:02",1247,1229,18,0,115,97,18,0,1360,1245,108,3,4,2,9,14,0,2,30,38,1,0,0,0,1,11
34,SIBIU,"ŞCOALA GIMNAZIALĂ",376,VURPĂR,145998,2,PART,PRCNCT,S,S_SV,"2021-01-21 12:30:02",869,857,12,0,112,100,12,0,950,838,109,1,2,1,7,17,1,3,37,25,1,0,0,3,0,14
