precinct_county_nce,precinct_county_name,precinct_name,precinct_nr,uat_name,uat_siruta,report_version,report_stage_code,report_type_scope_code,report_type_category_code,report_type_code,created_at,a,a1,a2,a3,b,b1,b2,b3,c,d,e,f,g,"ALIANȚA USR PLUS-voturi","PARTIDUL SOCIAL DEMOCRAT-voturi","PARTIDUL MIȘCAREA POPULARĂ-voturi","PARTIDUL PRO ROMÂNIA-voturi","UNIUNEA DEMOCRATĂ MAGHIARĂ DIN ROMÂNIA-voturi","PARTIDUL NAȚIONAL LIBERAL-voturi","PARTIDUL PUTERII UMANISTE (SOCIAL-LIBERAL)-voturi","PARTIDUL SOCIALIST ROMÂN-voturi","PARTIDUL ROMÂNIA MARE-voturi","ALIANȚA PENTRU UNIREA ROMÂNILOR-voturi","PARTIDUL ECOLOGIST ROMÂN-voturi","UNIUNEA POLONEZILOR DIN ROMÂNIA-voturi","UNIUNEA UCRAINENILOR DIN ROMÂNIA-voturi","UNIUNEA DEMOCRATĂ TURCĂ DIN ROMÂNIA-voturi","ASOCIAȚIA MACEDONENILOR DIN ROMÂNIA-voturi","ASOCIAȚIA LIGA ALBANEZILOR DIN ROMÂNIA-voturi","ASOCIAȚIA PARTIDA ROMILOR “PRO-EUROPA”-voturi","COMUNITATEA RUȘILOR LIPOVENI DIN ROMÂNIA-voturi","ASOCIAȚIA ITALIENILOR DIN ROMÂNIA – RO.AS.IT.-voturi","UNIUNEA CROAȚILOR DIN ROMÂNIA-voturi","UNIUNEA ELENĂ DIN ROMÂNIA-voturi","UNIUNEA DEMOCRATICĂ A SLOVACILOR ȘI CEHILOR DIN ROMÂNIA-voturi","UNIUNEA ARMENILOR DIN ROMÂNIA-voturi","FEDERAȚIA COMUNITĂȚILOR EVREIEȘTI DIN ROMÂNIA-voturi","UNIUNEA BULGARĂ DIN BANAT-ROMÂNIA-voturi","FORUMUL DEMOCRAT AL GERMANILOR DIN ROMÂNIA-voturi","UNIUNEA SÂRBILOR DIN ROMÂNIA-voturi","UNIUNEA CULTURALĂ A RUTENILOR DIN ROMÂNIA-voturi"
36,TELEORMAN,"ȘCOALA AJUTĂTOARE ALEXANDRIA",1,"MUNICIPIUL ALEXANDRIA",151790,1,PROV,PRCNCT,CD,CD_SV,"2021-01-21 12:30:02",1574,1476,51,47,495,397,51,47,1626,1131,484,11,0,56,236,16,14,3,126,2,4,7,13,2,0,1,0,0,0,3,0,0,0,0,0,0,0,1,0,0,0
36,TELEORMAN,"ȘCOALA GIMNAZIALĂ NR.7",2,"MUNICIPIUL ALEXANDRIA",151790,1,PROV,PRCNCT,CD,CD_SV,"2021-01-21 12:30:02",1211,1193,18,0,338,320,18,0,1320,982,331,6,1,59,151,10,23,0,66,6,1,2,11,2,0,0,0,0,0,0,0,0,0,0,0,0,0,0,0,0,0
36,TELEORMAN,"ȘCOALA GIMNAZIALĂ NR.7",3,"MUNICIPIUL ALEXANDRIA",151790,1,PROV,PRCNCT,CD,CD_SV,"2021-01-21 12:30:02",1240,1231,9,0,285,276,9,0,1360,1075,279,6,0,29,158,6,11,1,57,2,2,2,8,1,0,0,0,0,0,2,0,0,0,0,0,0,0,0,0,0,0
36,TELEORMAN,"ȘCOALA GIMNAZIALĂ NR.7",4,"MUNICIPIUL ALEXANDRIA",151790,2,PART,PRCNCT,CD,CD_SV,"2021-01-21 12:30:02",1345,1335,10,0,318,308,10,0,1470,1152,304,10,4,27,165,13,17,0,62,3,1,2,9,2,0,0,0,1,0,2,0,0,0,0,0,0,0,0,0,0,0
36,TELEORMAN,"ȘCOALA GIMNAZIALĂ NR.7",5,"MUNICIPIUL ALEXANDRIA",151790,1,PROV,PRCNCT,CD,CD_SV,"2021-01-21 12:30:02",1295,1283,12,0,410,398,12,0,1420,1010,403,6,1,62,194,12,21,1,96,3,2,1,6,4,0,0,0,1,0,0,0,0,0,0,0,0,0,0,0,0,0
36,TELEORMAN,"LICEUL TEHNOLOGIC ”NICOLAE BĂLCESCU”",6,"MUNICIPIUL ALEXANDRIA",151790,1,PROV,PRCNCT,CD,CD_SV,"2021-01-21 12:30:02",1432,1422,10,0,416,406,10,0,1570,1154,406,9,1,42,215,6,18,3,82,7,1,0,18,8,0,0,0,0,1,3,0,0,0,0,0,0,1,0,0,0,1
36,TELEORMAN,"LICEUL TEHNOLOGIC ”NICOLAE BĂLCESCU”",7,"MUNICIPIUL ALEXANDRIA",151790,1,PROV,PRCNCT,CD,CD_SV,"2021-01-21 12:30:02",1109,1100,9,0,308,299,9,0,1220,912,306,2,0,38,149,10,17,0,72,2,3,0,9,3,0,0,1,0,0,0,0,0,0,1,0,0,0,1,0,0,0
36,TELEORMAN,"COLEGIUL NAȚIONAL ”AL. D. GHICA”",8,"MUNICIPIUL ALEXANDRIA",151790,1,PROV,PRCNCT,CD,CD_SV,"2021-01-21 12:30:02",1510,1496,10,4,437,423,10,4,1650,1213,425,11,1,40,208,20,24,0,96,7,5,3,19,2,0,0,0,1,0,0,0,0,0,0,0,0,0,0,0,0,0
36,TELEORMAN,"COLEGIUL NAȚIONAL ”AL. D. GHICA”",9,"MUNICIPIUL ALEXANDRIA",151790,1,PROV,PRCNCT,CD,CD_SV,"2021-01-21 12:30:02",1269,1260,9,0,410,401,9,0,1380,970,400,10,0,56,185,17,16,0,93,8,4,1,14,4,0,0,0,0,0,0,0,0,0,0,0,0,0,1,0,1,0
36,TELEORMAN,"LICEUL TEORETIC ”C. NOICA”",10,"MUNICIPIUL ALEXANDRIA",151790,1,PROV,PRCNCT,CD,CD_SV,"2021-01-21 12:30:02",1349,1327,22,0,392,370,22,0,1460,1068,384,8,0,62,171,22,20,1,80,1,3,2,16,1,0,1,0,0,0,0,0,0,0,0,0,0,0,0,0,0,4
36,TELEORMAN,"LICEUL TEORETIC ”C. NOICA”",11,"MUNICIPIUL ALEXANDRIA",151790,1,PROV,PRCNCT,CD,CD_SV,"2021-01-21 12:30:02",1035,1021,14,0,345,331,14,0,1130,785,337,8,0,51,165,9,11,1,69,7,2,3,9,3,0,0,0,0,1,1,0,0,0,2,0,2,0,0,1,0,0
36,TELEORMAN,"LICEUL PEDAGOGIC ”MIRCEA SCARLAT”",12,"MUNICIPIUL ALEXANDRIA",151790,1,PROV,PRCNCT,CD,CD_SV,"2021-01-21 12:30:02",1255,1211,44,0,403,359,44,0,1340,937,395,7,1,56,148,25,17,2,114,2,4,4,15,1,0,0,0,0,2,0,0,0,0,1,0,3,1,0,0,0,0
36,TELEORMAN,"ȘCOALA GIMNAZIALĂ NR.5",13,"MUNICIPIUL ALEXANDRIA",151790,1,PROV,PRCNCT,CD,CD_SV,"2021-01-21 12:30:02",982,945,32,5,333,296,32,5,1040,707,326,7,0,34,160,11,15,0,84,3,3,4,8,1,0,0,0,1,1,0,0,0,0,0,0,0,0,0,0,1,0
36,TELEORMAN,"GRĂDINIȚA CU PROGRAM PRELUNGIT NR.7",14,"MUNICIPIUL ALEXANDRIA",151790,1,PROV,PRCNCT,CD,CD_SV,"2021-01-21 12:30:02",1114,1101,13,0,328,315,13,0,1209,881,324,4,0,39,150,18,22,0,78,4,0,0,7,2,0,1,1,0,0,0,0,0,0,0,1,0,0,0,1,0,0
36,TELEORMAN,"GRĂDINIȚA CU PROGRAM PRELUNGIT NR.7",15,"MUNICIPIUL ALEXANDRIA",151790,1,PROV,PRCNCT,CD,CD_SV,"2021-01-21 12:30:02",1032,1013,19,0,354,335,19,0,1120,766,343,11,0,41,150,12,18,0,89,4,3,3,15,5,0,0,0,0,1,0,0,0,0,1,0,1,0,0,0,0,0
36,TELEORMAN,"SALA POLIVALENTĂ",16,"MUNICIPIUL ALEXANDRIA",151790,1,PROV,PRCNCT,CD,CD_SV,"2021-01-21 12:30:02",1483,1451,32,0,399,367,32,0,1600,1201,384,12,3,34,206,16,13,0,81,7,1,4,20,0,0,0,0,0,0,0,0,0,0,0,0,0,0,0,1,0,1
36,TELEORMAN,"SALA POLIVALENTĂ",17,"MUNICIPIUL ALEXANDRIA",151790,2,PART,PRCNCT,CD,CD_SV,"2021-01-21 12:30:02",1191,1151,40,0,333,293,40,0,1270,937,324,7,2,18,179,8,15,0,82,2,1,0,10,3,0,0,0,1,1,3,0,0,0,0,0,0,0,1,0,0,0
36,TELEORMAN,"ȘCOALA GIMNAZIALĂ ”ȘTEFAN CEL MARE”",18,"MUNICIPIUL ALEXANDRIA",151790,1,PROV,PRCNCT,CD,CD_SV,"2021-01-21 12:30:02",855,840,15,0,227,212,15,0,930,703,222,4,1,25,107,13,3,1,55,3,1,0,12,1,0,0,0,0,1,0,0,0,0,0,0,0,0,0,0,0,0
36,TELEORMAN,"ȘCOALA GIMNAZIALĂ ”ȘTEFAN CEL MARE”",19,"MUNICIPIUL ALEXANDRIA",151790,1,PROV,PRCNCT,CD,CD_SV,"2021-01-21 12:30:02",986,973,13,0,324,311,13,0,1070,746,324,0,0,41,161,11,18,0,80,4,0,2,2,1,0,0,0,1,0,2,0,0,0,1,0,0,0,0,0,0,0
36,TELEORMAN,"ȘCOALA GIMNAZIALĂ ”MIHAI VITEAZUL”",20,"MUNICIPIUL ALEXANDRIA",151790,1,PROV,PRCNCT,CD,CD_SV,"2021-01-21 12:30:02",1372,1346,26,0,372,346,26,0,1490,1118,369,3,0,60,151,11,22,1,104,2,3,0,10,2,0,0,0,2,0,1,0,0,0,0,0,0,0,0,0,0,0
36,TELEORMAN,"ȘCOALA GIMNAZIALĂ ”MIHAI VITEAZUL”",21,"MUNICIPIUL ALEXANDRIA",151790,1,PROV,PRCNCT,CD,CD_SV,"2021-01-21 12:30:02",1084,1072,12,0,318,306,12,0,1170,852,314,4,0,43,143,20,8,1,78,1,2,2,9,6,0,0,0,0,0,0,0,0,0,0,0,0,0,1,0,0,0
36,TELEORMAN,"ȘCOALA GIMNAZIALĂ NR.6",22,"MUNICIPIUL ALEXANDRIA",151790,1,PROV,PRCNCT,CD,CD_SV,"2021-01-21 12:30:02",964,945,19,0,220,201,19,0,1040,820,214,5,1,22,114,6,15,1,40,5,1,0,7,1,0,0,0,0,0,0,0,0,0,0,0,1,1,0,0,0,0
36,TELEORMAN,"ȘCOALA GIMNAZIALĂ NR.6",23,"MUNICIPIUL ALEXANDRIA",151790,1,PROV,PRCNCT,CD,CD_SV,"2021-01-21 12:30:02",1030,1016,14,0,237,223,14,0,1120,883,230,7,0,27,105,9,14,1,52,3,2,4,12,0,0,0,0,0,0,0,0,0,0,0,0,0,0,0,0,0,1
36,TELEORMAN,"COLEGIUL NAȚIONAL ”AL. I. CUZA”",24,"MUNICIPIUL ALEXANDRIA",151790,1,PROV,PRCNCT,CD,CD_SV,"2021-01-21 12:30:02",1064,1049,15,0,268,253,15,0,1150,882,266,2,0,31,121,8,16,0,68,3,1,0,15,1,0,0,1,0,0,0,0,0,0,0,0,0,0,0,1,0,0
36,TELEORMAN,"COLEGIUL NAȚIONAL ”AL. I. CUZA”",25,"MUNICIPIUL ALEXANDRIA",151790,1,PROV,PRCNCT,CD,CD_SV,"2021-01-21 12:30:02",1078,1066,12,0,326,314,12,0,1170,844,319,7,0,46,133,15,17,1,79,5,3,3,12,2,0,0,0,2,0,0,0,0,0,0,0,0,1,0,0,0,0
36,TELEORMAN,"COLEGIUL NAȚIONAL ”AL. I. CUZA”",26,"MUNICIPIUL ALEXANDRIA",151790,1,PROV,PRCNCT,CD,CD_SV,"2021-01-21 12:30:02",1004,989,15,0,269,254,15,0,1090,821,266,3,0,35,118,10,19,0,69,0,0,2,11,1,0,0,0,0,0,0,0,0,0,0,1,0,0,0,0,0,0
36,TELEORMAN,"ȘCOALA GIMNAZIALĂ ”ALEXANDRU COLFESCU”",27,"MUNICIPIUL ALEXANDRIA",151790,1,PROV,PRCNCT,CD,CD_SV,"2021-01-21 12:30:02",1368,1350,18,0,352,334,18,0,1490,1138,337,14,1,38,152,14,17,1,96,2,0,4,11,1,0,0,0,0,0,0,0,0,1,0,0,0,0,0,0,0,0
36,TELEORMAN,"ȘCOALA GIMNAZIALĂ ”ALEXANDRU COLFESCU”",28,"MUNICIPIUL ALEXANDRIA",151790,2,PART,PRCNCT,CD,CD_SV,"2021-01-21 12:30:02",1419,1399,20,0,312,292,20,0,1540,1228,299,13,0,28,154,9,21,2,61,3,1,6,11,0,0,1,0,1,0,1,0,0,0,0,0,0,0,0,0,0,0
36,TELEORMAN,"ȘCOALA GIMNAZIALĂ ”ALEXANDRU COLFESCU”",29,"MUNICIPIUL ALEXANDRIA",151790,1,PROV,PRCNCT,CD,CD_SV,"2021-01-21 12:30:02",1362,1347,14,1,355,340,14,1,1490,1135,344,9,2,45,166,15,26,0,76,4,0,1,8,1,0,0,0,0,0,1,0,0,0,0,0,0,0,0,0,0,1
36,TELEORMAN,"ȘCOALA GIMNAZIALĂ ”ALEXANDRU COLFESCU”",30,"MUNICIPIUL ALEXANDRIA",151790,1,PROV,PRCNCT,CD,CD_SV,"2021-01-21 12:30:02",1432,1424,8,0,331,323,8,0,1570,1239,327,4,0,45,142,14,28,0,83,1,2,1,7,2,0,0,0,0,0,0,0,0,0,0,0,0,0,0,0,0,2
36,TELEORMAN,"GRĂDINIȚA CU PROGRAM PRELUNGIT NR.4",31,"MUNICIPIUL ALEXANDRIA",151790,2,PART,PRCNCT,CD,CD_SV,"2021-01-21 12:30:02",1343,1328,15,0,270,255,15,0,1470,1200,263,7,0,27,132,13,11,0,50,3,1,3,19,3,0,0,0,0,0,0,0,0,0,0,1,0,0,0,0,0,0
36,TELEORMAN,"GRĂDINIȚA CU PROGRAM PRELUNGIT NR.4",32,"MUNICIPIUL ALEXANDRIA",151790,1,PROV,PRCNCT,CD,CD_SV,"2021-01-21 12:30:02",1497,1482,15,0,289,274,15,0,1630,1341,280,8,1,22,138,13,14,2,55,5,1,2,25,1,0,0,0,0,0,1,0,0,0,0,0,0,0,0,0,0,1
36,TELEORMAN,"ȘCOALA DE ȘOFERI AMATORI",33,"MUNICIPIUL ALEXANDRIA",151790,1,PROV,PRCNCT,CD,CD_SV,"2021-01-21 12:30:02",1460,1447,13,0,342,329,13,0,1600,1258,329,10,3,19,200,11,15,4,52,10,0,4,7,2,0,0,0,0,0,2,0,1,0,0,0,1,0,0,0,0,1
36,TELEORMAN,"GRĂDINIȚA CU PROGRAM PRELUNGIT NR.8",34,"MUNICIPIUL ALEXANDRIA",151790,1,PROV,PRCNCT,CD,CD_SV,"2021-01-21 12:30:02",1247,1230,17,0,173,156,17,0,1349,1176,153,11,9,9,81,6,11,2,27,2,2,2,6,2,0,1,0,1,0,0,0,0,0,0,0,0,0,1,0,0,0
36,TELEORMAN,"ŞCOALA GIMNAZIALĂ ”ZAHARIA STANCU”",35,"MUNICIPIUL ROŞIORI DE VEDE",151870,1,PROV,PRCNCT,CD,CD_SV,"2021-01-21 12:30:02",1215,1167,14,34,324,276,14,34,1280,956,317,7,0,42,173,12,10,0,51,5,0,1,19,2,0,0,0,0,1,0,0,0,0,0,0,0,0,0,1,0,0
36,TELEORMAN,"ŞCOALA GIMNAZIALĂ ”ZAHARIA STANCU”",36,"MUNICIPIUL ROŞIORI DE VEDE",151870,1,PROV,PRCNCT,CD,CD_SV,"2021-01-21 12:30:02",1095,1087,8,0,238,230,8,0,1200,962,233,5,0,33,138,3,5,1,34,1,1,0,14,0,0,0,0,0,2,0,0,0,0,0,0,0,1,0,0,0,0
36,TELEORMAN,"ȘCOALA GIMNAZIALĂ ”DAN BERINDEI”",37,"MUNICIPIUL ROŞIORI DE VEDE",151870,1,PROV,PRCNCT,CD,CD_SV,"2021-01-21 12:30:02",1155,1145,10,0,235,225,10,0,1270,1035,229,6,0,30,118,6,7,2,28,2,5,2,24,1,0,0,0,0,1,1,0,1,0,0,0,0,0,0,0,1,0
36,TELEORMAN,"COLEGIUL TEHNIC ”ANGHEL SALIGNY”",38,"MUNICIPIUL ROŞIORI DE VEDE",151870,1,PROV,PRCNCT,CD,CD_SV,"2021-01-21 12:30:02",1077,1064,11,2,326,313,11,2,1170,844,320,5,1,51,151,12,13,0,72,6,3,2,6,3,0,1,0,0,0,0,0,0,0,0,0,0,0,0,0,0,0
36,TELEORMAN,"GRĂDINIŢA CU PROGRAM PRELUNGIT NR.1",39,"MUNICIPIUL ROŞIORI DE VEDE",151870,1,PROV,PRCNCT,CD,CD_SV,"2021-01-21 12:30:02",1067,1054,13,0,273,260,13,0,1160,887,268,5,0,39,130,10,12,2,41,3,4,0,20,3,0,0,0,0,0,1,0,0,0,1,0,0,0,1,1,0,0
36,TELEORMAN,"CENTRUL CULTURAL",40,"MUNICIPIUL ROŞIORI DE VEDE",151870,1,PROV,PRCNCT,CD,CD_SV,"2021-01-21 12:30:02",1164,1073,89,2,380,289,89,2,1180,800,371,6,3,56,146,9,13,3,112,6,4,1,17,0,0,0,0,1,0,1,0,0,0,0,2,0,0,0,0,0,0
36,TELEORMAN,"ŞCOALA GIMNAZIALĂ ”GALA GALACTION”",41,"MUNICIPIUL ROŞIORI DE VEDE",151870,1,PROV,PRCNCT,CD,CD_SV,"2021-01-21 12:30:02",1093,1078,15,0,257,242,15,0,1180,923,254,2,1,32,130,3,10,1,37,7,3,1,27,0,0,0,0,0,0,0,0,0,0,0,1,0,0,1,0,1,0
36,TELEORMAN,"ŞCOALA GIMNAZIALĂ ”GALA GALACTION”",42,"MUNICIPIUL ROŞIORI DE VEDE",151870,1,PROV,PRCNCT,CD,CD_SV,"2021-01-21 12:30:02",1149,1137,10,2,210,198,10,2,1260,1050,201,8,1,31,111,3,6,1,37,5,0,3,1,2,0,0,0,0,1,0,0,0,0,0,0,0,0,0,0,0,0
36,TELEORMAN,"MUZEUL DE ISTORIE",43,"MUNICIPIUL ROŞIORI DE VEDE",151870,1,PROV,PRCNCT,CD,CD_SV,"2021-01-21 12:30:02",1078,1062,15,1,292,276,15,1,1170,878,290,2,0,59,131,10,8,1,61,3,2,2,7,4,0,0,0,0,0,0,1,0,0,0,0,0,0,0,1,0,0
36,TELEORMAN,"CLUBUL COPIILOR",44,"MUNICIPIUL ROŞIORI DE VEDE",151870,1,PROV,PRCNCT,CD,CD_SV,"2021-01-21 12:30:02",1400,1346,16,38,418,364,16,38,1490,1072,410,8,0,68,204,11,19,1,73,4,2,3,20,3,0,0,0,0,1,0,0,0,1,0,0,0,0,0,0,0,0
36,TELEORMAN,"ŞCOALA GIMNAZIALĂ ”ALEXANDRU DEPĂRĂŢEANU”",45,"MUNICIPIUL ROŞIORI DE VEDE",151870,2,PART,PRCNCT,CD,CD_SV,"2021-01-21 12:30:02",1361,1331,6,24,311,281,6,24,1470,1159,306,4,1,33,185,10,5,1,43,3,4,0,16,4,0,0,0,0,0,1,0,0,0,1,0,0,0,0,0,0,0
36,TELEORMAN,"ŞCOALA GIMNAZIALĂ ”ALEXANDRU DEPĂRĂŢEANU”",46,"MUNICIPIUL ROŞIORI DE VEDE",151870,1,PROV,PRCNCT,CD,CD_SV,"2021-01-21 12:30:02",1387,1375,12,0,261,249,12,0,1520,1259,250,7,4,20,153,8,13,0,36,3,3,2,8,0,0,0,0,0,1,1,0,0,0,0,1,0,0,0,1,0,0
36,TELEORMAN,"ŞCOALA GIMNAZIALĂ ”ALEXANDRU DEPĂRĂŢEANU”",47,"MUNICIPIUL ROŞIORI DE VEDE",151870,2,PART,PRCNCT,CD,CD_SV,"2021-01-21 12:30:02",1089,1078,9,2,296,285,9,2,1190,894,289,3,4,43,136,12,4,3,71,7,2,2,9,0,0,0,0,0,0,0,0,0,0,0,0,0,0,0,0,0,0
36,TELEORMAN,"GRĂDINITA CU PROGRAM NORMAL NR.5",48,"MUNICIPIUL ROŞIORI DE VEDE",151870,1,PROV,PRCNCT,CD,CD_SV,"2021-01-21 12:30:02",1457,1442,13,2,289,274,13,2,1580,1291,282,5,2,42,153,8,11,0,46,6,2,1,7,3,0,0,0,0,0,1,0,0,1,0,0,0,0,0,0,0,1
36,TELEORMAN,"GRĂDINIȚA CU PROGRAM NORMAL NR.5",49,"MUNICIPIUL ROŞIORI DE VEDE",151870,1,PROV,PRCNCT,CD,CD_SV,"2021-01-21 12:30:02",1105,1092,8,5,299,286,8,5,1200,901,295,1,3,40,168,8,11,0,44,1,3,0,19,0,0,0,0,1,0,0,0,0,0,0,0,0,0,0,0,0,0
36,TELEORMAN,"LICEUL TEHNOLOGIC ”EMIL RACOVIŢĂ”",50,"MUNICIPIUL ROŞIORI DE VEDE",151870,1,PROV,PRCNCT,CD,CD_SV,"2021-01-21 12:30:02",1345,1304,28,13,362,321,28,13,1430,1068,352,10,0,64,149,12,21,1,79,1,1,1,19,4,0,0,0,0,0,0,0,0,0,0,0,0,0,0,0,0,0
36,TELEORMAN,"CASA DE CULTURĂ",51,"MUNICIPIUL ROŞIORI DE VEDE",151870,2,PART,PRCNCT,CD,CD_SV,"2021-01-21 12:30:02",1076,1056,19,1,294,274,19,1,1170,876,287,7,0,55,134,9,13,2,47,5,1,3,10,6,1,0,0,0,1,0,0,0,0,0,0,0,0,0,0,0,0
36,TELEORMAN,"COLEGIUL NAŢIONAL ”ANASTASESCU”",52,"MUNICIPIUL ROŞIORI DE VEDE",151870,1,PROV,PRCNCT,CD,CD_SV,"2021-01-21 12:30:02",1384,1367,15,2,332,315,15,2,1500,1168,327,4,1,51,163,12,15,1,61,3,1,2,14,2,0,0,0,0,1,0,0,0,0,1,0,0,0,0,0,0,0
36,TELEORMAN,"GRĂDINIŢA CU PROGRAM NORMAL NR. 3",53,"MUNICIPIUL ROŞIORI DE VEDE",151870,1,PROV,PRCNCT,CD,CD_SV,"2021-01-21 12:30:02",1292,1278,13,1,296,282,13,1,1410,1114,288,8,0,42,159,7,9,1,33,2,5,2,25,2,0,0,0,0,0,0,0,0,0,0,0,0,0,0,1,0,0
36,TELEORMAN,"LICEUL TEHNOLOGIC ”VIRGIL MADGEARU”",54,"MUNICIPIUL ROŞIORI DE VEDE",151870,1,PROV,PRCNCT,CD,CD_SV,"2021-01-21 12:30:02",1188,1172,16,0,277,261,16,0,1300,1023,272,0,5,39,132,7,15,4,46,1,7,0,16,4,0,0,0,0,1,0,0,0,0,0,0,0,0,0,0,0,0
36,TELEORMAN,"GRĂDINIŢA CU PROGRAM NORMAL NR. 6",55,"MUNICIPIUL ROŞIORI DE VEDE",151870,1,PROV,PRCNCT,CD,CD_SV,"2021-01-21 12:30:02",1082,1060,17,5,259,237,17,5,1170,911,255,4,0,46,135,3,9,0,40,1,0,1,12,7,0,0,0,0,0,0,0,0,0,0,0,0,0,0,0,0,1
36,TELEORMAN,"GRĂDINIŢA CU PROGRAM NORMAL NR.3",56,"MUNICIPIUL TURNU MĂGURELE",151683,1,PROV,PRCNCT,CD,CD_SV,"2021-01-21 12:30:02",1323,1301,20,2,365,343,20,2,1440,1075,350,14,1,23,151,8,12,1,114,5,1,3,25,2,0,0,0,3,2,0,0,0,0,0,0,0,0,0,0,0,0
36,TELEORMAN,"ŞCOALA GENERALĂ NR.3",57,"MUNICIPIUL TURNU MĂGURELE",151683,1,PROV,PRCNCT,CD,CD_SV,"2021-01-21 12:30:02",1071,1050,19,2,302,281,19,2,1160,858,294,6,2,19,133,9,19,0,79,2,0,5,18,4,0,0,0,0,0,1,0,0,0,0,0,0,1,0,3,0,1
36,TELEORMAN,"ŞCOALA GIMNAZIALĂ NR.4",58,"MUNICIPIUL TURNU MĂGURELE",151683,1,PROV,PRCNCT,CD,CD_SV,"2021-01-21 12:30:02",1827,1790,37,0,451,414,37,0,1980,1529,434,17,0,31,200,8,26,0,119,8,2,4,30,4,1,0,0,0,0,0,0,0,0,0,0,0,0,0,1,0,0
36,TELEORMAN,"GRĂDINIŢA CU PROGRAM PRELUNGIT NR.7",59,"MUNICIPIUL TURNU MĂGURELE",151683,1,PROV,PRCNCT,CD,CD_SV,"2021-01-21 12:30:02",1728,1708,20,0,401,381,20,0,1870,1469,396,4,1,27,176,5,19,2,115,3,2,5,34,2,0,0,0,2,1,1,0,0,0,0,1,0,0,1,0,0,0
36,TELEORMAN,"LICEUL TEHNOLOGIC ”GENERAL DAVID PRAPORGESCU”",60,"MUNICIPIUL TURNU MĂGURELE",151683,1,PROV,PRCNCT,CD,CD_SV,"2021-01-21 12:30:02",1401,1391,10,0,349,339,10,0,1540,1191,344,4,1,34,177,9,19,2,72,4,3,2,16,2,0,0,0,0,1,0,0,1,1,0,0,0,0,0,0,1,0
36,TELEORMAN,"LICEUL TEHNOLOGIC ”GENERAL DAVID PRAPORGESCU”",61,"MUNICIPIUL TURNU MĂGURELE",151683,1,PROV,PRCNCT,CD,CD_SV,"2021-01-21 12:30:02",1052,1043,9,0,210,201,9,0,1160,950,206,3,1,23,99,3,10,2,47,2,3,4,8,0,0,0,2,0,1,1,0,0,0,0,0,0,0,1,0,0,0
36,TELEORMAN,"GRĂDINIŢA CU PROGRAM PRELUNGIT NR.1",62,"MUNICIPIUL TURNU MĂGURELE",151683,1,PROV,PRCNCT,CD,CD_SV,"2021-01-21 12:30:02",861,853,8,0,194,186,8,0,940,746,181,10,3,9,103,1,8,1,39,1,5,4,8,0,0,0,0,0,0,2,0,0,0,0,0,0,0,0,0,0,0
36,TELEORMAN,"GRĂDINIȚA CU PROGRAM PRELUNGIT NR.1",63,"MUNICIPIUL TURNU MĂGURELE",151683,1,PROV,PRCNCT,CD,CD_SV,"2021-01-21 12:30:02",1182,1171,11,0,229,218,11,0,1290,1061,203,18,8,14,81,3,12,0,56,7,1,3,12,2,0,0,1,0,3,0,0,1,1,1,1,1,1,0,2,0,0
36,TELEORMAN,"COLEGIUL NAŢIONAL ”UNIREA”",64,"MUNICIPIUL TURNU MĂGURELE",151683,1,PROV,PRCNCT,CD,CD_SV,"2021-01-21 12:30:02",1119,1095,13,11,317,293,13,11,1210,893,307,8,2,37,143,17,12,2,83,1,1,3,5,2,0,0,1,0,0,0,0,0,0,0,0,0,0,0,0,0,0
36,TELEORMAN,"COLEGIUL NAŢIONAL ”UNIREA”",65,"MUNICIPIUL TURNU MĂGURELE",151683,1,PROV,PRCNCT,CD,CD_SV,"2021-01-21 12:30:02",1221,1190,14,17,396,366,14,16,1310,914,389,6,1,49,191,10,23,1,87,5,2,2,14,2,0,0,1,0,0,2,0,0,0,0,0,0,0,0,0,0,0
36,TELEORMAN,"ŞCOALA GIMNAZIALĂ ”MIRCEA CEL BĂTRÂN”",66,"MUNICIPIUL TURNU MĂGURELE",151683,1,PROV,PRCNCT,CD,CD_SV,"2021-01-21 12:30:02",1155,1135,20,0,324,304,20,0,1240,916,313,9,2,30,139,12,16,3,91,2,1,5,7,2,0,0,1,0,1,1,0,0,1,0,0,0,0,0,1,0,0
36,TELEORMAN,"ŞCOALA GIMNAZIALĂ ”MIRCEA CEL BĂTRÂN”",67,"MUNICIPIUL TURNU MĂGURELE",151683,2,PART,PRCNCT,CD,CD_SV,"2021-01-21 12:30:02",1544,1531,11,2,429,416,11,2,1690,1261,422,6,1,62,205,11,22,0,98,1,2,4,14,1,0,0,1,0,0,0,0,0,0,0,1,0,0,0,0,0,0
36,TELEORMAN,"LICEUL TEHNOLOGIC ”SF. HARALAMBIE”",68,"MUNICIPIUL TURNU MĂGURELE",151683,1,PROV,PRCNCT,CD,CD_SV,"2021-01-21 12:30:02",1640,1626,14,0,486,472,14,0,1800,1314,476,9,1,50,191,23,33,0,146,5,2,5,12,5,0,2,0,0,1,1,0,0,0,0,0,0,0,0,0,0,0
36,TELEORMAN,"LICEUL TEORETIC ”MARIN PREDA”",69,"MUNICIPIUL TURNU MĂGURELE",151683,1,PROV,PRCNCT,CD,CD_SV,"2021-01-21 12:30:02",1196,1180,13,3,316,300,13,3,1300,984,309,5,2,32,161,12,24,0,62,1,2,0,10,1,0,0,0,0,0,3,0,0,0,0,0,0,0,0,0,0,1
36,TELEORMAN,"GRĂDINIŢA CU PROGRAM PRELUNGIT NR.5",70,"MUNICIPIUL TURNU MĂGURELE",151683,2,PART,PRCNCT,CD,CD_SV,"2021-01-21 12:30:02",1052,1036,16,0,306,290,16,0,1150,844,301,3,2,27,136,9,21,0,87,4,1,1,12,1,0,0,1,0,0,0,0,0,0,0,0,1,0,0,0,0,0
36,TELEORMAN,"ȘCOALA GIMNAZIALĂ NR.2",71,"MUNICIPIUL TURNU MĂGURELE",151683,2,PART,PRCNCT,CD,CD_SV,"2021-01-21 12:30:02",1312,1289,20,3,312,289,20,3,1420,1108,297,11,4,17,155,6,8,0,96,3,5,0,5,0,0,0,0,0,1,0,0,0,0,1,0,0,0,0,0,0,0
36,TELEORMAN,"ŞCOALA GIMNAZIALĂ NR.2",72,"MUNICIPIUL TURNU MĂGURELE",151683,1,PROV,PRCNCT,CD,CD_SV,"2021-01-21 12:30:02",1400,1386,14,0,313,299,14,0,1530,1217,294,15,4,17,157,8,12,2,64,5,1,2,19,2,0,0,0,1,0,2,0,0,0,0,0,0,0,0,0,1,1
36,TELEORMAN,"DISPENSARUL UMAN MĂGURELE",73,"MUNICIPIUL TURNU MĂGURELE",151683,1,PROV,PRCNCT,CD,CD_SV,"2021-01-21 12:30:02",1323,1289,23,11,357,323,23,11,1320,963,343,8,6,19,138,5,8,0,142,6,1,4,17,0,0,0,1,1,1,0,0,0,0,0,0,0,0,0,0,0,0
36,TELEORMAN,"ȘCOALA GIMNAZIALĂ CU CLASELE I-VIII, NR. 2",74,"ORAŞ VIDELE",151905,1,PROV,PRCNCT,CD,CD_SV,"2021-01-21 12:30:02",1777,1726,49,2,686,635,49,2,1900,1214,675,8,3,79,278,23,26,4,210,5,3,4,35,5,0,0,0,1,0,0,0,0,0,0,0,0,0,0,0,2,0
36,TELEORMAN,"LICEUL TEORETIC",75,"ORAŞ VIDELE",151905,2,PART,PRCNCT,CD,CD_SV,"2021-01-21 12:30:02",1526,1459,65,2,572,505,65,2,1610,1038,559,10,3,73,215,13,23,0,178,4,1,3,39,3,0,1,1,0,2,0,1,0,0,0,0,0,0,0,2,0,0
36,TELEORMAN,"ȘCOALA GIMNAZIALĂ NUMĂRUL 1 VIDELE",76,"ORAŞ VIDELE",151905,2,PART,PRCNCT,CD,CD_SV,"2021-01-21 12:30:02",1498,1467,27,4,579,548,27,4,1620,1041,559,19,1,57,232,10,6,0,206,4,1,0,31,4,0,0,0,0,3,0,0,0,0,1,0,2,0,1,1,0,0
36,TELEORMAN,"GRĂDINIȚA CU PROGRAM NORMAL NR. 4, FOTĂCHEȘTI",77,"ORAŞ VIDELE",151905,1,PROV,PRCNCT,CD,CD_SV,"2021-01-21 12:30:02",942,907,28,7,293,258,28,7,1000,707,281,12,0,27,129,2,26,1,65,6,3,0,15,2,0,0,0,3,0,0,0,0,0,0,0,0,1,0,1,0,0
36,TELEORMAN,"GRĂDINIȚA CU PROGRAM NORMAL NR. 3, FURCULEȘTI",78,"ORAŞ VIDELE",151905,1,PROV,PRCNCT,CD,CD_SV,"2021-01-21 12:30:02",1362,1326,36,0,465,429,36,0,1460,995,445,15,5,37,188,13,10,1,140,4,2,6,35,2,0,0,0,1,2,1,0,0,0,0,0,0,0,1,1,1,0
36,TELEORMAN,"GRĂDINIȚA CU PROGRAM NORMAL NR. 5, CARTOJANCA",79,"ORAŞ VIDELE",151905,1,PROV,PRCNCT,CD,CD_SV,"2021-01-21 12:30:02",673,667,6,0,241,235,6,0,730,489,234,4,3,14,121,6,6,1,47,0,4,1,29,0,0,0,0,2,2,0,0,0,0,0,0,0,0,0,0,0,1
36,TELEORMAN,"GRĂDINIȚA CU PROGRAM NORMAL NR. 2, TĂMĂȘEȘTI",80,"ORAŞ VIDELE",151905,2,PART,PRCNCT,CD,CD_SV,"2021-01-21 12:30:02",710,699,11,0,267,256,11,0,770,503,261,4,2,14,150,4,5,0,60,2,2,2,18,1,0,1,0,0,0,0,0,0,0,0,0,0,0,1,0,0,1
36,TELEORMAN,"GRĂDINIȚA CU PROGRAM NORMAL NR. 6, PARISEȘTI",81,"ORAŞ VIDELE",151905,1,PROV,PRCNCT,CD,CD_SV,"2021-01-21 12:30:02",476,462,14,0,216,202,14,0,510,294,212,0,4,8,92,7,10,2,69,1,0,4,15,0,0,0,1,2,0,0,0,0,0,0,1,0,0,0,0,0,0
36,TELEORMAN,"GRĂDINIȚA CU PROGRAM NORMAL NR. 7, COȘOAIA",82,"ORAŞ VIDELE",151905,1,PROV,PRCNCT,CD,CD_SV,"2021-01-21 12:30:02",291,271,20,0,113,93,20,0,300,187,108,3,2,3,35,2,3,0,46,0,0,2,7,1,0,0,0,1,4,1,0,0,0,0,0,1,0,0,1,1,0
36,TELEORMAN,"ȘCOALA PRIMARĂ NR.4",83,"ORAŞ ZIMNICEA",151978,2,PART,PRCNCT,CD,CD_SV,"2021-01-21 12:30:02",1364,1345,15,4,417,398,15,4,1480,1063,400,7,10,40,223,5,17,1,79,5,4,2,19,1,0,1,0,0,2,0,0,0,0,0,0,0,0,0,1,0,0
36,TELEORMAN,"ȘCOALA PRIMARĂ NR.4",84,"ORAŞ ZIMNICEA",151978,1,PROV,PRCNCT,CD,CD_SV,"2021-01-21 12:30:02",1463,1451,12,0,495,483,12,0,1600,1105,459,16,20,32,248,11,15,2,71,4,3,3,48,3,0,3,2,4,0,2,0,2,0,2,1,2,0,1,0,0,0
36,TELEORMAN,"S.C. URBANA SERV S.R.L.",85,"ORAŞ ZIMNICEA",151978,2,PART,PRCNCT,CD,CD_SV,"2021-01-21 12:30:02",1453,1434,16,3,504,485,16,3,1580,1076,466,18,20,23,262,11,12,1,65,5,5,5,58,4,0,0,2,3,2,5,0,1,0,0,0,0,0,0,1,1,0
36,TELEORMAN,"ȘCOALA GIMNAZIALĂ NR.3",86,"ORAŞ ZIMNICEA",151978,1,PROV,PRCNCT,CD,CD_SV,"2021-01-21 12:30:02",1512,1491,20,1,384,363,20,1,1650,1266,365,12,7,48,179,15,15,1,70,2,2,2,21,3,0,0,1,0,0,0,0,1,0,2,1,1,0,0,1,0,0
36,TELEORMAN,"ȘCOALA GIMNAZIALĂ ”MIRON RADU PARASCHIVESCU”",87,"ORAŞ ZIMNICEA",151978,1,PROV,PRCNCT,CD,CD_SV,"2021-01-21 12:30:02",1512,1495,16,1,372,355,16,1,1650,1278,367,3,2,44,184,13,13,0,86,3,1,2,16,2,0,1,0,0,0,2,0,0,0,0,0,0,0,0,0,0,0
36,TELEORMAN,"GRĂDINIȚA CU PROGRAM PRELUNGIT NR.5, NIVEL ȘCOLARIZARE PRE PP",88,"ORAŞ ZIMNICEA",151978,1,PROV,PRCNCT,CD,CD_SV,"2021-01-21 12:30:02",1330,1288,22,20,390,348,22,20,1420,1030,378,7,5,36,175,14,13,2,104,4,3,2,21,0,0,1,0,0,1,1,0,0,1,0,0,0,0,0,0,0,0
36,TELEORMAN,"GRĂDINIȚA CU PROGRAM PRELUNGIT NR.5, NIVEL ȘCOLARIZARE PRE PP",89,"ORAŞ ZIMNICEA",151978,1,PROV,PRCNCT,CD,CD_SV,"2021-01-21 12:30:02",1151,1134,13,4,336,319,13,4,1250,914,325,9,2,35,160,6,18,0,78,9,3,2,6,6,0,0,0,0,0,0,0,0,0,0,0,0,0,0,1,1,0
36,TELEORMAN,"ȘCOALA GIMNAZIALĂ NR.2",90,"ORAŞ ZIMNICEA",151978,1,PROV,PRCNCT,CD,CD_SV,"2021-01-21 12:30:02",1270,1256,11,3,357,343,11,3,1380,1023,350,5,2,25,212,7,8,0,71,1,2,3,16,0,0,0,0,0,1,1,0,1,0,1,1,0,0,0,0,0,0
36,TELEORMAN,"ȘCOALA GIMNAZIALĂ NR.2",91,"ORAŞ ZIMNICEA",151978,1,PROV,PRCNCT,CD,CD_SV,"2021-01-21 12:30:02",1272,1255,11,6,385,368,11,6,1380,995,368,7,10,19,187,13,16,0,106,0,0,6,13,4,0,0,0,1,1,0,0,0,0,0,0,1,0,0,0,1,0
36,TELEORMAN,"CĂMINUL CULTURAL BALCI",92,BALACI,151996,2,PART,PRCNCT,CD,CD_SV,"2021-01-21 12:30:02",855,754,52,49,448,347,52,49,830,382,438,3,7,8,134,9,24,3,215,2,3,6,19,5,0,1,4,0,1,0,0,0,0,0,0,0,0,3,0,0,1
36,TELEORMAN,"CĂMINUL CULTURAL TECUCI",93,BALACI,151996,2,PART,PRCNCT,CD,CD_SV,"2021-01-21 12:30:02",618,532,43,43,330,244,43,43,591,261,315,8,7,2,132,2,7,1,129,1,4,4,14,9,0,1,4,2,0,1,0,0,0,0,1,0,0,0,1,0,0
36,TELEORMAN,"ŞCOALA GIMNAZIALĂ BĂBĂIŢA",94,BĂBĂIŢA,152038,2,PART,PRCNCT,CD,CD_SV,"2021-01-21 12:30:02",1514,1473,15,26,459,418,15,26,1630,1171,431,14,14,4,148,9,13,1,208,3,5,4,27,0,0,0,4,0,0,0,0,0,0,0,0,2,0,2,0,0,1
36,TELEORMAN,"ŞCOALA GIMNAZIALĂ MERIŞANI",95,BĂBĂIŢA,152038,1,PROV,PRCNCT,CD,CD_SV,"2021-01-21 12:30:02",903,852,21,30,333,282,21,30,940,607,322,7,4,4,124,11,4,0,159,2,2,3,12,0,1,0,0,0,0,0,0,0,0,0,0,0,0,0,0,0,0
36,TELEORMAN,"GRĂDINIŢA DE COPII CU PROGRAM NORMAL NR. 1 BECIU",96,BECIU,155083,1,PROV,PRCNCT,CD,CD_SV,"2021-01-21 12:30:02",774,763,11,0,249,238,11,0,840,591,234,3,12,13,126,24,3,0,35,3,2,3,17,0,0,0,0,0,0,0,0,0,0,1,2,1,2,0,2,0,0
36,TELEORMAN,"GRĂDINIŢA DE COPII CU PROGRAM NORMAL NR.2 SMÂRDAN",97,BECIU,155083,1,PROV,PRCNCT,CD,CD_SV,"2021-01-21 12:30:02",448,443,5,0,158,153,5,0,490,332,150,4,4,4,69,5,0,0,27,6,2,3,28,0,0,0,0,3,1,1,0,0,0,0,0,1,0,0,0,0,0
36,TELEORMAN,"CĂMINUL CULTURAL BEUCA",98,BEUCA,155092,1,PROV,PRCNCT,CD,CD_SV,"2021-01-21 12:30:02",1025,873,55,97,525,377,55,93,960,435,509,6,10,7,287,8,26,1,160,0,2,1,7,5,0,1,0,1,0,0,0,0,0,1,1,0,0,0,1,0,0
36,TELEORMAN,"CĂMINUL CULTURAL PLOPI",99,BEUCA,155092,1,PROV,PRCNCT,CD,CD_SV,"2021-01-21 12:30:02",194,154,25,15,106,66,25,15,170,64,103,2,1,3,29,1,1,0,62,1,1,0,3,1,0,0,0,0,0,0,0,0,0,0,0,1,0,0,0,0,0
36,TELEORMAN,"ŞCOALA GIMNAZIALA NR.1 BLEJEŞTI",100,BLEJEŞTI,152083,1,PROV,PRCNCT,CD,CD_SV,"2021-01-21 12:30:02",1034,997,33,4,387,350,33,4,1100,713,372,11,4,16,256,3,9,1,40,3,2,1,34,1,0,0,1,1,1,2,0,1,0,0,0,0,0,0,0,0,0
36,TELEORMAN,"GRĂDINIŢA CU PROGRAM NORMAL NR.2 BLEJEŞTI",101,BLEJEŞTI,152083,2,PART,PRCNCT,CD,CD_SV,"2021-01-21 12:30:02",877,836,32,9,407,366,32,9,920,513,402,3,2,7,309,8,11,0,35,0,1,2,25,1,0,0,0,0,0,1,0,0,0,0,1,0,1,0,0,0,0
36,TELEORMAN,"ŞCOALA GIMNAZIALĂ NR.2 BACIU COMUNA BLEJEŞTI",102,BLEJEŞTI,152083,1,PROV,PRCNCT,CD,CD_SV,"2021-01-21 12:30:02",862,834,22,6,319,291,22,6,920,601,302,10,7,17,215,6,5,0,23,1,4,3,19,3,0,0,1,1,0,0,0,0,0,1,2,0,1,0,0,0,0
36,TELEORMAN,"GRĂDINIŢA DE COPII CU PROGRAM NORMAL SERICU COMUNA BLEJEŞTI",103,BLEJEŞTI,152083,1,PROV,PRCNCT,CD,CD_SV,"2021-01-21 12:30:02",343,324,19,0,176,157,19,0,360,184,173,1,2,3,128,3,4,1,18,1,2,1,12,0,0,0,0,0,0,0,0,0,0,0,0,0,0,0,0,0,0
36,TELEORMAN,"ŞCOALA GIMNAZIALĂ BOGDANA",104,BOGDANA,152127,1,PROV,PRCNCT,CD,CD_SV,"2021-01-21 12:30:02",781,707,45,29,383,309,45,29,780,397,376,5,2,6,277,7,20,1,35,6,4,2,11,1,0,1,1,0,2,0,0,1,0,0,1,0,0,0,0,0,0
36,TELEORMAN,"GRĂDINIŢA DE COPII CU PROGRAM NORMAL NR.2 ULMENI",105,BOGDANA,152127,1,PROV,PRCNCT,CD,CD_SV,"2021-01-21 12:30:02",578,534,29,15,244,200,29,15,590,346,238,6,0,6,150,2,5,2,41,8,2,4,14,0,0,0,0,0,0,1,0,0,0,2,0,0,0,0,1,0,0
36,TELEORMAN,"DISPENSAR UMAN (HOL)",106,BOGDANA,152127,2,PART,PRCNCT,CD,CD_SV,"2021-01-21 12:30:02",615,487,86,42,375,247,86,42,540,165,359,8,8,9,292,8,8,0,24,9,0,0,7,1,0,0,0,0,0,1,0,0,0,0,0,0,0,0,0,0,0
36,TELEORMAN,"LICEUL TEHNOLOGIC ”ANDREI ŞAGUNA”",107,BOTOROAGA,152172,1,PROV,PRCNCT,CD,CD_SV,"2021-01-21 12:30:02",1122,1008,44,70,406,292,44,70,1110,704,397,4,5,8,142,0,6,0,217,1,4,1,14,1,0,1,1,0,0,0,0,0,0,0,0,0,0,0,1,0,0
36,TELEORMAN,"ŞCOALA GIMNAZIALĂ NR. 1 CĂLUGĂRU",108,BOTOROAGA,152172,1,PROV,PRCNCT,CD,CD_SV,"2021-01-21 12:30:02",720,662,19,39,290,232,19,39,730,440,286,2,2,4,81,0,3,0,198,0,0,0,0,0,0,0,0,0,0,0,0,0,0,0,0,0,0,0,0,0,0
36,TELEORMAN,"GRĂDINIŢA CU PROGRAM NORMAL NR.2",109,BOTOROAGA,152172,1,PROV,PRCNCT,CD,CD_SV,"2021-01-21 12:30:02",1115,985,52,78,521,391,52,78,1080,559,518,2,1,6,180,0,4,0,320,2,1,0,4,0,0,0,1,0,0,0,0,0,0,0,0,0,0,0,0,0,0
36,TELEORMAN,"ŞCOALA CU CLASELE I-IV TUNARI",110,BOTOROAGA,152172,1,PROV,PRCNCT,CD,CD_SV,"2021-01-21 12:30:02",160,146,7,7,74,60,7,7,160,86,71,3,0,3,18,1,1,1,45,1,0,0,1,0,0,0,0,0,0,0,0,0,0,0,0,0,0,0,0,0,0
36,TELEORMAN,"ŞCOALA GIMNAZIALĂ NR. 2",111,BOTOROAGA,152172,1,PROV,PRCNCT,CD,CD_SV,"2021-01-21 12:30:02",1299,1127,62,110,619,448,62,109,1250,631,616,2,1,2,153,0,1,0,460,0,0,0,0,0,0,0,0,0,0,0,0,0,0,0,0,0,0,0,0,0,0
36,TELEORMAN,"PRIMĂRIA VECHE",112,BRAGADIRU,152234,1,PROV,PRCNCT,CD,CD_SV,"2021-01-21 12:30:02",1094,1021,34,39,444,371,34,39,1130,686,434,6,4,0,85,2,4,0,325,4,0,4,6,3,0,0,0,0,1,0,0,0,0,0,0,0,0,0,0,0,0
36,TELEORMAN,"CĂMINUL CULTURAL",113,BRAGADIRU,152234,1,PROV,PRCNCT,CD,CD_SV,"2021-01-21 12:30:02",1037,946,53,38,479,388,53,38,1050,571,469,3,7,6,99,5,9,0,329,0,1,7,5,1,0,0,0,0,0,3,0,0,0,0,0,0,0,4,0,0,0
36,TELEORMAN,"GRĂDINIŢA CU PROGRAM NORMAL BRAGADIRU",114,BRAGADIRU,152234,1,PROV,PRCNCT,CD,CD_SV,"2021-01-21 12:30:02",1159,1087,32,40,460,388,32,40,1200,740,452,3,5,6,86,10,4,1,330,3,2,0,7,1,0,0,2,0,0,0,0,0,0,0,0,0,0,0,0,0,0
36,TELEORMAN,"ȘCOALA GIMNAZIALĂ BRÎNCENI",115,BRÂNCENI,152252,2,PART,PRCNCT,CD,CD_SV,"2021-01-21 12:30:02",668,581,49,38,346,259,49,38,640,294,336,4,6,10,123,6,7,2,171,4,2,1,3,2,0,0,1,2,0,0,1,0,0,0,1,0,0,0,0,0,0
36,TELEORMAN,"CLĂDIRE ADMINISTRATIVĂ BRÎNCENI",116,BRÂNCENI,152252,2,PART,PRCNCT,CD,CD_SV,"2021-01-21 12:30:02",1741,1665,38,38,741,665,38,38,1830,1089,712,16,13,34,202,27,26,1,365,7,8,2,26,13,0,0,0,0,1,0,0,0,0,0,0,0,0,0,0,0,0
36,TELEORMAN,"CĂMINUL CULTURAL BUJORENI",117,BUJORENI,152270,1,PROV,PRCNCT,CD,CD_SV,"2021-01-21 12:30:02",446,412,32,2,162,128,32,2,450,288,160,1,1,13,92,7,5,0,34,0,2,1,6,0,0,0,0,0,0,0,0,0,0,0,0,0,0,0,0,0,0
36,TELEORMAN,"ŞCOALA CU CLASELE I-IV PRUNARU",118,BUJORENI,152270,3,PART,PRCNCT,CD,CD_SV,"2021-01-21 12:30:02",419,341,76,2,153,75,76,2,380,227,151,2,0,26,63,2,4,0,39,0,1,2,12,1,0,0,0,0,0,0,0,0,0,0,0,0,1,0,0,0,0
36,TELEORMAN,"GRĂDINIȚA CU PROGRAM NORMAL",119,BUJORU,152314,1,PROV,PRCNCT,CD,CD_SV,"2021-01-21 12:30:02",833,793,15,25,337,299,15,23,880,543,330,5,2,20,99,7,10,1,168,1,3,4,14,1,0,0,1,0,0,0,0,0,0,0,1,0,0,0,0,0,0
36,TELEORMAN,"CĂMINUL CULTURAL",120,BUJORU,152314,1,PROV,PRCNCT,CD,CD_SV,"2021-01-21 12:30:02",706,652,23,31,312,259,23,30,720,408,298,9,5,10,100,7,15,3,144,6,1,2,6,0,0,0,0,1,0,0,0,0,0,2,0,1,0,0,0,0,0
36,TELEORMAN,"CĂMIN CULTURAL",121,BUZESCU,152332,1,PROV,PRCNCT,CD,CD_SV,"2021-01-21 12:30:02",1252,1148,39,65,521,417,39,65,1270,749,506,11,4,10,105,4,14,4,334,4,7,4,11,0,0,1,3,0,1,2,0,0,0,0,0,0,0,1,0,0,1
36,TELEORMAN,"GRĂDINIŢA CU PROGRAM NORMAL",122,BUZESCU,152332,2,PART,PRCNCT,CD,CD_SV,"2021-01-21 12:30:02",1282,1177,70,35,484,379,70,35,1290,806,469,11,4,8,93,2,5,1,337,2,5,2,6,3,0,1,1,1,0,1,1,0,0,0,0,0,0,0,0,0,0
36,TELEORMAN,"ŞCOALA GIMNAZIALĂ BUZESCU",123,BUZESCU,152332,1,PROV,PRCNCT,CD,CD_SV,"2021-01-21 12:30:02",1206,1123,30,53,531,448,30,53,1240,709,487,25,19,8,151,7,18,3,263,6,2,3,18,0,0,2,2,0,0,2,0,0,1,0,0,0,0,0,1,0,0
36,TELEORMAN,"ȘCOALA GIMNAZIALĂ CĂLINEȘTI",124,CĂLINEŞTI,152350,2,PART,PRCNCT,CD,CD_SV,"2021-01-21 12:30:02",1341,1129,94,118,789,578,94,117,1250,461,753,19,17,6,189,2,11,1,505,7,4,2,15,1,0,2,3,1,2,0,0,1,0,0,1,0,0,0,0,0,0
36,TELEORMAN,"ȘCOALA GIMNAZIALĂ LICURICIU",125,CĂLINEŞTI,152350,2,PART,PRCNCT,CD,CD_SV,"2021-01-21 12:30:02",442,371,36,35,232,161,36,35,410,178,225,5,2,2,70,2,0,0,143,1,1,1,2,1,0,0,0,0,0,1,0,0,0,0,0,0,0,1,0,0,0
36,TELEORMAN,"ȘCOALA GIMNAZIALĂ COPĂCEANCA",126,CĂLINEŞTI,152350,1,PROV,PRCNCT,CD,CD_SV,"2021-01-21 12:30:02",931,707,133,91,486,262,133,91,780,294,463,14,9,6,141,3,12,0,279,7,5,2,5,3,0,0,0,0,0,0,0,0,0,0,0,0,0,0,0,0,0
36,TELEORMAN,"ȘCOALA GIMNAZIALĂ ANTONEŞTI",127,CĂLINEŞTI,152350,1,PROV,PRCNCT,CD,CD_SV,"2021-01-21 12:30:02",282,229,27,26,155,102,27,26,260,105,151,2,2,2,57,1,2,0,82,0,0,1,3,2,0,0,0,0,0,0,0,0,0,0,1,0,0,0,0,0,0
36,TELEORMAN,"ŞCOALA GIMNAZIALĂ CĂLMĂŢUIU (FOST LOCAL AL ȘCOLII CU CLASELE I-IV)",128,CĂLMĂŢUIU,152412,1,PROV,PRCNCT,CD,CD_SV,"2021-01-21 12:30:02",594,532,62,0,302,240,62,0,590,288,293,5,4,6,51,11,27,1,179,2,1,0,7,6,0,0,0,0,0,0,1,0,0,0,1,0,0,0,0,0,0
36,TELEORMAN,"ŞCOLALA GIMNAZIALĂ CĂLMĂȚUIU (FOST LOCAL AL ȘCOLII CU CLASELE I-IV)",129,CĂLMĂŢUIU,152412,1,PROV,PRCNCT,CD,CD_SV,"2021-01-21 12:30:02",235,195,40,0,106,66,40,0,220,114,104,0,2,1,28,3,21,0,41,1,2,1,2,2,0,0,0,0,0,0,0,1,0,0,1,0,0,0,0,0,0
36,TELEORMAN,"ŞCOALA GIMNAZIALĂ CĂLMĂȚUIU ( FOST LOCAL AL ȘCOLII CU CLASELE I-IV )",130,CĂLMĂŢUIU,152412,2,PART,PRCNCT,CD,CD_SV,"2021-01-21 12:30:02",243,213,30,0,126,96,30,0,240,114,125,1,0,3,33,1,6,0,72,1,0,2,3,3,0,0,0,0,1,0,0,0,0,0,0,0,0,0,0,0,0
36,TELEORMAN,"ŞCOALA GIMNAZIALĂ CĂLMĂȚUIU ( FOST LOCAL AL ȘCOLII NICOLAE BĂLCESCU )",131,CĂLMĂŢUIU,152412,1,PROV,PRCNCT,CD,CD_SV,"2021-01-21 12:30:02",552,505,47,0,229,182,47,0,560,331,219,2,8,1,42,10,22,0,132,3,0,0,8,1,0,0,0,0,0,0,0,0,0,0,0,0,0,0,0,0,0
36,TELEORMAN,"GRĂDINIȚA DE COPII CU PROGRAM NORMAL NR.1 CĂLMĂȚUIU DE SUS",132,"CĂLMĂŢUIU DE SUS",152467,1,PROV,PRCNCT,CD,CD_SV,"2021-01-21 12:30:02",669,619,43,7,254,204,43,7,680,426,236,9,9,8,54,2,3,0,161,1,0,2,3,0,0,0,0,0,1,0,0,0,0,0,0,0,0,1,0,0,0
36,TELEORMAN,"GRĂDINIȚA DE COPII CU PROGRAM NORMAL NR. 3 IONAȘCU",133,"CĂLMĂŢUIU DE SUS",152467,1,PROV,PRCNCT,CD,CD_SV,"2021-01-21 12:30:02",299,275,19,5,109,85,19,5,300,191,106,2,1,4,31,2,5,0,56,2,0,1,1,0,0,0,1,0,0,0,0,0,0,1,1,1,0,0,0,0,0
36,TELEORMAN,"CLĂDIRE PRIMĂRIE -FOST SEDIU CAP BĂCĂLEȘTI",134,"CĂLMĂŢUIU DE SUS",152467,1,PROV,PRCNCT,CD,CD_SV,"2021-01-21 12:30:02",832,750,46,36,347,265,46,36,830,483,334,5,8,4,108,4,0,0,192,1,3,2,14,1,0,0,1,1,1,1,0,0,0,0,1,0,0,0,0,0,0
36,TELEORMAN,"ȘCOALA GIMNAZIALĂ CERVENIA",135,CERVENIA,152500,1,PROV,PRCNCT,CD,CD_SV,"2021-01-21 12:30:02",1337,1302,35,0,322,287,35,0,1440,1118,312,5,5,12,117,2,22,2,121,3,2,2,22,2,0,1,0,0,0,2,0,0,0,0,1,0,0,0,1,0,0
36,TELEORMAN,"ȘCOALA GIMNAZIALĂ CERVENIA",136,CERVENIA,152500,1,PROV,PRCNCT,CD,CD_SV,"2021-01-21 12:30:02",1111,1095,16,0,294,278,16,0,1210,916,279,7,8,5,96,4,7,0,134,2,0,0,27,0,0,0,0,0,0,1,0,0,0,0,0,1,0,1,0,1,0
36,TELEORMAN,"ŞCOALA GIMNAZIALĂ NR. 1 CIOLĂNEŞTII DIN DEAL",137,CIOLĂNEŞTI,152528,2,PART,PRCNCT,CD,CD_SV,"2021-01-21 12:30:02",795,744,17,34,241,190,17,34,820,579,232,6,3,4,89,2,21,0,97,2,3,3,9,0,0,0,1,1,0,0,0,0,0,0,0,0,0,0,0,0,0
36,TELEORMAN,"ŞCOALA GIMNAZIALĂ NR. 2 CIOLĂNEŞTII DIN DEAL",138,CIOLĂNEŞTI,152528,2,PART,PRCNCT,CD,CD_SV,"2021-01-21 12:30:02",563,519,21,23,187,143,21,23,570,383,183,2,2,5,73,7,20,1,53,2,1,2,13,2,0,0,1,0,0,0,0,1,0,0,0,0,1,0,1,0,0
36,TELEORMAN,"ŞCOALA GENERALA NR. 3 CIOLĂNEŞTII DIN VALE",139,CIOLĂNEŞTI,152528,1,PROV,PRCNCT,CD,CD_SV,"2021-01-21 12:30:02",476,451,6,19,167,143,6,18,400,233,159,3,5,6,82,2,16,1,40,2,2,0,5,1,0,0,2,0,0,0,0,0,0,0,0,0,0,0,0,0,0
36,TELEORMAN,"ŞCOALA BALDOVINEŞTI",140,CIOLĂNEŞTI,152528,1,PROV,PRCNCT,CD,CD_SV,"2021-01-21 12:30:02",343,328,8,7,120,105,8,7,370,250,120,0,0,3,43,4,20,0,41,2,4,0,3,0,0,0,0,0,0,0,0,0,0,0,0,0,0,0,0,0,0
36,TELEORMAN,"ȘCOALA GIMNAZIALĂ CIUPERCENI",141,CIUPERCENI,151709,2,PART,PRCNCT,CD,CD_SV,"2021-01-21 12:30:02",868,791,55,22,419,342,55,22,870,451,401,8,10,16,167,14,7,0,172,1,3,2,9,6,0,1,0,2,0,1,0,0,0,0,0,0,0,0,0,0,0
36,TELEORMAN,"ȘCOALA GENERALĂ POIANA",142,CIUPERCENI,151709,2,PART,PRCNCT,CD,CD_SV,"2021-01-21 12:30:02",555,479,46,30,319,243,46,30,530,211,312,4,3,9,99,3,9,1,153,4,0,4,0,26,0,0,0,0,0,1,0,1,0,0,1,0,0,0,1,0,0
36,TELEORMAN,"GRĂDINIŢA CU PROGRAM NORMAL CONŢEŞTI",143,CONŢEŞTI,152564,1,PROV,PRCNCT,CD,CD_SV,"2021-01-21 12:30:02",1491,1381,27,83,630,520,27,83,1530,900,616,8,6,27,178,8,25,2,296,1,3,3,25,22,0,0,3,0,1,19,0,0,0,1,0,0,1,1,0,0,0
36,TELEORMAN,"CĂMIN CULTURAL CONŢEŞTI",144,CONŢEŞTI,152564,1,PROV,PRCNCT,CD,CD_SV,"2021-01-21 12:30:02",1358,1245,26,87,609,496,26,87,1380,771,595,8,6,14,183,18,74,1,277,1,1,1,7,13,0,0,0,0,0,4,0,0,0,0,1,0,0,0,0,0,0
36,TELEORMAN,"ȘCOALA GIMNAZIALĂ NR.2 COSMEȘTI",145,COSMEŞTI,152582,1,PROV,PRCNCT,CD,CD_SV,"2021-01-21 12:30:02",938,842,47,49,602,507,47,48,930,328,592,6,4,7,89,11,7,0,454,1,3,1,14,0,0,0,0,0,3,0,0,0,0,1,1,0,0,0,0,0,0
36,TELEORMAN,"ŞCOLA GIMNAZIALĂ NR. 1 CIUPERCENI",146,COSMEŞTI,152582,1,PROV,PRCNCT,CD,CD_SV,"2021-01-21 12:30:02",1212,1149,27,36,552,489,27,36,1270,718,536,16,0,14,85,32,3,1,378,0,3,4,9,0,0,0,1,1,3,0,0,0,0,0,1,0,0,0,1,0,0
36,TELEORMAN,"ȘCOALA GIMNAZIALĂ",147,CRÂNGENI,152617,1,PROV,PRCNCT,CD,CD_SV,"2021-01-21 12:30:02",1174,1144,10,20,329,299,10,20,1260,931,314,9,6,8,109,15,9,1,145,2,3,0,17,2,0,0,0,1,1,0,0,0,0,0,0,0,0,0,0,0,1
36,TELEORMAN,"CLĂDIRE PRIMĂRIE -FOSTA ŞCOALĂ CU CLASELE I-VIII BALTA SĂRATĂ",148,CRÂNGENI,152617,2,PART,PRCNCT,CD,CD_SV,"2021-01-21 12:30:02",618,589,14,15,173,144,14,15,650,477,168,4,1,2,73,3,3,0,73,3,2,3,3,0,0,0,1,1,0,0,0,0,0,0,0,0,1,0,0,0,0
36,TELEORMAN,"CLĂDIRE PRIMĂRIE FOSTA ŞCOALĂ CU CLASELE I-IV DOROBANŢU",149,CRÂNGENI,152617,1,PROV,PRCNCT,CD,CD_SV,"2021-01-21 12:30:02",224,213,11,0,77,66,11,0,230,153,67,10,0,1,24,4,16,0,22,0,0,0,0,0,0,0,0,0,0,0,0,0,0,0,0,0,0,0,0,0,0
36,TELEORMAN,"CLĂDIRE PRIMĂRIE FOSTA ŞCOALĂ CU CLASELE I-IV STEJARU",150,CRÂNGENI,152617,1,PROV,PRCNCT,CD,CD_SV,"2021-01-21 12:30:02",192,158,34,0,86,52,34,0,170,84,81,1,4,1,27,2,2,0,40,0,0,0,7,0,0,0,2,0,0,0,0,0,0,0,0,0,0,0,0,0,0
36,TELEORMAN,"CĂMINUL CULTURAL DIN SATUL CRÂNGU",151,CRÂNGU,152662,1,PROV,PRCNCT,CD,CD_SV,"2021-01-21 12:30:02",1340,842,421,77,840,342,421,77,920,80,820,14,6,10,709,4,13,3,57,5,3,0,9,1,0,1,0,1,0,1,0,1,0,0,1,0,1,0,0,0,0
36,TELEORMAN,"SEDIUL ADMINISTRATIV DIN SATUL SECARA",152,CRÂNGU,152662,1,PROV,PRCNCT,CD,CD_SV,"2021-01-21 12:30:02",411,275,104,32,270,134,104,32,300,30,262,4,4,5,168,2,2,2,60,1,3,2,12,2,0,0,0,1,0,1,0,0,0,0,0,0,0,0,1,0,0
36,TELEORMAN,"GRĂDINIŢA CU PROGRAM NORMAL NR. 1 CREVENICU",153,CREVENICU,151932,2,PART,PRCNCT,CD,CD_SV,"2021-01-21 12:30:02",798,687,66,45,407,297,65,45,760,353,395,6,6,19,94,13,9,1,227,0,0,3,24,1,0,1,1,0,1,0,0,0,0,0,0,0,0,1,0,0,0
36,TELEORMAN,"CĂMINUL CULTURAL RĂDULEŞTI",154,CREVENICU,151932,1,PROV,PRCNCT,CD,CD_SV,"2021-01-21 12:30:02",460,420,30,10,196,156,30,10,460,264,194,1,1,7,76,3,6,1,90,1,0,0,8,0,0,0,0,1,0,0,0,0,0,1,0,0,0,0,0,0,0
36,TELEORMAN,"CĂMINUL CULTURAL DIDEȘTI",155,DIDEŞTI,152724,1,PROV,PRCNCT,CD,CD_SV,"2021-01-21 12:30:02",994,927,50,17,483,416,50,17,1020,537,467,11,5,3,123,22,5,0,253,6,1,1,18,19,1,1,1,0,0,8,1,0,0,1,1,2,0,0,0,0,0
36,TELEORMAN,"ȘCOALA GIMNAZIALĂ NR.1",156,DOBROTEŞTI,152760,1,PROV,PRCNCT,CD,CD_SV,"2021-01-21 12:30:02",1308,1281,27,0,403,376,27,0,1410,1007,390,6,7,24,110,8,2,1,215,7,3,2,15,1,0,0,0,0,0,1,0,0,0,0,0,0,1,0,0,0,0
36,TELEORMAN,"CENTRUL DE ÎNGRIJIRE DE ZI PENTRU COPIII ÎN SITUAȚII DE RISC ÎN COMUNA DOBROTEȘTI",157,DOBROTEŞTI,152760,1,PROV,PRCNCT,CD,CD_SV,"2021-01-21 12:30:02",1309,1288,21,0,326,305,21,0,1420,1094,309,11,6,45,87,13,15,0,131,0,3,2,10,0,0,1,0,0,0,0,0,0,0,0,0,0,0,2,0,0,0
36,TELEORMAN,"ȘCOALA GIMNAZIALĂ NR. 2",158,DOBROTEŞTI,152760,1,PROV,PRCNCT,CD,CD_SV,"2021-01-21 12:30:02",938,922,8,8,256,240,8,8,1020,764,246,5,5,5,104,9,9,2,73,1,5,3,25,3,0,0,1,0,1,1,0,0,0,0,1,2,0,0,0,1,0
36,TELEORMAN,"GRĂDINIŢA CU PROGRAM NORMAL DRACEA",159,DRACEA,155109,1,PROV,PRCNCT,CD,CD_SV,"2021-01-21 12:30:02",1170,1021,93,56,478,329,93,56,1130,652,458,7,13,5,119,7,7,1,297,3,3,2,5,2,1,0,1,0,2,0,0,0,0,1,0,0,0,0,1,1,0
36,TELEORMAN,"ŞCOALA GENERALĂ ZLATA",160,DRACEA,155109,1,PROV,PRCNCT,CD,CD_SV,"2021-01-21 12:30:02",78,57,18,3,50,29,18,3,60,10,49,1,0,1,17,1,3,0,22,1,0,1,1,0,0,0,0,0,0,0,1,0,1,0,0,0,0,0,0,0,0
36,TELEORMAN,"CĂMINUL CULTURAL FLORICA",161,DRACEA,155109,1,PROV,PRCNCT,CD,CD_SV,"2021-01-21 12:30:02",226,162,46,18,146,82,46,18,180,34,141,3,2,1,40,2,5,0,84,1,1,0,6,0,0,0,0,0,0,0,0,0,0,0,0,0,1,0,0,0,0
36,TELEORMAN,"ŞCOALA CU CLASELE I-IV DRĂCŞENEI",162,DRĂCŞENEI,152797,1,PROV,PRCNCT,CD,CD_SV,"2021-01-21 12:30:02",595,581,7,7,167,153,7,7,640,473,155,8,4,12,91,1,8,0,29,1,0,1,8,3,0,0,0,0,0,1,0,0,0,0,0,0,0,0,0,0,0
36,TELEORMAN,"ŞCOALA GIMNAZIALĂ DRĂCŞANI",163,DRĂCŞENEI,152797,2,PART,PRCNCT,CD,CD_SV,"2021-01-21 12:30:02",335,309,20,6,128,102,20,6,340,212,122,4,2,9,65,1,1,1,38,0,0,1,3,2,0,0,0,0,0,0,0,0,0,0,0,0,0,0,1,0,0
36,TELEORMAN,"ŞCOALA CU CLASELE I-IV ODOBEASCA",164,DRĂCŞENEI,152797,2,PART,PRCNCT,CD,CD_SV,"2021-01-21 12:30:02",439,420,10,9,161,142,10,9,460,299,152,4,5,6,95,1,5,0,37,2,1,0,4,0,0,0,0,0,1,0,0,0,0,0,0,0,0,0,0,0,0
36,TELEORMAN,"ŞCOALA GİMNAZİALĂ DRĂGĂNEŞTİ DE VEDE",165,"DRĂGĂNEŞTI DE VEDE",152868,1,PROV,PRCNCT,CD,CD_SV,"2021-01-21 12:30:02",1318,1144,148,26,597,423,148,26,1260,663,583,10,4,25,160,8,10,2,340,6,3,3,19,2,0,0,0,0,0,1,0,0,0,0,2,1,0,0,0,0,1
36,TELEORMAN,"GRĂDİNİŢA CU PROGRAM NORMAL NR.2",166,"DRĂGĂNEŞTI DE VEDE",152868,1,PROV,PRCNCT,CD,CD_SV,"2021-01-21 12:30:02",598,542,45,11,270,214,45,11,600,330,259,6,5,12,57,2,4,0,158,2,4,3,12,0,0,0,1,0,1,1,0,0,0,0,0,0,0,1,1,0,0
36,TELEORMAN,"LICEUL TEHNOLOGIC DRĂGĂNEŞTI VLAŞCA",167,DRĂGĂNEŞTI-VLAŞCA,152902,1,PROV,PRCNCT,CD,CD_SV,"2021-01-21 12:30:02",1898,1664,140,94,884,650,140,94,1800,916,874,6,4,2,120,3,1,5,721,2,4,1,15,0,0,0,0,0,0,0,0,0,0,0,0,0,0,0,0,0,0
36,TELEORMAN,"ŞCOALA GIMNAZIALĂ DRĂGĂNEŞTI VLAŞCA",168,DRĂGĂNEŞTI-VLAŞCA,152902,1,PROV,PRCNCT,CD,CD_SV,"2021-01-21 12:30:02",1341,1031,267,43,633,323,267,43,1130,497,622,8,3,12,85,6,11,1,485,1,4,1,11,1,0,1,2,0,0,0,0,0,0,0,0,0,1,0,0,0,0
36,TELEORMAN,"ȘCOALA CU CLASELE I - IV VĂCENI",169,DRĂGĂNEŞTI-VLAŞCA,152902,1,PROV,PRCNCT,CD,CD_SV,"2021-01-21 12:30:02",255,192,62,1,125,62,62,1,210,85,122,2,1,2,22,2,1,1,90,0,0,1,3,0,0,0,0,0,0,0,0,0,0,0,0,0,0,0,0,0,0
36,TELEORMAN,"ȘCOALA CU CLASELE I-IV COMOARA",170,DRĂGĂNEŞTI-VLAŞCA,152902,1,PROV,PRCNCT,CD,CD_SV,"2021-01-21 12:30:02",422,332,85,5,234,144,85,5,370,136,231,1,2,2,38,2,5,1,178,0,0,0,4,0,0,0,0,0,0,0,0,0,0,0,1,0,0,0,0,0,0
36,TELEORMAN,"ŞCOALA GIMNAZIALĂ FÂNTÂNELE",171,FÂNTÂNELE,155118,1,PROV,PRCNCT,CD,CD_SV,"2021-01-21 12:30:02",1344,1268,60,16,532,456,60,16,1400,868,516,7,9,12,337,10,14,4,115,3,5,2,5,5,0,0,0,0,1,0,0,0,0,0,1,0,0,1,1,0,0
36,TELEORMAN,"LOCALUL ŞCOLII GIMNAZIALE FRĂSINET",172,FRĂSINET,155127,1,PROV,PRCNCT,CD,CD_SV,"2021-01-21 12:30:02",1553,1450,61,42,567,464,61,42,1600,1033,550,8,9,15,145,25,52,0,285,1,1,0,21,1,0,0,2,1,0,0,0,0,0,1,0,0,0,0,0,0,0
36,TELEORMAN,"LOCALUL GRĂDINIŢEI CLĂNIŢA",173,FRĂSINET,155127,1,PROV,PRCNCT,CD,CD_SV,"2021-01-21 12:30:02",580,537,15,28,257,214,15,28,590,333,257,0,0,3,72,14,15,0,144,0,0,0,9,0,0,0,0,0,0,0,0,0,0,0,0,0,0,0,0,0,0
36,TELEORMAN,"CĂMINUL CULTURAL FRUMOASA",174,FRUMOASA,152993,1,PROV,PRCNCT,CD,CD_SV,"2021-01-21 12:30:02",800,742,38,20,342,284,38,20,820,478,330,8,4,7,211,6,23,0,59,3,3,2,12,3,0,0,0,0,0,0,0,0,0,0,0,0,0,0,1,0,0
36,TELEORMAN,"GRĂDINIȚA CU PROGRAM NORMAL NR. 2 FRUMOASA",175,FRUMOASA,152993,1,PROV,PRCNCT,CD,CD_SV,"2021-01-21 12:30:02",507,461,36,10,234,188,36,10,510,276,228,0,6,3,159,5,13,0,30,4,1,3,8,0,0,0,1,1,0,0,0,0,0,0,0,0,0,0,0,0,0
36,TELEORMAN,"GRĂDINIȚA CU PROGRAM NORMAL NR. 2 PĂULEASCA",176,FRUMOASA,152993,1,PROV,PRCNCT,CD,CD_SV,"2021-01-21 12:30:02",444,402,40,2,210,168,40,2,440,230,207,2,1,5,88,2,15,2,69,1,3,4,18,0,0,0,0,0,0,0,0,0,0,0,0,0,0,0,0,0,0
36,TELEORMAN,"ŞCOALA GIMNAZIALĂ FURCULEŞTI",177,FURCULEŞTI,152948,1,PROV,PRCNCT,CD,CD_SV,"2021-01-21 12:30:02",1457,1396,61,0,470,409,61,0,1540,1070,441,18,11,6,162,7,12,1,238,3,1,1,7,0,0,0,0,0,0,0,0,0,0,1,1,1,0,0,0,0,0
36,TELEORMAN,"ŞCOALA CU CLASELE I - VIII SPĂTĂREI",178,FURCULEŞTI,152948,1,PROV,PRCNCT,CD,CD_SV,"2021-01-21 12:30:02",838,803,35,0,290,255,35,0,890,600,280,5,5,13,138,3,4,0,109,3,2,1,4,1,0,0,0,0,1,0,0,0,0,1,0,0,0,0,0,0,0
36,TELEORMAN,"GRĂDINIŢA CU PROGRAM NORMAL VOIEVODA",179,FURCULEŞTI,152948,1,PROV,PRCNCT,CD,CD_SV,"2021-01-21 12:30:02",529,506,23,0,188,165,23,0,560,372,187,0,1,7,80,4,7,0,77,3,2,0,5,0,0,0,1,1,0,0,0,0,0,0,0,0,0,0,0,0,0
36,TELEORMAN,"ŞCOALA PRIMARĂ GĂLĂTENI",180,GĂLĂTENI,153026,5,PART,PRCNCT,CD,CD_SV,"2021-01-21 12:30:02",1317,1208,75,34,637,528,75,34,1330,693,620,14,3,6,193,4,15,4,348,5,6,3,32,0,0,0,4,0,0,0,0,0,0,0,0,0,0,0,0,0,0
36,TELEORMAN,"ŞCOALA GIMNAZIALĂ GĂLĂTENI",181,GĂLĂTENI,153026,1,PROV,PRCNCT,CD,CD_SV,"2021-01-21 12:30:02",875,795,48,32,435,355,48,32,880,445,419,16,0,4,121,8,13,0,254,0,6,2,11,0,0,0,0,0,0,0,0,0,0,0,0,0,0,0,0,0,0
36,TELEORMAN,"GRĂDINIȚA CU PROGRAM NORMAL NR. 1",182,GRATIA,153062,2,PART,PRCNCT,CD,CD_SV,"2021-01-21 12:30:02",976,939,24,13,359,322,24,13,1040,681,342,11,6,16,270,0,5,1,24,4,1,2,18,0,0,0,0,0,0,0,0,0,0,0,1,0,0,0,0,0,0
36,TELEORMAN,"ȘCOALA GIMNAZIALĂ GRATIA",183,GRATIA,153062,2,PART,PRCNCT,CD,CD_SV,"2021-01-21 12:30:02",1170,1120,44,6,400,350,44,6,1240,840,389,7,4,20,284,10,3,1,43,1,3,2,20,2,0,0,0,0,0,0,0,0,0,0,0,0,0,0,0,0,0
36,TELEORMAN,"CĂMINUL CULTURAL",184,ISLAZ,151736,2,PART,PRCNCT,CD,CD_SV,"2021-01-21 12:30:02",1172,1128,30,14,385,341,30,14,1250,865,369,8,8,20,211,2,23,0,76,4,1,7,19,1,0,0,2,1,2,0,0,0,0,0,0,0,0,0,0,0,0
36,TELEORMAN,"GRĂDINIȚA CU PROGRAM NORMAL NR. 2",185,ISLAZ,151736,1,PROV,PRCNCT,CD,CD_SV,"2021-01-21 12:30:02",1582,1535,36,11,519,472,36,11,1690,1171,492,14,13,17,271,8,20,3,121,3,3,1,37,0,1,0,0,1,0,0,0,0,0,1,0,1,2,1,1,0,0
36,TELEORMAN,"ŞCOALA GIMNAZIALĂ NR. 1 ISLAZ",186,ISLAZ,151736,1,PROV,PRCNCT,CD,CD_SV,"2021-01-21 12:30:02",724,698,19,7,217,191,19,7,770,553,208,6,3,7,133,4,9,0,39,4,0,1,8,1,0,0,0,0,0,1,0,0,0,0,1,0,0,0,0,0,0
36,TELEORMAN,"ŞCOALA GENERALĂ MOLDOVENI",187,ISLAZ,151736,1,PROV,PRCNCT,CD,CD_SV,"2021-01-21 12:30:02",769,744,23,2,240,215,23,2,820,580,231,6,3,13,143,11,7,1,44,0,3,2,5,0,0,0,0,0,0,1,0,0,0,0,0,0,1,0,0,0,0
36,TELEORMAN,"GRĂDINIŢA DE COPII IZVOARELE",188,IZVOARELE,153106,1,PROV,PRCNCT,CD,CD_SV,"2021-01-21 12:30:02",1123,1089,22,12,323,289,22,12,1200,877,316,7,0,16,156,12,35,0,65,5,1,5,14,1,0,0,0,0,0,0,0,0,0,0,1,1,0,4,0,0,0
36,TELEORMAN,"GRĂDINIŢA DE COPII IZVOARELE",189,IZVOARELE,153106,1,PROV,PRCNCT,CD,CD_SV,"2021-01-21 12:30:02",943,916,26,1,290,263,26,1,1010,720,280,4,6,9,146,6,14,2,77,1,1,1,14,6,0,0,0,0,0,0,0,0,0,0,0,0,0,3,0,0,0
36,TELEORMAN,"PRIMĂRIA LISA",190,LISA,153124,1,PROV,PRCNCT,CD,CD_SV,"2021-01-21 12:30:02",1349,1238,41,70,539,428,41,70,1370,831,526,6,7,9,114,2,8,1,377,0,2,3,8,0,0,0,0,1,0,0,0,0,0,1,0,0,0,0,0,0,0
36,TELEORMAN,"GRĂDINIŢA VÂNĂTORI",191,LISA,153124,2,PART,PRCNCT,CD,CD_SV,"2021-01-21 12:30:02",580,503,30,47,287,210,30,47,550,263,279,2,6,1,65,2,2,1,199,0,0,1,7,0,0,0,0,0,0,0,0,0,0,0,1,0,0,0,0,0,0
36,TELEORMAN,"ȘCOALA GIMNAZIALĂ LIȚA",192,LIŢA,151763,2,PART,PRCNCT,CD,CD_SV,"2021-01-21 12:30:02",1112,1054,52,6,435,377,52,6,1160,725,425,6,4,21,129,20,7,1,213,5,1,4,20,1,1,0,0,0,0,0,0,0,0,0,0,1,0,1,0,0,0
36,TELEORMAN,"GRĂDINIȚA CU PROGRAM NORMAL NR. 2",193,LIŢA,151763,2,PART,PRCNCT,CD,CD_SV,"2021-01-21 12:30:02",1105,1072,31,2,322,289,31,2,1180,858,308,9,5,9,134,11,14,0,111,3,2,4,18,0,0,0,0,0,1,0,0,0,0,0,0,0,0,0,0,0,1
36,TELEORMAN,"ȘCOALA GIMNAZIALĂ NUMĂRUL 1 LUNCA",194,LUNCA,153151,1,PROV,PRCNCT,CD,CD_SV,"2021-01-21 12:30:02",1026,905,91,30,417,296,91,30,1000,583,397,11,9,8,105,18,32,0,195,7,2,4,13,0,0,0,2,3,1,2,1,1,0,1,0,1,1,0,0,0,0
36,TELEORMAN,"GRĂDINIȚA CU PROGRAM NORMAL NUMĂRUL 1 LUNCA",195,LUNCA,153151,2,PART,PRCNCT,CD,CD_SV,"2021-01-21 12:30:02",628,563,41,24,283,218,41,24,620,337,278,1,4,7,100,11,31,2,111,5,1,2,5,1,0,0,1,0,1,0,0,0,0,0,0,0,0,0,0,0,0
36,TELEORMAN,"ȘCOALA GIMNAZIALĂ NUMĂRUL 2 PRUNDU",196,LUNCA,153151,1,PROV,PRCNCT,CD,CD_SV,"2021-01-21 12:30:02",1200,1192,8,0,379,371,8,0,1310,931,356,23,0,0,137,1,3,1,188,1,1,4,7,2,0,1,1,1,1,3,0,0,0,1,1,2,0,0,0,0,0
36,TELEORMAN,"ŞCOALA GIMNAZIALĂ MAVRODIN",197,MAVRODIN,153204,1,PROV,PRCNCT,CD,CD_SV,"2021-01-21 12:30:02",1122,1029,82,11,487,394,82,11,1140,653,471,6,10,4,122,11,23,0,275,6,3,5,13,2,0,1,2,0,1,0,0,0,0,1,2,0,0,0,0,0,0
36,TELEORMAN,"ŞCOALA GIMNAZIALĂ MAVRODIN",198,MAVRODIN,153204,1,PROV,PRCNCT,CD,CD_SV,"2021-01-21 12:30:02",1043,923,112,8,467,347,112,8,1020,553,458,7,2,9,127,8,23,2,257,3,4,1,15,3,0,0,0,0,1,0,0,0,0,0,0,4,0,0,0,0,1
36,TELEORMAN,"CĂMINUL CULTURAL MĂGURA",199,MĂGURA,153240,1,PROV,PRCNCT,CD,CD_SV,"2021-01-21 12:30:02",1494,1391,50,53,583,480,50,53,1540,957,565,13,5,13,306,22,26,1,151,7,6,7,17,2,0,0,2,0,0,0,2,2,0,0,0,0,1,0,0,0,0
36,TELEORMAN,"CĂMINUL CULTURAL GURUIENI",200,MĂGURA,153240,1,PROV,PRCNCT,CD,CD_SV,"2021-01-21 12:30:02",811,759,23,29,342,290,23,29,840,498,337,5,0,7,218,7,5,0,80,4,0,5,8,1,0,0,0,0,0,0,0,0,0,0,0,0,0,0,2,0,0
36,TELEORMAN,"SCOALA GIMNAZIALA NR.1",201,MĂLDĂENI,153277,1,PROV,PRCNCT,CD,CD_SV,"2021-01-21 12:30:02",1194,1163,26,5,340,309,26,5,1280,940,333,5,2,11,205,5,21,1,44,6,2,6,28,2,0,0,2,0,0,0,0,0,0,0,0,0,0,0,0,0,0
36,TELEORMAN,"GRADINITA CU PROGRAM NORMAL NR.1",202,MĂLDĂENI,153277,1,PROV,PRCNCT,CD,CD_SV,"2021-01-21 12:30:02",942,930,9,3,292,280,9,3,1030,738,281,9,2,9,186,5,6,2,44,3,5,0,16,3,0,0,0,1,0,0,0,1,0,0,0,0,0,0,0,0,0
36,TELEORMAN,"GRADINITA CU PROGRAM NORMAL NR.2",203,MĂLDĂENI,153277,1,PROV,PRCNCT,CD,CD_SV,"2021-01-21 12:30:02",1287,1266,15,6,400,379,15,6,1400,1000,386,9,5,16,221,8,4,2,97,4,1,2,24,3,1,0,2,0,0,0,1,0,0,0,0,0,0,0,0,0,0
36,TELEORMAN,"ŞCOALA GIMNAZIALĂ NR. 2, CERNETU",204,MÂRZĂNEŞTI,153339,2,PART,PRCNCT,CD,CD_SV,"2021-01-21 12:30:02",1188,1065,84,39,571,448,84,39,1170,599,554,10,7,13,167,34,13,2,302,2,1,3,12,0,0,0,4,0,0,0,0,0,0,0,0,1,0,0,0,0,0
36,TELEORMAN,"GRĂDINIŢA CU PROGRAM NORMAL NR.3 VALEA PĂRULUI",205,MÂRZĂNEŞTI,153339,2,PART,PRCNCT,CD,CD_SV,"2021-01-21 12:30:02",703,633,55,15,269,199,55,15,700,431,263,3,3,7,87,14,10,0,122,4,2,2,10,0,0,1,0,0,0,1,0,0,0,0,0,0,1,1,1,0,0
36,TELEORMAN,"ŞCOALA GIMNAZIALĂ NR.1 MÎRZĂNEŞTI",206,MÂRZĂNEŞTI,153339,1,PROV,PRCNCT,CD,CD_SV,"2021-01-21 12:30:02",564,500,50,14,266,202,50,14,550,284,263,1,2,10,58,9,7,1,165,0,1,1,9,1,0,1,0,0,0,0,0,0,0,0,0,0,0,0,0,0,0
36,TELEORMAN,"ŞCOALA GIMNAZIALĂ TELEORMANU",207,MÂRZĂNEŞTI,153339,1,PROV,PRCNCT,CD,CD_SV,"2021-01-21 12:30:02",788,715,41,32,290,217,41,32,790,500,282,6,2,11,106,6,12,0,127,1,1,0,17,0,0,0,1,0,0,0,0,0,0,0,0,0,0,0,0,0,0
36,TELEORMAN,"SCOALA GIMNAZIALĂ CU CLASELE I-VIII MERENII DE JOS",208,MERENI,153295,2,PART,PRCNCT,CD,CD_SV,"2021-01-21 12:30:02",1279,1242,21,16,552,515,21,16,1370,818,538,7,7,10,56,4,6,2,428,0,1,1,25,1,0,0,0,0,0,0,0,0,1,1,0,0,0,0,1,1,0
36,TELEORMAN,"SCOALA GENERALĂ CU CLASELE I-VIII",209,MERENI,153295,1,PROV,PRCNCT,CD,CD_SV,"2021-01-21 12:30:02",805,785,10,10,225,205,10,10,860,635,219,4,2,2,56,2,4,0,140,1,2,1,11,0,0,0,0,0,0,0,0,0,0,0,0,0,0,0,0,0,0
36,TELEORMAN,"ȘCOALA GIMNAZIALĂ MOȘTENI",210,MOŞTENI,153384,2,PART,PRCNCT,CD,CD_SV,"2021-01-21 12:30:02",720,619,38,63,366,265,38,63,680,314,362,4,0,3,31,3,3,0,305,1,1,3,8,0,0,0,2,0,0,0,0,0,0,1,1,0,0,0,0,0,0
36,TELEORMAN,"ŞCOALA GIMNAZIALĂ MOŞTENI",211,MOŞTENI,153384,2,PART,PRCNCT,CD,CD_SV,"2021-01-21 12:30:02",646,522,58,66,344,220,58,66,580,236,336,8,0,4,21,3,1,0,291,1,1,0,11,1,0,0,0,0,0,0,0,0,0,1,1,0,0,0,0,0,0
36,TELEORMAN,"ȘCOALA GIMNAZIALĂ NANOV",212,NANOV,151816,2,PART,PRCNCT,CD,CD_SV,"2021-01-21 12:30:02",1725,1667,58,0,585,527,58,0,1820,1235,574,7,4,27,260,8,17,0,213,4,7,4,26,3,0,0,1,2,2,0,0,0,0,0,0,0,0,0,0,0,0
36,TELEORMAN,"GRĂDINIŢA CU PROGRAM NORMAL NR. 2 NANOV",213,NANOV,151816,2,PART,PRCNCT,CD,CD_SV,"2021-01-21 12:30:02",1418,1380,38,0,456,418,38,0,1520,1064,446,6,4,17,157,16,14,1,202,2,3,5,19,3,0,0,1,1,3,0,0,0,0,0,0,0,0,0,0,0,2
36,TELEORMAN,"ȘCOALA GIMNAZIALĂ NĂSTURELU",214,NĂSTURELU,153400,1,PROV,PRCNCT,CD,CD_SV,"2021-01-21 12:30:02",1253,1231,17,5,466,444,17,5,1360,894,449,15,2,10,214,4,2,0,155,5,4,0,51,0,0,0,1,0,2,0,0,0,0,0,0,0,0,1,0,0,0
36,TELEORMAN,"ȘCOALA GIMNAZIALĂ ZIMNICELE",215,NĂSTURELU,153400,1,PROV,PRCNCT,CD,CD_SV,"2021-01-21 12:30:02",799,780,19,0,277,258,19,0,860,583,272,3,2,8,206,4,6,1,27,3,2,0,14,0,0,0,0,0,1,0,0,0,0,0,0,0,0,0,0,0,0
36,TELEORMAN,"LOCALUL ŞCOLII CU CLASELE I-IV NECŞEŞTI",216,NECŞEŞTI,153437,2,PART,PRCNCT,CD,CD_SV,"2021-01-21 12:30:02",492,434,42,16,238,182,42,14,480,242,232,6,0,5,173,12,2,2,34,2,0,1,1,0,0,0,0,0,0,0,0,0,0,0,0,0,0,0,0,0,0
36,TELEORMAN,"LOCALUL ŞCOLII CU CLASELE I-VIII GÂRDEŞTI",217,NECŞEŞTI,153437,1,PROV,PRCNCT,CD,CD_SV,"2021-01-21 12:30:02",432,411,14,7,150,129,14,7,450,300,145,3,2,3,92,1,16,1,18,0,2,3,7,0,0,0,0,0,1,0,0,0,0,0,0,1,0,0,0,0,0
36,TELEORMAN,"ȘCOALA GIMNAZIALĂ NENCIULEȘTI",218,NENCIULEŞTI,154996,1,PROV,PRCNCT,CD,CD_SV,"2021-01-21 12:30:02",726,679,46,1,265,218,46,1,750,485,247,9,9,6,81,4,11,1,126,2,3,2,4,1,0,0,2,0,0,0,0,0,0,0,0,1,2,0,0,0,1
36,TELEORMAN,"GRĂDINIȚA CU PROGRAM NORMAL NR. 1 NENCIULEȘTI",219,NENCIULEŞTI,154996,1,PROV,PRCNCT,CD,CD_SV,"2021-01-21 12:30:02",784,760,19,5,331,307,19,5,840,509,316,5,10,3,116,6,5,2,159,7,1,3,7,0,0,1,0,0,1,0,0,0,0,1,1,0,2,0,0,0,1
36,TELEORMAN,"GRĂDINIȚA CU PROGRAM NORMAL NR. 2 PĂRU ROTUND",220,NENCIULEŞTI,154996,1,PROV,PRCNCT,CD,CD_SV,"2021-01-21 12:30:02",494,466,24,4,227,199,24,4,510,283,221,6,0,2,78,4,1,0,124,2,0,1,7,0,0,0,0,0,0,1,0,0,0,0,0,1,0,0,0,0,0
36,TELEORMAN,"ŞCOALA GIMNAZIALĂ NR.1 OLTENI",221,OLTENI,153473,2,PART,PRCNCT,CD,CD_SV,"2021-01-21 12:30:02",1498,1466,32,0,547,515,32,0,1610,1063,547,0,0,22,144,0,0,0,372,0,0,1,8,0,0,0,0,0,0,0,0,0,0,0,0,0,0,0,0,0,0
36,TELEORMAN,"ŞCOALA GIMNAZIALĂ NR.2 PERII-BROŞTENI",222,OLTENI,153473,1,PROV,PRCNCT,CD,CD_SV,"2021-01-21 12:30:02",873,857,16,0,330,314,16,0,950,620,326,2,2,9,65,7,10,3,223,0,0,1,8,0,0,0,0,0,0,0,0,0,0,0,0,0,0,0,0,0,0
36,TELEORMAN,"ŞCOALA GIMNAZIALÃ NR. 2 ORBEASCA DE JOS ( CORP A)",223,ORBEASCA,153507,1,PROV,PRCNCT,CD,CD_SV,"2021-01-21 12:30:02",938,919,11,8,244,225,11,8,1020,776,238,4,2,8,162,7,6,0,29,2,1,1,18,2,0,0,0,0,0,0,0,0,1,0,0,0,0,0,1,0,0
36,TELEORMAN,"ŞCOALA GIMNAZIALÃ NR. 2 ORBEASCA DE JOS (CORP A)",224,ORBEASCA,153507,1,PROV,PRCNCT,CD,CD_SV,"2021-01-21 12:30:02",865,829,19,17,248,212,19,17,910,662,239,4,5,14,149,13,6,2,37,4,3,3,7,0,0,0,0,0,0,1,0,0,0,0,0,0,0,0,0,0,0
36,TELEORMAN,"ŞCOALA GIMNAZIALÃ NR. 1 ORBEASCA DE SUS (CORP B)",225,ORBEASCA,153507,3,PART,PRCNCT,CD,CD_SV,"2021-01-21 12:30:02",1110,1069,23,18,319,278,23,18,1170,851,313,4,2,19,210,25,6,1,32,3,3,1,13,0,0,0,0,0,0,0,0,0,0,0,0,0,0,0,0,0,0
36,TELEORMAN,"ŞCOALA GIMNAZIALÃ NR. 1 ORBEASCA DE SUS (CORP B)",226,ORBEASCA,153507,2,PART,PRCNCT,CD,CD_SV,"2021-01-21 12:30:02",1311,1271,19,21,422,382,19,21,1400,978,404,11,7,23,293,4,13,3,42,5,1,2,16,0,0,0,0,1,1,0,0,0,0,0,0,0,0,0,0,0,0
36,TELEORMAN,"ŞCOALA GIMNAZIALÃ NR.3 LACENI (CORP A)",227,ORBEASCA,153507,2,PART,PRCNCT,CD,CD_SV,"2021-01-21 12:30:02",883,865,11,7,219,201,11,7,950,731,214,5,0,10,135,5,4,1,48,4,1,1,5,0,0,0,0,0,0,0,0,0,0,0,0,0,0,0,0,0,0
36,TELEORMAN,"ŞCOALA GIMNAZIALÃ NR.3 LACENI (CORP A)",228,ORBEASCA,153507,2,PART,PRCNCT,CD,CD_SV,"2021-01-21 12:30:02",1069,1045,14,10,251,227,14,10,1150,899,240,3,8,18,145,3,14,2,44,0,1,2,8,1,0,0,0,1,0,0,0,0,0,1,0,0,0,0,0,0,0
36,TELEORMAN,"ŞCOALA GIMNAZIALĂ ”GRIGORE DIMITRIE GHICA” PERETU",229,PERETU,153543,1,PROV,PRCNCT,CD,CD_SV,"2021-01-21 12:30:02",999,987,12,0,264,252,12,0,1090,826,259,3,2,6,120,23,4,0,90,2,0,0,9,3,0,0,0,0,0,1,0,1,0,0,0,0,0,0,0,0,0
36,TELEORMAN,"ŞCOALA GIMNAZIALĂ ”GRIGORE DIMITRIE GHICA” PERETU",230,PERETU,153543,1,PROV,PRCNCT,CD,CD_SV,"2021-01-21 12:30:02",1159,1149,10,0,299,289,10,0,1270,971,295,2,2,11,199,14,8,1,48,2,0,0,9,2,0,0,0,0,0,1,0,0,0,0,0,0,0,0,0,0,0
36,TELEORMAN,"CĂMINUL CULTURAL PERETU",231,PERETU,153543,1,PROV,PRCNCT,CD,CD_SV,"2021-01-21 12:30:02",1315,1310,5,0,341,336,5,0,1440,1099,331,7,3,6,175,28,11,0,85,0,3,2,14,5,0,0,0,1,1,0,0,0,0,0,0,0,0,0,0,0,0
36,TELEORMAN,"GRĂDINIŢA CU PROGRAM NORMAL PERETU",232,PERETU,153543,1,PROV,PRCNCT,CD,CD_SV,"2021-01-21 12:30:02",1352,1337,15,0,323,308,15,0,1470,1147,317,4,2,8,207,14,8,0,55,3,3,0,13,2,0,1,0,0,0,1,1,0,0,0,1,0,0,0,0,0,0
36,TELEORMAN,"GRĂDINIŢA CU PROGRAM NORMAL PERETU",233,PERETU,153543,2,PART,PRCNCT,CD,CD_SV,"2021-01-21 12:30:02",1057,1054,3,0,273,270,3,0,1160,887,266,3,4,13,160,15,13,0,51,3,1,2,5,2,0,0,0,0,1,0,0,0,0,0,0,0,0,0,0,0,0
36,TELEORMAN,"ȘCOALA GIMNAZIALĂ PIATRA",234,PIATRA,153561,1,PROV,PRCNCT,CD,CD_SV,"2021-01-21 12:30:02",943,879,64,0,454,390,64,0,970,516,441,6,7,26,117,19,12,2,251,4,1,2,5,1,0,0,1,0,0,0,0,0,0,0,0,0,0,0,0,0,0
36,TELEORMAN,"GRĂDINIȚA CU PROGRAM NORMAL PIATRA",235,PIATRA,153561,2,PART,PRCNCT,CD,CD_SV,"2021-01-21 12:30:02",803,737,66,0,341,275,66,0,810,469,330,6,5,11,115,6,14,2,158,1,4,2,8,7,0,0,0,0,0,1,0,0,0,0,1,0,0,0,0,0,0
36,TELEORMAN,"SALA DE PROTOCOL PRIMĂRIA COMUNEI PIATRA",236,PIATRA,153561,1,PROV,PRCNCT,CD,CD_SV,"2021-01-21 12:30:02",887,858,29,0,336,307,29,0,940,604,324,3,9,10,98,8,13,0,168,7,3,4,9,1,0,0,0,0,0,0,0,0,0,0,0,1,1,0,0,1,0
36,TELEORMAN,"ŞCOALA GIMNAZIALĂ(ŞCOALA VECHE)",237,PIETROŞANI,153589,1,PROV,PRCNCT,CD,CD_SV,"2021-01-21 12:30:02",975,934,15,26,331,290,15,26,1030,699,325,1,5,7,50,17,5,1,220,12,0,2,10,1,0,0,0,0,0,0,0,0,0,0,0,0,0,0,0,0,0
36,TELEORMAN,"ŞCOALA GIMNAZIALĂ(ŞCOALA NOUĂ)",238,PIETROŞANI,153589,1,PROV,PRCNCT,CD,CD_SV,"2021-01-21 12:30:02",1157,1102,26,29,415,360,26,29,1220,805,400,12,3,7,81,22,2,0,269,8,1,0,7,0,0,0,0,1,0,1,0,1,0,0,0,0,0,0,0,0,0
36,TELEORMAN,"ŞCOALA GIMNAZIALĂ PLOPII SLĂVITEŞTI",239,PLOPII-SLĂVITEŞTI,153623,1,PROV,PRCNCT,CD,CD_SV,"2021-01-21 12:30:02",607,537,40,30,351,283,38,30,590,239,341,5,5,4,88,7,4,3,205,4,4,0,21,0,0,0,0,0,0,0,0,0,0,0,0,0,0,0,1,0,0
36,TELEORMAN,"GRĂDINIŢA CU PROGRAM NORMAL NR.3",240,PLOPII-SLĂVITEŞTI,153623,1,PROV,PRCNCT,CD,CD_SV,"2021-01-21 12:30:02",861,787,37,37,360,286,37,37,870,510,347,8,5,3,92,5,7,0,183,5,4,5,35,1,0,2,3,0,0,0,0,0,0,0,1,0,0,0,0,1,0
36,TELEORMAN,"GRĂDINIŢA CU PROGRAM NORMAL NR.2",241,PLOPII-SLĂVITEŞTI,153623,2,PART,PRCNCT,CD,CD_SV,"2021-01-21 12:30:02",657,605,28,24,302,250,28,24,670,368,292,6,4,5,104,9,1,2,137,0,1,0,29,1,0,0,0,1,1,0,0,0,0,0,0,0,0,0,1,0,0
36,TELEORMAN,"CĂMINUL CULTURAL",242,PLOSCA,153605,1,PROV,PRCNCT,CD,CD_SV,"2021-01-21 12:30:02",1277,1250,27,0,375,348,27,0,1380,1005,368,4,3,10,175,10,21,0,123,5,6,3,8,7,0,0,0,0,0,0,0,0,0,0,0,0,0,0,0,0,0
36,TELEORMAN,"ŞCOALA RĂSFIRAŢI",243,PLOSCA,153605,1,PROV,PRCNCT,CD,CD_SV,"2021-01-21 12:30:02",1409,1383,24,2,479,453,24,2,1520,1041,460,11,8,15,183,5,22,4,203,7,4,3,9,0,0,0,0,0,0,2,0,0,0,0,2,0,0,0,1,0,0
36,TELEORMAN,"ŞCOALA GIMNAZIALĂ PLOSCA",244,PLOSCA,153605,2,PART,PRCNCT,CD,CD_SV,"2021-01-21 12:30:02",804,782,22,0,232,210,22,0,860,628,221,11,0,13,119,5,10,0,74,0,0,0,0,0,0,0,0,0,0,0,0,0,0,0,0,0,0,0,0,0,0
36,TELEORMAN,"ŞCOALA MICĂ",245,PLOSCA,153605,1,PROV,PRCNCT,CD,CD_SV,"2021-01-21 12:30:02",1225,1209,15,1,317,301,15,1,1330,1013,305,8,4,13,156,10,18,1,94,4,3,0,2,4,0,0,0,0,0,0,0,0,0,0,0,0,0,0,0,0,0
36,TELEORMAN,"ȘCOALA GENERALĂ POENI",246,POENI,153696,1,PROV,PRCNCT,CD,CD_SV,"2021-01-21 12:30:02",1155,1131,24,0,275,251,24,0,1250,975,268,3,4,13,155,7,22,1,49,3,6,3,6,1,0,1,0,0,0,1,0,0,0,0,0,0,0,0,0,0,0
36,TELEORMAN,"ȘCOALA GENERALĂ PREAJBA",247,POENI,153696,2,PART,PRCNCT,CD,CD_SV,"2021-01-21 12:30:02",331,321,10,0,112,102,10,0,350,238,108,2,2,3,38,5,12,0,42,0,0,0,7,0,0,0,1,0,0,0,0,0,0,0,0,0,0,0,0,0,0
36,TELEORMAN,"ȘCOALA GENERALĂ VĂTAȘI",248,POENI,153696,1,PROV,PRCNCT,CD,CD_SV,"2021-01-21 12:30:02",472,465,7,0,135,128,7,0,510,375,133,0,2,3,35,3,6,0,78,0,1,0,7,0,0,0,0,0,0,0,0,0,0,0,0,0,0,0,0,0,0
36,TELEORMAN,"ȘCOALA PRIMARĂ CĂTUNU",249,POENI,153696,1,PROV,PRCNCT,CD,CD_SV,"2021-01-21 12:30:02",370,354,16,0,98,82,16,0,390,292,98,0,0,4,59,7,12,0,12,0,1,0,2,0,0,0,1,0,0,0,0,0,0,0,0,0,0,0,0,0,0
36,TELEORMAN,"ŞCOALA GIMNAZIALĂ POROSCHIA",250,POROSCHIA,151834,1,PROV,PRCNCT,CD,CD_SV,"2021-01-21 12:30:02",1581,1437,144,0,532,388,144,0,1590,1058,521,8,3,18,269,4,16,2,169,6,6,6,15,3,0,0,0,1,0,2,1,0,0,0,0,0,1,1,0,1,0
36,TELEORMAN,"ȘCOALA GENERALĂ POROSCHIA",251,POROSCHIA,151834,2,PART,PRCNCT,CD,CD_SV,"2021-01-21 12:30:02",1622,1397,225,0,771,546,225,0,1540,769,754,10,7,47,390,12,44,1,208,2,5,4,25,2,1,0,1,1,0,1,0,0,0,4,1,0,2,0,0,2,1
36,TELEORMAN,"GRĂDINIȚA CU PROGRAM NORMAL CALOMFIREȘTI",252,POROSCHIA,151834,1,PROV,PRCNCT,CD,CD_SV,"2021-01-21 12:30:02",877,809,68,0,417,349,68,0,890,473,402,9,6,16,258,4,18,1,86,6,2,0,3,2,0,1,1,0,0,0,0,0,0,0,1,0,2,0,1,0,0
36,TELEORMAN,"ŞCOALA GIMNAZIALĂ PURANII DE SUS",253,PURANI,155136,2,PART,PRCNCT,CD,CD_SV,"2021-01-21 12:30:02",1244,1126,101,17,674,556,101,17,1240,566,662,7,5,11,101,6,11,0,495,1,4,3,20,2,0,0,0,2,1,0,1,0,0,0,2,1,0,0,1,0,0
36,TELEORMAN,"GRĂDINIȚA CU PROGRAM NORMAL NR.1 PUTINEIU",254,PUTINEIU,153829,1,PROV,PRCNCT,CD,CD_SV,"2021-01-21 12:30:02",1089,1025,64,0,515,451,64,0,1130,615,495,12,8,8,203,5,4,2,248,5,8,0,8,1,0,1,0,0,0,1,0,0,0,0,0,0,0,0,0,1,0
36,TELEORMAN,"GRĂDINIȚA CU PROGRAM NORMAL NR.2 BĂDULEASA",255,PUTINEIU,153829,2,PART,PRCNCT,CD,CD_SV,"2021-01-21 12:30:02",585,546,38,1,281,242,38,1,600,319,277,3,1,2,78,7,6,2,171,3,2,1,0,1,0,0,2,0,1,0,0,0,0,1,0,0,0,0,0,0,0
36,TELEORMAN,"CĂMIN CULTURAL",256,RĂDOIEŞTI,153865,1,PROV,PRCNCT,CD,CD_SV,"2021-01-21 12:30:02",528,494,34,0,197,163,34,0,550,353,196,1,0,15,48,0,8,0,118,0,0,2,2,0,0,0,1,0,0,0,0,0,0,0,0,1,0,1,0,0,0
36,TELEORMAN,"ȘCOALA GIMNAZIALĂ RĂDOIEȘTI",257,RĂDOIEŞTI,153865,1,PROV,PRCNCT,CD,CD_SV,"2021-01-21 12:30:02",836,808,28,0,292,264,28,0,890,598,287,3,2,46,90,1,7,0,135,0,0,1,7,0,0,0,0,0,0,0,0,0,0,0,0,0,0,0,0,0,0
36,TELEORMAN,"ȘCOALA GENERALĂ RĂDOIEȘTI CETATEA",258,RĂDOIEŞTI,153865,1,PROV,PRCNCT,CD,CD_SV,"2021-01-21 12:30:02",319,299,20,0,134,114,20,0,330,196,131,2,1,10,63,0,6,0,51,0,1,0,0,0,0,0,0,0,0,0,0,0,0,0,0,0,0,0,0,0,0
36,TELEORMAN,"CĂMINUL CULTURAL RĂSMIREŞTI",259,RĂSMIREŞTI,153909,2,PART,PRCNCT,CD,CD_SV,"2021-01-21 12:30:02",728,619,93,16,384,275,93,16,680,296,369,7,8,2,75,17,6,1,248,2,2,1,12,1,0,0,0,1,0,0,0,0,0,0,0,0,0,0,0,1,0
36,TELEORMAN,"ŞCOALA GIMNAZIALĂ SAELELE",260,SAELELE,155145,2,PART,PRCNCT,CD,CD_SV,"2021-01-21 12:30:02",1266,1208,31,27,545,487,31,27,1330,785,526,4,15,17,397,6,8,3,75,2,6,3,5,0,0,0,0,2,1,0,0,0,0,0,0,0,0,1,0,0,0
36,TELEORMAN,"GRĂDINIŢA PLEAŞOV",261,SAELELE,155145,2,PART,PRCNCT,CD,CD_SV,"2021-01-21 12:30:02",717,658,32,27,340,281,32,27,720,380,329,2,9,5,265,5,6,4,27,2,8,2,2,0,0,0,0,0,2,0,0,0,0,0,0,1,0,0,0,0,0
36,TELEORMAN,"LOCALUL CĂMINULUI CULTURAL SALCIA",262,SALCIA,153936,2,PART,PRCNCT,CD,CD_SV,"2021-01-21 12:30:02",817,747,44,26,270,200,44,26,830,560,260,5,5,9,189,3,4,0,37,1,1,1,12,0,0,0,1,0,1,1,0,0,0,0,0,0,0,0,0,0,0
36,TELEORMAN,"LOCALUL CĂMINULUI CULTURAL DIN SATUL BĂNEASA",263,SALCIA,153936,3,PART,PRCNCT,CD,CD_SV,"2021-01-21 12:30:02",758,687,46,25,343,272,46,25,760,417,333,7,3,10,276,1,6,0,12,4,1,2,7,6,0,1,1,1,0,3,0,0,0,0,0,0,0,0,1,0,1
36,TELEORMAN,"LOCALUL CĂMINULUI CULTURAL DIN SATUL TUDOR VLADIMIRESCU",264,SALCIA,153936,2,PART,PRCNCT,CD,CD_SV,"2021-01-21 12:30:02",634,571,36,27,288,225,36,27,630,342,277,11,0,2,166,4,13,1,74,1,1,0,7,8,0,0,0,0,0,0,0,0,0,0,0,0,0,0,0,0,0
36,TELEORMAN,"ȘCOALA GIMNAZIALĂ SĂCENI",265,SĂCENI,153972,2,PART,PRCNCT,CD,CD_SV,"2021-01-21 12:30:02",585,551,19,15,256,222,19,15,610,354,246,2,8,4,173,6,18,0,21,7,6,0,4,5,0,0,0,0,0,1,0,0,0,0,0,0,0,0,1,0,0
36,TELEORMAN,"CLĂDIREA FOSTA ȘCOALĂ GIMNAZIALĂ CIURARI",266,SĂCENI,153972,1,PROV,PRCNCT,CD,CD_SV,"2021-01-21 12:30:02",367,340,22,5,163,136,22,5,380,217,155,7,1,4,69,3,14,1,52,2,2,2,0,4,0,0,0,1,1,0,0,0,0,0,0,0,0,0,0,0,0
36,TELEORMAN,"GRĂDINIŢA CU PROGRAM NORMAL NR. 3",267,SÂRBENI,154308,1,PROV,PRCNCT,CD,CD_SV,"2021-01-21 12:30:02",402,349,44,9,231,178,44,9,390,159,222,5,4,3,62,2,3,0,132,2,4,1,8,1,0,0,1,0,0,0,0,0,0,1,0,0,0,1,1,0,0
36,TELEORMAN,"GRĂDINIŢA CU PROGRAM NORMAL NR. 2",268,SÂRBENI,154308,1,PROV,PRCNCT,CD,CD_SV,"2021-01-21 12:30:02",577,531,45,1,354,308,45,1,590,236,338,2,14,5,82,2,8,0,220,7,1,4,6,0,0,0,0,0,0,0,0,0,0,0,0,0,0,3,0,0,0
36,TELEORMAN,"LOCALUL ŞCOLII GIMNAZIALE SÂRBENII DE JOS",269,SÂRBENI,154308,2,PART,PRCNCT,CD,CD_SV,"2021-01-21 12:30:02",222,192,26,4,133,103,26,4,212,79,129,0,4,12,42,3,2,0,57,1,1,2,6,1,0,0,0,1,0,0,0,0,0,0,0,0,0,0,0,1,0
36,TELEORMAN,"CĂMIN CULTURAL SCRIOAȘTEA",270,SCRIOAŞTEA,154013,1,PROV,PRCNCT,CD,CD_SV,"2021-01-21 12:30:02",2100,1807,271,22,1153,860,271,22,1989,836,1116,24,13,30,206,7,30,3,790,2,3,8,21,8,0,0,0,2,1,1,0,0,0,2,1,0,0,0,1,0,0
36,TELEORMAN,"GRĂDINIŢA DE COPII",271,SCRIOAŞTEA,154013,2,PART,PRCNCT,CD,CD_SV,"2021-01-21 12:30:02",671,603,60,8,335,267,60,8,670,335,331,2,2,18,85,4,4,1,200,1,4,2,3,1,0,0,4,1,0,0,0,0,0,1,0,1,0,0,0,0,1
36,TELEORMAN,"CĂMIN CULTURAL CUCUEŢI",272,SCRIOAŞTEA,154013,1,PROV,PRCNCT,CD,CD_SV,"2021-01-21 12:30:02",737,674,50,13,420,357,50,13,740,320,415,1,4,12,77,3,6,3,284,2,3,2,10,2,0,1,2,2,1,0,0,0,0,2,2,0,1,0,0,0,0
36,TELEORMAN,"LOCALUL ŞCOLII GENERALE CU CLASELE I – VIII SCURTU MARE",273,"SCURTU MARE",154068,2,PART,PRCNCT,CD,CD_SV,"2021-01-21 12:30:02",889,831,16,42,334,276,16,42,920,586,321,8,5,17,179,16,10,0,75,3,2,4,9,4,0,1,0,0,1,0,0,0,0,0,0,0,0,0,0,0,0
36,TELEORMAN,"LOCALUL ŞCOLII CU CLASELE I-IV DRACESTI",274,"SCURTU MARE",154068,1,PROV,PRCNCT,CD,CD_SV,"2021-01-21 12:30:02",275,266,9,0,121,112,9,0,290,169,119,1,1,2,82,2,4,2,15,2,0,0,2,7,0,0,0,1,0,0,0,0,0,0,0,0,0,0,0,0,0
36,TELEORMAN,"LOCALUL ŞCOLII CU CLASELE I-IV ALBENI",275,"SCURTU MARE",154068,1,PROV,PRCNCT,CD,CD_SV,"2021-01-21 12:30:02",157,144,8,5,54,41,8,5,160,106,46,2,6,4,23,2,3,1,11,1,0,0,0,0,0,0,0,0,0,0,0,0,0,0,0,0,0,0,0,1,0
36,TELEORMAN,"GRADINITA CU PROGRAM NORMAL ,NR.1 SEACA , SAT SEACA , JUDETUL TELEORMAN , STRADA VICTORIEI , NR.75",276,SEACA,154139,2,PART,PRCNCT,CD,CD_SV,"2021-01-21 12:30:02",1308,1208,46,54,510,410,46,54,1330,820,484,15,11,5,149,4,15,2,269,7,5,4,10,1,0,0,1,1,0,7,0,0,0,1,1,1,0,0,1,0,0
36,TELEORMAN,"GRADINITA CU PROGRAM NORMAL NR.2 NAVODARI , SAT NAVODARI, COMUNA SEACA , JUDETUL TELEORMAN, STRADA DUNARII, NR.107",277,SEACA,154139,2,PART,PRCNCT,CD,CD_SV,"2021-01-21 12:30:02",737,684,27,26,337,284,27,26,750,413,323,5,9,10,90,5,10,2,183,2,0,3,14,1,0,0,0,0,0,0,0,1,0,0,0,0,1,0,1,0,0
36,TELEORMAN,"GRĂDINIŢA DE COPII CU PROGRAM NORMAL NR.1 SEGARCEA-VALE",278,SEGARCEA-VALE,154184,1,PROV,PRCNCT,CD,CD_SV,"2021-01-21 12:30:02",838,789,49,0,275,226,49,0,870,595,269,3,3,13,123,4,9,1,78,6,2,3,7,18,0,0,0,1,1,1,0,0,0,1,1,0,0,0,0,0,0
36,TELEORMAN,"GRĂDINIŢA DE COPII CU PROGRAM NORMAL NR.3 OLTEANCA",279,SEGARCEA-VALE,154184,1,PROV,PRCNCT,CD,CD_SV,"2021-01-21 12:30:02",725,694,31,0,247,216,31,0,760,513,240,4,3,34,86,4,17,2,64,2,2,1,19,3,0,0,0,1,2,0,0,0,0,0,0,0,0,0,1,1,1
36,TELEORMAN,"LOCALUL ŞCOLII CU CLASELE I-VIII SEGARCEA DEAL",280,SEGARCEA-VALE,154184,1,PROV,PRCNCT,CD,CD_SV,"2021-01-21 12:30:02",909,888,21,0,253,232,21,0,980,727,235,16,2,14,84,3,24,3,84,3,1,3,10,5,0,0,1,0,0,0,0,0,0,0,0,0,0,0,0,0,0
36,TELEORMAN,"LOCALUL CĂMINULUI CULTURAL SFINŢEŞTI",281,SFINŢEŞTI,154166,2,PART,PRCNCT,CD,CD_SV,"2021-01-21 12:30:02",974,880,71,23,470,376,71,23,970,500,458,3,9,58,320,6,21,0,25,3,2,6,9,1,0,0,1,0,1,1,0,0,0,1,0,1,0,1,0,1,0
36,TELEORMAN,"CĂMINUL CULTURAL SILIŞTEA",282,SILIŞTEA,154228,1,PROV,PRCNCT,CD,CD_SV,"2021-01-21 12:30:02",1083,1058,24,1,381,356,24,1,1160,779,374,2,5,12,221,4,13,0,82,8,2,5,22,5,0,0,0,0,0,0,0,0,0,0,0,0,0,0,0,0,0
36,TELEORMAN,"GRĂDINIȚA CU PROGRAM NORMAL NR. 2 BUTEȘTI (FOST LOCAL AL ȘCOLII CU CLASELE I-IV BUTEȘTI)",283,SILIŞTEA,154228,1,PROV,PRCNCT,CD,CD_SV,"2021-01-21 12:30:02",484,473,11,0,130,119,11,0,520,390,123,4,3,6,52,4,11,0,27,1,0,1,18,1,0,0,0,1,0,0,0,0,0,0,0,0,1,0,0,0,0
36,TELEORMAN,"GRĂDINIȚA CU PROGRAM NORMAL NR. 3 SILIȘTEA MICĂ (FOST LOCAL AL ȘCOLII CU CLASELE I-IV SILIȘTEA MICĂ)",284,SILIŞTEA,154228,1,PROV,PRCNCT,CD,CD_SV,"2021-01-21 12:30:02",267,255,12,0,68,56,12,0,280,212,66,2,0,4,38,1,1,0,17,1,1,0,2,0,0,0,0,1,0,0,0,0,0,0,0,0,0,0,0,0,0
36,TELEORMAN,"CENTRUL MEMORIAL ”MARIN PREDA”",285,SILIŞTEA-GUMEŞTI,154282,1,PROV,PRCNCT,CD,CD_SV,"2021-01-21 12:30:02",1177,1122,14,41,451,396,14,41,1240,789,443,4,4,8,104,9,50,0,195,3,3,6,21,39,1,0,1,0,0,0,0,0,0,1,1,0,0,0,0,1,0
36,TELEORMAN,"ȘCOALA CU CLASELE I-IV ”MĂGURA”",286,SILIŞTEA-GUMEŞTI,154282,2,PART,PRCNCT,CD,CD_SV,"2021-01-21 12:30:02",857,806,16,35,279,228,16,35,890,611,275,4,0,9,111,4,28,0,79,0,1,2,10,29,0,0,0,0,1,0,0,0,0,0,0,0,1,0,0,0,0
36,TELEORMAN,"ȘCOALA GIMNAZIALĂ SLOBOZIA MÂNDRA",287,"SLOBOZIA MÂNDRA",154344,2,PART,PRCNCT,CD,CD_SV,"2021-01-21 12:30:02",623,580,30,13,249,206,30,13,640,391,238,5,6,5,152,3,5,1,55,2,0,2,9,3,0,0,0,0,0,0,0,0,0,0,0,0,1,0,0,0,0
36,TELEORMAN,"ȘCOALA GIMNAZIALĂ SLOBOZIA MÂNDRA",288,"SLOBOZIA MÂNDRA",154344,1,PROV,PRCNCT,CD,CD_SV,"2021-01-21 12:30:02",746,707,26,13,229,190,26,13,790,561,216,10,3,10,130,9,7,0,47,1,4,2,5,1,0,0,0,0,0,0,0,0,0,0,0,0,0,0,0,0,0
36,TELEORMAN,"ŞCOALA GIMNAZIALĂ SMÎRDIOASA",289,SMÂRDIOASA,154380,1,PROV,PRCNCT,CD,CD_SV,"2021-01-21 12:30:02",1543,1494,49,0,589,540,49,0,1650,1061,561,19,9,8,152,17,8,1,336,9,6,2,14,1,0,1,0,0,0,3,0,0,0,1,0,2,0,0,0,0,0
36,TELEORMAN,"ŞCOALA PRIMARĂ ŞOIMU",290,SMÂRDIOASA,154380,1,PROV,PRCNCT,CD,CD_SV,"2021-01-21 12:30:02",371,338,33,0,182,149,33,0,370,188,179,1,2,2,63,5,4,1,86,2,4,1,10,0,0,0,0,0,0,1,0,0,0,0,0,0,0,0,0,0,0
36,TELEORMAN,"CĂMIN CULTURAL STEJARU",291,STEJARU,154415,1,PROV,PRCNCT,CD,CD_SV,"2021-01-21 12:30:02",650,586,32,32,302,238,32,32,640,338,298,4,0,4,138,6,1,3,135,2,2,1,0,6,0,0,0,0,0,0,0,0,0,0,0,0,0,0,0,0,0
36,TELEORMAN,"CLĂDIREA ŞCOLII GENERALE SOCETU",292,STEJARU,154415,1,PROV,PRCNCT,CD,CD_SV,"2021-01-21 12:30:02",716,621,41,54,354,260,41,53,680,326,345,9,0,6,130,4,4,0,180,6,2,1,4,7,0,0,0,0,0,1,0,0,0,0,0,0,0,0,0,0,0
36,TELEORMAN,"SEDIUL FOSTEI PRIMĂRII COMUNALE BRATCOV",293,STEJARU,154415,2,PART,PRCNCT,CD,CD_SV,"2021-01-21 12:30:02",124,101,16,7,68,45,16,7,110,42,68,0,0,5,39,2,3,1,16,0,0,0,2,0,0,0,0,0,0,0,0,0,0,0,0,0,0,0,0,0,0
36,TELEORMAN,"CLĂDIREA ŞCOLII ELEMENTARE GRESIA",294,STEJARU,154415,2,PART,PRCNCT,CD,CD_SV,"2021-01-21 12:30:02",115,88,22,5,73,46,22,5,100,27,71,0,2,2,22,1,3,0,36,1,1,0,3,1,0,0,0,0,0,0,0,0,1,0,0,0,0,0,0,0,0
36,TELEORMAN,"ŞCOALA GIMNAZIALĂ SUHAIA",295,SUHAIA,154460,2,PART,PRCNCT,CD,CD_SV,"2021-01-21 12:30:02",988,830,139,19,552,394,139,19,920,368,540,7,5,11,67,3,4,2,431,1,3,2,9,3,0,0,1,1,1,0,0,0,0,0,0,0,1,0,0,0,0
36,TELEORMAN,"ŞCOALA GIMNAZIALĂ SUHAIA",296,SUHAIA,154460,1,PROV,PRCNCT,CD,CD_SV,"2021-01-21 12:30:02",1231,938,272,21,710,417,272,21,1040,330,694,12,4,14,111,5,12,0,521,5,5,1,11,3,0,1,1,1,2,0,0,0,0,0,0,0,0,0,0,1,0
36,TELEORMAN,"SCOALA GIMNAZIALA ”VASILE RACOTTA”",297,ŞTOROBĂNEASA,154497,1,PROV,PRCNCT,CD,CD_SV,"2021-01-21 12:30:02",1466,1363,32,71,559,456,32,71,1500,941,538,11,10,9,182,14,13,1,271,0,10,1,26,1,0,0,1,1,0,6,0,0,0,0,0,1,0,1,0,0,0
36,TELEORMAN,"SCOALA CU CLASELE I-VIII ” BADEA NEGREANU ”",298,ŞTOROBĂNEASA,154497,1,PROV,PRCNCT,CD,CD_SV,"2021-01-21 12:30:02",1144,1090,31,23,342,289,31,22,1200,858,331,7,4,4,171,12,10,1,109,2,1,2,11,0,0,0,0,1,3,3,0,0,0,0,0,0,0,0,1,0,0
36,TELEORMAN,"ȘCOALA GIMNAZIALĂ COMUNA TALPA",299,TALPA,154521,1,PROV,PRCNCT,CD,CD_SV,"2021-01-21 12:30:02",907,711,57,139,550,354,57,139,790,240,525,16,9,2,101,5,7,1,385,4,2,1,10,0,0,1,3,0,1,1,0,0,0,0,1,0,0,0,0,0,0
36,TELEORMAN,"CĂMIN CULTURAL",300,TALPA,154521,1,PROV,PRCNCT,CD,CD_SV,"2021-01-21 12:30:02",818,668,53,97,498,348,53,97,730,232,480,12,6,5,96,2,1,0,364,0,2,3,0,1,1,1,1,0,1,0,0,0,0,0,0,0,0,0,2,0,0
36,TELEORMAN,"ŞCOALA GIMNAZIALĂ TĂTĂRĂŞTII DE JOS",301,"TĂTĂRĂŞTII DE JOS",154585,2,PART,PRCNCT,CD,CD_SV,"2021-01-21 12:30:02",1217,1172,35,10,325,280,35,10,1290,965,313,8,4,10,223,2,2,0,54,4,4,0,10,1,0,0,0,1,0,1,0,0,0,0,0,0,0,0,0,1,0
36,TELEORMAN,"ŞCOALA GIMNAZIALĂ SLĂVEŞTI",302,"TĂTĂRĂŞTII DE JOS",154585,1,PROV,PRCNCT,CD,CD_SV,"2021-01-21 12:30:02",766,743,23,0,231,208,23,0,820,589,225,3,3,4,163,6,8,1,28,3,0,0,9,1,0,0,0,0,1,0,0,0,0,0,0,0,0,1,0,0,0
36,TELEORMAN,"GRĂDINIŢA NEGRENII DE SUS",303,"TĂTĂRĂŞTII DE JOS",154585,1,PROV,PRCNCT,CD,CD_SV,"2021-01-21 12:30:02",670,656,14,0,136,122,14,0,730,594,130,5,1,2,87,4,9,1,17,1,0,2,5,0,0,0,0,0,0,0,0,1,0,0,0,1,0,0,0,0,0
36,TELEORMAN,"ȘCOALA GIMNAZIALĂ TĂTĂRĂȘTII DE SUS",304,"TĂTĂRĂŞTII DE SUS",154665,2,PART,PRCNCT,CD,CD_SV,"2021-01-21 12:30:02",1091,1053,38,0,342,304,38,0,1160,818,330,6,6,6,106,5,10,1,179,6,4,1,7,2,0,0,1,0,0,0,0,1,0,0,1,0,0,0,0,0,0
36,TELEORMAN,"ȘCOALA GIMNAZIALĂ TĂTĂRĂȘTII DE SUS",305,"TĂTĂRĂŞTII DE SUS",154665,1,PROV,PRCNCT,CD,CD_SV,"2021-01-21 12:30:02",1235,1190,45,0,427,382,45,0,1310,883,418,7,2,6,135,10,7,0,227,4,5,1,19,1,0,0,0,0,0,0,0,0,0,0,0,0,1,0,1,1,0
36,TELEORMAN,"SPAŢII BIROURI, STRADA PRINCIPALĂ NR. 116",306,TRAIAN,154736,1,PROV,PRCNCT,CD,CD_SV,"2021-01-21 12:30:02",687,641,31,15,315,269,31,15,710,395,305,8,2,15,183,13,28,0,40,10,2,2,7,0,0,0,0,0,0,3,0,0,0,1,0,0,1,0,0,0,0
36,TELEORMAN,"ŞCOALA GIMNAZIALĂ TRAIAN, STRADA PRINCIPALĂ NR. 188",307,TRAIAN,154736,1,PROV,PRCNCT,CD,CD_SV,"2021-01-21 12:30:02",824,776,35,13,338,290,35,13,860,522,324,13,1,13,200,12,18,0,49,10,1,6,15,0,0,0,0,0,0,0,0,0,0,0,0,0,0,0,0,0,0
36,TELEORMAN,"GRᾸDINIṬA TRIVALEA-SAT (FOSTA)",308,TRIVALEA-MOŞTENI,154754,2,PART,PRCNCT,CD,CD_SV,"2021-01-21 12:30:02",745,734,11,0,141,130,11,0,810,669,132,5,4,2,90,6,3,2,10,2,0,1,14,0,0,0,0,0,0,1,0,0,0,0,0,1,0,0,0,0,0
36,TELEORMAN,"DISPENSARUL BRᾸTᾸŞANI",309,TRIVALEA-MOŞTENI,154754,1,PROV,PRCNCT,CD,CD_SV,"2021-01-21 12:30:02",508,493,15,0,111,96,15,0,540,429,105,3,3,5,77,7,2,0,6,1,2,2,3,0,0,0,0,0,0,0,0,0,0,0,0,0,0,0,0,0,0
36,TELEORMAN,"GRᾸDINIṬA CU PROGRAM NORMAL NR.2",310,TRIVALEA-MOŞTENI,154754,1,PROV,PRCNCT,CD,CD_SV,"2021-01-21 12:30:02",806,795,11,0,131,120,11,0,880,749,128,1,2,6,74,4,2,0,14,5,1,6,11,0,0,0,2,0,2,0,0,0,0,1,0,0,0,0,0,0,0
36,TELEORMAN,"ȘCOALA GIMNAZIALĂ ”ION PREOTU”",311,TROIANUL,154790,1,PROV,PRCNCT,CD,CD_SV,"2021-01-21 12:30:02",1347,1251,82,14,571,475,82,14,1380,809,555,6,10,33,205,13,14,1,248,7,6,4,12,4,0,0,0,0,3,2,0,0,0,0,0,0,2,1,0,0,0
36,TELEORMAN,"ȘCOALA GENARALĂ NR. 2",312,TROIANUL,154790,2,PART,PRCNCT,CD,CD_SV,"2021-01-21 12:30:02",836,795,36,5,331,290,36,5,880,549,301,14,16,18,105,6,14,1,123,3,2,10,5,0,0,0,2,2,3,2,0,0,0,1,1,0,2,0,0,1,0
36,TELEORMAN,"ȘCOALA GENERALĂ",313,TROIANUL,154790,2,PART,PRCNCT,CD,CD_SV,"2021-01-21 12:30:02",185,163,22,0,87,65,22,0,180,93,85,1,1,2,34,1,3,0,39,2,0,0,2,0,0,0,0,0,0,0,0,0,0,0,1,0,0,1,0,0,0
36,TELEORMAN,"CĂMINUL CULTURAL",314,TROIANUL,154790,2,PART,PRCNCT,CD,CD_SV,"2021-01-21 12:30:02",92,60,31,1,57,25,31,1,70,13,52,2,3,1,6,3,2,0,33,2,1,2,0,1,0,0,1,0,0,0,0,0,0,0,0,0,0,0,0,0,0
36,TELEORMAN,"ȘCOALA CU CLASELE I-IV",315,ŢIGĂNEŞTI,154834,1,PROV,PRCNCT,CD,CD_SV,"2021-01-21 12:30:02",1553,1400,140,13,652,499,140,13,1540,888,627,25,0,19,338,0,112,0,138,0,0,0,16,0,0,0,0,0,0,4,0,0,0,0,0,0,0,0,0,0,0
36,TELEORMAN,"GRĂDINIȚA CU PROGRAM NORMAL",316,ŢIGĂNEŞTI,154834,1,PROV,PRCNCT,CD,CD_SV,"2021-01-21 12:30:02",1336,1256,66,14,534,454,66,14,1390,856,524,9,1,21,301,7,21,0,144,8,4,0,15,2,0,0,0,0,0,0,0,0,0,0,0,1,0,0,0,0,0
36,TELEORMAN,"ȘCOALA GIMNAZIALĂ ”I.GH.DUCA”",317,ŢIGĂNEŞTI,154834,1,PROV,PRCNCT,CD,CD_SV,"2021-01-21 12:30:02",1615,1429,143,43,771,585,143,43,1580,809,745,21,5,26,402,4,31,0,230,11,2,0,24,3,0,0,1,1,0,1,0,0,2,2,2,0,1,0,0,1,1
36,TELEORMAN,"LOCALUL CĂMINULUI CULTURAL UDA CLOCOCIOV",318,UDA-CLOCOCIOV,155154,1,PROV,PRCNCT,CD,CD_SV,"2021-01-21 12:30:02",710,597,45,68,361,248,45,68,660,299,342,8,11,5,261,2,2,0,57,5,2,1,4,0,0,0,0,0,1,0,0,0,0,0,1,0,1,0,0,0,0
36,TELEORMAN,"LOCALUL ŞCOLII CU CLASELE I – VIII UDA PACIUREA",319,UDA-CLOCOCIOV,155154,2,PART,PRCNCT,CD,CD_SV,"2021-01-21 12:30:02",681,609,32,40,284,212,32,40,739,455,270,4,10,10,171,3,4,1,68,2,0,4,7,0,0,0,0,0,0,0,0,0,0,0,0,0,0,0,0,0,0
36,TELEORMAN,"CĂMINUL CULTURAL VIRTOAPELE DE SUS",320,VÂRTOAPE,154932,2,PART,PRCNCT,CD,CD_SV,"2021-01-21 12:30:02",855,797,58,0,415,357,58,0,880,465,412,0,3,8,91,0,20,0,277,0,0,0,10,6,0,0,0,0,0,0,0,0,0,0,0,0,0,0,0,0,0
36,TELEORMAN,"CĂMINUL CULTURAL VIRTOAPELE DE JOS",321,VÂRTOAPE,154932,1,PROV,PRCNCT,CD,CD_SV,"2021-01-21 12:30:02",884,710,174,0,569,395,174,0,858,289,567,2,0,6,138,38,6,0,379,0,0,0,0,0,0,0,0,0,0,0,0,0,0,0,0,0,0,0,0,0,0
36,TELEORMAN,"CĂMINUL CULTURAL GĂRĂGĂU",322,VÂRTOAPE,154932,1,PROV,PRCNCT,CD,CD_SV,"2021-01-21 12:30:02",572,552,20,0,157,137,20,0,610,453,156,1,0,0,40,1,3,0,112,0,0,0,0,0,0,0,0,0,0,0,0,0,0,0,0,0,0,0,0,0,0
36,TELEORMAN,"ȘCOALA GIMNAZIALĂ VEDEA",323,VEDEA,154852,1,PROV,PRCNCT,CD,CD_SV,"2021-01-21 12:30:02",533,489,44,0,273,229,44,0,540,267,260,8,5,4,105,4,2,1,126,1,1,0,15,0,0,1,0,0,0,0,0,0,0,0,0,0,0,0,0,0,0
36,TELEORMAN,"ȘCOALA CU CLASELE I - IV ALBEȘTI",324,VEDEA,154852,1,PROV,PRCNCT,CD,CD_SV,"2021-01-21 12:30:02",556,522,34,0,294,260,34,0,580,286,287,4,3,3,105,2,6,2,155,2,0,2,8,0,0,1,0,0,0,0,0,0,0,0,1,0,0,0,0,0,0
36,TELEORMAN,"ȘCOALA CU CLASELE I -IV COȘOTENI",325,VEDEA,154852,1,PROV,PRCNCT,CD,CD_SV,"2021-01-21 12:30:02",500,445,55,0,248,193,55,0,490,242,239,6,3,8,80,1,3,1,115,1,4,2,21,1,0,0,0,1,0,0,0,0,0,0,0,0,1,0,0,0,0
36,TELEORMAN,"ŞCOALA CU CLASELE I – VIII DULCEANCA",326,VEDEA,154852,1,PROV,PRCNCT,CD,CD_SV,"2021-01-21 12:30:02",449,427,22,0,213,191,22,0,470,257,205,2,6,8,58,2,7,0,120,1,4,0,4,0,0,0,0,0,0,0,0,0,0,0,0,0,0,0,0,1,0
36,TELEORMAN,"ŞCOALA CU CLASELE I – IV MERI",327,VEDEA,154852,1,PROV,PRCNCT,CD,CD_SV,"2021-01-21 12:30:02",410,375,35,0,222,187,35,0,410,188,215,7,0,2,99,4,5,1,89,1,6,1,4,0,0,0,0,1,0,0,0,0,0,1,1,0,0,0,0,0,0
36,TELEORMAN,"ȘCOALA GIMNAZIALĂ VIIȘOARA, NR. 97",328,VIIŞOARA,154914,2,PART,PRCNCT,CD,CD_SV,"2021-01-21 12:30:02",764,689,31,44,415,340,31,44,758,343,399,9,7,7,110,5,7,1,244,3,0,4,14,2,0,0,1,0,0,0,0,0,0,0,0,0,0,1,0,0,0
36,TELEORMAN,"GRĂDINIȚA CU PROGRAM NORMAL VIIȘOARA, NR. 519",329,VIIŞOARA,154914,2,PART,PRCNCT,CD,CD_SV,"2021-01-21 12:30:02",674,621,28,25,361,308,28,25,690,329,348,5,8,7,114,12,3,0,190,5,2,4,5,1,0,1,2,0,0,1,0,0,0,0,0,0,1,0,0,0,0
36,TELEORMAN,"CĂMIN CULTURAL SAT PURANI",330,VITĂNEŞTI,153776,1,PROV,PRCNCT,CD,CD_SV,"2021-01-21 12:30:02",649,580,44,25,252,183,44,25,640,388,247,2,3,1,82,7,7,0,136,1,1,0,10,0,0,0,0,0,0,1,0,0,0,0,0,0,0,0,0,1,0
36,TELEORMAN,"CĂMIN CULTURAL SAT SILIŞTEA",331,VITĂNEŞTI,153776,2,PART,PRCNCT,CD,CD_SV,"2021-01-21 12:30:02",779,678,45,56,342,241,45,56,750,408,325,11,6,1,126,0,0,3,188,0,1,2,4,0,0,0,0,0,0,0,0,0,0,0,0,0,0,0,0,0,0
36,TELEORMAN,"GRĂDINIȚA CU PROGRAM NORMAL NR. 1 VITĂNEȘTI",332,VITĂNEŞTI,153776,1,PROV,PRCNCT,CD,CD_SV,"2021-01-21 12:30:02",1079,943,52,84,486,350,52,84,1040,554,470,2,14,16,114,5,10,0,310,2,1,2,8,0,0,0,0,0,0,0,0,1,0,1,0,0,0,0,0,0,0
36,TELEORMAN,"CĂMINUL CULTURAL",333,ZÂMBREASCA,154978,1,PROV,PRCNCT,CD,CD_SV,"2021-01-21 12:30:02",803,742,18,43,233,172,18,43,820,587,223,3,7,9,132,6,13,1,43,6,1,2,6,0,0,0,1,2,0,1,0,0,0,0,0,0,0,0,0,0,0
36,TELEORMAN,"ŞCOALA PRIMARĂ",334,ZÂMBREASCA,154978,2,PART,PRCNCT,CD,CD_SV,"2021-01-21 12:30:02",426,383,19,24,142,103,19,20,420,278,135,2,5,0,91,2,5,0,22,2,1,2,3,3,0,0,0,0,2,2,0,0,0,0,0,0,0,0,0,0,0
