precinct_county_nce,precinct_county_name,precinct_name,precinct_nr,uat_name,uat_siruta,report_version,report_stage_code,report_type_scope_code,report_type_category_code,report_type_code,created_at,a,a1,a2,a3,b,b1,b2,b3,c,d,e,f,g,"PARTIDUL MIȘCAREA POPULARĂ-voturi","PARTIDUL NAȚIONAL LIBERAL-voturi","PARTIDUL PRO ROMÂNIA-voturi","PARTIDUL SOCIAL DEMOCRAT-voturi","ALIANȚA USR PLUS-voturi","UNIUNEA DEMOCRATĂ MAGHIARĂ DIN ROMÂNIA-voturi","PARTIDUL NAȚIONAL ȚĂRĂNESC MANIU-MIHALACHE-voturi","PARTIDUL NOUA DREAPTĂ-voturi","PARTIDUL NAȚIUNEA ROMÂNĂ-voturi","PARTIDUL VERDE-voturi","ALIANȚA PENTRU UNIREA ROMÂNILOR-voturi","PARTIDUL SOCIAL DEMOCRAT AL MUNCITORILOR-voturi","PARTIDUL ECOLOGIST ROMÂN-voturi","ALTERNATIVA DREAPTĂ-voturi","PARTIDUL ROMÂNIA MARE-voturi","PARTIDUL NOUA ROMÂNIE-voturi","PARTIDUL PUTERII UMANISTE (SOCIAL-LIBERAL)-voturi","PARTIDUL SOCIALIST ROMÂN-voturi"
49,"MUNICIPIUL BUCUREŞTI - SECTOR 6","SERVICIUL STARE CIVILĂ SECTOR 6",1038,"BUCUREŞTI SECTORUL 6",179132,1,PROV,PRCNCT,S,S_SV_SECTOR,"2021-01-21 12:30:02",1103,1092,11,0,362,351,11,0,1200,838,361,1,0,23,89,19,85,116,2,1,1,1,1,10,2,8,0,0,3,0,0
49,"MUNICIPIUL BUCUREŞTI - SECTOR 6","SERVICIUL STARE CIVILĂ SECTOR 6",1039,"BUCUREŞTI SECTORUL 6",179132,1,PROV,PRCNCT,S,S_SV_SECTOR,"2021-01-21 12:30:02",1218,1208,9,1,483,473,9,1,1300,817,481,2,0,37,144,19,106,136,4,1,1,1,0,18,0,7,0,2,0,4,1
49,"MUNICIPIUL BUCUREŞTI - SECTOR 6","ŞCOALA GIMNAZIALĂ NR.311",1040,"BUCUREŞTI SECTORUL 6",179132,1,PROV,PRCNCT,S,S_SV_SECTOR,"2021-01-21 12:30:02",1524,1513,10,1,503,492,10,1,1600,1097,499,4,0,27,113,20,125,162,0,0,3,0,3,32,0,9,0,1,1,3,0
49,"MUNICIPIUL BUCUREŞTI - SECTOR 6","ŞCOALA GIMNAZIALĂ NR.311",1041,"BUCUREŞTI SECTORUL 6",179132,1,PROV,PRCNCT,S,S_SV_SECTOR,"2021-01-21 12:30:02",1386,1376,7,3,439,429,7,3,1600,1161,429,9,1,26,95,15,133,130,0,1,0,0,0,19,0,4,2,1,0,3,0
49,"MUNICIPIUL BUCUREŞTI - SECTOR 6","ŞCOALA GIMNAZIALĂ NR.311",1042,"BUCUREŞTI SECTORUL 6",179132,3,PART,PRCNCT,S,S_SV_SECTOR,"2021-01-21 12:30:02",1497,1483,14,0,539,525,14,0,1600,1061,530,9,0,36,125,17,143,175,0,0,1,0,1,17,0,10,0,2,1,1,1
49,"MUNICIPIUL BUCUREŞTI - SECTOR 6","ŞCOALA GIMNAZIALĂ NR.311",1043,"BUCUREŞTI SECTORUL 6",179132,1,PROV,PRCNCT,S,S_SV_SECTOR,"2021-01-21 12:30:02",1523,1515,8,0,543,535,8,0,1600,1057,535,8,0,19,132,23,150,163,0,0,1,0,4,21,2,7,4,4,1,4,0
49,"MUNICIPIUL BUCUREŞTI - SECTOR 6","ŞCOALA GIMNAZIALĂ NR.311",1044,"BUCUREŞTI SECTORUL 6",179132,1,PROV,PRCNCT,S,S_SV_SECTOR,"2021-01-21 12:30:02",1267,1258,8,1,463,454,8,1,1300,837,458,5,0,39,80,25,126,138,2,0,1,0,7,29,1,3,0,2,0,3,2
49,"MUNICIPIUL BUCUREŞTI - SECTOR 6","ŞCOALA GIMNAZIALĂ NR.311",1045,"BUCUREŞTI SECTORUL 6",179132,2,PART,PRCNCT,S,S_SV_SECTOR,"2021-01-21 12:30:02",1152,1146,6,0,432,426,6,0,1200,768,429,3,0,33,93,14,117,146,1,0,0,1,2,12,1,2,0,3,2,1,1
49,"MUNICIPIUL BUCUREŞTI - SECTOR 6","ŞCOALA GIMNAZIALĂ NR.59",1046,"BUCUREŞTI SECTORUL 6",179132,1,PROV,PRCNCT,S,S_SV_SECTOR,"2021-01-21 12:30:02",932,923,9,0,343,334,9,0,1000,657,336,5,2,31,71,8,108,93,0,0,1,0,4,9,1,8,0,0,1,0,1
49,"MUNICIPIUL BUCUREŞTI - SECTOR 6","ŞCOALA GIMNAZIALĂ NR.59",1047,"BUCUREŞTI SECTORUL 6",179132,1,PROV,PRCNCT,S,S_SV_SECTOR,"2021-01-21 12:30:02",1197,1191,6,0,447,441,6,0,1306,859,443,3,1,32,87,11,136,137,1,1,1,0,1,17,0,8,2,2,0,4,3
49,"MUNICIPIUL BUCUREŞTI - SECTOR 6","ŞCOALA GIMNAZIALĂ NR.59",1048,"BUCUREŞTI SECTORUL 6",179132,1,PROV,PRCNCT,S,S_SV_SECTOR,"2021-01-21 12:30:02",1209,1202,7,0,418,411,7,0,1300,882,413,4,1,26,80,10,145,119,0,1,0,1,5,19,1,1,0,3,0,2,0
49,"MUNICIPIUL BUCUREŞTI - SECTOR 6","ŞCOALA GIMNAZIALĂ NR.59",1049,"BUCUREŞTI SECTORUL 6",179132,1,PROV,PRCNCT,S,S_SV_SECTOR,"2021-01-21 12:30:02",1405,1400,5,0,479,474,5,0,1600,1121,476,3,0,29,146,15,135,128,0,0,1,0,1,10,1,8,0,1,0,0,1
49,"MUNICIPIUL BUCUREŞTI - SECTOR 6","ŞCOALA GIMNAZIALĂ NR.59",1050,"BUCUREŞTI SECTORUL 6",179132,1,PROV,PRCNCT,S,S_SV_SECTOR,"2021-01-21 12:30:02",1189,1168,14,7,439,418,14,7,1200,761,437,2,0,32,97,19,115,144,0,0,1,2,3,16,1,4,1,0,0,1,1
49,"MUNICIPIUL BUCUREŞTI - SECTOR 6","ŞCOALA GIMNAZIALĂ NR.59",1051,"BUCUREŞTI SECTORUL 6",179132,2,PART,PRCNCT,S,S_SV_SECTOR,"2021-01-21 12:30:02",1285,1266,18,1,437,418,18,1,1301,864,435,2,0,32,79,17,135,146,0,0,1,1,0,13,3,3,0,2,0,3,0
49,"MUNICIPIUL BUCUREŞTI - SECTOR 6","ŞCOALA GIMNAZIALĂ ”ADRIAN PĂUNESCU”",1052,"BUCUREŞTI SECTORUL 6",179132,1,PROV,PRCNCT,S,S_SV_SECTOR,"2021-01-21 12:30:02",1251,1240,11,0,449,438,11,0,1300,851,420,5,24,30,100,16,113,132,0,2,3,0,0,8,1,4,0,4,2,5,0
49,"MUNICIPIUL BUCUREŞTI - SECTOR 6","ŞCOALA GIMNAZIALĂ ”ADRIAN PĂUNESCU”",1053,"BUCUREŞTI SECTORUL 6",179132,1,PROV,PRCNCT,S,S_SV_SECTOR,"2021-01-21 12:30:02",1344,1324,20,0,484,464,20,0,1400,916,479,3,2,31,96,14,139,157,0,0,2,0,3,20,1,6,2,2,2,2,2
49,"MUNICIPIUL BUCUREŞTI - SECTOR 6","ŞCOALA GIMNAZIALĂ ”ADRIAN PĂUNESCU”",1054,"BUCUREŞTI SECTORUL 6",179132,2,PART,PRCNCT,S,S_SV_SECTOR,"2021-01-21 12:30:02",791,780,11,0,238,227,11,0,900,662,235,3,0,14,52,5,73,77,2,0,0,0,0,4,1,2,0,1,0,3,1
49,"MUNICIPIUL BUCUREŞTI - SECTOR 6","ŞCOALA GIMNAZIALĂ ”ADRIAN PĂUNESCU”",1055,"BUCUREŞTI SECTORUL 6",179132,1,PROV,PRCNCT,S,S_SV_SECTOR,"2021-01-21 12:30:02",1335,1322,13,0,478,465,13,0,1400,922,470,7,1,40,100,11,142,141,0,2,1,1,3,13,0,4,2,7,1,2,0
49,"MUNICIPIUL BUCUREŞTI - SECTOR 6","ŞCOALA GIMNAZIALĂ ”ADRIAN PĂUNESCU”",1056,"BUCUREŞTI SECTORUL 6",179132,1,PROV,PRCNCT,S,S_SV_SECTOR,"2021-01-21 12:30:02",1338,1328,10,0,508,498,10,0,1400,892,505,2,1,42,99,13,115,185,2,2,0,3,4,27,0,9,1,0,1,1,1
49,"MUNICIPIUL BUCUREŞTI - SECTOR 6","ŞCOALA GIMNAZIALĂ ”ADRIAN PĂUNESCU”",1057,"BUCUREŞTI SECTORUL 6",179132,3,PART,PRCNCT,S,S_SV_SECTOR,"2021-01-21 12:30:02",1218,1210,8,0,382,374,8,0,1300,918,376,5,1,41,77,8,79,140,0,2,0,1,6,16,0,3,0,1,1,0,1
49,"MUNICIPIUL BUCUREŞTI - SECTOR 6","ŞCOALA GIMNAZIALĂ NR.197",1058,"BUCUREŞTI SECTORUL 6",179132,1,PROV,PRCNCT,S,S_SV_SECTOR,"2021-01-21 12:30:02",1544,1525,18,1,567,548,18,1,1600,1033,554,10,3,38,138,21,131,179,2,1,1,1,6,15,2,7,0,5,2,1,4
49,"MUNICIPIUL BUCUREŞTI - SECTOR 6","ŞCOALA GIMNAZIALĂ NR.197",1059,"BUCUREŞTI SECTORUL 6",179132,1,PROV,PRCNCT,S,S_SV_SECTOR,"2021-01-21 12:30:02",1043,1034,9,0,416,407,9,0,1200,784,406,8,2,30,95,6,106,138,0,0,4,0,1,16,1,3,1,1,2,1,1
49,"MUNICIPIUL BUCUREŞTI - SECTOR 6","ŞCOALA GIMNAZIALĂ NR.197",1060,"BUCUREŞTI SECTORUL 6",179132,2,PART,PRCNCT,S,S_SV_SECTOR,"2021-01-21 12:30:02",972,961,10,1,363,352,10,1,1000,637,356,5,2,20,109,18,85,97,0,0,0,0,3,12,0,7,0,1,0,2,2
49,"MUNICIPIUL BUCUREŞTI - SECTOR 6","ŞCOALA GIMNAZIALĂ NR.197",1061,"BUCUREŞTI SECTORUL 6",179132,1,PROV,PRCNCT,S,S_SV_SECTOR,"2021-01-21 12:30:02",1323,1310,12,1,526,513,12,1,1400,874,521,4,1,34,123,18,129,178,1,3,1,0,3,23,2,1,1,1,0,2,1
49,"MUNICIPIUL BUCUREŞTI - SECTOR 6","ŞCOALA GIMNAZIALĂ NR.197",1062,"BUCUREŞTI SECTORUL 6",179132,2,PART,PRCNCT,S,S_SV_SECTOR,"2021-01-21 12:30:02",1112,1098,11,3,406,392,11,3,1200,794,403,3,0,31,99,8,92,145,1,0,2,0,3,18,0,1,0,1,1,1,0
49,"MUNICIPIUL BUCUREŞTI - SECTOR 6","ŞCOALA GIMNAZIALĂ NR.197",1063,"BUCUREŞTI SECTORUL 6",179132,1,PROV,PRCNCT,S,S_SV_SECTOR,"2021-01-21 12:30:02",1082,1063,15,4,395,376,15,4,1200,805,392,3,0,22,81,11,131,114,4,2,3,0,2,9,0,5,3,1,1,3,0
49,"MUNICIPIUL BUCUREŞTI - SECTOR 6","ŞCOALA GIMNAZIALĂ NR.197",1064,"BUCUREŞTI SECTORUL 6",179132,1,PROV,PRCNCT,S,S_SV_SECTOR,"2021-01-21 12:30:02",899,892,7,0,287,280,7,0,900,613,282,5,0,24,60,5,73,101,1,0,0,0,2,11,0,3,1,1,0,0,0
49,"MUNICIPIUL BUCUREŞTI - SECTOR 6","A.D.P.D.U. SECTOR 6",1065,"BUCUREŞTI SECTORUL 6",179132,1,PROV,PRCNCT,S,S_SV_SECTOR,"2021-01-21 12:30:02",1154,1142,12,0,426,414,12,0,1200,774,418,6,2,26,89,10,131,123,1,1,1,0,2,14,2,9,0,3,1,4,1
49,"MUNICIPIUL BUCUREŞTI - SECTOR 6","ŞCOALA GIMNAZIALĂ NR.193",1066,"BUCUREŞTI SECTORUL 6",179132,2,PART,PRCNCT,S,S_SV_SECTOR,"2021-01-21 12:30:02",1062,1054,8,0,402,394,8,0,1200,798,395,5,1,28,95,15,89,125,0,0,3,0,4,19,0,5,2,2,2,2,4
49,"MUNICIPIUL BUCUREŞTI - SECTOR 6","ŞCOALA GIMNAZIALĂ NR.193",1067,"BUCUREŞTI SECTORUL 6",179132,1,PROV,PRCNCT,S,S_SV_SECTOR,"2021-01-21 12:30:02",1093,1077,15,1,399,383,15,1,1200,801,398,1,0,21,81,10,113,143,0,0,1,0,7,9,0,10,0,0,0,2,1
49,"MUNICIPIUL BUCUREŞTI - SECTOR 6","ŞCOALA GIMNAZIALĂ NR.193",1068,"BUCUREŞTI SECTORUL 6",179132,1,PROV,PRCNCT,S,S_SV_SECTOR,"2021-01-21 12:30:02",967,950,17,0,344,327,17,0,1200,856,343,1,0,32,68,10,89,117,0,0,1,0,6,10,2,6,0,0,0,1,1
49,"MUNICIPIUL BUCUREŞTI - SECTOR 6","ŞCOALA GIMNAZIALĂ NR.193",1069,"BUCUREŞTI SECTORUL 6",179132,1,PROV,PRCNCT,S,S_SV_SECTOR,"2021-01-21 12:30:02",1178,1165,13,0,465,452,13,0,1200,735,457,6,2,44,118,14,109,137,2,0,0,1,3,16,1,6,0,1,1,4,0
49,"MUNICIPIUL BUCUREŞTI - SECTOR 6","COLEGIUL NAŢIONAL ”GRIGORE MOISIL”",1070,"BUCUREŞTI SECTORUL 6",179132,1,PROV,PRCNCT,S,S_SV_SECTOR,"2021-01-21 12:30:02",1242,1224,18,0,466,448,18,0,1300,834,455,8,3,33,108,13,126,139,0,0,2,0,4,17,0,7,0,2,3,1,0
49,"MUNICIPIUL BUCUREŞTI - SECTOR 6","COLEGIUL NAŢIONAL ”GRIGORE MOISIL”",1071,"BUCUREŞTI SECTORUL 6",179132,1,PROV,PRCNCT,S,S_SV_SECTOR,"2021-01-21 12:30:02",1956,1915,39,2,727,686,39,2,2000,1273,724,3,0,27,139,20,148,334,0,2,0,0,0,28,1,12,2,4,1,4,2
49,"MUNICIPIUL BUCUREŞTI - SECTOR 6","COLEGIUL NAŢIONAL ”GRIGORE MOISIL”",1072,"BUCUREŞTI SECTORUL 6",179132,1,PROV,PRCNCT,S,S_SV_SECTOR,"2021-01-21 12:30:02",1216,1203,11,2,394,383,11,0,1300,906,391,3,0,28,82,11,97,133,1,0,1,0,3,17,1,4,3,5,3,2,0
49,"MUNICIPIUL BUCUREŞTI - SECTOR 6","COLEGIUL NAŢIONAL ”GRIGORE MOISIL”",1073,"BUCUREŞTI SECTORUL 6",179132,2,PART,PRCNCT,S,S_SV_SECTOR,"2021-01-21 12:30:02",1079,1070,9,0,386,377,9,0,1199,813,380,3,2,33,73,21,86,135,1,0,0,0,2,18,2,3,0,0,0,4,2
49,"MUNICIPIUL BUCUREŞTI - SECTOR 6","ŞCOALA GIMNAZIALĂ NR.164",1074,"BUCUREŞTI SECTORUL 6",179132,1,PROV,PRCNCT,S,S_SV_SECTOR,"2021-01-21 12:30:02",1017,1000,15,2,379,362,15,2,1200,821,371,6,2,23,81,7,119,108,2,1,2,0,1,19,0,3,0,1,1,3,0
49,"MUNICIPIUL BUCUREŞTI - SECTOR 6","ŞCOALA GIMNAZIALĂ NR.164",1075,"BUCUREŞTI SECTORUL 6",179132,1,PROV,PRCNCT,S,S_SV_SECTOR,"2021-01-21 12:30:02",1139,1118,20,1,398,377,20,1,1201,803,394,4,0,20,96,19,117,107,0,1,1,0,3,14,0,5,2,3,1,4,1
49,"MUNICIPIUL BUCUREŞTI - SECTOR 6","ŞCOALA GIMNAZIALĂ NR.164",1076,"BUCUREŞTI SECTORUL 6",179132,1,PROV,PRCNCT,S,S_SV_SECTOR,"2021-01-21 12:30:02",999,985,14,0,364,350,14,0,1000,636,361,3,0,23,72,10,95,133,1,0,1,0,5,11,1,4,0,2,0,3,0
49,"MUNICIPIUL BUCUREŞTI - SECTOR 6","COLEGIUL TEHNIC ”GHEORGHE ASACHI”",1077,"BUCUREŞTI SECTORUL 6",179132,1,PROV,PRCNCT,S,S_SV_SECTOR,"2021-01-21 12:30:02",1356,1343,11,2,471,458,11,2,1400,929,462,8,1,32,90,16,132,154,1,0,0,1,1,18,0,6,1,5,1,4,0
49,"MUNICIPIUL BUCUREŞTI - SECTOR 6","COLEGIUL TEHNIC ”GHEORGHE ASACHI”",1078,"BUCUREŞTI SECTORUL 6",179132,2,PART,PRCNCT,S,S_SV_SECTOR,"2021-01-21 12:30:02",1109,1097,10,2,386,374,10,2,1200,814,383,3,0,30,93,9,87,128,0,1,2,0,1,22,1,5,0,2,0,2,0
49,"MUNICIPIUL BUCUREŞTI - SECTOR 6","COLEGIUL TEHNIC ”GHEORGHE ASACHI”",1079,"BUCUREŞTI SECTORUL 6",179132,1,PROV,PRCNCT,S,S_SV_SECTOR,"2021-01-21 12:30:02",1203,1191,12,0,443,431,12,0,1200,757,438,5,0,20,93,13,130,146,0,0,0,3,3,16,0,3,2,4,1,1,3
49,"MUNICIPIUL BUCUREŞTI - SECTOR 6","COLEGIUL TEHNIC ”GHEORGHE ASACHI”",1080,"BUCUREŞTI SECTORUL 6",179132,1,PROV,PRCNCT,S,S_SV_SECTOR,"2021-01-21 12:30:02",1195,1173,20,2,429,407,20,2,1200,771,423,6,0,26,90,19,125,127,3,1,2,1,3,11,3,5,1,1,0,4,1
49,"MUNICIPIUL BUCUREŞTI - SECTOR 6","LICEUL TEHNOLOGIC ”ANTIM IVIREANU”",1081,"BUCUREŞTI SECTORUL 6",179132,1,PROV,PRCNCT,S,S_SV_SECTOR,"2021-01-21 12:30:02",1213,1205,8,0,421,413,8,0,1299,878,419,2,0,27,88,12,131,124,0,2,0,0,6,17,0,5,1,1,1,2,2
49,"MUNICIPIUL BUCUREŞTI - SECTOR 6","LICEUL TEHNOLOGIC ”ANTIM IVIREANU”",1082,"BUCUREŞTI SECTORUL 6",179132,2,PART,PRCNCT,S,S_SV_SECTOR,"2021-01-21 12:30:02",1118,1108,10,0,421,411,10,0,1200,779,418,3,0,34,87,12,109,146,0,1,0,2,16,0,8,0,2,0,0,0,1
49,"MUNICIPIUL BUCUREŞTI - SECTOR 6","LICEUL TEHNOLOGIC ”ANTIM IVIREANU”",1083,"BUCUREŞTI SECTORUL 6",179132,1,PROV,PRCNCT,S,S_SV_SECTOR,"2021-01-21 12:30:02",1147,1134,13,0,428,415,13,0,1200,772,426,2,0,34,98,19,103,130,0,2,0,0,1,25,1,4,2,2,1,4,0
49,"MUNICIPIUL BUCUREŞTI - SECTOR 6","LICEUL TEHNOLOGIC ”ANTIM IVIREANU”",1084,"BUCUREŞTI SECTORUL 6",179132,1,PROV,PRCNCT,S,S_SV_SECTOR,"2021-01-21 12:30:02",1179,1166,12,1,318,305,12,1,1200,882,309,8,1,20,63,10,86,84,1,0,0,1,2,31,0,4,0,1,1,4,1
49,"MUNICIPIUL BUCUREŞTI - SECTOR 6","LICEUL TEHNOLOGIC ”ANTIM IVIREANU”",1085,"BUCUREŞTI SECTORUL 6",179132,1,PROV,PRCNCT,S,S_SV_SECTOR,"2021-01-21 12:30:02",1053,1041,10,2,312,300,10,2,1200,888,309,3,0,21,74,9,91,93,1,2,0,0,3,6,1,2,1,2,0,3,0
49,"MUNICIPIUL BUCUREŞTI - SECTOR 6","LICEUL TEHNOLOGIC ”ANTIM IVIREANU”",1086,"BUCUREŞTI SECTORUL 6",179132,1,PROV,PRCNCT,S,S_SV_SECTOR,"2021-01-21 12:30:02",1160,1147,11,2,370,357,11,2,1200,830,369,1,0,22,78,11,120,101,0,0,2,0,3,15,0,11,0,2,1,3,0
49,"MUNICIPIUL BUCUREŞTI - SECTOR 6","LICEUL TEHNOLOGIC ”ANTIM IVIREANU”",1087,"BUCUREŞTI SECTORUL 6",179132,1,PROV,PRCNCT,S,S_SV_SECTOR,"2021-01-21 12:30:02",1938,1896,34,8,822,780,34,8,2000,1178,809,7,6,39,137,27,129,422,0,2,1,1,13,14,1,12,3,3,1,3,1
49,"MUNICIPIUL BUCUREŞTI - SECTOR 6","LICEUL TEHNOLOGIC ”ANTIM IVIREANU”",1088,"BUCUREŞTI SECTORUL 6",179132,1,PROV,PRCNCT,S,S_SV_SECTOR,"2021-01-21 12:30:02",1738,1725,13,0,483,470,13,0,2000,1517,481,2,0,33,94,24,125,160,1,1,0,0,4,17,1,11,0,1,1,7,1
49,"MUNICIPIUL BUCUREŞTI - SECTOR 6","ŞCOALA GIMNAZIALĂ NR.169 CORPII",1089,"BUCUREŞTI SECTORUL 6",179132,1,PROV,PRCNCT,S,S_SV_SECTOR,"2021-01-21 12:30:02",1140,1131,7,2,392,383,7,2,1200,808,383,8,1,33,92,9,92,124,1,4,3,2,3,10,1,2,1,2,1,3,0
49,"MUNICIPIUL BUCUREŞTI - SECTOR 6","ŞCOALA GIMNAZIALĂ NR.169 CORPII",1090,"BUCUREŞTI SECTORUL 6",179132,1,PROV,PRCNCT,S,S_SV_SECTOR,"2021-01-21 12:30:02",1111,1100,11,0,365,354,11,0,1200,835,357,8,0,15,68,8,135,105,0,0,0,0,1,13,0,4,1,3,1,1,2
49,"MUNICIPIUL BUCUREŞTI - SECTOR 6","ŞCOALA GIMNAZIALĂ NR.169 CORPII",1091,"BUCUREŞTI SECTORUL 6",179132,1,PROV,PRCNCT,S,S_SV_SECTOR,"2021-01-21 12:30:02",1381,1363,14,4,529,511,14,4,1600,1071,522,7,0,18,113,21,164,154,0,0,2,3,5,19,0,15,1,1,2,2,2
49,"MUNICIPIUL BUCUREŞTI - SECTOR 6","ŞCOALA GIMNAZIALĂ NR.169 CORPII",1092,"BUCUREŞTI SECTORUL 6",179132,2,PART,PRCNCT,S,S_SV_SECTOR,"2021-01-21 12:30:02",1239,1225,13,1,479,465,13,1,1300,821,471,7,1,50,105,13,144,118,0,0,4,0,4,19,0,2,1,4,2,4,1
49,"MUNICIPIUL BUCUREŞTI - SECTOR 6","ŞCOALA GIMNAZIALĂ NR.169 CORPII",1093,"BUCUREŞTI SECTORUL 6",179132,1,PROV,PRCNCT,S,S_SV_SECTOR,"2021-01-21 12:30:02",1182,1173,7,2,395,386,7,2,1200,805,387,4,4,26,111,9,96,110,0,4,0,0,5,12,0,8,0,0,4,1,1
49,"MUNICIPIUL BUCUREŞTI - SECTOR 6","ŞCOALA GIMNAZIALĂ NR.169 CORPII",1094,"BUCUREŞTI SECTORUL 6",179132,2,PART,PRCNCT,S,S_SV_SECTOR,"2021-01-21 12:30:02",1186,1170,14,2,393,377,14,2,1200,807,386,7,0,17,79,15,116,124,1,0,0,0,0,16,1,8,0,5,0,1,3
49,"MUNICIPIUL BUCUREŞTI - SECTOR 6","ŞCOALA GIMNAZIALĂ NR.169 SALA DE SPORT",1095,"BUCUREŞTI SECTORUL 6",179132,3,PART,PRCNCT,S,S_SV_SECTOR,"2021-01-21 12:30:02",1314,1306,7,1,464,456,7,1,1400,936,458,6,0,32,117,11,77,170,0,3,3,1,3,23,0,6,5,2,1,4,0
49,"MUNICIPIUL BUCUREŞTI - SECTOR 6","ŞCOALA GIMNAZIALĂ NR.169 SALA DE SPORT",1096,"BUCUREŞTI SECTORUL 6",179132,3,PART,PRCNCT,S,S_SV_SECTOR,"2021-01-21 12:30:02",1285,1275,10,0,477,467,10,0,1300,823,463,10,2,29,122,8,129,144,0,0,1,0,4,11,0,8,2,2,1,1,1
49,"MUNICIPIUL BUCUREŞTI - SECTOR 6","ŞCOALA GIMNAZIALĂ NR.169 SALA DE SPORT",1097,"BUCUREŞTI SECTORUL 6",179132,1,PROV,PRCNCT,S,S_SV_SECTOR,"2021-01-21 12:30:02",1256,1239,15,2,490,473,15,2,1300,810,482,7,1,35,112,12,126,149,1,1,2,0,4,14,2,18,1,4,0,0,1
49,"MUNICIPIUL BUCUREŞTI - SECTOR 6","COLEGIUL NAŢIONAL ”ELENA CUZA”",1098,"BUCUREŞTI SECTORUL 6",179132,1,PROV,PRCNCT,S,S_SV_SECTOR,"2021-01-21 12:30:02",1206,1195,11,0,425,414,11,0,1200,775,420,5,0,32,91,16,91,138,2,1,1,1,4,22,2,9,2,2,1,5,0
49,"MUNICIPIUL BUCUREŞTI - SECTOR 6","COLEGIUL NAŢIONAL ”ELENA CUZA”",1099,"BUCUREŞTI SECTORUL 6",179132,1,PROV,PRCNCT,S,S_SV_SECTOR,"2021-01-21 12:30:02",1054,1045,9,0,414,405,9,0,1200,786,408,5,1,24,128,9,92,127,0,0,0,0,1,11,2,8,0,3,0,2,1
49,"MUNICIPIUL BUCUREŞTI - SECTOR 6","COLEGIUL NAŢIONAL ”ELENA CUZA”",1100,"BUCUREŞTI SECTORUL 6",179132,1,PROV,PRCNCT,S,S_SV_SECTOR,"2021-01-21 12:30:02",1125,1122,3,0,388,385,3,0,1200,812,386,2,0,36,84,5,112,112,0,0,1,1,3,25,0,3,0,2,1,0,1
49,"MUNICIPIUL BUCUREŞTI - SECTOR 6","COLEGIUL NAŢIONAL ”ELENA CUZA”",1101,"BUCUREŞTI SECTORUL 6",179132,1,PROV,PRCNCT,S,S_SV_SECTOR,"2021-01-21 12:30:02",951,938,13,0,304,291,13,0,1000,696,301,2,1,19,67,9,85,96,1,0,0,2,5,8,1,5,0,0,1,2,0
49,"MUNICIPIUL BUCUREŞTI - SECTOR 6","LICEUL TEORETIC ”EUGEN LOVINESCU”",1102,"BUCUREŞTI SECTORUL 6",179132,1,PROV,PRCNCT,S,S_SV_SECTOR,"2021-01-21 12:30:02",1413,1407,6,0,528,522,6,0,1600,1072,523,4,1,42,112,16,167,151,0,0,2,1,2,17,0,6,1,3,0,3,0
49,"MUNICIPIUL BUCUREŞTI - SECTOR 6","LICEUL TEORETIC ”EUGEN LOVINESCU”",1103,"BUCUREŞTI SECTORUL 6",179132,1,PROV,PRCNCT,S,S_SV_SECTOR,"2021-01-21 12:30:02",1293,1276,14,3,483,466,14,3,1300,817,472,10,1,34,118,16,118,145,1,0,1,1,7,14,0,4,0,2,3,7,1
49,"MUNICIPIUL BUCUREŞTI - SECTOR 6","LICEUL TEORETIC ”EUGEN LOVINESCU”",1104,"BUCUREŞTI SECTORUL 6",179132,1,PROV,PRCNCT,S,S_SV_SECTOR,"2021-01-21 12:30:02",1563,1549,11,3,570,556,11,3,1600,1030,558,9,3,43,138,19,151,172,1,3,3,1,4,11,0,5,0,3,0,4,0
49,"MUNICIPIUL BUCUREŞTI - SECTOR 6","LICEUL TEORETIC ”EUGEN LOVINESCU”",1105,"BUCUREŞTI SECTORUL 6",179132,2,PART,PRCNCT,S,S_SV_SECTOR,"2021-01-21 12:30:02",1486,1477,9,0,476,467,9,0,1600,1124,465,7,4,35,112,23,130,141,0,1,0,0,1,10,2,8,0,1,1,0,0
49,"MUNICIPIUL BUCUREŞTI - SECTOR 6","LICEUL TEORETIC ”EUGEN LOVINESCU”",1106,"BUCUREŞTI SECTORUL 6",179132,1,PROV,PRCNCT,S,S_SV_SECTOR,"2021-01-21 12:30:02",1377,1368,9,0,520,511,9,0,1400,880,513,6,1,47,104,20,129,163,0,2,3,1,6,20,0,10,0,1,1,5,1
49,"MUNICIPIUL BUCUREŞTI - SECTOR 6","LICEUL TEORETIC ”EUGEN LOVINESCU”",1107,"BUCUREŞTI SECTORUL 6",179132,1,PROV,PRCNCT,S,S_SV_SECTOR,"2021-01-21 12:30:02",1222,1213,9,0,398,389,9,0,1300,902,394,4,0,34,79,9,104,133,2,0,0,2,4,18,0,3,0,1,2,1,2
49,"MUNICIPIUL BUCUREŞTI - SECTOR 6","LICEUL TEORETIC ”EUGEN LOVINESCU”",1108,"BUCUREŞTI SECTORUL 6",179132,1,PROV,PRCNCT,S,S_SV_SECTOR,"2021-01-21 12:30:02",1165,1157,7,1,358,350,7,1,1200,842,353,5,0,12,89,11,88,127,0,1,2,0,0,11,0,4,1,3,1,3,0
49,"MUNICIPIUL BUCUREŞTI - SECTOR 6","LICEUL TEORETIC ”EUGEN LOVINESCU”",1109,"BUCUREŞTI SECTORUL 6",179132,1,PROV,PRCNCT,S,S_SV_SECTOR,"2021-01-21 12:30:02",1205,1191,13,1,409,395,13,1,1300,891,400,5,4,30,89,12,111,130,0,0,0,0,0,12,0,9,0,3,0,4,0
49,"MUNICIPIUL BUCUREŞTI - SECTOR 6","LICEUL TEORETIC ”EUGEN LOVINESCU”",1110,"BUCUREŞTI SECTORUL 6",179132,1,PROV,PRCNCT,S,S_SV_SECTOR,"2021-01-21 12:30:02",845,839,6,0,272,266,6,0,902,630,268,4,0,15,66,7,62,95,0,0,0,0,1,13,0,3,1,2,2,0,1
49,"MUNICIPIUL BUCUREŞTI - SECTOR 6","ŞCOALA GIMNAZIALĂ NR.279",1111,"BUCUREŞTI SECTORUL 6",179132,1,PROV,PRCNCT,S,S_SV_SECTOR,"2021-01-21 12:30:02",1626,1616,7,3,543,533,7,3,1700,1157,537,4,2,28,115,9,117,231,0,2,2,0,7,21,0,3,1,1,0,0,0
49,"MUNICIPIUL BUCUREŞTI - SECTOR 6","ŞCOALA GIMNAZIALĂ NR.279",1112,"BUCUREŞTI SECTORUL 6",179132,1,PROV,PRCNCT,S,S_SV_SECTOR,"2021-01-21 12:30:02",1424,1412,10,2,455,443,10,2,1600,1145,451,3,1,29,124,11,106,146,1,1,0,3,1,15,0,6,1,2,0,5,0
49,"MUNICIPIUL BUCUREŞTI - SECTOR 6","ŞCOALA GIMNAZIALĂ NR.279",1113,"BUCUREŞTI SECTORUL 6",179132,1,PROV,PRCNCT,S,S_SV_SECTOR,"2021-01-21 12:30:02",1538,1524,14,0,493,479,14,0,1600,1107,489,4,0,36,109,14,129,158,2,1,0,0,3,21,0,9,0,0,1,5,1
49,"MUNICIPIUL BUCUREŞTI - SECTOR 6","ŞCOALA GIMNAZIALĂ NR.279",1114,"BUCUREŞTI SECTORUL 6",179132,1,PROV,PRCNCT,S,S_SV_SECTOR,"2021-01-21 12:30:02",1949,1925,23,1,620,596,23,1,2000,1380,614,6,0,43,156,24,115,237,1,0,2,1,2,20,1,10,0,0,0,2,0
49,"MUNICIPIUL BUCUREŞTI - SECTOR 6","ŞCOALA GIMNAZIALĂ NR.279",1115,"BUCUREŞTI SECTORUL 6",179132,1,PROV,PRCNCT,S,S_SV_SECTOR,"2021-01-21 12:30:02",1549,1540,9,0,440,431,9,0,1600,1160,434,5,1,24,93,23,147,107,0,0,0,1,3,22,0,5,2,3,1,2,1
49,"MUNICIPIUL BUCUREŞTI - SECTOR 6","ŞCOALA GIMNAZIALĂ NR.279",1116,"BUCUREŞTI SECTORUL 6",179132,1,PROV,PRCNCT,S,S_SV_SECTOR,"2021-01-21 12:30:02",1894,1879,13,2,643,628,13,2,2000,1357,634,9,0,62,152,8,132,211,2,0,3,2,9,33,2,10,0,4,0,4,0
49,"MUNICIPIUL BUCUREŞTI - SECTOR 6","ŞCOALA GIMNAZIALĂ NR.279",1117,"BUCUREŞTI SECTORUL 6",179132,1,PROV,PRCNCT,S,S_SV_SECTOR,"2021-01-21 12:30:02",1743,1721,18,4,637,615,18,4,1800,1163,632,4,1,33,141,19,104,283,0,0,1,0,3,32,1,9,0,2,1,3,0
49,"MUNICIPIUL BUCUREŞTI - SECTOR 6","ŞCOALA GIMNAZIALĂ SPECIALĂ ”CONSTANTIN PĂUNESCU”",1118,"BUCUREŞTI SECTORUL 6",179132,1,PROV,PRCNCT,S,S_SV_SECTOR,"2021-01-21 12:30:02",1723,1715,8,0,523,515,8,0,1800,1277,519,2,2,37,116,27,160,136,0,1,2,1,2,24,1,4,0,3,0,3,2
49,"MUNICIPIUL BUCUREŞTI - SECTOR 6","ŞCOALA GIMNAZIALĂ SPECIALĂ ”CONSTANTIN PĂUNESCU”",1119,"BUCUREŞTI SECTORUL 6",179132,2,PART,PRCNCT,S,S_SV_SECTOR,"2021-01-21 12:30:02",1517,1502,13,2,546,531,13,2,1600,1054,534,7,5,26,129,30,144,163,1,1,1,0,4,20,0,6,0,3,0,4,2
49,"MUNICIPIUL BUCUREŞTI - SECTOR 6","ŞCOALA GIMNAZIALĂ SPECIALĂ PENTRU DEFICIENŢI DE AUZ ”SF. MARIA”",1120,"BUCUREŞTI SECTORUL 6",179132,1,PROV,PRCNCT,S,S_SV_SECTOR,"2021-01-21 12:30:02",1270,1254,14,2,480,464,14,2,1300,820,473,7,0,36,106,8,116,167,0,0,2,0,1,22,1,7,1,3,0,1,2
49,"MUNICIPIUL BUCUREŞTI - SECTOR 6","ŞCOALA GIMNAZIALĂ SPECIALĂ PENTRU DEFICIENŢI DE AUZ ”SF. MARIA”",1121,"BUCUREŞTI SECTORUL 6",179132,1,PROV,PRCNCT,S,S_SV_SECTOR,"2021-01-21 12:30:02",1579,1570,9,0,556,547,9,0,1600,1044,550,6,0,33,133,23,131,197,0,2,1,0,2,19,0,6,0,0,1,2,0
49,"MUNICIPIUL BUCUREŞTI - SECTOR 6","ŞCOALA GIMNAZIALĂ ”SF. ANDREI”",1122,"BUCUREŞTI SECTORUL 6",179132,1,PROV,PRCNCT,S,S_SV_SECTOR,"2021-01-21 12:30:02",1290,1283,7,0,454,447,7,0,1300,846,448,4,2,33,98,16,123,149,1,2,0,0,3,17,1,4,0,0,1,0,0
49,"MUNICIPIUL BUCUREŞTI - SECTOR 6","ŞCOALA GIMNAZIALĂ ”SF. ANDREI”",1123,"BUCUREŞTI SECTORUL 6",179132,1,PROV,PRCNCT,S,S_SV_SECTOR,"2021-01-21 12:30:02",1557,1550,7,0,464,457,7,0,1600,1136,454,9,1,26,120,16,121,125,0,1,0,2,5,21,0,7,2,2,2,4,0
49,"MUNICIPIUL BUCUREŞTI - SECTOR 6","ŞCOALA GIMNAZIALĂ ”SF. ANDREI”",1124,"BUCUREŞTI SECTORUL 6",179132,1,PROV,PRCNCT,S,S_SV_SECTOR,"2021-01-21 12:30:02",1375,1362,10,3,458,445,10,3,1400,942,450,7,1,28,142,21,119,113,0,2,1,1,4,12,1,3,1,0,0,2,0
49,"MUNICIPIUL BUCUREŞTI - SECTOR 6","ŞCOALA GIMNAZIALĂ ”SF. ANDREI”",1125,"BUCUREŞTI SECTORUL 6",179132,1,PROV,PRCNCT,S,S_SV_SECTOR,"2021-01-21 12:30:02",1549,1540,9,0,560,551,9,0,1600,1040,548,10,2,22,113,21,188,165,3,0,0,0,5,14,0,10,0,2,0,4,1
49,"MUNICIPIUL BUCUREŞTI - SECTOR 6","ŞCOALA GIMNAZIALĂ ”SF. ANDREI”",1126,"BUCUREŞTI SECTORUL 6",179132,1,PROV,PRCNCT,S,S_SV_SECTOR,"2021-01-21 12:30:02",1758,1746,12,0,651,639,12,0,1800,1149,646,5,0,62,166,27,144,193,1,0,1,0,7,29,2,7,0,2,1,3,1
49,"MUNICIPIUL BUCUREŞTI - SECTOR 6","ŞCOALA GIMNAZIALĂ ”SF. ANDREI”",1127,"BUCUREŞTI SECTORUL 6",179132,2,PART,PRCNCT,S,S_SV_SECTOR,"2021-01-21 12:30:02",1421,1418,3,0,403,400,3,0,1603,1200,395,7,1,17,80,15,117,133,1,0,2,1,5,16,0,6,0,0,0,1,1
49,"MUNICIPIUL BUCUREŞTI - SECTOR 6","ŞCOALA GIMNAZIALĂ ”SF. ANDREI”",1128,"BUCUREŞTI SECTORUL 6",179132,1,PROV,PRCNCT,S,S_SV_SECTOR,"2021-01-21 12:30:02",1442,1430,7,5,581,569,7,5,1600,1019,578,2,1,33,182,12,119,194,1,1,0,1,0,17,0,7,1,5,0,4,1
49,"MUNICIPIUL BUCUREŞTI - SECTOR 6","ŞCOALA GIMNAZIALĂ ”SF. ANDREI”",1129,"BUCUREŞTI SECTORUL 6",179132,2,PART,PRCNCT,S,S_SV_SECTOR,"2021-01-21 12:30:02",1745,1736,8,1,645,636,8,1,1800,1155,642,2,1,39,176,24,171,189,0,0,1,0,5,17,2,8,4,2,0,3,1
49,"MUNICIPIUL BUCUREŞTI - SECTOR 6","ŞCOALA GIMNAZIALĂ ”SF. ANDREI”",1130,"BUCUREŞTI SECTORUL 6",179132,1,PROV,PRCNCT,S,S_SV_SECTOR,"2021-01-21 12:30:02",1712,1693,12,7,628,609,12,7,1700,1072,624,4,0,35,116,24,166,240,0,1,1,0,1,21,1,5,1,4,0,6,2
49,"MUNICIPIUL BUCUREŞTI - SECTOR 6","ŞCOALA GIMNAZIALĂ ”SF. ANDREI”",1131,"BUCUREŞTI SECTORUL 6",179132,1,PROV,PRCNCT,S,S_SV_SECTOR,"2021-01-21 12:30:02",1704,1681,21,2,684,661,21,2,1700,1016,682,2,0,33,132,16,108,347,1,0,1,0,8,25,1,4,0,0,0,6,0
49,"MUNICIPIUL BUCUREŞTI - SECTOR 6","ŞCOALA GIMNAZIALĂ NR.206",1132,"BUCUREŞTI SECTORUL 6",179132,1,PROV,PRCNCT,S,S_SV_SECTOR,"2021-01-21 12:30:02",1329,1317,12,0,444,432,12,0,1400,956,438,4,2,34,90,15,142,109,1,1,0,0,4,28,0,2,1,2,0,9,0
49,"MUNICIPIUL BUCUREŞTI - SECTOR 6","ŞCOALA GIMNAZIALĂ NR.206",1133,"BUCUREŞTI SECTORUL 6",179132,2,PART,PRCNCT,S,S_SV_SECTOR,"2021-01-21 12:30:02",1389,1378,11,0,411,400,11,0,1395,984,400,4,1,26,101,22,114,98,0,0,2,2,0,19,3,6,1,2,3,1,0
49,"MUNICIPIUL BUCUREŞTI - SECTOR 6","ŞCOALA GIMNAZIALĂ NR.206",1134,"BUCUREŞTI SECTORUL 6",179132,1,PROV,PRCNCT,S,S_SV_SECTOR,"2021-01-21 12:30:02",1431,1424,7,0,409,402,7,0,1603,1194,404,5,0,27,114,10,118,100,1,0,0,0,0,22,0,6,0,3,0,2,1
49,"MUNICIPIUL BUCUREŞTI - SECTOR 6","ŞCOALA GIMNAZIALĂ NR.206",1135,"BUCUREŞTI SECTORUL 6",179132,1,PROV,PRCNCT,S,S_SV_SECTOR,"2021-01-21 12:30:02",1291,1284,7,0,500,493,7,0,1302,802,491,9,0,29,110,17,134,160,3,3,2,0,5,12,0,10,1,4,0,1,0
49,"MUNICIPIUL BUCUREŞTI - SECTOR 6","ŞCOALA GIMNAZIALĂ NR.206",1136,"BUCUREŞTI SECTORUL 6",179132,1,PROV,PRCNCT,S,S_SV_SECTOR,"2021-01-21 12:30:02",1460,1449,10,1,438,427,10,1,1600,1162,435,3,0,38,110,18,98,133,2,1,3,0,2,14,1,6,0,3,3,2,1
49,"MUNICIPIUL BUCUREŞTI - SECTOR 6","ŞCOALA GIMNAZIALĂ NR.206",1137,"BUCUREŞTI SECTORUL 6",179132,1,PROV,PRCNCT,S,S_SV_SECTOR,"2021-01-21 12:30:02",1483,1473,10,0,502,492,10,0,1600,1098,492,7,3,31,114,20,144,136,1,1,2,0,5,18,0,6,4,3,0,6,1
49,"MUNICIPIUL BUCUREŞTI - SECTOR 6","ŞCOALA GIMNAZIALĂ ”SF. CONSTANTIN ŞI ELENA”",1138,"BUCUREŞTI SECTORUL 6",179132,1,PROV,PRCNCT,S,S_SV_SECTOR,"2021-01-21 12:30:02",1208,1200,8,0,374,366,8,0,1300,926,371,1,2,25,67,18,109,119,2,0,0,0,2,14,0,6,0,3,0,6,0
49,"MUNICIPIUL BUCUREŞTI - SECTOR 6","ŞCOALA GIMNAZIALĂ ”SF. CONSTANTIN ŞI ELENA”",1139,"BUCUREŞTI SECTORUL 6",179132,1,PROV,PRCNCT,S,S_SV_SECTOR,"2021-01-21 12:30:02",1515,1506,8,1,448,439,8,1,1600,1152,442,6,0,35,86,22,134,130,0,0,0,1,2,12,2,8,2,4,1,3,0
49,"MUNICIPIUL BUCUREŞTI - SECTOR 6","ŞCOALA GIMNAZIALĂ ”SF. CONSTANTIN ŞI ELENA”",1140,"BUCUREŞTI SECTORUL 6",179132,1,PROV,PRCNCT,S,S_SV_SECTOR,"2021-01-21 12:30:02",1143,1137,6,0,363,357,6,0,1200,837,362,1,0,19,93,13,98,109,0,1,0,0,5,11,2,8,0,1,0,2,0
49,"MUNICIPIUL BUCUREŞTI - SECTOR 6","ŞCOALA GIMNAZIALĂ ”SF. CONSTANTIN ŞI ELENA”",1141,"BUCUREŞTI SECTORUL 6",179132,1,PROV,PRCNCT,S,S_SV_SECTOR,"2021-01-21 12:30:02",1303,1293,8,2,457,447,8,2,1300,843,455,2,0,36,129,21,109,132,1,0,1,1,1,7,0,7,0,5,0,3,2
49,"MUNICIPIUL BUCUREŞTI - SECTOR 6","ŞCOALA GIMNAZIALĂ ”SF. CONSTANTIN ŞI ELENA”",1142,"BUCUREŞTI SECTORUL 6",179132,1,PROV,PRCNCT,S,S_SV_SECTOR,"2021-01-21 12:30:02",1506,1491,13,2,521,506,13,2,1600,1079,513,6,2,36,85,24,142,185,0,1,2,0,2,19,0,6,1,5,0,4,1
49,"MUNICIPIUL BUCUREŞTI - SECTOR 6","ŞCOALA GIMNAZIALĂ ”SF. CONSTANTIN ŞI ELENA”",1143,"BUCUREŞTI SECTORUL 6",179132,1,PROV,PRCNCT,S,S_SV_SECTOR,"2021-01-21 12:30:02",1016,1007,8,1,317,308,8,1,1200,883,311,3,3,19,62,6,99,94,0,1,0,0,0,27,0,1,0,0,1,1,0
49,"MUNICIPIUL BUCUREŞTI - SECTOR 6","SCOALA GIMNAZIALA SFINTII CONSTANTIN SI ELENA",1144,"BUCUREŞTI SECTORUL 6",179132,1,PROV,PRCNCT,S,S_SV_SECTOR,"2021-01-21 12:30:02",1856,1837,14,5,503,484,14,5,2000,1497,492,10,1,28,82,15,126,193,3,0,1,0,5,25,0,4,0,5,0,3,2
49,"MUNICIPIUL BUCUREŞTI - SECTOR 6","ŞCOALA GIMNAZIALĂ NR.309",1145,"BUCUREŞTI SECTORUL 6",179132,1,PROV,PRCNCT,S,S_SV_SECTOR,"2021-01-21 12:30:02",1537,1524,13,0,524,511,13,0,1600,1076,515,8,1,25,114,19,142,164,0,0,0,0,4,34,1,5,1,1,0,3,2
49,"MUNICIPIUL BUCUREŞTI - SECTOR 6","ŞCOALA GIMNAZIALĂ NR.309",1146,"BUCUREŞTI SECTORUL 6",179132,1,PROV,PRCNCT,S,S_SV_SECTOR,"2021-01-21 12:30:02",1496,1482,13,1,518,504,13,1,1600,1082,514,3,1,30,102,17,164,152,1,1,6,0,6,16,1,8,1,2,3,2,2
49,"MUNICIPIUL BUCUREŞTI - SECTOR 6","ŞCOALA GIMNAZIALĂ NR.309",1147,"BUCUREŞTI SECTORUL 6",179132,1,PROV,PRCNCT,S,S_SV_SECTOR,"2021-01-21 12:30:02",1448,1434,12,2,446,432,12,2,1600,1154,439,4,3,25,107,16,128,134,0,3,2,0,3,11,1,4,1,0,1,2,1
49,"MUNICIPIUL BUCUREŞTI - SECTOR 6","ŞCOALA GIMNAZIALĂ NR.309",1148,"BUCUREŞTI SECTORUL 6",179132,1,PROV,PRCNCT,S,S_SV_SECTOR,"2021-01-21 12:30:02",1595,1587,8,0,450,442,8,0,1600,1150,439,9,2,20,80,17,148,114,0,2,0,2,4,28,5,8,1,7,1,1,1
49,"MUNICIPIUL BUCUREŞTI - SECTOR 6","ŞCOALA GIMNAZIALĂ NR.309",1149,"BUCUREŞTI SECTORUL 6",179132,1,PROV,PRCNCT,S,S_SV_SECTOR,"2021-01-21 12:30:02",1312,1302,9,1,428,418,9,1,1400,972,421,4,3,23,89,16,120,127,1,2,1,0,3,22,1,5,2,1,1,5,2
49,"MUNICIPIUL BUCUREŞTI - SECTOR 6","ŞCOALA GIMNAZIALĂ NR.309",1150,"BUCUREŞTI SECTORUL 6",179132,1,PROV,PRCNCT,S,S_SV_SECTOR,"2021-01-21 12:30:02",1722,1706,13,3,547,531,13,3,1800,1253,542,4,1,27,123,21,140,185,0,1,2,0,3,18,0,7,1,4,0,9,1
49,"MUNICIPIUL BUCUREŞTI - SECTOR 6","ŞCOALA GIMNAZIALĂ ”ION DUMITRIU”",1151,"BUCUREŞTI SECTORUL 6",179132,1,PROV,PRCNCT,S,S_SV_SECTOR,"2021-01-21 12:30:02",1253,1241,8,4,390,378,8,4,1300,910,386,2,2,23,77,8,104,131,0,1,1,1,2,23,0,10,0,1,0,4,0
49,"MUNICIPIUL BUCUREŞTI - SECTOR 6","ŞCOALA GIMNAZIALĂ ”ION DUMITRIU”",1152,"BUCUREŞTI SECTORUL 6",179132,2,PART,PRCNCT,S,S_SV_SECTOR,"2021-01-21 12:30:02",1522,1511,9,2,480,469,9,2,1600,1120,476,4,0,38,83,23,129,169,2,0,0,0,2,19,0,6,0,0,0,4,1
49,"MUNICIPIUL BUCUREŞTI - SECTOR 6","ŞCOALA GIMNAZIALĂ ”ION DUMITRIU”",1153,"BUCUREŞTI SECTORUL 6",179132,1,PROV,PRCNCT,S,S_SV_SECTOR,"2021-01-21 12:30:02",1214,1201,11,2,404,391,11,2,1300,896,396,6,2,17,69,15,127,127,0,0,0,4,6,22,0,4,0,2,2,1,0
49,"MUNICIPIUL BUCUREŞTI - SECTOR 6","ŞCOALA GIMNAZIALĂ ”ION DUMITRIU”",1154,"BUCUREŞTI SECTORUL 6",179132,2,PART,PRCNCT,S,S_SV_SECTOR,"2021-01-21 12:30:02",1708,1689,14,5,503,484,14,5,1700,1197,498,5,0,39,94,23,143,129,2,2,3,2,3,39,1,7,1,2,2,5,1
49,"MUNICIPIUL BUCUREŞTI - SECTOR 6","ŞCOALA GIMNAZIALĂ ”ION DUMITRIU”",1155,"BUCUREŞTI SECTORUL 6",179132,1,PROV,PRCNCT,S,S_SV_SECTOR,"2021-01-21 12:30:02",1336,1329,7,0,433,426,7,0,1400,967,426,3,4,21,57,15,159,130,2,1,3,0,6,20,2,6,0,1,0,1,2
49,"MUNICIPIUL BUCUREŞTI - SECTOR 6","ŞCOALA GIMNAZIALĂ ”ION DUMITRIU”",1156,"BUCUREŞTI SECTORUL 6",179132,2,PART,PRCNCT,S,S_SV_SECTOR,"2021-01-21 12:30:02",1571,1563,8,0,447,439,8,0,1600,1153,441,6,0,29,64,11,148,135,0,2,3,0,1,33,0,5,1,2,1,6,0
49,"MUNICIPIUL BUCUREŞTI - SECTOR 6","ŞCOALA GIMNAZIALĂ ”ION DUMITRIU”",1157,"BUCUREŞTI SECTORUL 6",179132,1,PROV,PRCNCT,S,S_SV_SECTOR,"2021-01-21 12:30:02",1268,1263,5,0,348,343,5,0,1300,952,337,8,3,14,71,13,114,91,0,0,0,2,1,18,1,6,0,2,1,1,2
49,"MUNICIPIUL BUCUREŞTI - SECTOR 6","ŞCOALA GIMNAZIALĂ ”ION DUMITRIU”",1158,"BUCUREŞTI SECTORUL 6",179132,1,PROV,PRCNCT,S,S_SV_SECTOR,"2021-01-21 12:30:02",1465,1458,7,0,443,436,7,0,1600,1157,436,7,0,26,109,17,126,124,0,1,2,0,6,15,1,3,1,1,1,3,0
49,"MUNICIPIUL BUCUREŞTI - SECTOR 6","ŞCOALA GIMNAZIALĂ ”ION DUMITRIU”",1159,"BUCUREŞTI SECTORUL 6",179132,1,PROV,PRCNCT,S,S_SV_SECTOR,"2021-01-21 12:30:02",1620,1609,8,3,479,468,8,3,1700,1221,474,5,0,18,82,14,139,173,1,1,2,0,6,24,1,4,0,3,3,2,1
49,"MUNICIPIUL BUCUREŞTI - SECTOR 6","ŞCOALA GIMNAZIALĂ ”ION DUMITRIU”",1160,"BUCUREŞTI SECTORUL 6",179132,1,PROV,PRCNCT,S,S_SV_SECTOR,"2021-01-21 12:30:02",1627,1617,10,0,392,382,10,0,1700,1308,390,2,0,21,84,17,102,111,0,0,0,0,1,38,1,4,1,3,1,5,1
49,"MUNICIPIUL BUCUREŞTI - SECTOR 6","CENTRUL EUROPEAN SECTOR 6",1161,"BUCUREŞTI SECTORUL 6",179132,1,PROV,PRCNCT,S,S_SV_SECTOR,"2021-01-21 12:30:02",1392,1364,25,3,477,449,25,3,1400,923,473,4,0,32,82,11,139,163,2,1,5,1,1,15,0,9,2,4,0,5,1
49,"MUNICIPIUL BUCUREŞTI - SECTOR 6","LICEUL TEHNOLOGIC ”PETRU PONI”",1162,"BUCUREŞTI SECTORUL 6",179132,1,PROV,PRCNCT,S,S_SV_SECTOR,"2021-01-21 12:30:02",1736,1684,49,3,692,640,49,3,1700,1008,689,3,0,30,107,14,110,376,1,0,0,1,7,32,3,2,1,2,1,1,1
49,"MUNICIPIUL BUCUREŞTI - SECTOR 6","LICEUL TEHNOLOGIC ”PETRU PONI”",1163,"BUCUREŞTI SECTORUL 6",179132,1,PROV,PRCNCT,S,S_SV_SECTOR,"2021-01-21 12:30:02",1653,1635,16,2,449,431,16,2,1700,1251,442,7,0,22,73,17,109,178,0,0,0,0,1,30,1,7,1,2,0,1,0
49,"MUNICIPIUL BUCUREŞTI - SECTOR 6","LICEUL TEHNOLOGIC ”PETRU PONI”",1164,"BUCUREŞTI SECTORUL 6",179132,1,PROV,PRCNCT,S,S_SV_SECTOR,"2021-01-21 12:30:02",1707,1691,16,0,489,473,16,0,1700,1211,483,6,0,21,95,25,81,214,0,1,3,1,2,27,0,7,0,3,0,1,2
49,"MUNICIPIUL BUCUREŞTI - SECTOR 6","ȘCOALA GIMNAZIALĂ ”SFÂNTA TREIME”",1165,"BUCUREŞTI SECTORUL 6",179132,1,PROV,PRCNCT,S,S_SV_SECTOR,"2021-01-21 12:30:02",1813,1804,5,4,491,482,5,4,2000,1509,485,6,0,24,91,24,127,163,0,0,3,2,8,26,1,6,1,3,1,2,3
49,"MUNICIPIUL BUCUREŞTI - SECTOR 6","ȘCOALA GIMNAZIALĂ ”SFÂNTA TREIME”",1166,"BUCUREŞTI SECTORUL 6",179132,1,PROV,PRCNCT,S,S_SV_SECTOR,"2021-01-21 12:30:02",1743,1735,8,0,530,522,8,0,2000,1470,522,7,1,31,113,17,137,172,1,0,0,1,3,33,0,6,0,2,1,4,1
49,"MUNICIPIUL BUCUREŞTI - SECTOR 6","ŞCOALA GIMNAZIALĂ ”SFÂNTA TREIME”",1167,"BUCUREŞTI SECTORUL 6",179132,1,PROV,PRCNCT,S,S_SV_SECTOR,"2021-01-21 12:30:02",1676,1665,9,2,528,517,9,2,1700,1172,516,11,1,33,94,24,126,172,2,1,1,2,3,39,2,3,1,2,1,9,1
49,"MUNICIPIUL BUCUREŞTI - SECTOR 6","ŞCOALA GIMNAZIALĂ ”SFÂNTA TREIME”",1168,"BUCUREŞTI SECTORUL 6",179132,1,PROV,PRCNCT,S,S_SV_SECTOR,"2021-01-21 12:30:02",1861,1854,7,0,589,582,7,0,2000,1411,579,9,1,31,135,21,138,184,0,1,1,2,2,42,0,9,2,5,1,2,3
49,"MUNICIPIUL BUCUREŞTI - SECTOR 6","ŞCOALA GIMNAZIALĂ CONSTANTIN BRANCUSI",1169,"BUCUREŞTI SECTORUL 6",179132,1,PROV,PRCNCT,S,S_SV_SECTOR,"2021-01-21 12:30:02",1569,1553,15,1,455,439,15,1,1600,1145,448,3,4,30,117,11,114,148,0,0,1,0,3,12,1,2,0,4,0,3,2
49,"MUNICIPIUL BUCUREŞTI - SECTOR 6","ŞCOALA GIMNAZIALĂ CONSTANTIN BRANCUSI",1170,"BUCUREŞTI SECTORUL 6",179132,1,PROV,PRCNCT,S,S_SV_SECTOR,"2021-01-21 12:30:02",1846,1834,10,2,499,487,10,2,2000,1501,497,2,0,34,88,15,132,174,1,2,0,0,4,27,4,8,1,2,2,2,1
49,"MUNICIPIUL BUCUREŞTI - SECTOR 6","ŞCOALA GIMNAZIALĂ CONSTANTIN BRANCUSI",1171,"BUCUREŞTI SECTORUL 6",179132,1,PROV,PRCNCT,S,S_SV_SECTOR,"2021-01-21 12:30:02",1592,1576,14,2,508,492,14,2,1600,1092,505,3,0,39,113,22,95,190,0,0,1,0,8,25,0,1,2,3,1,4,1
49,"MUNICIPIUL BUCUREŞTI - SECTOR 6","ŞCOALA GIMNAZIALĂ NR.198",1172,"BUCUREŞTI SECTORUL 6",179132,1,PROV,PRCNCT,S,S_SV_SECTOR,"2021-01-21 12:30:02",1813,1801,12,0,598,586,12,0,2000,1402,595,3,0,43,129,15,171,174,1,1,0,1,4,32,1,9,1,4,2,4,3
49,"MUNICIPIUL BUCUREŞTI - SECTOR 6","ŞCOALA GIMNAZIALĂ NR.198",1173,"BUCUREŞTI SECTORUL 6",179132,1,PROV,PRCNCT,S,S_SV_SECTOR,"2021-01-21 12:30:02",1721,1711,7,3,480,470,7,3,1800,1320,476,4,0,21,116,18,132,151,1,0,2,1,5,20,2,3,0,2,0,1,1
49,"MUNICIPIUL BUCUREŞTI - SECTOR 6","ŞCOALA GIMNAZIALĂ NR.198",1174,"BUCUREŞTI SECTORUL 6",179132,1,PROV,PRCNCT,S,S_SV_SECTOR,"2021-01-21 12:30:02",1431,1421,7,3,466,456,7,3,1600,1134,456,9,1,25,102,11,144,139,0,0,1,0,0,16,3,5,0,0,2,6,2
49,"MUNICIPIUL BUCUREŞTI - SECTOR 6","ŞCOALA GIMNAZIALĂ NR.198",1175,"BUCUREŞTI SECTORUL 6",179132,1,PROV,PRCNCT,S,S_SV_SECTOR,"2021-01-21 12:30:02",1454,1441,12,1,493,480,12,1,1600,1107,484,9,0,35,101,17,137,154,0,1,4,0,2,25,2,3,0,2,0,0,1
49,"MUNICIPIUL BUCUREŞTI - SECTOR 6","ŞCOALA GIMNAZIALĂ NR.198",1176,"BUCUREŞTI SECTORUL 6",179132,3,PART,PRCNCT,S,S_SV_SECTOR,"2021-01-21 12:30:02",1720,1709,11,0,528,517,11,0,1800,1272,520,8,0,33,99,15,168,152,0,0,0,1,3,22,0,14,3,4,3,1,2
49,"MUNICIPIUL BUCUREŞTI - SECTOR 6","ŞCOALA GIMNAZIALĂ NR.198",1177,"BUCUREŞTI SECTORUL 6",179132,1,PROV,PRCNCT,S,S_SV_SECTOR,"2021-01-21 12:30:02",1648,1637,6,5,527,516,6,5,1700,1173,525,2,0,39,126,17,141,147,6,4,6,0,5,19,0,6,2,3,1,2,1
49,"MUNICIPIUL BUCUREŞTI - SECTOR 6","ŞCOALA GIMNAZIALĂ ”CONSTANTIN BRÂNCUŞI”",1178,"BUCUREŞTI SECTORUL 6",179132,1,PROV,PRCNCT,S,S_SV_SECTOR,"2021-01-21 12:30:02",1383,1368,13,2,441,426,13,2,1400,959,437,4,0,26,95,7,128,151,2,0,1,1,1,17,0,2,0,0,0,5,1
49,"MUNICIPIUL BUCUREŞTI - SECTOR 6","ŞCOALA GIMNAZIALĂ ”CONSTANTIN BRÂNCUŞI”",1179,"BUCUREŞTI SECTORUL 6",179132,1,PROV,PRCNCT,S,S_SV_SECTOR,"2021-01-21 12:30:02",1361,1342,14,5,440,421,14,5,1400,960,433,6,1,23,96,14,109,154,1,3,0,0,2,10,2,8,2,1,1,5,2
49,"MUNICIPIUL BUCUREŞTI - SECTOR 6","ŞCOALA GIMNAZIALĂ ”CONSTANTIN BRÂNCUŞI”",1180,"BUCUREŞTI SECTORUL 6",179132,1,PROV,PRCNCT,S,S_SV_SECTOR,"2021-01-21 12:30:02",1401,1393,8,0,478,470,8,0,1400,922,474,3,1,21,98,21,137,155,2,0,2,0,3,20,1,6,3,3,0,2,0
49,"MUNICIPIUL BUCUREŞTI - SECTOR 6","ŞCOALA GIMNAZIALĂ ”CONSTANTIN BRÂNCUŞI”",1181,"BUCUREŞTI SECTORUL 6",179132,1,PROV,PRCNCT,S,S_SV_SECTOR,"2021-01-21 12:30:02",1181,1171,9,1,372,362,9,1,1200,828,372,0,0,18,85,14,99,116,0,1,2,0,4,19,0,5,0,5,2,2,0
49,"MUNICIPIUL BUCUREŞTI - SECTOR 6","ŞCOALA GIMNAZIALĂ ”CONSTANTIN BRÂNCUŞI”",1182,"BUCUREŞTI SECTORUL 6",179132,1,PROV,PRCNCT,S,S_SV_SECTOR,"2021-01-21 12:30:02",1525,1508,17,0,538,521,17,0,1600,1062,535,3,0,31,100,19,154,183,1,0,0,0,5,24,0,9,0,2,0,6,1
49,"MUNICIPIUL BUCUREŞTI - SECTOR 6","ŞCOALA GIMNAZIALĂ ”CONSTANTIN BRÂNCUŞI”",1183,"BUCUREŞTI SECTORUL 6",179132,2,PART,PRCNCT,S,S_SV_SECTOR,"2021-01-21 12:30:02",905,896,5,4,332,323,5,4,900,568,330,1,1,15,98,9,77,99,1,1,4,0,2,15,2,5,0,0,0,2,0
49,"MUNICIPIUL BUCUREŞTI - SECTOR 6","ŞCOALA GIMNAZIALĂ ”CONSTANTIN BRÂNCUŞI”",1184,"BUCUREŞTI SECTORUL 6",179132,2,PART,PRCNCT,S,S_SV_SECTOR,"2021-01-21 12:30:02",974,963,9,2,366,355,9,2,1000,634,358,7,1,18,62,11,117,112,0,3,1,0,4,19,0,7,0,1,0,2,1
49,"MUNICIPIUL BUCUREŞTI - SECTOR 6","ŞCOALA GIMNAZIALĂ ”REGELE MIHAI I”",1185,"BUCUREŞTI SECTORUL 6",179132,1,PROV,PRCNCT,S,S_SV_SECTOR,"2021-01-21 12:30:02",1409,1404,5,0,476,471,5,0,1600,1124,471,5,0,24,100,9,141,157,0,2,0,0,6,20,0,6,0,3,1,2,0
49,"MUNICIPIUL BUCUREŞTI - SECTOR 6","ŞCOALA GIMNAZIALĂ ”REGELE MIHAI I”",1186,"BUCUREŞTI SECTORUL 6",179132,1,PROV,PRCNCT,S,S_SV_SECTOR,"2021-01-21 12:30:02",1277,1263,10,4,426,412,10,4,1300,874,421,3,2,24,101,12,110,127,0,1,1,2,2,30,1,6,0,2,0,2,0
49,"MUNICIPIUL BUCUREŞTI - SECTOR 6","ŞCOALA GIMNAZIALĂ ”REGELE MIHAI I”",1187,"BUCUREŞTI SECTORUL 6",179132,2,PART,PRCNCT,S,S_SV_SECTOR,"2021-01-21 12:30:02",777,771,6,0,271,265,6,0,800,529,269,2,0,15,80,7,81,64,0,1,0,0,0,15,0,3,1,0,0,1,1
49,"MUNICIPIUL BUCUREŞTI - SECTOR 6","ŞCOALA GIMNAZIALĂ ”REGELE MIHAI I”",1188,"BUCUREŞTI SECTORUL 6",179132,1,PROV,PRCNCT,S,S_SV_SECTOR,"2021-01-21 12:30:02",1012,1004,7,1,344,336,7,1,1200,856,339,5,0,20,70,10,108,110,0,2,0,1,1,11,0,2,0,0,0,2,2
49,"MUNICIPIUL BUCUREŞTI - SECTOR 6","ŞCOALA GIMNAZIALĂ NR.156",1189,"BUCUREŞTI SECTORUL 6",179132,1,PROV,PRCNCT,S,S_SV_SECTOR,"2021-01-21 12:30:02",1655,1641,14,0,513,499,14,0,1700,1187,512,1,0,18,109,14,151,178,1,3,1,1,2,20,0,5,0,2,0,6,1
49,"MUNICIPIUL BUCUREŞTI - SECTOR 6","ŞCOALA GIMNAZIALĂ NR.156",1190,"BUCUREŞTI SECTORUL 6",179132,1,PROV,PRCNCT,S,S_SV_SECTOR,"2021-01-21 12:30:02",1792,1778,14,0,624,610,14,0,1800,1176,618,6,0,42,138,17,146,231,1,2,1,0,3,20,2,10,1,0,1,2,1
49,"MUNICIPIUL BUCUREŞTI - SECTOR 6","ŞCOALA GIMNAZIALĂ NR.156",1191,"BUCUREŞTI SECTORUL 6",179132,1,PROV,PRCNCT,S,S_SV_SECTOR,"2021-01-21 12:30:02",1593,1586,7,0,532,525,7,0,1700,1168,528,2,2,22,128,12,164,159,3,2,1,1,2,27,0,1,0,2,1,2,1
49,"MUNICIPIUL BUCUREŞTI - SECTOR 6","ŞCOALA GIMNAZIALĂ NR.156",1192,"BUCUREŞTI SECTORUL 6",179132,1,PROV,PRCNCT,S,S_SV_SECTOR,"2021-01-21 12:30:02",1406,1394,12,0,483,471,12,0,1400,917,478,5,0,29,105,17,135,157,0,0,0,1,1,20,1,7,0,2,1,1,1
49,"MUNICIPIUL BUCUREŞTI - SECTOR 6","ŞCOALA GIMNAZIALĂ NR.156",1193,"BUCUREŞTI SECTORUL 6",179132,1,PROV,PRCNCT,S,S_SV_SECTOR,"2021-01-21 12:30:02",1546,1532,10,4,522,508,10,4,1600,1078,517,5,0,31,127,11,131,175,1,0,1,0,3,19,1,8,3,4,1,1,0
49,"MUNICIPIUL BUCUREŞTI - SECTOR 6","ŞCOALA GIMNAZIALĂ NR.156",1194,"BUCUREŞTI SECTORUL 6",179132,1,PROV,PRCNCT,S,S_SV_SECTOR,"2021-01-21 12:30:02",1384,1365,14,5,495,476,14,5,1400,905,492,2,1,31,102,15,133,178,2,2,3,1,2,16,0,4,0,1,0,2,0
49,"MUNICIPIUL BUCUREŞTI - SECTOR 6","ŞCOALA GIMNAZIALĂ NR.156",1195,"BUCUREŞTI SECTORUL 6",179132,1,PROV,PRCNCT,S,S_SV_SECTOR,"2021-01-21 12:30:02",1876,1863,9,4,560,547,9,4,2000,1440,552,6,2,35,125,11,133,196,0,2,1,2,4,24,0,9,0,4,2,4,0
49,"MUNICIPIUL BUCUREŞTI - SECTOR 6","ŞCOALA GIMNAZIALĂ NR.156",1196,"BUCUREŞTI SECTORUL 6",179132,1,PROV,PRCNCT,S,S_SV_SECTOR,"2021-01-21 12:30:02",1464,1443,13,8,448,427,13,8,1600,1152,440,5,3,40,100,15,108,143,0,0,0,0,3,20,0,5,0,2,0,3,1
49,"MUNICIPIUL BUCUREŞTI - SECTOR 6","ŞCOALA GIMNAZIALĂ NR.156",1197,"BUCUREŞTI SECTORUL 6",179132,1,PROV,PRCNCT,S,S_SV_SECTOR,"2021-01-21 12:30:02",1501,1488,11,2,456,443,11,2,1600,1144,453,2,1,19,89,12,117,161,4,0,2,0,4,33,2,3,0,3,0,4,0
49,"MUNICIPIUL BUCUREŞTI - SECTOR 6","ŞCOALA GIMNAZIALĂ NR.156",1198,"BUCUREŞTI SECTORUL 6",179132,1,PROV,PRCNCT,S,S_SV_SECTOR,"2021-01-21 12:30:02",2012,1993,16,3,649,630,16,3,2000,1351,643,5,1,35,134,17,136,281,1,0,3,0,3,22,0,2,0,5,2,0,2
49,"MUNICIPIUL BUCUREŞTI - SECTOR 6","LICEUL TEHNOLOGIC ”COSTIN C. KIRIŢESCU”",1199,"BUCUREŞTI SECTORUL 6",179132,2,PART,PRCNCT,S,S_SV_SECTOR,"2021-01-21 12:30:02",1279,1263,13,3,449,433,13,3,1300,851,444,5,0,25,100,13,107,166,2,1,2,1,1,16,0,3,0,2,1,2,2
49,"MUNICIPIUL BUCUREŞTI - SECTOR 6","LICEUL TEHNOLOGIC ”COSTIN C. KIRIŢESCU”",1200,"BUCUREŞTI SECTORUL 6",179132,1,PROV,PRCNCT,S,S_SV_SECTOR,"2021-01-21 12:30:02",1505,1480,21,4,516,491,21,4,1600,1084,513,2,1,36,124,11,100,204,1,2,0,1,6,17,0,6,0,2,0,3,0
49,"MUNICIPIUL BUCUREŞTI - SECTOR 6","LICEUL TEHNOLOGIC ”COSTIN C. KIRIŢESCU”",1201,"BUCUREŞTI SECTORUL 6",179132,1,PROV,PRCNCT,S,S_SV_SECTOR,"2021-01-21 12:30:02",1290,1281,9,0,423,414,9,0,1300,877,420,3,0,31,85,7,142,133,0,1,1,1,0,6,0,8,1,1,0,3,0
49,"MUNICIPIUL BUCUREŞTI - SECTOR 6","LICEUL TEHNOLOGIC ”COSTIN C. KIRIŢESCU”",1202,"BUCUREŞTI SECTORUL 6",179132,1,PROV,PRCNCT,S,S_SV_SECTOR,"2021-01-21 12:30:02",1343,1330,12,1,427,414,12,1,1302,875,425,1,1,21,77,6,132,142,0,0,1,1,4,25,2,9,0,0,0,5,0
49,"MUNICIPIUL BUCUREŞTI - SECTOR 6","LICEUL TEHNOLOGIC ”COSTIN C. KIRIŢESCU”",1203,"BUCUREŞTI SECTORUL 6",179132,1,PROV,PRCNCT,S,S_SV_SECTOR,"2021-01-21 12:30:02",1426,1417,9,0,422,413,9,0,1600,1178,416,5,1,26,79,21,110,149,1,2,1,0,2,12,0,6,1,3,0,1,2
49,"MUNICIPIUL BUCUREŞTI - SECTOR 6","LICEUL TEHNOLOGIC ”COSTIN C. KIRIŢESCU”",1204,"BUCUREŞTI SECTORUL 6",179132,1,PROV,PRCNCT,S,S_SV_SECTOR,"2021-01-21 12:30:02",1040,1033,6,1,327,320,6,1,1200,873,321,6,0,13,60,8,91,121,2,0,1,0,2,8,2,6,0,1,1,5,0
49,"MUNICIPIUL BUCUREŞTI - SECTOR 6","LICEUL TEHNOLOGIC ”COSTIN C. KIRIŢESCU”",1205,"BUCUREŞTI SECTORUL 6",179132,1,PROV,PRCNCT,S,S_SV_SECTOR,"2021-01-21 12:30:02",1209,1193,15,1,411,395,15,1,1200,789,406,5,0,28,78,7,87,171,2,0,0,2,3,13,0,6,0,5,1,2,1
49,"MUNICIPIUL BUCUREŞTI - SECTOR 6","LICEUL TEHNOLOGIC ”COSTIN C. KIRIŢESCU”",1206,"BUCUREŞTI SECTORUL 6",179132,1,PROV,PRCNCT,S,S_SV_SECTOR,"2021-01-21 12:30:02",1121,1110,11,0,380,369,11,0,1200,820,378,2,0,19,64,10,107,146,0,2,2,0,1,19,0,5,2,0,0,1,0
49,"MUNICIPIUL BUCUREŞTI - SECTOR 6","LICEUL TEHNOLOGIC ”COSTIN C. KIRIŢESCU”",1207,"BUCUREŞTI SECTORUL 6",179132,1,PROV,PRCNCT,S,S_SV_SECTOR,"2021-01-21 12:30:02",1656,1642,13,1,570,556,13,1,1700,1130,563,7,0,23,129,14,149,210,0,1,1,0,3,17,2,4,1,0,1,8,0
49,"MUNICIPIUL BUCUREŞTI - SECTOR 6","LICEUL TEHNOLOGIC ”COSTIN C. KIRIŢESCU”",1208,"BUCUREŞTI SECTORUL 6",179132,1,PROV,PRCNCT,S,S_SV_SECTOR,"2021-01-21 12:30:02",1804,1787,17,0,643,626,17,0,1795,1152,635,7,1,29,150,22,183,206,0,2,2,0,1,21,0,5,2,4,0,7,1
49,"MUNICIPIUL BUCUREŞTI - SECTOR 6","LICEUL TEHNOLOGIC ”COSTIN C. KIRIŢESCU”",1209,"BUCUREŞTI SECTORUL 6",179132,1,PROV,PRCNCT,S,S_SV_SECTOR,"2021-01-21 12:30:02",1813,1799,14,0,580,566,14,0,2000,1420,574,6,0,34,118,24,157,199,0,0,0,1,2,18,0,12,0,2,2,4,1
49,"MUNICIPIUL BUCUREŞTI - SECTOR 6","ŞCOALA GIMNAZIALĂ NR.142",1210,"BUCUREŞTI SECTORUL 6",179132,1,PROV,PRCNCT,S,S_SV_SECTOR,"2021-01-21 12:30:02",1151,1142,8,1,317,308,8,1,1200,883,315,2,0,16,73,8,92,84,0,0,5,0,1,28,0,3,1,0,0,2,2
49,"MUNICIPIUL BUCUREŞTI - SECTOR 6","ŞCOALA GIMNAZIALĂ NR.142",1211,"BUCUREŞTI SECTORUL 6",179132,1,PROV,PRCNCT,S,S_SV_SECTOR,"2021-01-21 12:30:02",1365,1351,14,0,456,442,14,0,1400,944,445,11,0,22,88,18,151,130,1,0,1,1,3,11,1,10,0,1,5,2,0
49,"MUNICIPIUL BUCUREŞTI - SECTOR 6","ŞCOALA GIMNAZIALĂ NR.142",1212,"BUCUREŞTI SECTORUL 6",179132,1,PROV,PRCNCT,S,S_SV_SECTOR,"2021-01-21 12:30:02",1567,1548,19,0,561,542,19,0,1600,1039,557,3,1,31,91,18,138,219,0,3,6,1,3,30,0,4,2,2,1,7,1
49,"MUNICIPIUL BUCUREŞTI - SECTOR 6","ŞCOALA GIMNAZIALĂ NR.142",1213,"BUCUREŞTI SECTORUL 6",179132,1,PROV,PRCNCT,S,S_SV_SECTOR,"2021-01-21 12:30:02",1523,1513,10,0,443,433,10,0,1600,1157,439,1,3,27,91,14,138,136,0,0,2,0,3,18,2,2,0,2,0,2,2
49,"MUNICIPIUL BUCUREŞTI - SECTOR 6","ŞCOALA GIMNAZIALĂ NR.142",1214,"BUCUREŞTI SECTORUL 6",179132,1,PROV,PRCNCT,S,S_SV_SECTOR,"2021-01-21 12:30:02",1284,1271,10,3,397,384,10,3,1300,903,387,8,2,26,80,9,119,110,1,0,2,2,2,22,1,8,1,1,1,1,1
49,"MUNICIPIUL BUCUREŞTI - SECTOR 6","ŞCOALA GIMNAZIALĂ NR.142",1215,"BUCUREŞTI SECTORUL 6",179132,1,PROV,PRCNCT,S,S_SV_SECTOR,"2021-01-21 12:30:02",1701,1693,8,0,498,490,8,0,1700,1202,487,9,2,24,86,20,164,146,0,1,2,0,6,24,0,9,0,1,0,2,2
49,"MUNICIPIUL BUCUREŞTI - SECTOR 6","ŞCOALA GIMNAZIALĂ NR.142",1216,"BUCUREŞTI SECTORUL 6",179132,1,PROV,PRCNCT,S,S_SV_SECTOR,"2021-01-21 12:30:02",1500,1484,16,0,452,436,16,0,1600,1148,451,1,0,24,100,13,129,139,1,2,5,2,1,22,0,7,0,2,2,0,2
49,"MUNICIPIUL BUCUREŞTI - SECTOR 6","ŞCOALA GIMNAZIALĂ NR.142",1217,"BUCUREŞTI SECTORUL 6",179132,1,PROV,PRCNCT,S,S_SV_SECTOR,"2021-01-21 12:30:02",1334,1324,10,0,388,378,10,0,1410,1022,382,3,3,20,87,9,105,123,0,0,0,1,3,20,1,7,0,0,3,2,1
49,"MUNICIPIUL BUCUREŞTI - SECTOR 6","ŞCOALA GIMNAZIALĂ NR.142",1218,"BUCUREŞTI SECTORUL 6",179132,1,PROV,PRCNCT,S,S_SV_SECTOR,"2021-01-21 12:30:02",1425,1415,10,0,426,416,10,0,1600,1174,423,3,0,24,106,11,108,130,0,0,2,0,3,32,0,1,0,2,0,3,1
49,"MUNICIPIUL BUCUREŞTI - SECTOR 6","ŞCOALA GIMNAZIALĂ NR.117",1219,"BUCUREŞTI SECTORUL 6",179132,1,PROV,PRCNCT,S,S_SV_SECTOR,"2021-01-21 12:30:02",1427,1413,10,4,498,484,10,4,1600,1102,492,6,0,42,91,8,135,190,0,0,0,0,9,7,0,2,0,1,0,5,2
49,"MUNICIPIUL BUCUREŞTI - SECTOR 6","ŞCOALA GIMNAZIALĂ NR.117",1220,"BUCUREŞTI SECTORUL 6",179132,1,PROV,PRCNCT,S,S_SV_SECTOR,"2021-01-21 12:30:02",1519,1507,12,0,578,566,12,0,1600,1022,572,6,0,20,121,16,143,223,2,1,1,1,2,24,0,3,0,6,0,8,1
49,"MUNICIPIUL BUCUREŞTI - SECTOR 6","ŞCOALA GIMNAZIALĂ NR.117",1221,"BUCUREŞTI SECTORUL 6",179132,1,PROV,PRCNCT,S,S_SV_SECTOR,"2021-01-21 12:30:02",1621,1586,27,8,689,654,27,8,1600,911,685,3,1,37,119,14,116,364,2,0,1,0,4,15,0,3,1,1,2,5,1
49,"MUNICIPIUL BUCUREŞTI - SECTOR 6","ŞCOALA GIMNAZIALĂ NR.117",1222,"BUCUREŞTI SECTORUL 6",179132,1,PROV,PRCNCT,S,S_SV_SECTOR,"2021-01-21 12:30:02",1731,1720,11,0,519,508,11,0,1800,1281,516,3,0,43,92,13,139,186,0,1,3,0,4,23,1,4,1,0,2,2,2
49,"MUNICIPIUL BUCUREŞTI - SECTOR 6","ŞCOALA GIMNAZIALĂ NR.117",1223,"BUCUREŞTI SECTORUL 6",179132,1,PROV,PRCNCT,S,S_SV_SECTOR,"2021-01-21 12:30:02",1586,1578,7,1,382,374,7,1,1600,1218,374,5,3,19,67,14,116,119,1,1,0,1,3,21,1,5,0,0,1,5,0
49,"MUNICIPIUL BUCUREŞTI - SECTOR 6","ŞCOALA GIMNAZIALĂ NR.117",1224,"BUCUREŞTI SECTORUL 6",179132,1,PROV,PRCNCT,S,S_SV_SECTOR,"2021-01-21 12:30:02",1247,1240,7,0,287,280,7,0,1301,1014,283,4,0,16,43,16,96,88,0,0,1,0,0,13,1,5,2,1,0,1,0
49,"MUNICIPIUL BUCUREŞTI - SECTOR 6","ŞCOALA GIMNAZIALĂ NR.117",1225,"BUCUREŞTI SECTORUL 6",179132,1,PROV,PRCNCT,S,S_SV_SECTOR,"2021-01-21 12:30:02",1563,1550,13,0,552,539,13,0,1600,1048,550,2,0,28,112,23,161,198,0,2,1,1,2,15,0,3,0,1,0,3,0
49,"MUNICIPIUL BUCUREŞTI - SECTOR 6","LICEUL TEORETIC ”TUDOR VLADIMIRESCU”",1226,"BUCUREŞTI SECTORUL 6",179132,1,PROV,PRCNCT,S,S_SV_SECTOR,"2021-01-21 12:30:02",1477,1451,26,0,547,521,26,0,1600,1053,540,6,1,42,132,7,124,205,0,0,2,0,0,14,0,8,1,2,0,3,0
49,"MUNICIPIUL BUCUREŞTI - SECTOR 6","LICEUL TEORETIC ”TUDOR VLADIMIRESCU”",1227,"BUCUREŞTI SECTORUL 6",179132,1,PROV,PRCNCT,S,S_SV_SECTOR,"2021-01-21 12:30:02",1071,1056,12,3,435,420,12,3,1200,765,429,6,0,20,96,14,115,136,1,0,1,3,4,18,0,10,0,2,0,6,3
49,"MUNICIPIUL BUCUREŞTI - SECTOR 6","LICEUL TEORETIC ”TUDOR VLADIMIRESCU”",1228,"BUCUREŞTI SECTORUL 6",179132,1,PROV,PRCNCT,S,S_SV_SECTOR,"2021-01-21 12:30:02",1378,1365,13,0,485,472,13,0,1400,915,479,5,1,45,110,14,132,144,1,2,1,1,1,17,0,2,0,3,1,3,2
49,"MUNICIPIUL BUCUREŞTI - SECTOR 6","LICEUL TEORETIC ”TUDOR VLADIMIRESCU”",1229,"BUCUREŞTI SECTORUL 6",179132,1,PROV,PRCNCT,S,S_SV_SECTOR,"2021-01-21 12:30:02",969,955,10,4,408,394,10,4,1000,592,405,2,1,23,91,10,91,161,0,0,1,0,5,11,0,8,0,1,0,2,1
49,"MUNICIPIUL BUCUREŞTI - SECTOR 6","LICEUL TEORETIC ”TUDOR VLADIMIRESCU”",1230,"BUCUREŞTI SECTORUL 6",179132,1,PROV,PRCNCT,S,S_SV_SECTOR,"2021-01-21 12:30:02",2011,1944,62,5,881,814,62,5,2000,1119,871,8,2,42,139,21,112,511,1,1,1,0,3,21,0,7,2,3,2,5,0
49,"MUNICIPIUL BUCUREŞTI - SECTOR 6","CLUBUL SPORTIV SCOLAR NR. 5",1231,"BUCUREŞTI SECTORUL 6",179132,1,PROV,PRCNCT,S,S_SV_SECTOR,"2021-01-21 12:30:02",1357,1316,41,0,617,576,41,0,1400,783,612,4,1,44,125,16,72,330,0,2,0,0,5,6,0,4,3,0,2,3,0
49,"MUNICIPIUL BUCUREŞTI - SECTOR 6","COLEGIUL UCECOM ”SPIRU HARET”",1232,"BUCUREŞTI SECTORUL 6",179132,1,PROV,PRCNCT,S,S_SV_SECTOR,"2021-01-21 12:30:02",1442,1318,124,0,796,672,124,0,1300,504,790,6,0,27,102,15,53,554,1,3,0,0,5,16,0,4,1,3,0,6,0
49,"MUNICIPIUL BUCUREŞTI - SECTOR 6","COLEGIUL UCECOM ”SPIRU HARET”",1233,"BUCUREŞTI SECTORUL 6",179132,1,PROV,PRCNCT,S,S_SV_SECTOR,"2021-01-21 12:30:02",1108,1081,22,5,388,361,22,5,1200,812,383,5,0,16,78,10,56,202,0,0,0,0,0,16,2,1,0,0,0,2,0
49,"MUNICIPIUL BUCUREŞTI - SECTOR 6","ŞCOALA GIMNAZIALĂ NR.168",1234,"BUCUREŞTI SECTORUL 6",179132,1,PROV,PRCNCT,S,S_SV_SECTOR,"2021-01-21 12:30:02",1610,1589,12,9,456,435,12,9,1600,1144,443,12,1,33,112,22,106,120,1,4,1,0,6,22,1,3,0,2,0,9,1
49,"MUNICIPIUL BUCUREŞTI - SECTOR 6","ŞCOALA GIMNAZIALĂ NR.168",1235,"BUCUREŞTI SECTORUL 6",179132,2,PART,PRCNCT,S,S_SV_SECTOR,"2021-01-21 12:30:02",1693,1680,10,3,479,466,10,3,1700,1221,475,4,0,24,92,16,123,157,2,2,1,0,8,30,2,9,0,1,3,5,0
49,"MUNICIPIUL BUCUREŞTI - SECTOR 6","ŞCOALA GIMNAZIALĂ NR.168",1236,"BUCUREŞTI SECTORUL 6",179132,1,PROV,PRCNCT,S,S_SV_SECTOR,"2021-01-21 12:30:02",1617,1606,10,1,487,476,10,1,1700,1213,479,8,0,34,103,16,111,174,1,0,2,0,1,23,0,8,0,4,0,2,0
49,"MUNICIPIUL BUCUREŞTI - SECTOR 6","ŞCOALA GIMNAZIALĂ NR.168",1237,"BUCUREŞTI SECTORUL 6",179132,1,PROV,PRCNCT,S,S_SV_SECTOR,"2021-01-21 12:30:02",1330,1322,8,0,458,450,8,0,1400,942,449,7,2,31,78,14,146,138,2,2,0,0,1,21,0,10,0,2,1,2,1
49,"MUNICIPIUL BUCUREŞTI - SECTOR 6","ŞCOALA GIMNAZIALĂ NR.168",1238,"BUCUREŞTI SECTORUL 6",179132,1,PROV,PRCNCT,S,S_SV_SECTOR,"2021-01-21 12:30:02",1605,1591,13,1,438,424,13,1,1600,1162,432,4,2,30,90,12,81,171,0,1,0,1,5,25,0,8,1,2,3,2,0
49,"MUNICIPIUL BUCUREŞTI - SECTOR 6","LICEUL TEORETIC ”MARIN PREDA”",1239,"BUCUREŞTI SECTORUL 6",179132,1,PROV,PRCNCT,S,S_SV_SECTOR,"2021-01-21 12:30:02",1616,1605,8,3,432,421,8,3,1700,1268,427,5,0,23,81,10,132,135,0,1,4,0,9,14,1,8,0,1,1,4,3
49,"MUNICIPIUL BUCUREŞTI - SECTOR 6","LICEUL TEORETIC ”MARIN PREDA”",1240,"BUCUREŞTI SECTORUL 6",179132,1,PROV,PRCNCT,S,S_SV_SECTOR,"2021-01-21 12:30:02",1679,1665,14,0,443,429,14,0,1700,1257,439,2,2,27,88,9,129,150,1,1,0,1,1,21,0,3,0,1,2,3,2
49,"MUNICIPIUL BUCUREŞTI - SECTOR 6","LICEUL TEORETIC ”MARIN PREDA”",1241,"BUCUREŞTI SECTORUL 6",179132,1,PROV,PRCNCT,S,S_SV_SECTOR,"2021-01-21 12:30:02",1782,1768,12,2,430,416,12,2,1804,1374,417,13,0,35,90,13,128,112,0,0,1,0,5,21,1,5,0,1,0,3,2
49,"MUNICIPIUL BUCUREŞTI - SECTOR 6","LICEUL TEORETIC ”MARIN PREDA”",1242,"BUCUREŞTI SECTORUL 6",179132,2,PART,PRCNCT,S,S_SV_SECTOR,"2021-01-21 12:30:02",1406,1390,16,0,372,356,16,0,1400,1028,366,5,1,17,82,13,113,110,2,0,1,0,3,9,0,5,0,5,0,6,0
49,"MUNICIPIUL BUCUREŞTI - SECTOR 6","LICEUL TEORETIC ”MARIN PREDA”",1243,"BUCUREŞTI SECTORUL 6",179132,1,PROV,PRCNCT,S,S_SV_SECTOR,"2021-01-21 12:30:02",1531,1515,14,2,441,425,14,2,1600,1159,438,3,0,29,102,7,126,125,1,0,1,0,3,31,0,6,1,1,2,2,1
49,"MUNICIPIUL BUCUREŞTI - SECTOR 6","LICEUL TEORETIC ”MARIN PREDA”",1244,"BUCUREŞTI SECTORUL 6",179132,1,PROV,PRCNCT,S,S_SV_SECTOR,"2021-01-21 12:30:02",1320,1313,6,1,411,404,6,1,1400,989,409,1,1,31,97,13,114,113,2,1,0,0,4,20,1,7,0,2,2,2,0
49,"MUNICIPIUL BUCUREŞTI - SECTOR 6","LICEUL TEORETIC ”MARIN PREDA”",1245,"BUCUREŞTI SECTORUL 6",179132,1,PROV,PRCNCT,S,S_SV_SECTOR,"2021-01-21 12:30:02",1438,1429,7,2,479,470,7,2,1600,1121,474,3,2,29,106,17,129,146,3,1,1,1,0,20,1,9,0,2,3,6,0
49,"MUNICIPIUL BUCUREŞTI - SECTOR 6","LICEUL TEORETIC ”MARIN PREDA”",1246,"BUCUREŞTI SECTORUL 6",179132,1,PROV,PRCNCT,S,S_SV_SECTOR,"2021-01-21 12:30:02",1435,1424,9,2,464,453,9,2,1600,1136,459,4,1,29,88,17,143,123,0,2,2,1,8,26,2,10,0,1,1,6,0
49,"MUNICIPIUL BUCUREŞTI - SECTOR 6","COLEGIUL TEHNIC ”CAROL I”",1247,"BUCUREŞTI SECTORUL 6",179132,1,PROV,PRCNCT,S,S_SV_SECTOR,"2021-01-21 12:30:02",1247,1219,28,0,406,378,28,0,1300,894,401,5,0,22,95,13,109,123,1,0,2,2,3,20,0,3,0,4,2,2,0
49,"MUNICIPIUL BUCUREŞTI - SECTOR 6","COLEGIUL TEHNIC ”CAROL I”",1248,"BUCUREŞTI SECTORUL 6",179132,1,PROV,PRCNCT,S,S_SV_SECTOR,"2021-01-21 12:30:02",1181,1173,8,0,371,363,8,0,1200,829,365,6,0,25,74,16,105,106,0,1,0,1,3,16,0,13,0,1,2,1,1
49,"MUNICIPIUL BUCUREŞTI - SECTOR 6","COLEGIUL TEHNIC ”CAROL I”",1249,"BUCUREŞTI SECTORUL 6",179132,1,PROV,PRCNCT,S,S_SV_SECTOR,"2021-01-21 12:30:02",1404,1386,16,2,491,473,16,2,1400,909,483,6,2,20,112,20,107,180,0,1,4,0,5,12,1,6,0,5,3,7,0
49,"MUNICIPIUL BUCUREŞTI - SECTOR 6","COLEGIUL TEHNIC ”CAROL I”",1250,"BUCUREŞTI SECTORUL 6",179132,1,PROV,PRCNCT,S,S_SV_SECTOR,"2021-01-21 12:30:02",1348,1337,8,3,469,458,8,3,1400,931,465,3,1,22,93,26,116,184,0,0,1,0,1,10,0,8,0,2,0,1,1
49,"MUNICIPIUL BUCUREŞTI - SECTOR 6","ŞCOALA GIMNAZIALĂ NR.163",1251,"BUCUREŞTI SECTORUL 6",179132,1,PROV,PRCNCT,S,S_SV_SECTOR,"2021-01-21 12:30:02",1686,1669,13,4,484,467,13,4,1700,1216,472,9,3,24,99,18,132,162,0,0,0,1,6,14,0,8,1,1,0,5,1
49,"MUNICIPIUL BUCUREŞTI - SECTOR 6","ŞCOALA GIMNAZIALĂ NR.163",1252,"BUCUREŞTI SECTORUL 6",179132,1,PROV,PRCNCT,S,S_SV_SECTOR,"2021-01-21 12:30:02",1556,1545,11,0,471,460,11,0,1600,1129,464,6,1,17,95,12,130,168,2,0,12,0,3,11,2,5,0,2,0,1,4
49,"MUNICIPIUL BUCUREŞTI - SECTOR 6","ŞCOALA GIMNAZIALĂ NR.163",1253,"BUCUREŞTI SECTORUL 6",179132,1,PROV,PRCNCT,S,S_SV_SECTOR,"2021-01-21 12:30:02",1206,1194,11,1,349,337,11,1,1200,851,343,6,0,18,67,18,91,121,1,0,0,2,7,7,0,7,2,2,0,0,0
49,"MUNICIPIUL BUCUREŞTI - SECTOR 6","ŞCOALA GIMNAZIALĂ NR.163",1254,"BUCUREŞTI SECTORUL 6",179132,2,PART,PRCNCT,S,S_SV_SECTOR,"2021-01-21 12:30:02",1111,1092,17,2,328,309,17,2,1200,872,325,3,0,28,66,13,79,108,1,0,3,1,1,15,1,3,0,0,1,3,2
49,"MUNICIPIUL BUCUREŞTI - SECTOR 6","ŞCOALA GIMNAZIALĂ NR.163",1255,"BUCUREŞTI SECTORUL 6",179132,2,PART,PRCNCT,S,S_SV_SECTOR,"2021-01-21 12:30:02",1267,1260,7,0,384,377,7,0,1300,916,378,6,0,22,82,11,99,126,0,0,1,1,6,21,0,4,0,3,1,1,0
49,"MUNICIPIUL BUCUREŞTI - SECTOR 6","ŞCOALA GIMNAZIALĂ NR.163",1256,"BUCUREŞTI SECTORUL 6",179132,1,PROV,PRCNCT,S,S_SV_SECTOR,"2021-01-21 12:30:02",1241,1235,6,0,361,355,6,0,1300,939,358,2,1,20,83,14,99,104,0,0,1,0,3,23,0,5,0,1,1,2,2
49,"MUNICIPIUL BUCUREŞTI - SECTOR 6","ŞCOALA GIMNAZIALĂ NR.163",1257,"BUCUREŞTI SECTORUL 6",179132,1,PROV,PRCNCT,S,S_SV_SECTOR,"2021-01-21 12:30:02",1430,1421,9,0,420,411,9,0,1600,1180,413,4,3,17,99,17,135,102,1,0,2,1,4,19,0,4,0,7,1,1,3
49,"MUNICIPIUL BUCUREŞTI - SECTOR 6","ŞCOALA GIMNAZIALĂ NR.163",1258,"BUCUREŞTI SECTORUL 6",179132,1,PROV,PRCNCT,S,S_SV_SECTOR,"2021-01-21 12:30:02",1173,1168,5,0,341,336,5,0,1200,859,337,3,1,35,66,13,108,87,0,1,0,0,2,19,0,4,0,0,0,2,0
49,"MUNICIPIUL BUCUREŞTI - SECTOR 6","ŞCOALA GIMNAZIALĂ NR.163",1259,"BUCUREŞTI SECTORUL 6",179132,1,PROV,PRCNCT,S,S_SV_SECTOR,"2021-01-21 12:30:02",1238,1229,9,0,370,361,9,0,1300,930,366,4,0,26,76,9,124,91,0,1,1,0,2,21,1,4,0,2,2,5,1
49,"MUNICIPIUL BUCUREŞTI - SECTOR 6","ŞCOALA GIMNAZIALĂ NR.167",1260,"BUCUREŞTI SECTORUL 6",179132,1,PROV,PRCNCT,S,S_SV_SECTOR,"2021-01-21 12:30:02",1377,1363,14,0,353,339,14,0,1400,1047,352,1,0,27,61,11,95,134,0,0,0,0,1,19,0,0,1,2,0,1,0
49,"MUNICIPIUL BUCUREŞTI - SECTOR 6","ŞCOALA GIMNAZIALĂ NR.167",1261,"BUCUREŞTI SECTORUL 6",179132,1,PROV,PRCNCT,S,S_SV_SECTOR,"2021-01-21 12:30:02",1491,1481,10,0,408,398,10,0,1600,1192,400,6,2,21,87,13,124,114,0,2,1,0,2,20,1,8,1,3,0,2,1
49,"MUNICIPIUL BUCUREŞTI - SECTOR 6","ŞCOALA GIMNAZIALĂ NR.167",1262,"BUCUREŞTI SECTORUL 6",179132,1,PROV,PRCNCT,S,S_SV_SECTOR,"2021-01-21 12:30:02",1180,1170,10,0,401,391,10,0,1200,799,400,1,0,32,94,9,113,121,0,0,2,3,0,14,2,3,0,0,1,6,0
49,"MUNICIPIUL BUCUREŞTI - SECTOR 6","ŞCOALA GIMNAZIALĂ NR.167",1263,"BUCUREŞTI SECTORUL 6",179132,1,PROV,PRCNCT,S,S_SV_SECTOR,"2021-01-21 12:30:02",1092,1074,11,7,306,288,11,7,1202,896,304,2,0,16,57,11,92,93,1,1,3,0,6,8,1,2,0,4,0,8,1
49,"MUNICIPIUL BUCUREŞTI - SECTOR 6","ŞCOALA GIMNAZIALĂ NR.167",1264,"BUCUREŞTI SECTORUL 6",179132,1,PROV,PRCNCT,S,S_SV_SECTOR,"2021-01-21 12:30:02",1641,1626,15,0,555,540,15,0,1700,1145,546,9,0,39,110,15,132,211,1,1,0,1,3,20,1,5,0,4,2,0,1
49,"MUNICIPIUL BUCUREŞTI - SECTOR 6","ŞCOALA GIMNAZIALĂ NR.167",1265,"BUCUREŞTI SECTORUL 6",179132,2,PART,PRCNCT,S,S_SV_SECTOR,"2021-01-21 12:30:02",1521,1500,18,3,471,450,18,3,1600,1129,462,9,0,31,94,14,134,140,1,3,0,2,4,19,0,4,1,6,0,8,1
49,"MUNICIPIUL BUCUREŞTI - SECTOR 6","ŞCOALA GIMNAZIALĂ NR.167",1266,"BUCUREŞTI SECTORUL 6",179132,1,PROV,PRCNCT,S,S_SV_SECTOR,"2021-01-21 12:30:02",1084,1073,11,0,371,360,11,0,1200,829,367,4,0,30,72,5,95,132,2,0,0,2,3,16,2,6,0,1,0,1,0
49,"MUNICIPIUL BUCUREŞTI - SECTOR 6","ŞCOALA GIMNAZIALĂ NR.167",1267,"BUCUREŞTI SECTORUL 6",179132,2,PART,PRCNCT,S,S_SV_SECTOR,"2021-01-21 12:30:02",1163,1155,8,0,392,384,8,0,1200,808,389,3,0,25,65,17,110,132,1,0,2,0,2,24,1,6,0,1,1,2,0
49,"MUNICIPIUL BUCUREŞTI - SECTOR 6","ŞCOALA GIMNAZIALĂ NR.167",1268,"BUCUREŞTI SECTORUL 6",179132,1,PROV,PRCNCT,S,S_SV_SECTOR,"2021-01-21 12:30:02",1348,1326,18,4,487,465,18,4,1400,913,480,7,0,34,82,23,147,155,0,1,0,0,5,18,0,7,0,0,4,3,1
49,"MUNICIPIUL BUCUREŞTI - SECTOR 6","ŞCOALA GIMNAZIALĂ NR.162",1269,"BUCUREŞTI SECTORUL 6",179132,1,PROV,PRCNCT,S,S_SV_SECTOR,"2021-01-21 12:30:02",1080,1068,11,1,335,323,11,1,1201,866,330,5,0,19,49,5,119,101,0,5,0,0,0,19,1,8,0,2,1,1,0
49,"MUNICIPIUL BUCUREŞTI - SECTOR 6","ŞCOALA GIMNAZIALĂ NR.162",1270,"BUCUREŞTI SECTORUL 6",179132,1,PROV,PRCNCT,S,S_SV_SECTOR,"2021-01-21 12:30:02",1428,1422,6,0,395,389,6,0,1600,1205,389,6,0,26,89,9,122,88,1,4,2,1,1,35,0,7,1,0,1,1,1
49,"MUNICIPIUL BUCUREŞTI - SECTOR 6","ŞCOALA GIMNAZIALĂ NR.153",1271,"BUCUREŞTI SECTORUL 6",179132,1,PROV,PRCNCT,S,S_SV_SECTOR,"2021-01-21 12:30:02",1080,1076,4,0,163,159,4,0,1200,1037,160,2,1,14,30,11,67,18,1,0,2,0,1,12,0,2,0,1,0,0,1
49,"MUNICIPIUL BUCUREŞTI - SECTOR 6","ŞCOALA GIMNAZIALĂ NR.153",1272,"BUCUREŞTI SECTORUL 6",179132,1,PROV,PRCNCT,S,S_SV_SECTOR,"2021-01-21 12:30:02",1122,1108,12,2,229,215,12,2,1200,971,219,9,1,19,34,10,68,46,0,2,1,1,3,24,0,5,0,3,2,1,0
49,"MUNICIPIUL BUCUREŞTI - SECTOR 6","ŞCOALA GIMNAZIALĂ NR.153",1273,"BUCUREŞTI SECTORUL 6",179132,1,PROV,PRCNCT,S,S_SV_SECTOR,"2021-01-21 12:30:02",1503,1500,3,0,344,341,3,0,1595,1251,335,8,1,17,59,19,117,60,1,0,1,0,2,46,0,7,0,2,1,2,1
49,"MUNICIPIUL BUCUREŞTI - SECTOR 6","ŞCOALA GIMNAZIALĂ NR.161",1274,"BUCUREŞTI SECTORUL 6",179132,1,PROV,PRCNCT,S,S_SV_SECTOR,"2021-01-21 12:30:02",1108,1095,13,0,210,197,13,0,1200,990,205,3,2,18,25,10,72,31,0,0,1,0,0,36,0,10,1,1,0,0,0
49,"MUNICIPIUL BUCUREŞTI - SECTOR 6","SCOALA NR. 161",1275,"BUCUREŞTI SECTORUL 6",179132,1,PROV,PRCNCT,S,S_SV_SECTOR,"2021-01-21 12:30:02",1253,1243,10,0,332,322,10,0,1300,968,324,8,0,27,49,13,90,80,2,0,0,0,5,40,1,10,0,3,2,1,1
49,"MUNICIPIUL BUCUREŞTI - SECTOR 6","CLUBUL SENIORILOR MIHAI EMINESCU",1276,"BUCUREŞTI SECTORUL 6",179132,1,PROV,PRCNCT,S,S_SV_SECTOR,"2021-01-21 12:30:02",967,890,31,46,394,320,31,43,1000,606,391,3,0,20,98,18,95,120,0,1,2,1,2,24,0,6,0,1,1,1,1
