precinct_county_nce,precinct_county_name,precinct_name,precinct_nr,uat_name,uat_siruta,report_version,report_stage_code,report_type_scope_code,report_type_category_code,report_type_code,created_at,a,a1,a2,a3,b,b1,b2,b3,c,d,e,f,g,"ALIANȚA USR PLUS-voturi","PARTIDUL SOCIAL DEMOCRAT-voturi","PARTIDUL MIȘCAREA POPULARĂ-voturi","PARTIDUL PRO ROMÂNIA-voturi","PARTIDUL NAȚIONAL LIBERAL-voturi","UNIUNEA DEMOCRATĂ MAGHIARĂ DIN ROMÂNIA-voturi","ALIANȚA RENAȘTEREA NAȚIONALĂ-voturi","PARTIDUL NOUA ROMÂNIE-voturi","PARTIDUL VERDE-voturi","PARTIDUL SOCIALIST ROMÂN-voturi","PARTIDUL ECOLOGIST ROMÂN-voturi","PARTIDUL PUTERII UMANISTE (SOCIAL-LIBERAL)-voturi","PARTIDUL ROMÂNIA MARE-voturi","ALIANȚA PENTRU UNIREA ROMÂNILOR-voturi","ASOCIAȚIA PARTIDA ROMILOR “PRO-EUROPA”-voturi","UNIUNEA CROAȚILOR DIN ROMÂNIA-voturi","UNIUNEA ARMENILOR DIN ROMÂNIA-voturi","UNIUNEA CULTURALĂ A RUTENILOR DIN ROMÂNIA-voturi","UNIUNEA UCRAINENILOR DIN ROMÂNIA-voturi","FORUMUL DEMOCRAT AL GERMANILOR DIN ROMÂNIA-voturi","UNIUNEA BULGARĂ DIN BANAT-ROMÂNIA-voturi","FEDERAȚIA COMUNITĂȚILOR EVREIEȘTI DIN ROMÂNIA-voturi","ASOCIAȚIA ITALIENILOR DIN ROMÂNIA – RO.AS.IT.-voturi","UNIUNEA DEMOCRATICĂ A SLOVACILOR ȘI CEHILOR DIN ROMÂNIA-voturi","UNIUNEA POLONEZILOR DIN ROMÂNIA-voturi","UNIUNEA ELENĂ DIN ROMÂNIA-voturi","UNIUNEA SÂRBILOR DIN ROMÂNIA-voturi","ASOCIAȚIA MACEDONENILOR DIN ROMÂNIA-voturi","UNIUNEA DEMOCRATĂ TURCĂ DIN ROMÂNIA-voturi","ASOCIAȚIA LIGA ALBANEZILOR DIN ROMÂNIA-voturi","COMUNITATEA RUȘILOR LIPOVENI DIN ROMÂNIA-voturi","CARALICEA GHEORGHE-CANDIDAT INDEPENDENT-voturi"
20,GORJ,"UNIVERSITATEA „CONSTANTIN BRÂNCUȘI”",1,"MUNICIPIUL TÂRGU JIU",77812,1,PROV,PRCNCT,CD,CD_SV,"2021-01-21 12:30:02",1417,1339,24,54,507,429,24,54,1500,993,499,8,0,80,184,22,47,98,3,1,1,18,7,9,1,5,20,1,0,0,0,1,0,0,0,0,0,0,0,0,0,0,0,0,1
20,GORJ,"COLEGIUL NAȚIONAL TUDOR VLADIMIRESCU",2,"MUNICIPIUL TÂRGU JIU",77812,1,PROV,PRCNCT,CD,CD_SV,"2021-01-21 12:30:02",1135,1105,29,1,417,387,29,1,1200,783,414,3,0,66,125,19,34,117,2,2,0,17,1,7,6,1,12,0,0,1,0,0,1,0,0,0,0,0,1,0,0,0,1,0,1
20,GORJ,"COLEGIUL NAȚIONAL TUDOR VLADIMIRESCU",3,"MUNICIPIUL TÂRGU JIU",77812,2,PART,PRCNCT,CD,CD_SV,"2021-01-21 12:30:02",1145,1127,18,0,411,393,18,0,1200,789,408,3,0,75,147,13,31,104,2,2,1,9,0,5,4,0,9,4,0,0,0,0,0,0,0,1,0,0,0,0,0,0,0,0,1
20,GORJ,"ŞCOALA GIMNAZIALĂ CONSTANTIN SĂVOIU",4,"MUNICIPIUL TÂRGU JIU",77812,1,PROV,PRCNCT,CD,CD_SV,"2021-01-21 12:30:02",1438,1408,30,0,472,442,30,0,1500,1028,469,3,0,84,138,28,26,132,1,1,0,12,2,9,8,1,20,1,1,0,1,0,0,0,0,0,0,0,0,0,1,0,0,0,3
20,GORJ,"ŞCOALA GIMNAZIALĂ CONSTANTIN SĂVOIU",5,"MUNICIPIUL TÂRGU JIU",77812,1,PROV,PRCNCT,CD,CD_SV,"2021-01-21 12:30:02",1186,1163,23,0,347,324,23,0,1300,953,345,2,0,65,117,16,25,77,1,0,1,12,0,8,2,2,18,0,0,0,0,0,0,0,0,0,0,0,0,0,0,0,1,0,0
20,GORJ,"COLEGIUL TEHNIC NR.2",6,"MUNICIPIUL TÂRGU JIU",77812,2,PART,PRCNCT,CD,CD_SV,"2021-01-21 12:30:02",1655,1610,45,0,500,455,45,0,1800,1300,493,7,0,87,159,10,36,129,1,1,3,17,1,11,4,0,27,1,0,1,0,0,0,1,0,0,0,0,0,0,1,1,0,0,2
20,GORJ,"ȘCOALA PRIMARĂ DIN LOCALITATEA COMPONENTĂ ROMANEȘTI",7,"MUNICIPIUL TÂRGU JIU",77812,2,PART,PRCNCT,CD,CD_SV,"2021-01-21 12:30:02",779,762,17,0,254,237,17,0,800,546,250,4,0,33,98,18,8,44,6,2,2,6,1,8,2,1,15,4,0,0,0,0,1,0,0,0,0,0,0,0,0,0,0,0,1
20,GORJ,"ŞCOALA GIMNAZIALĂ ALEXANDRU ŞTEFULESCU",8,"MUNICIPIUL TÂRGU JIU",77812,1,PROV,PRCNCT,CD,CD_SV,"2021-01-21 12:30:02",1221,1195,25,1,407,381,25,1,1300,893,402,4,1,57,146,18,30,104,2,1,3,9,1,11,0,2,17,0,0,0,0,0,0,0,0,0,0,0,0,0,0,0,0,0,1
20,GORJ,"UNIVERSITATEA CONSTANTIN BRÂNCUŞI",9,"MUNICIPIUL TÂRGU JIU",77812,1,PROV,PRCNCT,CD,CD_SV,"2021-01-21 12:30:02",1864,1848,13,3,498,482,13,3,2000,1502,490,7,1,71,169,32,42,93,1,8,2,18,3,14,5,1,31,0,0,0,0,0,0,0,0,0,0,0,0,0,0,0,0,0,0
20,GORJ,"ŞCOALA PRIMARĂ DIN LOCALITATEA COMPONENTĂ DRĂGOENI",10,"MUNICIPIUL TÂRGU JIU",77812,2,PART,PRCNCT,CD,CD_SV,"2021-01-21 12:30:02",1533,1515,18,0,482,464,18,0,1700,1218,466,15,1,55,166,25,54,86,2,2,2,3,2,24,2,0,30,0,0,0,0,0,1,0,0,0,0,0,1,0,0,0,9,0,2
20,GORJ,"COLEGIUL NAȚIONAL SPIRU HARET",11,"MUNICIPIUL TÂRGU JIU",77812,4,PART,PRCNCT,CD,CD_SV,"2021-01-21 12:30:02",1147,1104,43,0,396,353,43,0,1200,804,390,5,1,65,126,11,30,102,2,8,0,9,2,11,3,1,15,1,0,0,0,0,0,0,0,0,0,0,0,0,0,1,0,0,3
20,GORJ,"COLEGIUL NAŢIONAL SPIRU HARET",12,"MUNICIPIUL TÂRGU JIU",77812,1,PROV,PRCNCT,CD,CD_SV,"2021-01-21 12:30:02",1061,1041,20,0,284,264,20,0,1200,916,283,1,0,45,97,9,19,67,2,0,2,9,0,10,1,3,16,0,0,0,0,0,0,0,0,0,0,0,0,0,0,0,3,0,0
20,GORJ,"COLEGIUL NAŢIONAL SPIRU HARET",13,"MUNICIPIUL TÂRGU JIU",77812,1,PROV,PRCNCT,CD,CD_SV,"2021-01-21 12:30:02",1567,1554,13,0,403,390,13,0,1700,1297,397,4,2,61,131,7,35,98,0,1,2,11,2,9,1,3,32,0,0,0,1,0,0,0,0,1,0,0,0,0,0,0,0,0,2
20,GORJ,"COLEGIUL NAŢIONAL SPIRU HARET",14,"MUNICIPIUL TÂRGU JIU",77812,2,PART,PRCNCT,CD,CD_SV,"2021-01-21 12:30:02",1456,1439,17,0,352,335,17,0,1600,1248,346,6,0,49,131,19,24,75,1,0,4,14,0,12,2,1,10,0,0,0,1,0,0,0,0,0,0,0,0,0,0,0,1,0,2
20,GORJ,"COLEGIUL NAŢIONAL SPIRU HARET",15,"MUNICIPIUL TÂRGU JIU",77812,1,PROV,PRCNCT,CD,CD_SV,"2021-01-21 12:30:02",1166,1140,26,0,318,292,26,0,1300,982,312,6,0,51,92,15,25,76,3,1,3,7,1,9,1,0,25,0,0,0,0,0,0,0,0,0,0,0,0,0,0,0,2,0,1
20,GORJ,"PALATUL COPIILOR",16,"MUNICIPIUL TÂRGU JIU",77812,3,PART,PRCNCT,CD,CD_SV,"2021-01-21 12:30:02",1056,1027,29,0,333,304,29,0,1100,767,329,4,0,57,114,12,23,84,1,0,0,9,0,10,0,0,16,0,0,0,0,0,0,0,0,0,0,0,0,0,1,0,1,0,1
20,GORJ,"LICEUL TEOLOGIC",17,"MUNICIPIUL TÂRGU JIU",77812,1,PROV,PRCNCT,CD,CD_SV,"2021-01-21 12:30:02",1537,1521,16,0,492,476,16,0,1700,1208,485,7,0,101,144,20,30,127,2,1,2,8,3,8,10,5,17,0,1,0,0,0,1,0,0,0,0,0,0,0,2,0,1,0,2
20,GORJ,"LICEUL TEOLOGIC",18,"MUNICIPIUL TÂRGU JIU",77812,1,PROV,PRCNCT,CD,CD_SV,"2021-01-21 12:30:02",1470,1438,25,7,341,309,25,7,1600,1259,330,11,0,51,110,14,29,74,1,1,1,4,3,4,0,3,27,0,1,0,0,0,1,0,0,0,0,0,0,0,0,0,3,0,3
20,GORJ,"LICEUL TEOLOGIC",19,"MUNICIPIUL TÂRGU JIU",77812,1,PROV,PRCNCT,CD,CD_SV,"2021-01-21 12:30:02",1475,1414,30,31,475,414,30,31,1600,1125,466,9,0,66,165,21,35,107,2,2,3,12,0,17,2,2,27,1,0,0,0,0,0,0,0,0,0,0,0,0,0,0,2,0,2
20,GORJ,"ŞCOALA GIMNAZIALĂ GHEORGHE TĂTĂRĂSCU",20,"MUNICIPIUL TÂRGU JIU",77812,2,PART,PRCNCT,CD,CD_SV,"2021-01-21 12:30:02",1547,1527,20,0,384,364,20,0,1700,1316,374,10,0,45,125,15,36,71,1,3,2,10,4,9,6,4,39,0,0,0,0,0,1,0,1,0,0,0,0,0,0,0,1,0,1
20,GORJ,"ŞCOALA GIMNAZIALĂ GHEORGHE TĂTĂRĂSCU",21,"MUNICIPIUL TÂRGU JIU",77812,1,PROV,PRCNCT,CD,CD_SV,"2021-01-21 12:30:02",1610,1581,27,2,475,446,27,2,1700,1225,468,6,1,69,192,9,45,96,1,2,1,6,3,9,3,4,23,0,0,0,0,0,0,1,0,1,0,0,0,0,0,0,2,0,1
20,GORJ,"ŞCOALA GIMNAZIALĂ POMPILIU MARCEA",22,"MUNICIPIUL TÂRGU JIU",77812,1,PROV,PRCNCT,CD,CD_SV,"2021-01-21 12:30:02",1705,1668,37,0,393,356,37,0,1800,1407,386,5,2,60,117,18,32,78,1,3,1,9,2,9,2,6,42,0,1,0,0,0,0,0,0,1,0,0,0,0,0,0,3,0,1
20,GORJ,"ŞCOALA GIMNAZIALĂ POMPILIU MARCEA",23,"MUNICIPIUL TÂRGU JIU",77812,1,PROV,PRCNCT,CD,CD_SV,"2021-01-21 12:30:02",1735,1711,24,0,474,450,24,0,1900,1426,464,8,2,67,169,16,38,83,3,5,1,13,3,19,1,6,37,0,1,0,0,0,0,0,0,0,0,0,0,0,0,0,1,0,1
20,GORJ,"ŞCOALA GIMNAZIALĂ CONSTANTIN BRÂNCUŞI",24,"MUNICIPIUL TÂRGU JIU",77812,1,PROV,PRCNCT,CD,CD_SV,"2021-01-21 12:30:02",1636,1617,19,0,487,468,19,0,1800,1313,481,6,0,65,192,8,31,116,10,1,1,19,1,6,2,2,19,0,0,0,0,0,0,0,0,1,0,0,2,0,0,0,2,1,2
20,GORJ,"ŞCOALA GIMNAZIALĂ CONSTANTIN BRÂNCUŞI",25,"MUNICIPIUL TÂRGU JIU",77812,1,PROV,PRCNCT,CD,CD_SV,"2021-01-21 12:30:02",1630,1606,24,0,424,400,24,0,1800,1376,422,2,0,57,154,14,30,91,1,1,2,17,2,16,5,1,25,0,1,1,0,0,0,0,0,0,0,0,0,0,0,1,3,0,0
20,GORJ,"ŞCOALA GIMNAZIALĂ CONSTANTIN BRÂNCUŞI",26,"MUNICIPIUL TÂRGU JIU",77812,1,PROV,PRCNCT,CD,CD_SV,"2021-01-21 12:30:02",1586,1566,20,0,403,383,20,0,1700,1297,394,8,1,52,133,20,31,75,2,1,3,21,2,10,2,2,34,0,0,1,0,0,0,0,0,0,0,0,0,0,0,0,2,0,3
20,GORJ,"ŞCOALA GIMNAZIALĂ CONSTANTIN BRÂNCUŞI",27,"MUNICIPIUL TÂRGU JIU",77812,1,PROV,PRCNCT,CD,CD_SV,"2021-01-21 12:30:02",1506,1493,13,0,329,316,13,0,1600,1271,322,5,2,39,106,14,44,58,3,2,1,8,4,10,2,1,26,0,0,0,1,0,0,0,0,0,0,0,0,0,0,0,1,0,2
20,GORJ,"COLEGIUL NAȚIONAL ECATERINA TEODOROIU",28,"MUNICIPIUL TÂRGU JIU",77812,1,PROV,PRCNCT,CD,CD_SV,"2021-01-21 12:30:02",1411,1380,31,0,400,369,31,0,1500,1100,393,5,2,55,151,19,28,87,1,0,1,13,1,5,1,4,22,0,0,0,0,0,0,0,1,0,0,0,0,0,0,0,1,0,3
20,GORJ,"COLEGIUL NAŢIONAL ECATERINA TEODOROIU",29,"MUNICIPIUL TÂRGU JIU",77812,1,PROV,PRCNCT,CD,CD_SV,"2021-01-21 12:30:02",1535,1514,21,0,404,383,21,0,1700,1296,401,3,0,59,141,16,32,87,1,10,2,9,2,10,1,2,27,0,0,0,0,0,0,0,0,0,0,0,0,0,1,0,1,0,0
20,GORJ,"COLEGIUL NAŢIONAL ECATERINA TEODOROIU",30,"MUNICIPIUL TÂRGU JIU",77812,1,PROV,PRCNCT,CD,CD_SV,"2021-01-21 12:30:02",1493,1473,20,0,451,431,20,0,1600,1149,445,4,2,62,161,23,50,97,3,3,0,3,3,10,2,1,22,1,0,0,0,0,0,0,0,0,0,0,0,0,0,0,4,0,0
20,GORJ,"LICEUL CU PROGRAM SPORTIV",31,"MUNICIPIUL TÂRGU JIU",77812,1,PROV,PRCNCT,CD,CD_SV,"2021-01-21 12:30:02",1108,1092,16,0,281,265,16,0,1200,919,277,4,0,41,97,19,26,51,2,0,1,6,2,4,1,3,20,0,0,0,0,0,0,0,0,0,0,0,1,0,0,0,1,0,2
20,GORJ,"LICEUL CU PROGRAM SPORTIV",32,"MUNICIPIUL TÂRGU JIU",77812,1,PROV,PRCNCT,CD,CD_SV,"2021-01-21 12:30:02",1000,959,41,0,308,267,41,0,1100,792,303,3,2,59,96,11,26,61,1,4,1,8,1,7,1,1,20,0,0,0,0,0,0,0,0,0,0,0,0,1,0,0,1,0,4
20,GORJ,"COLEGIUL ECONOMIC VIRGIL MADGEARU",33,"MUNICIPIUL TÂRGU JIU",77812,1,PROV,PRCNCT,CD,CD_SV,"2021-01-21 12:30:02",1995,1968,27,0,605,578,27,0,2200,1595,582,22,1,88,245,21,41,115,0,6,4,18,2,7,2,4,18,0,0,0,0,0,0,0,0,0,0,0,0,0,3,2,5,0,1
20,GORJ,"COLEGIUL ECONOMIC VIRGIL MADGEARU",34,"MUNICIPIUL TÂRGU JIU",77812,1,PROV,PRCNCT,CD,CD_SV,"2021-01-21 12:30:02",1842,1809,29,4,643,610,29,4,2000,1357,635,6,2,84,231,24,36,168,0,8,1,21,4,19,3,4,24,0,0,0,0,1,2,0,0,0,0,0,0,1,0,0,0,0,4
20,GORJ,"LICEUL DE ARTE CONSTANTIN BRĂILOIU",35,"MUNICIPIUL TÂRGU JIU",77812,1,PROV,PRCNCT,CD,CD_SV,"2021-01-21 12:30:02",1147,1122,25,0,345,320,25,0,1200,855,340,5,0,60,109,14,21,73,3,2,0,15,1,10,0,4,24,1,0,0,0,0,0,0,1,0,0,0,0,0,0,0,1,0,1
20,GORJ,"LICEUL DE ARTE CONSTANTIN BRĂILOIU",36,"MUNICIPIUL TÂRGU JIU",77812,1,PROV,PRCNCT,CD,CD_SV,"2021-01-21 12:30:02",1678,1650,27,1,549,521,27,1,1800,1251,542,6,1,98,164,30,46,128,2,3,0,25,2,3,5,3,26,2,0,0,0,0,0,0,0,0,0,0,0,0,0,0,2,0,3
20,GORJ,"LICEUL DE ARTE CONSTANTIN BRĂILOIU",37,"MUNICIPIUL TÂRGU JIU",77812,2,PART,PRCNCT,CD,CD_SV,"2021-01-21 12:30:02",1378,1371,7,0,308,301,7,0,1500,1192,289,14,5,21,101,11,65,33,1,1,0,8,4,4,7,2,18,4,1,0,0,0,0,1,0,1,0,0,1,0,3,0,2,0,0
20,GORJ,"LICEUL DE ARTE CONSTANTIN BRĂILOIU",38,"MUNICIPIUL TÂRGU JIU",77812,1,PROV,PRCNCT,CD,CD_SV,"2021-01-21 12:30:02",936,930,6,0,273,267,6,0,1000,727,271,2,0,35,89,13,15,80,1,0,1,12,1,13,0,2,8,0,0,0,0,0,0,0,0,0,0,0,0,0,0,0,0,0,1
20,GORJ,"UNIVERSITATEA ”CONSTANTIN BRÂNCUȘI”-FACULTATEA DE ȘTIINȚE ALE EDUCAȚIEI, DREPT ȘI ADMINISTRAȚIE PUBLICĂ",39,"MUNICIPIUL TÂRGU JIU",77812,2,PART,PRCNCT,CD,CD_SV,"2021-01-21 12:30:02",1147,1114,33,0,355,322,33,0,1200,845,345,7,3,51,101,16,34,91,1,1,2,9,4,4,4,3,19,0,0,0,0,0,0,0,0,0,0,1,0,0,0,0,1,0,3
20,GORJ,"ŞCOALA GIMNAZIALĂ SFÂNTU NICOLAE",40,"MUNICIPIUL TÂRGU JIU",77812,1,PROV,PRCNCT,CD,CD_SV,"2021-01-21 12:30:02",1842,1738,11,93,739,635,11,93,1900,1161,725,10,4,112,304,20,64,152,3,0,1,21,5,11,5,4,16,1,0,0,0,0,0,0,0,1,0,0,0,0,0,0,2,0,3
20,GORJ,"ŞCOALA GIMNAZIALĂ SFÂNTU NICOLAE",41,"MUNICIPIUL TÂRGU JIU",77812,1,PROV,PRCNCT,CD,CD_SV,"2021-01-21 12:30:02",787,745,37,5,255,213,37,5,800,545,252,3,0,35,104,0,25,45,1,0,0,9,2,6,1,1,13,5,0,0,2,0,0,0,0,0,0,0,0,0,0,0,2,0,1
20,GORJ,"ŞCOALA GIMNAZIALĂ SFÂNTU NICOLAE",42,"MUNICIPIUL TÂRGU JIU",77812,1,PROV,PRCNCT,CD,CD_SV,"2021-01-21 12:30:02",1278,1273,5,0,404,399,5,0,1400,996,400,4,0,56,120,20,40,94,1,4,4,14,4,12,4,8,12,2,0,0,0,0,1,0,0,0,0,0,0,0,0,0,1,0,3
20,GORJ,"ŞCOALA GENERALĂ ECATERINA TEODOROIU",43,"MUNICIPIUL TÂRGU JIU",77812,1,PROV,PRCNCT,CD,CD_SV,"2021-01-21 12:30:02",1540,1483,57,0,504,447,57,0,1600,1096,495,9,0,61,158,58,32,101,1,0,3,18,3,10,6,1,37,0,0,0,0,0,1,0,0,0,0,0,0,0,0,0,3,0,2
20,GORJ,"COLEGIUL TEHNIC ION MINCU",44,"MUNICIPIUL TÂRGU JIU",77812,2,PART,PRCNCT,CD,CD_SV,"2021-01-21 12:30:02",1739,1726,13,0,481,468,13,0,1900,1419,475,6,0,66,149,19,39,109,2,3,0,17,1,21,5,1,35,0,0,0,0,0,0,0,0,0,0,0,0,0,1,0,3,0,4
20,GORJ,"COLEGIUL TEHNIC ION MINCU",45,"MUNICIPIUL TÂRGU JIU",77812,1,PROV,PRCNCT,CD,CD_SV,"2021-01-21 12:30:02",838,809,29,0,246,217,29,0,900,654,237,6,3,39,89,10,19,44,1,0,0,7,3,0,1,3,17,0,1,0,0,0,0,0,0,0,0,0,0,0,0,0,1,0,2
20,GORJ,"COLEGIUL TEHNIC GENERAL GHEORGHE MAGHERU",46,"MUNICIPIUL TÂRGU JIU",77812,1,PROV,PRCNCT,CD,CD_SV,"2021-01-21 12:30:02",1695,1667,28,0,366,338,28,0,1800,1434,358,7,1,35,98,18,31,86,1,2,4,8,4,8,0,4,42,0,0,0,0,0,0,0,0,0,0,0,0,1,0,0,4,0,12
20,GORJ,"COLEGIUL TEHNIC GENERAL GHEORGHE MAGHERU",47,"MUNICIPIUL TÂRGU JIU",77812,2,PART,PRCNCT,CD,CD_SV,"2021-01-21 12:30:02",1877,1856,21,0,440,419,21,0,2000,1560,434,5,1,55,122,18,42,96,2,3,2,11,0,6,6,2,61,0,1,0,0,0,0,0,0,0,0,0,1,0,0,0,2,0,4
20,GORJ,"ŞCOALA GIMNAZIALĂ NR.7",48,"MUNICIPIUL TÂRGU JIU",77812,1,PROV,PRCNCT,CD,CD_SV,"2021-01-21 12:30:02",1718,1699,19,0,537,518,19,0,1900,1363,523,10,4,68,182,35,59,83,2,2,1,5,2,15,4,2,46,0,2,0,0,1,0,1,1,0,0,0,0,0,1,0,6,0,5
20,GORJ,"ŞCOALA GIMNAZIALĂ NR.7",49,"MUNICIPIUL TÂRGU JIU",77812,3,PART,PRCNCT,CD,CD_SV,"2021-01-21 12:30:02",1684,1666,18,0,465,447,18,0,1800,1335,453,12,0,44,156,22,52,73,1,4,2,16,6,3,1,5,60,1,1,1,0,0,0,1,0,0,0,0,0,0,0,0,2,0,2
20,GORJ,"ŞCOALA GIMNAZIALĂ VOIEVOD LITOVOI",50,"MUNICIPIUL TÂRGU JIU",77812,1,PROV,PRCNCT,CD,CD_SV,"2021-01-21 12:30:02",2019,1991,28,0,596,568,28,0,2200,1604,577,17,2,67,206,33,29,119,2,17,1,9,7,15,1,1,63,1,0,0,0,0,0,0,0,0,0,0,0,0,0,0,5,0,1
20,GORJ,"ŞCOALA GIMNAZIALĂ VOIEVOD LITOVOI",51,"MUNICIPIUL TÂRGU JIU",77812,1,PROV,PRCNCT,CD,CD_SV,"2021-01-21 12:30:02",1911,1900,11,0,705,694,11,0,2100,1395,687,13,5,103,279,49,40,125,2,0,1,21,5,16,2,10,27,0,1,1,0,0,0,0,0,0,0,1,0,0,2,1,1,0,0
20,GORJ,"ŞCOALA GIMNAZIALĂ VOIEVOD LITOVOI",52,"MUNICIPIUL TÂRGU JIU",77812,1,PROV,PRCNCT,CD,CD_SV,"2021-01-21 12:30:02",1834,1822,12,0,514,502,12,0,2000,1486,489,21,4,48,150,30,35,106,2,4,1,13,5,5,6,4,66,1,0,0,0,0,0,0,0,0,0,0,1,1,4,0,5,0,2
20,GORJ,"ŞCOALA GIMNAZIALĂ NR.9",53,"MUNICIPIUL TÂRGU JIU",77812,1,PROV,PRCNCT,CD,CD_SV,"2021-01-21 12:30:02",1529,1504,25,0,518,493,25,0,1700,1182,500,15,3,53,151,12,45,84,4,5,2,91,0,9,1,2,36,3,0,0,0,0,0,0,0,0,0,0,0,0,1,0,1,0,0
20,GORJ,"IMOBIL NR.42",54,"MUNICIPIUL TÂRGU JIU",77812,1,PROV,PRCNCT,CD,CD_SV,"2021-01-21 12:30:02",764,750,14,0,234,220,14,0,800,566,233,1,0,22,102,5,18,43,3,0,0,4,0,4,3,1,21,1,0,0,0,0,1,0,0,1,0,0,0,0,2,0,2,0,0
20,GORJ,"ŞCOALA PRIMARĂ ŞI GRĂDINIŢA DE COPII URSAŢI",55,"MUNICIPIUL TÂRGU JIU",77812,1,PROV,PRCNCT,CD,CD_SV,"2021-01-21 12:30:02",621,613,8,0,270,262,8,0,700,430,267,3,0,17,85,8,24,54,1,0,0,50,0,4,1,0,17,0,0,1,0,0,0,0,0,1,0,0,2,0,1,0,1,0,0
20,GORJ,"COLEGIUL TEHNIC HENRI COANDĂ",56,"MUNICIPIUL TÂRGU JIU",77812,1,PROV,PRCNCT,CD,CD_SV,"2021-01-21 12:30:02",822,797,25,0,279,254,25,0,900,621,269,7,3,18,101,31,21,49,3,2,0,11,0,11,1,1,17,0,0,0,0,0,0,0,0,0,0,0,0,0,0,0,1,0,2
20,GORJ,"ŞCOALA GIMNAZIALĂ NR. 2 MOTRU",57,"MUNICIPIUL MOTRU",78141,1,PROV,PRCNCT,CD,CD_SV,"2021-01-21 12:30:02",1462,1437,25,0,486,461,25,0,1600,1114,475,10,1,52,214,5,9,119,2,2,2,5,6,11,8,3,27,3,1,0,0,0,0,1,0,0,0,1,0,0,2,0,0,1,1
20,GORJ,"COLEGIUL TEHNIC MOTRU",58,"MUNICIPIUL MOTRU",78141,1,PROV,PRCNCT,CD,CD_SV,"2021-01-21 12:30:02",1065,999,66,0,354,288,66,0,1100,746,347,6,1,43,127,14,11,97,3,3,0,4,1,5,1,4,23,9,1,0,0,0,0,0,0,0,0,0,0,0,0,0,1,0,0
20,GORJ,"CASA DE CULTURĂ MOTRU",59,"MUNICIPIUL MOTRU",78141,1,PROV,PRCNCT,CD,CD_SV,"2021-01-21 12:30:02",1737,1699,38,0,556,518,38,0,1900,1344,540,13,3,65,215,18,21,134,1,9,0,5,3,8,4,2,49,1,0,0,0,0,0,0,0,1,1,0,0,0,2,0,1,0,0
20,GORJ,"COLEGIUL NAŢIONAL GEORGE COŞBUC MOTRU",60,"MUNICIPIUL MOTRU",78141,1,PROV,PRCNCT,CD,CD_SV,"2021-01-21 12:30:02",1527,1493,31,3,462,428,31,3,1600,1138,451,10,1,40,204,14,17,115,4,1,1,2,6,8,1,0,32,1,0,0,0,0,0,0,1,0,0,0,0,0,0,0,4,0,0
20,GORJ,"ŞCOALA GIMNAZIALĂ NR.1 MOTRU",61,"MUNICIPIUL MOTRU",78141,3,PART,PRCNCT,CD,CD_SV,"2021-01-21 12:30:02",1619,1593,25,1,496,470,25,1,1800,1304,486,10,0,50,214,17,18,106,2,0,0,4,6,10,3,4,39,5,0,0,0,0,0,0,1,1,0,0,1,0,0,1,3,0,1
20,GORJ,"GRĂDINIŢA ”VILE” MOTRU",62,"MUNICIPIUL MOTRU",78141,1,PROV,PRCNCT,CD,CD_SV,"2021-01-21 12:30:02",1143,1127,15,1,370,354,15,1,1200,830,363,5,2,42,135,23,8,88,4,0,1,3,1,5,3,3,38,1,0,1,0,0,0,0,0,0,1,0,0,0,2,0,2,0,2
20,GORJ,"GRĂDINIŢA CATOLICĂ MOTRU",63,"MUNICIPIUL MOTRU",78141,1,PROV,PRCNCT,CD,CD_SV,"2021-01-21 12:30:02",1659,1644,15,0,491,476,15,0,1800,1309,485,5,1,41,227,12,13,125,3,0,2,3,2,1,5,3,43,1,0,0,0,0,1,1,0,0,0,0,0,0,1,0,0,0,1
20,GORJ,"GRĂDINIŢA CREŞĂ NR.1 MOTRU",64,"MUNICIPIUL MOTRU",78141,1,PROV,PRCNCT,CD,CD_SV,"2021-01-21 12:30:02",1772,1752,20,0,538,518,20,0,1900,1362,520,13,5,59,251,13,12,113,2,6,0,2,9,6,3,2,33,1,1,0,0,0,0,0,1,0,0,1,0,2,1,0,2,0,0
20,GORJ,"SEDIUL IMPOZITE ŞI TAXE LOCALE MOTRU",65,"MUNICIPIUL MOTRU",78141,1,PROV,PRCNCT,CD,CD_SV,"2021-01-21 12:30:02",1665,1642,23,0,550,527,23,0,1800,1250,536,11,3,70,222,9,27,147,1,3,0,5,1,6,4,2,35,0,0,0,0,0,0,0,0,0,0,0,0,0,0,0,1,0,3
20,GORJ,"CASA MULTICULTURALĂ MOTRU",66,"MUNICIPIUL MOTRU",78141,1,PROV,PRCNCT,CD,CD_SV,"2021-01-21 12:30:02",1667,1656,11,0,474,463,11,0,1800,1326,470,4,0,49,216,12,22,99,1,4,2,5,2,5,6,2,32,2,0,1,0,0,0,0,0,0,0,0,0,0,1,0,7,0,2
20,GORJ,"ŞCOALA LEURDA",67,"MUNICIPIUL MOTRU",78141,1,PROV,PRCNCT,CD,CD_SV,"2021-01-21 12:30:02",657,648,7,2,236,227,7,2,700,464,232,4,0,9,100,8,5,79,2,0,0,1,1,4,1,0,11,3,0,0,0,0,0,4,0,0,0,0,0,0,0,0,2,0,2
20,GORJ,"ŞCOALA HORĂŞTI",68,"MUNICIPIUL MOTRU",78141,1,PROV,PRCNCT,CD,CD_SV,"2021-01-21 12:30:02",409,403,6,0,125,119,6,0,500,375,123,1,1,11,56,4,5,16,2,0,1,1,2,0,2,0,16,0,0,0,0,0,0,0,0,0,0,0,0,0,2,0,5,0,0
20,GORJ,"ŞCOALA PRIMARĂ PLOŞTINA",69,"MUNICIPIUL MOTRU",78141,1,PROV,PRCNCT,CD,CD_SV,"2021-01-21 12:30:02",1051,1039,12,0,454,442,12,0,1100,646,442,7,5,33,190,7,24,103,5,0,2,4,5,3,3,3,28,17,0,1,0,1,0,0,1,1,0,0,0,0,6,0,4,0,1
20,GORJ,"ŞCOALA PRIMARĂ ROŞIUŢA",70,"MUNICIPIUL MOTRU",78141,1,PROV,PRCNCT,CD,CD_SV,"2021-01-21 12:30:02",530,460,70,0,295,225,70,0,500,205,289,3,3,9,135,11,11,93,2,0,1,0,1,4,2,2,13,0,0,0,0,0,0,0,1,0,1,0,0,0,0,0,1,0,2
20,GORJ,"ŞCOALA RÂPA",71,"MUNICIPIUL MOTRU",78141,1,PROV,PRCNCT,CD,CD_SV,"2021-01-21 12:30:02",288,267,19,2,125,104,19,2,300,175,124,1,0,9,60,0,3,26,1,1,0,6,5,0,0,0,8,3,0,0,0,0,0,0,0,0,0,0,0,0,1,0,1,0,0
20,GORJ,"SALA DE SPORT A ORAȘULUI",72,"ORAŞ BUMBEŞTI-JIU",79308,1,PROV,PRCNCT,CD,CD_SV,"2021-01-21 12:30:02",1059,1027,20,12,348,316,20,12,1100,752,342,3,3,39,178,18,25,39,1,1,2,2,1,5,0,1,24,1,0,0,0,0,0,0,0,0,0,0,0,0,0,0,3,0,2
20,GORJ,"GRĂDINIȚA BUMBEȘTI-JIU",73,"ORAŞ BUMBEŞTI-JIU",79308,1,PROV,PRCNCT,CD,CD_SV,"2021-01-21 12:30:02",1110,1095,15,0,300,285,15,0,1200,900,292,6,2,38,130,13,22,47,2,1,4,3,2,1,1,2,22,2,0,0,0,0,0,1,0,0,0,0,0,0,0,0,0,0,1
20,GORJ,"ȘCOALA GIMNAZIALĂ NR.1 BUMBEȘTI-JIU",74,"ORAŞ BUMBEŞTI-JIU",79308,1,PROV,PRCNCT,CD,CD_SV,"2021-01-21 12:30:02",1498,1480,18,0,391,373,18,0,1600,1209,383,7,1,47,163,23,41,54,2,2,5,2,1,2,2,3,29,1,0,0,0,0,2,0,1,1,0,0,0,0,0,0,0,0,2
20,GORJ,"ȘCOALA GIMNAZIALĂ NR.1 BUMBEȘTI-JIU",75,"ORAŞ BUMBEŞTI-JIU",79308,1,PROV,PRCNCT,CD,CD_SV,"2021-01-21 12:30:02",950,922,25,3,259,231,25,3,1000,741,256,3,0,29,132,8,24,29,1,3,0,6,1,3,2,1,11,1,0,2,0,0,1,0,0,0,0,0,1,0,0,0,1,0,0
20,GORJ,"COLEGIUL MIHAI VITEAZUL BUMBEȘTI-JIU",76,"ORAŞ BUMBEŞTI-JIU",79308,1,PROV,PRCNCT,CD,CD_SV,"2021-01-21 12:30:02",986,962,24,0,283,259,24,0,1100,817,279,4,0,43,104,4,29,59,2,2,1,4,3,3,2,2,15,0,0,0,0,0,0,0,0,0,0,0,0,0,0,0,5,0,1
20,GORJ,"ȘCOALA PRIMARĂ BUMBEȘTI-JIU",77,"ORAŞ BUMBEŞTI-JIU",79308,1,PROV,PRCNCT,CD,CD_SV,"2021-01-21 12:30:02",892,874,18,0,283,265,18,0,1000,717,281,1,1,25,154,5,14,39,2,1,1,11,4,1,0,1,22,1,0,0,0,0,0,0,0,0,0,0,0,0,0,0,0,0,0
20,GORJ,"ȘCOALA PRIMARĂ TETILA",78,"ORAŞ BUMBEŞTI-JIU",79308,1,PROV,PRCNCT,CD,CD_SV,"2021-01-21 12:30:02",1138,1116,22,0,273,251,22,0,1200,927,269,3,1,21,160,7,18,24,1,0,0,0,1,1,7,0,19,3,0,0,0,0,1,0,1,0,1,1,0,0,0,1,2,0,0
20,GORJ,"ȘCOALA GIMNAZIALĂ CURTIȘOARA",79,"ORAŞ BUMBEŞTI-JIU",79308,1,PROV,PRCNCT,CD,CD_SV,"2021-01-21 12:30:02",611,577,34,0,189,155,34,0,600,411,188,0,1,16,82,13,5,37,1,0,0,2,4,3,0,0,20,0,1,0,0,0,0,0,0,0,0,0,0,0,0,0,1,0,3
20,GORJ,"ŞCOALA GIMNAZIALĂ NOVACI",80,"ORAŞ NOVACI",78258,2,PART,PRCNCT,CD,CD_SV,"2021-01-21 12:30:02",1740,1670,69,1,697,627,69,1,1800,1103,668,23,6,102,206,13,23,222,2,2,4,17,3,7,8,5,34,9,2,0,0,0,2,0,0,0,0,0,0,0,1,0,0,1,5
20,GORJ,"CLUBUL ELEVILOR",81,"ORAŞ NOVACI",78258,1,PROV,PRCNCT,CD,CD_SV,"2021-01-21 12:30:02",1150,1113,36,1,457,420,36,1,1200,743,442,12,3,89,82,11,22,183,2,0,0,16,0,1,0,4,24,5,0,0,0,0,0,0,0,0,0,0,0,1,1,0,0,0,1
20,GORJ,"ŞCOALA GIMNAZIALĂ POCIOVALIŞTEA",82,"ORAŞ NOVACI",78258,1,PROV,PRCNCT,CD,CD_SV,"2021-01-21 12:30:02",1467,1420,47,0,502,455,47,0,1600,1098,492,10,0,61,150,16,40,169,2,2,4,6,6,6,7,3,15,0,1,2,0,0,0,0,0,0,0,0,0,0,1,0,1,0,0
20,GORJ,"GRĂDINIŢA BERCEŞTI",83,"ORAŞ NOVACI",78258,1,PROV,PRCNCT,CD,CD_SV,"2021-01-21 12:30:02",559,529,30,0,244,214,30,0,600,356,242,2,0,24,69,7,10,90,2,0,0,8,2,0,3,3,18,1,0,0,0,0,0,0,0,1,0,0,0,0,2,0,1,0,1
20,GORJ,"ŞCOALA GIMNAZIALĂ NR. 1 ROVINARI",84,"ORAŞ ROVINARI",82895,4,PART,PRCNCT,CD,CD_SV,"2021-01-21 12:30:02",1416,1342,74,0,427,353,74,0,1500,1073,420,6,1,26,119,22,25,124,1,2,5,6,5,7,1,4,69,2,0,0,0,0,1,0,0,0,0,0,0,0,0,0,0,0,1
20,GORJ,"ŞCOALA GIMNAZIALĂ NR. 1 ROVINARI",85,"ORAŞ ROVINARI",82895,1,PROV,PRCNCT,CD,CD_SV,"2021-01-21 12:30:02",1339,1289,50,0,372,322,50,0,1400,1028,357,12,3,19,102,25,16,99,3,1,0,1,2,3,2,3,75,1,0,0,2,0,0,0,0,0,0,0,0,0,0,0,2,0,1
20,GORJ,"ŞCOALA GIMNAZIALĂ NR. 3 ROVINARI",86,"ORAŞ ROVINARI",82895,1,PROV,PRCNCT,CD,CD_SV,"2021-01-21 12:30:02",1293,1244,49,0,395,346,49,0,1400,1005,383,11,1,25,90,22,20,128,1,1,3,2,5,8,1,3,69,0,2,0,0,0,0,2,0,0,0,0,0,0,0,0,1,0,0
20,GORJ,"ŞCOALA GIMNAZIALĂ NR. 3 ROVINARI",87,"ORAŞ ROVINARI",82895,1,PROV,PRCNCT,CD,CD_SV,"2021-01-21 12:30:02",1357,1247,110,0,472,362,110,0,1400,928,464,7,1,38,102,18,52,165,3,4,0,6,1,10,1,2,55,0,1,0,0,0,0,0,0,0,0,0,0,0,1,0,3,0,2
20,GORJ,"COLEGIUL ”GHEORGHE TĂTĂRESCU” ROVINARI",88,"ORAŞ ROVINARI",82895,1,PROV,PRCNCT,CD,CD_SV,"2021-01-21 12:30:02",1314,1233,76,5,391,310,76,5,1400,1009,378,13,0,14,105,17,21,146,2,0,2,2,1,7,2,1,56,0,0,0,0,0,0,0,0,0,0,0,0,0,0,0,0,0,2
20,GORJ,"COLEGIUL ”GHEORGHE TĂTĂRESCU” ROVINARI",89,"ORAŞ ROVINARI",82895,1,PROV,PRCNCT,CD,CD_SV,"2021-01-21 12:30:02",1258,1137,116,5,426,305,116,5,1300,874,415,10,1,20,115,16,18,162,4,1,4,3,1,10,3,1,50,1,0,1,0,1,0,0,0,0,0,0,0,0,3,0,1,0,0
20,GORJ,"GRĂDINIŢA NR. 3 ROVINARI",90,"ORAŞ ROVINARI",82895,1,PROV,PRCNCT,CD,CD_SV,"2021-01-21 12:30:02",1331,1292,39,0,416,377,39,0,1400,984,409,4,3,29,114,20,15,135,4,2,2,3,1,10,1,4,60,0,0,1,1,0,0,0,0,0,0,0,1,0,0,1,2,0,3
20,GORJ,"GRĂDINIȚA NR. 3 ROVINARI",91,"ORAŞ ROVINARI",82895,1,PROV,PRCNCT,CD,CD_SV,"2021-01-21 12:30:02",1302,1263,39,0,363,324,39,0,1400,1037,351,9,3,20,89,10,10,128,1,3,0,3,1,9,1,1,64,0,1,0,0,0,2,0,0,0,0,0,1,0,3,0,0,0,4
20,GORJ,"GRĂDINIȚA CARTIER VÎRȚ",92,"ORAŞ ROVINARI",82895,1,PROV,PRCNCT,CD,CD_SV,"2021-01-21 12:30:02",626,564,62,0,276,214,62,0,600,324,272,3,1,22,91,3,11,95,1,0,2,2,2,3,3,1,33,0,1,0,1,0,0,0,0,0,0,0,0,0,0,1,0,0,0
20,GORJ,"ŞCOALA GIMNAZIALĂ GEORGE USCĂTESCU",93,"ORAŞ TÂRGU CĂRBUNEŞTI",78329,1,PROV,PRCNCT,CD,CD_SV,"2021-01-21 12:30:02",1392,1343,49,0,385,336,49,0,1500,1115,377,5,3,59,172,13,9,66,5,0,0,7,3,5,2,3,19,4,0,0,0,0,0,0,0,0,0,0,1,0,0,0,7,0,2
20,GORJ,"ȘCOALA GIMNAZIALĂ GEORGE USCĂTESCU",94,"ORAŞ TÂRGU CĂRBUNEŞTI",78329,1,PROV,PRCNCT,CD,CD_SV,"2021-01-21 12:30:02",1348,1310,35,3,362,324,35,3,1400,1038,359,3,0,43,168,20,17,58,4,0,0,1,1,5,2,4,28,0,0,0,0,0,0,0,0,0,0,0,0,0,0,0,5,0,3
20,GORJ,"COLEGIU NAŢIONAL TUDOR ARGHEZI",95,"ORAŞ TÂRGU CĂRBUNEŞTI",78329,1,PROV,PRCNCT,CD,CD_SV,"2021-01-21 12:30:02",1501,1471,22,8,405,375,22,8,1600,1195,393,9,3,43,177,9,15,88,4,0,1,6,3,0,2,0,27,1,0,0,0,0,0,1,0,0,0,0,0,1,4,0,11,0,0
20,GORJ,"ŞCOALA GIMNAZIALĂ CREŢEŞTI",96,"ORAŞ TÂRGU CĂRBUNEŞTI",78329,1,PROV,PRCNCT,CD,CD_SV,"2021-01-21 12:30:02",741,723,18,0,184,166,18,0,800,616,180,1,3,11,111,12,7,11,1,0,0,1,5,1,0,0,17,1,0,0,0,0,0,0,0,0,0,0,0,0,0,0,1,0,1
20,GORJ,"ŞCOALA GIMNAZIALĂ POJOGENI",97,"ORAŞ TÂRGU CĂRBUNEŞTI",78329,1,PROV,PRCNCT,CD,CD_SV,"2021-01-21 12:30:02",635,601,34,0,204,170,34,0,700,496,199,5,0,15,110,3,15,21,2,0,1,3,2,1,1,3,16,0,0,0,0,0,0,0,0,1,0,0,0,0,1,0,3,0,1
20,GORJ,"ŞCOALA PRIMARĂ ŞTEFĂNEŞTI",98,"ORAŞ TÂRGU CĂRBUNEŞTI",78329,2,PART,PRCNCT,CD,CD_SV,"2021-01-21 12:30:02",478,453,25,0,197,172,25,0,500,303,191,5,1,9,105,2,5,22,1,0,1,11,7,0,3,0,18,0,1,0,0,0,0,0,0,1,0,0,0,1,1,0,2,0,1
20,GORJ,"CĂMIN CULTURAL",99,"ORAŞ TÂRGU CĂRBUNEŞTI",78329,1,PROV,PRCNCT,CD,CD_SV,"2021-01-21 12:30:02",572,543,29,0,242,213,29,0,600,358,235,6,1,2,158,4,10,29,2,1,0,3,1,1,3,1,13,0,0,0,1,0,1,1,0,0,0,0,0,0,1,0,3,0,0
20,GORJ,"ŞCOALA PRIMARĂ POJOGENI CERĂT",100,"ORAŞ TÂRGU CĂRBUNEŞTI",78329,1,PROV,PRCNCT,CD,CD_SV,"2021-01-21 12:30:02",287,248,39,0,154,115,39,0,300,146,154,0,0,8,106,6,7,13,2,0,0,2,3,1,1,0,1,0,0,0,0,0,0,0,2,0,0,0,0,0,0,0,1,0,1
20,GORJ,"ŞCOALA PRIMARĂ COJANI",101,"ORAŞ TÂRGU CĂRBUNEŞTI",78329,1,PROV,PRCNCT,CD,CD_SV,"2021-01-21 12:30:02",347,330,17,0,117,100,17,0,400,283,112,3,2,5,53,8,3,19,2,0,0,0,1,0,1,0,15,0,0,0,0,0,1,0,0,0,0,0,0,0,1,0,3,0,0
20,GORJ,"GRADINITA CU PROGRAM NORMAL TISMANA",102,"ORAŞ TISMANA",82430,1,PROV,PRCNCT,CD,CD_SV,"2021-01-21 12:30:02",865,806,57,2,331,272,57,2,900,569,323,5,3,32,175,6,10,69,1,1,0,10,3,2,2,1,6,0,0,0,0,0,0,0,0,0,1,0,0,0,0,0,2,0,2
20,GORJ,"GRADINITA CU PROGRAM NORMAL TISMANA",103,"ORAŞ TISMANA",82430,1,PROV,PRCNCT,CD,CD_SV,"2021-01-21 12:30:02",1021,992,29,0,355,326,29,0,1100,745,352,3,0,18,218,14,10,38,2,0,3,19,2,1,3,0,15,2,0,0,0,0,0,0,0,0,0,0,0,0,1,0,3,0,3
20,GORJ,"SCOALA GENERALA CELEI",104,"ORAŞ TISMANA",82430,1,PROV,PRCNCT,CD,CD_SV,"2021-01-21 12:30:02",761,726,34,1,233,198,34,1,800,567,233,0,0,12,108,6,14,47,2,0,1,11,1,0,2,0,27,0,0,0,0,0,0,0,0,0,0,0,0,0,0,0,1,0,1
20,GORJ,"SCOALA GENERALA TOPESTI",105,"ORAŞ TISMANA",82430,1,PROV,PRCNCT,CD,CD_SV,"2021-01-21 12:30:02",907,878,29,0,274,245,29,0,1000,726,271,3,0,37,127,8,11,60,1,0,1,7,0,0,1,0,13,1,0,0,0,0,1,0,0,0,0,0,0,0,2,0,1,0,0
20,GORJ,"SCOALA GENERALA POCRUIA",106,"ORAŞ TISMANA",82430,1,PROV,PRCNCT,CD,CD_SV,"2021-01-21 12:30:02",891,845,46,0,390,344,46,0,900,510,376,9,5,22,210,16,59,39,2,0,1,7,1,3,2,1,7,0,0,0,0,0,0,1,1,0,0,0,2,0,0,0,2,0,0
20,GORJ,"SCOALA GENERALA SOHODOL",107,"ORAŞ TISMANA",82430,2,PART,PRCNCT,CD,CD_SV,"2021-01-21 12:30:02",729,706,23,0,273,250,23,0,800,527,268,5,0,19,141,14,36,37,1,0,0,2,2,1,0,1,12,0,0,0,0,0,0,0,0,1,0,0,0,0,0,0,1,0,0
20,GORJ,"SCOALA GENERALA COSTENI",108,"ORAŞ TISMANA",82430,1,PROV,PRCNCT,CD,CD_SV,"2021-01-21 12:30:02",926,865,61,0,360,299,61,0,1000,640,353,7,0,17,212,17,30,44,0,3,0,2,4,2,3,0,13,2,0,0,0,0,0,0,1,0,0,0,0,0,0,0,1,1,1
20,GORJ,"LICEUL TEHNOLOGIC TURCENI-CLĂDIREA INTERNAT",109,"ORAŞ TURCENI",82617,1,PROV,PRCNCT,CD,CD_SV,"2021-01-21 12:30:02",994,915,71,8,563,484,71,8,1000,437,548,13,2,20,145,34,9,296,1,0,1,3,3,4,0,3,17,0,1,0,0,0,2,0,0,0,1,0,0,0,2,2,1,0,3
20,GORJ,"LICEUL TEHNOLOGIC TURCENI-CLĂDIREA INTERNAT",110,"ORAŞ TURCENI",82617,1,PROV,PRCNCT,CD,CD_SV,"2021-01-21 12:30:02",2076,1987,87,2,837,748,87,2,2200,1363,826,7,4,62,199,58,19,395,4,0,4,3,6,9,3,2,55,0,0,0,0,0,0,0,0,1,0,0,0,0,2,0,2,0,2
20,GORJ,"POLIȚIA LOCALĂ TURCENI",111,"ORAŞ TURCENI",82617,2,PART,PRCNCT,CD,CD_SV,"2021-01-21 12:30:02",643,616,22,5,320,293,22,5,700,380,310,5,5,22,92,14,11,142,2,0,1,4,1,1,1,1,16,0,0,0,0,0,0,0,0,0,0,0,0,0,0,0,1,0,1
20,GORJ,"ȘCOALA GENERALĂ STOLOJANI",112,"ORAŞ TURCENI",82617,1,PROV,PRCNCT,CD,CD_SV,"2021-01-21 12:30:02",576,559,17,0,283,266,17,0,600,317,274,7,2,13,95,5,6,127,1,2,2,1,1,1,0,0,18,0,0,0,0,0,0,0,0,0,0,0,0,0,0,0,1,0,1
20,GORJ,"ȘCOALA GENERALĂ MURGEȘTI",113,"ORAŞ TURCENI",82617,2,PART,PRCNCT,CD,CD_SV,"2021-01-21 12:30:02",665,623,28,14,469,427,28,14,700,231,456,8,5,8,97,11,4,310,0,0,0,3,1,6,1,2,8,1,0,1,0,0,0,0,1,1,0,1,0,0,0,0,0,0,0
20,GORJ,"ȘCOALA GENERALĂ GÂRBOVU",114,"ORAŞ TURCENI",82617,1,PROV,PRCNCT,CD,CD_SV,"2021-01-21 12:30:02",792,744,40,8,450,402,40,8,800,350,443,4,3,27,132,9,6,232,6,1,0,4,4,7,1,1,8,1,1,0,0,0,0,0,0,0,0,0,0,0,1,0,2,0,0
20,GORJ,"ȘCOALA GENERALĂ STRÂMBA JIU",115,"ORAŞ TURCENI",82617,1,PROV,PRCNCT,CD,CD_SV,"2021-01-21 12:30:02",1276,1239,36,1,543,506,36,1,1400,857,530,9,4,33,147,49,7,240,3,1,2,3,2,2,1,3,31,1,1,0,0,0,1,1,1,0,0,0,0,0,0,0,1,0,0
20,GORJ,"GRĂDINIȚA NR. 2 TUNȘI",116,"ORAŞ ŢICLENI",78454,1,PROV,PRCNCT,CD,CD_SV,"2021-01-21 12:30:02",826,804,22,0,382,360,22,0,900,518,377,4,1,28,189,26,25,49,1,1,1,3,4,1,3,1,37,1,0,0,0,0,1,0,0,0,0,0,0,0,0,0,4,0,2
20,GORJ,"ȘCOALA GIMNAZIALĂ NR. 1 ȚICLENI",117,"ORAŞ ŢICLENI",78454,1,PROV,PRCNCT,CD,CD_SV,"2021-01-21 12:30:02",1067,1035,29,3,426,394,29,3,1100,674,422,2,2,59,220,13,11,66,2,3,1,2,2,8,0,1,23,2,1,0,0,0,0,0,1,1,0,0,0,1,0,0,1,0,4
20,GORJ,"ȘCOALA GIMNAZIALĂ NR. 1 ȚICLENI",118,"ORAŞ ŢICLENI",78454,1,PROV,PRCNCT,CD,CD_SV,"2021-01-21 12:30:02",938,910,25,3,317,289,25,3,1000,683,314,1,2,26,178,18,10,24,2,1,0,3,1,4,5,3,35,1,0,0,0,0,0,0,0,0,0,0,0,0,0,1,1,0,1
20,GORJ,"GRĂDINIȚA NR. 3 RĂȘINA",119,"ORAŞ ŢICLENI",78454,1,PROV,PRCNCT,CD,CD_SV,"2021-01-21 12:30:02",1182,1155,27,0,449,422,27,0,1300,851,440,6,3,42,250,13,18,62,1,0,1,4,4,4,4,1,30,0,0,0,0,0,1,0,0,1,0,0,0,0,1,0,1,0,2
20,GORJ,"ȘCOALA GIMNAZIALĂ ALBENI",120,ALBENI,78472,1,PROV,PRCNCT,CD,CD_SV,"2021-01-21 12:30:02",1042,1004,38,0,378,340,38,0,1200,822,374,3,1,18,150,16,24,101,6,0,0,3,4,5,0,1,34,0,0,7,0,0,0,0,0,0,0,1,0,0,1,0,0,0,3
20,GORJ,"ȘCOALA PRIMARÂ ALBENI",121,ALBENI,78472,1,PROV,PRCNCT,CD,CD_SV,"2021-01-21 12:30:02",721,700,21,0,224,203,21,0,800,576,217,1,6,8,80,4,5,58,1,0,2,1,1,0,3,3,44,1,0,0,0,0,0,0,0,0,0,0,0,0,0,0,5,1,0
20,GORJ,"ȘCOALA PRIMARÂ BOLBOCEȘTI",122,ALBENI,78472,2,PART,PRCNCT,CD,CD_SV,"2021-01-21 12:30:02",461,435,26,0,224,198,26,0,500,276,216,8,0,4,94,3,8,81,1,0,0,1,2,2,1,1,13,0,0,0,0,0,0,1,0,0,0,0,0,0,0,0,3,0,1
20,GORJ,"ȘCOALA PRIMARÂ PRUNEȘTI",123,ALBENI,78472,1,PROV,PRCNCT,CD,CD_SV,"2021-01-21 12:30:02",113,101,12,0,40,28,12,0,200,160,39,1,0,1,11,3,4,10,3,0,0,2,0,0,0,0,0,0,0,0,0,0,0,0,0,0,0,0,0,0,0,0,5,0,0
20,GORJ,"ŞCOALA GENERALĂ ”ION LOTREANU ” ALIMPEŞTI, SAT. ALIMPEŞTI,",124,ALIMPEŞTI,78542,1,PROV,PRCNCT,CD,CD_SV,"2021-01-21 12:30:02",881,846,35,0,325,290,35,0,900,575,316,6,3,6,175,4,20,68,1,0,0,1,5,0,0,6,25,0,1,0,0,0,0,0,0,0,0,0,0,0,0,0,1,0,3
20,GORJ,"ŞCOALA GENERALĂ SÎRBEŞTI , SAT.SÎRBEŞTI",125,ALIMPEŞTI,78542,1,PROV,PRCNCT,CD,CD_SV,"2021-01-21 12:30:02",680,646,34,0,253,219,34,0,700,447,249,3,1,18,126,1,33,38,0,0,0,3,6,2,0,3,12,0,0,0,1,0,0,0,0,0,0,0,0,0,0,0,2,0,4
20,GORJ,"ŞCOALA GIMNAZIALĂ ANINOASA",126,ANINOASA,78604,1,PROV,PRCNCT,CD,CD_SV,"2021-01-21 12:30:02",1200,1115,82,3,464,379,82,3,1200,736,453,8,3,189,170,2,13,43,2,1,1,3,2,1,0,2,14,1,1,1,0,0,0,0,0,0,1,0,0,1,1,0,4,0,0
20,GORJ,"ŞCOALA GIMNAZIALĂ GROȘEREA",127,ANINOASA,78604,1,PROV,PRCNCT,CD,CD_SV,"2021-01-21 12:30:02",523,478,45,0,223,178,45,0,500,277,215,7,1,95,78,1,4,20,3,0,0,2,2,1,2,1,4,0,1,0,0,0,0,0,1,0,0,0,0,0,0,0,0,0,0
20,GORJ,"ŞCOALA PRIMARĂ COSTEȘTI",128,ANINOASA,78604,1,PROV,PRCNCT,CD,CD_SV,"2021-01-21 12:30:02",821,790,31,0,327,296,31,0,900,573,317,8,2,93,112,3,12,60,2,0,1,1,2,2,0,1,26,0,0,0,0,0,0,0,0,0,0,0,0,0,1,0,1,0,0
20,GORJ,"ŞCOALA PRIMARĂ NR.2 STERPOAIA",129,ANINOASA,78604,1,PROV,PRCNCT,CD,CD_SV,"2021-01-21 12:30:02",711,688,23,0,220,197,23,0,800,580,212,4,4,42,87,2,8,26,0,1,2,5,2,4,2,1,25,0,0,0,0,0,0,0,0,0,0,0,1,1,0,1,1,1,0
20,GORJ,"ŞCOALA GIMNAZIALĂ ARCANI",130,ARCANI,78668,1,PROV,PRCNCT,CD,CD_SV,"2021-01-21 12:30:02",1331,1116,171,44,654,439,171,44,1200,546,647,5,2,45,204,28,26,298,5,1,3,3,2,5,1,5,17,0,0,0,0,0,0,0,0,0,0,0,0,0,1,0,1,1,1
20,GORJ,"ŞCOALA GENERALĂ BAIA DE FIER",131,"BAIA DE FIER",78711,1,PROV,PRCNCT,CD,CD_SV,"2021-01-21 12:30:02",1424,1389,35,0,505,470,35,0,1500,995,491,9,5,40,183,27,87,60,0,0,2,2,5,3,0,5,30,0,0,0,0,0,1,0,0,0,0,0,0,0,0,0,0,0,46
20,GORJ,"ŞCOALA GENERALĂ BAIA DE FIER",132,"BAIA DE FIER",78711,1,PROV,PRCNCT,CD,CD_SV,"2021-01-21 12:30:02",1492,1461,31,0,522,491,31,0,1600,1078,508,9,5,44,192,25,110,55,2,0,5,4,1,3,0,2,29,2,0,0,0,0,0,0,0,0,0,0,0,0,0,0,0,0,34
20,GORJ,"ŞCOALA GENERALĂ CERNĂDIA",133,"BAIA DE FIER",78711,1,PROV,PRCNCT,CD,CD_SV,"2021-01-21 12:30:02",685,673,12,0,195,183,12,0,700,505,192,1,2,25,63,5,31,27,0,0,0,12,0,0,2,1,17,1,0,0,0,0,0,0,0,0,0,0,0,0,0,0,5,0,3
20,GORJ,"ȘCOALA PRIMARĂ BĂLANEȘTI",134,BĂLĂNEŞTI,78748,1,PROV,PRCNCT,CD,CD_SV,"2021-01-21 12:30:02",707,624,77,6,343,260,77,6,700,357,336,6,1,20,186,8,21,39,4,1,0,7,7,0,3,15,18,0,0,1,0,0,0,0,0,1,0,0,0,0,1,1,1,0,2
20,GORJ,PRIMĂRIE,135,BĂLĂNEŞTI,78748,1,PROV,PRCNCT,CD,CD_SV,"2021-01-21 12:30:02",612,503,101,8,338,229,101,8,600,262,332,3,3,9,237,3,16,40,1,0,2,2,4,1,3,4,8,0,0,0,0,0,0,0,0,0,1,0,0,0,0,0,1,0,0
20,GORJ,"ȘCOALA PRIMARĂ GLODENI",136,BĂLĂNEŞTI,78748,2,PART,PRCNCT,CD,CD_SV,"2021-01-21 12:30:02",710,651,51,8,352,293,51,8,700,348,343,5,3,18,198,31,24,30,2,0,2,2,5,3,2,6,17,0,0,0,0,0,0,0,0,1,0,0,0,1,0,0,1,0,0
20,GORJ,"ŞCOALA PRIMARĂ CORNEŞTI",137,BĂLEŞTI,77910,1,PROV,PRCNCT,CD,CD_SV,"2021-01-21 12:30:02",744,714,30,0,252,222,30,0,800,548,249,2,1,28,109,13,14,46,3,2,0,2,2,4,0,2,22,2,0,0,0,0,0,0,0,0,0,0,0,0,0,0,0,0,0
20,GORJ,"ŞCOALA PRIMARĂ RASOVA",138,BĂLEŞTI,77910,1,PROV,PRCNCT,CD,CD_SV,"2021-01-21 12:30:02",446,423,23,0,157,134,23,0,500,343,154,1,2,23,65,7,5,33,1,0,0,1,0,5,0,3,9,1,0,0,0,0,0,0,0,0,0,0,0,0,0,0,0,0,1
20,GORJ,"ŞCOALA PRIMARĂ STOLOJANI",139,BĂLEŞTI,77910,1,PROV,PRCNCT,CD,CD_SV,"2021-01-21 12:30:02",609,565,44,0,240,196,44,0,600,360,236,3,1,12,146,5,9,31,0,0,1,2,4,4,0,0,19,1,0,0,0,0,0,0,0,0,0,0,0,0,1,0,0,0,1
20,GORJ,"ŞCOALA PRIMARĂ TĂLPĂŞEŞTI",140,BĂLEŞTI,77910,1,PROV,PRCNCT,CD,CD_SV,"2021-01-21 12:30:02",506,477,29,0,175,146,29,0,500,325,168,6,1,10,81,4,9,34,1,0,1,6,1,1,1,1,10,7,0,0,0,0,0,0,0,0,1,0,0,0,0,0,0,0,0
20,GORJ,"ŞCOALA PRIMARĂ TĂMĂŞEŞTI",141,BĂLEŞTI,77910,3,PART,PRCNCT,CD,CD_SV,"2021-01-21 12:30:02",556,532,23,1,205,181,23,1,600,395,203,2,0,15,107,8,4,37,1,2,1,1,1,5,2,1,12,1,1,0,1,0,0,0,0,0,2,0,0,0,1,0,0,0,0
20,GORJ,"CĂMIN CULTURAL BĂLEŞTI",142,BĂLEŞTI,77910,1,PROV,PRCNCT,CD,CD_SV,"2021-01-21 12:30:02",1754,1729,24,1,571,546,24,1,1900,1329,553,12,6,50,249,18,38,112,1,3,0,7,1,24,0,2,35,2,2,0,0,1,1,0,0,0,0,0,0,0,0,0,4,0,3
20,GORJ,"ŞCOALA GIMNAZIALĂ ”ANTONIE MOGOŞ”",143,BĂLEŞTI,77910,1,PROV,PRCNCT,CD,CD_SV,"2021-01-21 12:30:02",1919,1886,33,0,611,578,33,0,2100,1489,595,16,0,76,295,23,32,54,1,1,3,8,13,14,6,2,40,22,0,0,1,0,0,0,0,0,0,0,0,0,3,0,1,0,0
20,GORJ,"ŞCOALA GIMNAZIALĂ BĂRBĂTEŞTI",144,BĂRBĂTEŞTI,78828,1,PROV,PRCNCT,CD,CD_SV,"2021-01-21 12:30:02",748,705,43,0,258,215,43,0,800,542,255,1,2,19,116,2,20,60,1,1,0,3,2,0,0,3,19,5,0,0,0,0,0,0,1,0,0,0,0,0,1,0,1,0,1
20,GORJ,"ŞCOALA PRIMARĂ PETREŞTI",145,BĂRBĂTEŞTI,78828,1,PROV,PRCNCT,CD,CD_SV,"2021-01-21 12:30:02",677,643,30,4,215,181,30,4,700,485,210,3,2,11,111,6,11,40,1,1,0,3,4,0,2,0,17,0,0,0,1,0,0,0,0,0,0,0,0,0,0,0,2,0,0
20,GORJ,"ȘCOALA PRIMARĂ DINKĂ SKELERU",146,BÂLTENI,79004,2,PART,PRCNCT,CD,CD_SV,"2021-01-21 12:30:02",1664,1631,33,0,493,460,33,0,1800,1307,486,4,3,57,180,30,20,105,4,1,2,2,2,26,0,1,52,1,0,0,0,1,0,0,0,0,0,0,0,0,0,0,1,1,0
20,GORJ,"ŞCOALA PRIMARĂ NR.2 PEŞTEANA-JIU",147,BÂLTENI,79004,1,PROV,PRCNCT,CD,CD_SV,"2021-01-21 12:30:02",1797,1766,31,0,573,542,31,0,1900,1327,557,9,7,33,192,43,29,114,4,3,1,3,3,73,5,3,39,3,1,0,1,0,0,0,1,0,1,0,0,0,2,1,1,0,1
20,GORJ,"ŞCOALA GENERALĂ MOI",148,BÂLTENI,79004,1,PROV,PRCNCT,CD,CD_SV,"2021-01-21 12:30:02",885,856,29,0,290,261,29,0,900,610,281,4,5,23,91,34,9,68,2,0,1,1,2,24,0,1,15,1,1,0,0,0,0,0,0,0,0,0,0,1,2,0,2,0,3
20,GORJ,"ŞCOALA PRIMARĂ COCORENI",149,BÂLTENI,79004,1,PROV,PRCNCT,CD,CD_SV,"2021-01-21 12:30:02",1106,1081,25,0,368,343,25,0,1200,832,361,5,2,33,114,25,18,93,3,2,2,1,0,27,4,3,28,0,0,0,0,0,0,0,1,0,2,0,0,0,0,0,4,0,1
20,GORJ,"ȘCOALA PRIMARĂ VLĂDULENI",150,BÂLTENI,79004,1,PROV,PRCNCT,CD,CD_SV,"2021-01-21 12:30:02",880,860,20,0,295,275,20,0,1000,705,288,5,2,23,112,20,14,69,2,0,0,1,1,24,2,0,17,0,2,0,0,0,0,0,0,0,0,0,0,0,0,0,1,0,0
20,GORJ,"CĂMIN CULTURAL BENGEŞTI",151,BENGEŞTI-CIOCADIA,78873,1,PROV,PRCNCT,CD,CD_SV,"2021-01-21 12:30:02",1006,962,44,0,279,235,44,0,1100,821,272,7,0,32,126,18,17,45,2,0,1,11,1,0,1,0,4,0,1,1,0,0,0,0,0,0,0,0,0,0,0,0,6,0,6
20,GORJ,"CĂMIN CULTURAL BENGEŞTI",152,BENGEŞTI-CIOCADIA,78873,1,PROV,PRCNCT,CD,CD_SV,"2021-01-21 12:30:02",299,279,20,0,120,100,20,0,300,180,119,1,0,8,61,2,12,20,1,0,0,1,3,0,1,0,9,0,0,0,0,0,0,0,0,0,0,0,0,0,0,0,1,0,0
20,GORJ,"CĂMIN CULTURAL BĂLCEŞTI",153,BENGEŞTI-CIOCADIA,78873,1,PROV,PRCNCT,CD,CD_SV,"2021-01-21 12:30:02",640,613,27,0,224,197,27,0,700,476,222,2,0,16,114,17,21,24,1,1,2,5,4,1,3,1,8,0,0,0,0,0,0,0,1,0,1,0,0,0,0,0,2,0,0
20,GORJ,"CĂMIN CULTURAL CIOCADIA",154,BENGEŞTI-CIOCADIA,78873,2,PART,PRCNCT,CD,CD_SV,"2021-01-21 12:30:02",800,762,38,0,246,208,38,0,800,554,238,6,2,17,132,3,21,40,1,0,0,3,2,0,2,1,12,0,0,0,0,0,1,0,0,0,1,0,0,0,0,0,1,0,1
20,GORJ,"ŞCOALA PRIMARĂ BERLEŞTI",155,BERLEŞTI,78926,3,PART,PRCNCT,CD,CD_SV,"2021-01-21 12:30:02",715,686,29,0,248,219,29,0,800,552,241,5,2,3,63,19,10,120,1,0,2,1,1,0,0,0,18,2,0,0,0,0,0,0,0,0,0,0,0,0,0,0,1,0,0
20,GORJ,"CĂMINUL CULTURAL PÎRÎU VIU",156,BERLEŞTI,78926,1,PROV,PRCNCT,CD,CD_SV,"2021-01-21 12:30:02",1054,1011,41,2,395,352,41,2,1100,705,386,7,2,6,88,22,10,192,3,1,4,2,1,20,4,2,22,0,0,0,0,0,0,0,0,2,1,0,0,0,1,0,5,0,0
20,GORJ,"ŞCOALA PRIMARĂ BOLBOŞI",157,BOLBOŞI,79077,1,PROV,PRCNCT,CD,CD_SV,"2021-01-21 12:30:02",932,894,38,0,372,334,38,0,1000,628,365,6,1,13,187,5,6,102,3,2,0,8,2,3,1,1,24,0,1,0,0,0,0,0,1,0,0,0,0,0,2,1,3,0,0
20,GORJ,"ŞCOALA PRIMARĂ BĂLĂCEŞTI",158,BOLBOŞI,79077,1,PROV,PRCNCT,CD,CD_SV,"2021-01-21 12:30:02",558,532,26,0,258,232,26,0,600,342,251,5,2,4,121,3,16,72,2,0,2,1,2,2,1,1,19,0,0,1,0,0,0,0,1,0,0,0,0,0,2,0,1,0,0
20,GORJ,"ŞCOALA GENERALĂ VALEA",159,BOLBOŞI,79077,1,PROV,PRCNCT,CD,CD_SV,"2021-01-21 12:30:02",1137,1124,13,0,270,257,13,0,1200,930,263,7,0,5,114,22,5,69,1,0,0,2,1,2,1,1,29,1,0,0,0,0,0,0,2,1,0,0,0,1,2,2,2,0,0
20,GORJ,"ŞCOALA GENERALĂ CU CLASELE I-IV BORĂSCU",160,BORĂSCU,79157,1,PROV,PRCNCT,CD,CD_SV,"2021-01-21 12:30:02",957,931,26,0,358,332,26,0,1000,642,345,11,2,16,105,14,32,129,4,0,2,4,1,3,0,0,22,0,1,0,0,0,1,0,3,1,1,0,0,0,2,0,4,0,0
20,GORJ,"ŞCOALA GENERALĂ CU CLASELE I-IV MENŢII DIN DOS",161,BORĂSCU,79157,1,PROV,PRCNCT,CD,CD_SV,"2021-01-21 12:30:02",587,573,14,0,252,238,14,0,600,348,247,3,2,5,127,2,3,79,3,1,0,2,1,0,0,0,17,0,0,0,0,0,0,0,0,2,0,0,0,0,0,0,5,0,0
20,GORJ,"ŞCOALA GIMNAZIALÂ MILUTA",162,BORĂSCU,79157,1,PROV,PRCNCT,CD,CD_SV,"2021-01-21 12:30:02",497,486,11,0,135,124,11,0,500,365,131,2,2,9,53,4,17,32,1,0,0,2,0,2,2,0,8,0,0,0,0,0,0,1,0,0,0,0,0,0,0,0,0,0,0
20,GORJ,"ŞCOALA GENERALĂ CALAPĂRU",163,BORĂSCU,79157,1,PROV,PRCNCT,CD,CD_SV,"2021-01-21 12:30:02",667,648,19,0,265,246,19,0,700,435,255,8,2,26,102,8,4,88,3,1,1,1,0,1,2,1,15,0,0,0,0,0,0,0,0,1,0,0,0,0,1,0,0,0,0
20,GORJ,"ȘCOALA GIMNAZIALĂ CAPU-DEALULUI",164,BRĂNEŞTI,79237,1,PROV,PRCNCT,CD,CD_SV,"2021-01-21 12:30:02",673,645,23,5,271,243,23,5,700,429,263,2,6,6,164,3,9,40,3,0,0,5,1,1,2,0,22,0,0,1,0,0,0,0,0,0,0,0,1,0,0,0,3,0,2
20,GORJ,"ȘCOALA PRIMARĂ BRĂNEȘTI",165,BRĂNEŞTI,79237,2,PART,PRCNCT,CD,CD_SV,"2021-01-21 12:30:02",590,557,30,3,228,195,30,3,600,372,224,1,3,6,122,4,5,65,3,0,0,3,4,1,2,0,8,1,0,0,0,0,0,0,0,0,0,0,0,0,0,0,0,0,0
20,GORJ,"ȘCOALA PRIMARĂ GILORTU",166,BRĂNEŞTI,79237,1,PROV,PRCNCT,CD,CD_SV,"2021-01-21 12:30:02",481,465,13,3,119,103,13,3,500,381,119,0,0,7,76,9,3,15,0,0,1,0,1,0,2,0,4,0,0,0,0,0,0,0,0,0,0,0,0,0,0,0,0,0,1
20,GORJ,"ȘCOALA PRIMARĂ BĂDEȘTI",167,BRĂNEŞTI,79237,1,PROV,PRCNCT,CD,CD_SV,"2021-01-21 12:30:02",183,176,7,0,59,52,7,0,200,141,58,1,0,4,32,10,2,4,1,0,0,0,0,0,1,0,4,0,0,0,0,0,0,0,0,0,0,0,0,0,0,0,0,0,0
20,GORJ,"CĂMINUL CULTURAL BUMBEŞTI-PIŢIC",168,BUMBEŞTI-PIŢIC,79362,1,PROV,PRCNCT,CD,CD_SV,"2021-01-21 12:30:02",1097,1045,52,0,365,313,52,0,1200,835,353,8,4,23,159,8,31,91,2,0,1,5,4,1,1,2,19,0,0,0,0,0,0,0,0,0,0,0,1,0,0,0,5,0,0
20,GORJ,"GRĂDINIŢA CÂRLIGEI",169,BUMBEŞTI-PIŢIC,79362,2,PART,PRCNCT,CD,CD_SV,"2021-01-21 12:30:02",208,168,40,0,99,59,40,0,200,101,99,0,0,7,36,5,12,20,1,0,0,2,3,3,1,1,6,0,0,0,0,0,0,0,0,0,0,0,0,0,0,0,2,0,0
20,GORJ,"ŞCOALA GENERALĂ POIENARI",170,BUMBEŞTI-PIŢIC,79362,1,PROV,PRCNCT,CD,CD_SV,"2021-01-21 12:30:02",603,565,35,3,246,208,35,3,600,354,242,2,2,18,103,7,9,86,0,0,0,2,1,2,0,1,10,0,0,0,0,0,0,0,0,0,0,0,0,0,0,0,1,0,2
20,GORJ,"LICEUL TEHNOLOGIC BUSTUCHIN",171,BUSTUCHIN,79406,1,PROV,PRCNCT,CD,CD_SV,"2021-01-21 12:30:02",942,909,33,0,388,355,33,0,1000,612,378,9,1,103,84,47,24,45,1,0,2,4,3,6,0,2,52,0,0,0,0,0,0,0,1,0,0,0,0,0,2,0,2,0,0
20,GORJ,"ŞCOALA GENERALĂ POIANA-SECIURI",172,BUSTUCHIN,79406,1,PROV,PRCNCT,CD,CD_SV,"2021-01-21 12:30:02",765,733,32,0,296,264,32,0,800,504,285,11,0,16,63,91,26,29,0,0,1,1,2,1,1,1,46,0,0,0,0,1,0,0,0,0,0,0,0,0,2,0,4,0,0
20,GORJ,"ŞCOALA PRIMARĂ VALEA POJARULUI",173,BUSTUCHIN,79406,1,PROV,PRCNCT,CD,CD_SV,"2021-01-21 12:30:02",357,329,28,0,168,140,28,0,400,232,159,5,4,6,43,14,29,34,1,0,0,3,4,0,1,2,13,1,0,0,0,0,0,0,0,0,0,0,0,0,0,0,8,0,0
20,GORJ,"ŞCOALA PRIMARĂ POIENIŢA",174,BUSTUCHIN,79406,1,PROV,PRCNCT,CD,CD_SV,"2021-01-21 12:30:02",344,307,36,1,165,128,36,1,400,235,161,3,1,5,56,14,17,15,0,0,0,1,0,3,0,1,46,0,0,0,0,0,0,0,0,0,0,0,0,0,0,0,3,0,0
20,GORJ,"ŞCOALA PRIMARĂ POJARU",175,BUSTUCHIN,79406,1,PROV,PRCNCT,CD,CD_SV,"2021-01-21 12:30:02",415,399,16,0,146,130,16,0,400,254,139,4,3,13,33,19,22,32,0,0,0,1,0,1,0,0,12,0,0,0,2,0,0,2,0,0,0,0,0,0,2,0,0,0,0
20,GORJ,"ŞCOALA GENERALĂ CĂPRENI",176,CĂPRENI,79497,1,PROV,PRCNCT,CD,CD_SV,"2021-01-21 12:30:02",811,796,15,0,220,205,15,0,900,680,214,3,3,15,99,14,11,49,1,0,0,2,3,1,0,1,4,0,0,0,0,0,0,0,0,1,0,0,0,0,0,0,13,0,0
20,GORJ,"ŞCOALA PRIMARĂ CĂPRENI DE SUS",177,CĂPRENI,79497,1,PROV,PRCNCT,CD,CD_SV,"2021-01-21 12:30:02",548,531,17,0,155,138,17,0,600,445,148,4,3,5,84,7,4,17,2,0,0,0,4,1,0,2,11,0,0,0,0,0,0,0,0,0,0,0,0,0,1,0,10,0,0
20,GORJ,"ŞCOALA PRIMARĂ BULBUCENI",178,CĂPRENI,79497,1,PROV,PRCNCT,CD,CD_SV,"2021-01-21 12:30:02",377,364,13,0,108,95,13,0,400,292,106,2,0,10,56,4,7,8,0,1,2,10,0,0,1,0,5,0,0,0,0,0,0,0,0,0,0,0,0,0,0,0,2,0,0
20,GORJ,"GRĂDINIȚA VALEA PERILOR",179,CĂTUNELE,79585,1,PROV,PRCNCT,CD,CD_SV,"2021-01-21 12:30:02",576,563,13,0,208,195,13,0,600,392,201,7,0,16,73,5,16,34,1,2,1,4,1,1,1,4,40,0,0,0,0,0,0,0,0,0,0,0,0,0,0,0,2,0,0
20,GORJ,"ȘCOALA GIMNAZIALA ”MAZILU VIPIE GHEORGHE”",180,CĂTUNELE,79585,1,PROV,PRCNCT,CD,CD_SV,"2021-01-21 12:30:02",355,346,9,0,147,138,9,0,400,253,143,4,0,5,80,0,12,17,1,1,0,1,0,0,1,0,24,0,0,0,0,0,0,0,0,0,0,0,0,0,0,0,1,0,0
20,GORJ,"CĂMINUL CULTURAL LUPOAIA",181,CĂTUNELE,79585,1,PROV,PRCNCT,CD,CD_SV,"2021-01-21 12:30:02",778,753,22,3,341,316,22,3,800,459,333,7,1,17,146,10,10,70,1,2,1,1,4,7,1,2,58,1,0,0,0,0,1,0,0,0,0,0,0,0,0,0,1,0,0
20,GORJ,"ȘCOALA PRIMARĂ DEALU VIILOR",182,CĂTUNELE,79585,3,PART,PRCNCT,CD,CD_SV,"2021-01-21 12:30:02",502,484,18,0,197,179,18,0,500,303,192,3,2,8,77,11,10,54,3,1,0,1,0,1,0,0,23,0,0,0,0,0,0,0,0,0,0,0,0,0,0,0,3,0,0
20,GORJ,"CĂMINUL CULTURAL CÎLNIC",183,CÂLNIC,79736,1,PROV,PRCNCT,CD,CD_SV,"2021-01-21 12:30:02",780,665,97,18,474,359,97,18,700,226,465,8,1,24,123,34,21,203,4,4,1,5,3,3,1,3,27,0,0,0,0,0,2,0,2,0,1,0,0,1,1,0,2,0,0
20,GORJ,"ŞCOALA PRIMARĂ CÎLNICU DE SUS",184,CÂLNIC,79736,2,PART,PRCNCT,CD,CD_SV,"2021-01-21 12:30:02",706,655,38,13,292,241,38,13,700,408,278,7,7,12,86,8,5,128,2,1,0,1,6,5,1,1,18,0,1,0,0,0,0,0,0,0,0,0,0,0,0,0,3,0,0
20,GORJ,"ŞCOALA PRIMARĂ HODOREASCA",185,CÂLNIC,79736,2,PART,PRCNCT,CD,CD_SV,"2021-01-21 12:30:02",356,325,25,6,178,147,25,6,400,222,174,3,1,9,51,9,4,78,1,1,3,1,2,1,0,0,9,1,0,0,0,0,0,0,1,0,0,0,0,0,0,0,3,0,0
20,GORJ,"ŞCOALA PRIMARĂ PINOASA",186,CÂLNIC,79736,1,PROV,PRCNCT,CD,CD_SV,"2021-01-21 12:30:02",209,184,21,4,125,100,21,4,200,75,121,4,0,2,37,3,4,66,1,0,0,1,0,0,0,1,5,0,0,0,0,0,0,0,0,1,0,0,0,0,0,0,0,0,0
20,GORJ,"CĂMINUL CULTURAL CIUPERCENI",187,CIUPERCENI,79656,1,PROV,PRCNCT,CD,CD_SV,"2021-01-21 12:30:02",477,426,51,0,205,154,51,0,500,295,201,4,0,25,94,9,13,24,6,0,0,1,6,6,1,1,12,0,1,0,0,0,0,0,0,1,0,0,0,0,0,0,1,0,0
20,GORJ,"ŞCOALA PRIMARĂ STRÎMBA VULCAN",188,CIUPERCENI,79656,1,PROV,PRCNCT,CD,CD_SV,"2021-01-21 12:30:02",335,297,38,0,121,83,38,0,300,179,119,0,2,26,66,1,2,6,3,0,0,1,1,5,0,1,7,0,0,0,0,0,0,0,0,0,0,0,0,0,0,0,0,0,0
20,GORJ,"ŞCOALA PRIMARĂ VÎRTOPU",189,CIUPERCENI,79656,1,PROV,PRCNCT,CD,CD_SV,"2021-01-21 12:30:02",347,322,25,0,136,111,25,0,400,264,133,0,3,18,48,11,10,24,2,0,0,2,0,0,0,0,13,0,0,0,0,0,0,1,0,0,0,0,0,1,0,1,2,0,0
20,GORJ,"ŞCOALA PRIMARĂ PEŞTEANA VULCAN",190,CIUPERCENI,79656,1,PROV,PRCNCT,CD,CD_SV,"2021-01-21 12:30:02",291,256,35,0,123,88,35,0,300,177,120,3,0,7,76,6,3,9,4,0,0,6,2,2,1,0,3,1,0,0,0,0,0,0,0,0,0,0,0,0,0,0,0,0,0
20,GORJ,"CĂMINUL CULTURAL CĂRPINIŞ",191,CRASNA,79834,1,PROV,PRCNCT,CD,CD_SV,"2021-01-21 12:30:02",1625,1563,62,0,605,543,62,0,1700,1095,596,2,7,59,290,6,38,94,1,1,3,19,11,9,1,6,41,1,2,0,0,0,0,1,1,0,1,0,0,0,2,0,7,0,2
20,GORJ,"ŞCOALA PRIMARĂ DRĂGOIEŞTI",192,CRASNA,79834,1,PROV,PRCNCT,CD,CD_SV,"2021-01-21 12:30:02",1085,1027,58,0,410,352,58,0,1100,690,408,1,1,40,197,4,17,65,2,1,1,12,10,2,2,5,47,0,1,0,0,0,0,0,1,0,0,0,0,0,0,0,1,0,0
20,GORJ,"CĂMINUL CULTURAL DUMBRĂVENI",193,CRASNA,79834,1,PROV,PRCNCT,CD,CD_SV,"2021-01-21 12:30:02",733,695,38,0,303,265,38,0,800,497,298,3,2,19,160,1,39,29,3,0,2,0,5,7,3,1,25,0,0,0,1,0,0,0,0,0,0,0,0,0,2,1,0,0,0
20,GORJ,"CĂMINUL CULTURAL ANINIŞ",194,CRASNA,79834,2,PART,PRCNCT,CD,CD_SV,"2021-01-21 12:30:02",815,786,29,0,308,279,29,0,900,592,298,6,4,17,166,6,13,25,1,0,4,12,6,5,0,2,33,0,0,0,0,0,0,0,0,1,0,0,0,0,1,0,6,0,0
20,GORJ,"ȘCOALA PRIMARĂ CRUȘEȚ",195,CRUŞEŢ,79932,1,PROV,PRCNCT,CD,CD_SV,"2021-01-21 12:30:02",1340,1308,30,2,541,509,30,2,1400,859,513,22,6,26,289,32,37,65,3,1,2,3,1,1,1,5,33,2,0,0,1,0,0,0,0,0,0,0,0,0,1,0,10,0,0
20,GORJ,"CĂMINUL CULTURAL MĂIAG",196,CRUŞEŢ,79932,1,PROV,PRCNCT,CD,CD_SV,"2021-01-21 12:30:02",640,622,16,2,237,219,16,2,700,463,235,2,0,16,115,5,14,16,9,2,1,2,1,1,1,2,12,0,0,0,0,1,0,0,0,3,2,0,0,0,0,0,32,0,0
20,GORJ,"CĂMINUL CULTURAL SLĂVUȚA",197,CRUŞEŢ,79932,1,PROV,PRCNCT,CD,CD_SV,"2021-01-21 12:30:02",521,496,25,0,206,181,25,0,600,394,201,4,1,8,89,19,3,48,4,0,2,1,1,0,2,1,15,0,0,0,0,0,0,0,0,0,0,0,0,0,1,1,6,0,0
20,GORJ,"ŞCOALA GIMNAZIALĂ DĂNCIULEŞTI",198,DĂNCIULEŞTI,80043,1,PROV,PRCNCT,CD,CD_SV,"2021-01-21 12:30:02",680,632,43,5,281,233,43,5,700,419,261,8,12,8,60,13,1,151,1,0,1,1,3,0,0,0,17,0,1,0,1,0,1,0,0,0,0,0,0,0,1,0,1,0,0
20,GORJ,"ŞCOALA GIMNAZIALĂ ”CORNELIUS RADU” RĂDINEŞTI",199,DĂNCIULEŞTI,80043,1,PROV,PRCNCT,CD,CD_SV,"2021-01-21 12:30:02",506,477,27,2,230,201,27,2,500,270,221,2,7,4,38,2,7,132,2,0,0,2,0,0,0,1,23,0,1,0,0,1,0,0,1,0,0,0,0,0,2,0,2,0,3
20,GORJ,"ȘCOALA GIMNAZIALĂ OBÂRȘIA",200,DĂNCIULEŞTI,80043,1,PROV,PRCNCT,CD,CD_SV,"2021-01-21 12:30:02",494,451,36,7,217,174,36,7,500,283,208,5,4,3,46,9,4,128,1,0,1,1,0,0,0,1,12,0,0,0,0,0,0,0,0,0,0,0,1,0,0,0,1,0,0
20,GORJ,"ŞCOALA PRIMARĂ BRĂTUIA",201,DĂNEŞTI,80123,1,PROV,PRCNCT,CD,CD_SV,"2021-01-21 12:30:02",835,769,65,1,327,261,65,1,800,473,315,8,4,7,76,10,158,27,2,0,0,7,0,1,3,5,13,0,0,0,1,0,0,0,1,0,0,0,0,0,0,0,2,0,2
20,GORJ,"ŞCOALA PRIMARĂ DĂNEȘTI",202,DĂNEŞTI,80123,1,PROV,PRCNCT,CD,CD_SV,"2021-01-21 12:30:02",1240,1137,103,0,488,385,103,0,1300,812,481,6,1,40,138,11,156,77,1,1,1,5,2,8,1,4,27,1,0,0,0,0,1,0,2,0,0,1,1,0,0,0,2,0,1
20,GORJ,"ŞCOALA PRIMARĂ VĂCAREA",203,DĂNEŞTI,80123,3,PART,PRCNCT,CD,CD_SV,"2021-01-21 12:30:02",807,742,65,0,346,281,65,0,800,454,343,2,1,29,106,7,100,37,2,0,3,7,3,2,1,4,36,1,0,2,0,0,0,0,0,0,0,0,0,0,2,0,0,0,1
20,GORJ,"ŞCOALA PRIMARĂ ȘASA",204,DĂNEŞTI,80123,1,PROV,PRCNCT,CD,CD_SV,"2021-01-21 12:30:02",651,578,72,1,280,207,72,1,600,320,273,6,1,26,101,9,79,27,3,0,0,3,0,2,2,3,12,0,0,0,0,0,2,0,0,0,0,1,1,0,0,0,1,0,1
20,GORJ,"CĂMINUL CULTURAL DRĂGOTEȘTI",205,DRĂGOTEŞTI,80249,2,PART,PRCNCT,CD,CD_SV,"2021-01-21 12:30:02",1053,963,83,7,464,374,83,7,1100,636,451,6,7,18,125,11,18,189,1,1,0,4,6,8,3,10,52,1,0,0,0,0,0,0,0,0,0,0,0,0,1,1,1,0,1
20,GORJ,"ȘCOALA GENERALĂ COROBĂI",206,DRĂGOTEŞTI,80249,4,PART,PRCNCT,CD,CD_SV,"2021-01-21 12:30:02",1126,1086,36,4,388,348,36,4,1200,812,379,6,3,22,126,13,6,151,1,3,3,3,3,3,0,11,29,0,1,0,1,0,0,0,0,0,0,0,0,1,2,0,0,0,0
20,GORJ,"ȘCOALA GENERALĂ DRĂGUȚEȘTI",207,DRĂGUŢEŞTI,78016,1,PROV,PRCNCT,CD,CD_SV,"2021-01-21 12:30:02",933,891,42,0,397,355,42,0,1000,603,389,6,2,17,192,9,33,87,1,1,2,3,1,12,2,0,22,0,0,0,0,0,0,0,0,0,1,0,0,0,0,0,5,0,1
20,GORJ,"CĂMIN CULTURAL",208,DRĂGUŢEŞTI,78016,1,PROV,PRCNCT,CD,CD_SV,"2021-01-21 12:30:02",952,835,117,0,442,325,117,0,900,458,439,1,2,34,197,9,23,106,1,1,2,2,1,9,5,6,38,0,0,0,0,0,0,0,0,0,0,0,0,0,0,0,3,0,2
20,GORJ,"ȘCOALA GENERALĂ URECHEȘTI",209,DRĂGUŢEŞTI,78016,1,PROV,PRCNCT,CD,CD_SV,"2021-01-21 12:30:02",807,765,42,0,313,271,42,0,800,487,310,1,2,15,154,13,21,51,1,0,3,9,4,6,1,0,28,0,0,0,0,0,0,0,2,0,0,0,0,0,0,0,0,0,2
20,GORJ,"ȘCOALA PRIMARĂ TÎLVEȘTI",210,DRĂGUŢEŞTI,78016,1,PROV,PRCNCT,CD,CD_SV,"2021-01-21 12:30:02",592,541,51,0,279,228,51,0,600,321,271,6,2,14,106,10,17,74,2,1,4,2,0,1,0,2,30,0,0,0,0,0,1,1,0,1,0,0,0,2,1,0,1,0,1
20,GORJ,"ȘCOALA GENERALĂ CÎRBEȘTI",211,DRĂGUŢEŞTI,78016,1,PROV,PRCNCT,CD,CD_SV,"2021-01-21 12:30:02",1282,1243,39,0,485,446,39,0,1400,915,480,4,1,40,196,17,68,89,6,0,1,2,2,12,3,1,34,0,0,0,0,0,0,0,1,0,0,0,1,0,2,0,3,0,2
20,GORJ,"ŞCOALA PRIMARĂ FĂRCĂŞEŞTI",212,FĂRCĂŞEŞTI,80285,1,PROV,PRCNCT,CD,CD_SV,"2021-01-21 12:30:02",641,588,53,0,330,277,53,0,600,270,319,7,4,23,93,39,28,95,3,1,1,2,1,5,1,0,22,0,0,1,0,0,0,0,0,1,0,0,1,0,1,0,1,0,0
20,GORJ,"LICEU ROŞIA JIU",213,FĂRCĂŞEŞTI,80285,1,PROV,PRCNCT,CD,CD_SV,"2021-01-21 12:30:02",728,591,136,1,402,265,136,1,700,298,396,6,0,5,83,8,51,184,3,5,2,1,1,4,1,1,40,1,0,1,1,0,0,1,0,1,0,0,0,1,0,0,1,0,0
20,GORJ,"GRĂDINIȚA PEȘTEANA DE JOS",214,FĂRCĂŞEŞTI,80285,1,PROV,PRCNCT,CD,CD_SV,"2021-01-21 12:30:02",704,650,44,10,343,289,44,10,700,357,335,4,4,6,73,18,17,187,3,0,0,2,2,6,1,1,15,0,0,0,1,0,0,0,0,0,1,0,0,0,0,0,1,0,1
20,GORJ,"ŞCOALA PRIMARĂ TIMIŞENI",215,FĂRCĂŞEŞTI,80285,1,PROV,PRCNCT,CD,CD_SV,"2021-01-21 12:30:02",160,116,44,0,86,42,44,0,200,114,86,0,0,6,24,5,5,37,1,0,0,1,2,1,1,2,1,0,0,0,0,0,0,0,0,0,0,0,0,0,0,0,0,0,0
20,GORJ,"ȘCOALA GENERALĂ VICTOR POPESCU",216,FĂRCĂŞEŞTI,80285,1,PROV,PRCNCT,CD,CD_SV,"2021-01-21 12:30:02",679,646,31,2,357,324,31,2,700,343,349,8,0,18,73,47,36,144,2,0,0,3,3,1,0,0,21,0,0,0,0,0,0,0,0,0,0,0,0,0,0,0,0,0,1
20,GORJ,"PRIMARIA GLOGOVA",217,GLOGOVA,80365,1,PROV,PRCNCT,CD,CD_SV,"2021-01-21 12:30:02",551,521,21,9,280,250,21,9,600,320,275,5,0,8,162,3,53,21,0,3,1,4,1,1,1,2,12,0,0,0,0,0,0,0,0,0,0,0,0,0,2,0,1,0,0
20,GORJ,"ŞCOALA PRIMARĂ ÎNVĂŢĂTOR NICOLAE CARANDA",218,GLOGOVA,80365,1,PROV,PRCNCT,CD,CD_SV,"2021-01-21 12:30:02",635,584,45,6,272,221,45,6,600,328,266,5,1,9,133,3,41,45,0,0,0,7,3,3,1,0,21,0,0,0,0,0,0,0,0,0,0,0,0,0,0,0,0,0,0
20,GORJ,"ŞCOALA PRIMARĂ OLTEANU",219,GLOGOVA,80365,3,PART,PRCNCT,CD,CD_SV,"2021-01-21 12:30:02",503,460,37,6,236,193,37,6,500,264,230,5,1,9,124,15,46,14,1,1,1,1,3,1,2,0,11,0,0,0,0,0,0,0,0,0,0,0,0,0,0,0,1,0,0
20,GORJ,"PRIMĂRIA GODINEŞTI",220,GODINEŞTI,80427,1,PROV,PRCNCT,CD,CD_SV,"2021-01-21 12:30:02",955,888,67,0,305,238,67,0,1000,695,301,4,0,24,99,17,22,84,4,1,1,18,3,5,4,2,13,0,0,1,0,0,0,0,0,0,0,0,0,0,1,0,2,0,0
20,GORJ,"ŞCOALA CÎLCEŞTI",221,GODINEŞTI,80427,1,PROV,PRCNCT,CD,CD_SV,"2021-01-21 12:30:02",299,259,40,0,115,75,40,0,300,185,112,3,0,11,41,10,9,25,1,0,0,1,2,1,0,1,6,0,0,0,0,0,0,0,0,0,0,0,0,2,0,0,2,0,0
20,GORJ,"ŞCOALA PRIMARĂ PÎRÎU DE PRIPOR",222,GODINEŞTI,80427,1,PROV,PRCNCT,CD,CD_SV,"2021-01-21 12:30:02",360,331,28,1,157,128,28,1,400,243,153,3,1,4,44,25,10,49,1,0,0,8,1,1,0,1,8,0,0,0,0,0,0,0,0,0,0,0,0,0,0,0,1,0,0
20,GORJ,"ȘCOALA PÎRÎU DE VALE",223,GODINEŞTI,80427,1,PROV,PRCNCT,CD,CD_SV,"2021-01-21 12:30:02",193,162,31,0,92,61,31,0,200,108,88,0,4,6,40,8,2,23,1,0,0,2,1,1,0,2,2,0,0,0,0,0,0,0,0,0,0,0,0,0,0,0,0,0,0
20,GORJ,"ŞCOALA GENERALĂ HUREZANI",224,HUREZANI,80506,1,PROV,PRCNCT,CD,CD_SV,"2021-01-21 12:30:02",1240,1155,81,4,500,415,81,4,1300,800,480,14,6,12,168,11,16,208,2,0,2,3,2,4,5,4,26,1,2,0,0,0,0,1,0,1,0,0,0,0,3,1,8,0,0
20,GORJ,"ŞCOALA PRIMARĂ PLOPU",225,HUREZANI,80506,1,PROV,PRCNCT,CD,CD_SV,"2021-01-21 12:30:02",175,143,32,0,86,54,32,0,200,114,81,4,1,4,35,5,5,18,0,0,0,2,5,1,0,0,4,0,0,0,0,0,0,0,1,0,0,0,0,0,0,0,1,0,0
20,GORJ,"ȘCOALA GIMNAZIALĂ IONEȘTI",226,IONEŞTI,80560,3,PART,PRCNCT,CD,CD_SV,"2021-01-21 12:30:02",975,954,21,0,433,412,21,0,1100,667,418,12,3,17,228,5,13,110,8,0,0,2,3,1,3,0,25,1,0,0,0,0,0,0,1,0,0,0,0,0,0,0,1,0,0
20,GORJ,"ȘCOALA PRIMARĂ ILIEȘTI",227,IONEŞTI,80560,1,PROV,PRCNCT,CD,CD_SV,"2021-01-21 12:30:02",455,438,17,0,189,172,17,0,500,311,181,3,5,7,98,2,8,34,1,0,2,1,6,1,2,1,13,1,0,0,0,0,0,0,0,1,0,0,0,0,0,0,2,0,1
20,GORJ,"ȘCOALA PRIMARĂ PICU",228,IONEŞTI,80560,2,PART,PRCNCT,CD,CD_SV,"2021-01-21 12:30:02",534,524,10,0,186,176,10,0,596,410,178,4,3,14,84,1,4,57,1,0,0,2,3,1,0,1,10,0,0,0,0,0,0,0,0,0,0,0,0,0,0,0,0,0,0
20,GORJ,"ŞCOALA PRIMARĂ VIDIN",229,JUPÂNEŞTI,80613,1,PROV,PRCNCT,CD,CD_SV,"2021-01-21 12:30:02",261,215,46,0,108,62,46,0,300,192,107,0,1,7,28,3,23,31,1,0,0,0,0,0,1,2,9,0,0,0,0,0,0,0,0,0,0,0,0,0,0,0,1,0,1
20,GORJ,"ŞCOALA PRIMARĂ PÎRÎU-BOIA",230,JUPÂNEŞTI,80613,1,PROV,PRCNCT,CD,CD_SV,"2021-01-21 12:30:02",299,281,18,0,100,82,18,0,300,200,95,3,2,5,25,6,26,10,1,0,2,2,2,1,3,1,9,1,0,0,0,0,0,0,0,0,0,0,0,0,0,0,1,0,0
20,GORJ,"CĂMIN CULTURAL JUPÎNEŞTI",231,JUPÂNEŞTI,80613,1,PROV,PRCNCT,CD,CD_SV,"2021-01-21 12:30:02",578,555,23,0,210,187,23,0,600,390,204,2,4,17,61,8,65,28,1,0,1,1,3,1,2,3,10,1,0,0,0,0,1,0,0,0,0,0,0,0,0,0,1,0,0
20,GORJ,"SCOALA PRIMARĂ VIERŞANI",232,JUPÂNEŞTI,80613,2,PART,PRCNCT,CD,CD_SV,"2021-01-21 12:30:02",710,654,56,0,219,163,56,0,700,481,211,6,2,12,52,17,51,61,2,1,2,1,3,0,0,3,3,0,0,0,0,0,0,0,0,0,0,0,0,0,0,0,3,0,0
20,GORJ,"ȘCOALA GENERALA ”ION GRIGOROIU” LELEȘTI",233,LELEŞTI,80677,2,PART,PRCNCT,CD,CD_SV,"2021-01-21 12:30:02",1104,1028,76,0,493,417,76,0,1100,607,481,8,4,63,216,18,60,73,2,1,1,11,6,7,2,3,9,1,0,1,0,0,0,0,0,0,0,0,0,1,1,0,1,0,4
20,GORJ,"CĂMINUL CULTURAL FRĂTEȘTI",234,LELEŞTI,80677,1,PROV,PRCNCT,CD,CD_SV,"2021-01-21 12:30:02",355,288,66,1,224,157,66,1,300,76,221,0,3,8,156,6,7,20,2,0,0,1,2,3,2,0,9,1,0,0,0,0,1,0,0,1,0,0,0,0,1,0,1,0,0
20,GORJ,"ȘCOALA PRIMARĂ RASOVIȚA",235,LELEŞTI,80677,1,PROV,PRCNCT,CD,CD_SV,"2021-01-21 12:30:02",198,174,24,0,77,53,24,0,200,123,75,1,1,6,36,2,9,10,2,0,0,2,1,0,1,0,4,0,0,0,0,0,0,0,0,0,0,0,1,0,0,0,1,0,0
20,GORJ,"ŞCOALA PRIMARĂ LICURICI",236,LICURICI,80711,1,PROV,PRCNCT,CD,CD_SV,"2021-01-21 12:30:02",670,637,33,0,230,197,33,0,700,470,223,4,3,7,54,11,7,112,1,0,0,1,0,1,0,0,17,0,0,0,0,0,1,0,0,1,0,0,0,0,1,0,9,0,0
20,GORJ,"ŞCOALA GIMNAZIALĂ NEGRENI",237,LICURICI,80711,1,PROV,PRCNCT,CD,CD_SV,"2021-01-21 12:30:02",588,550,38,0,260,222,38,0,600,340,253,3,4,12,53,5,14,143,6,0,1,3,0,1,1,0,6,0,0,0,0,0,0,0,2,0,0,0,0,1,0,0,4,0,1
20,GORJ,"ŞCOALA GIMNAZIALĂ NR. 1 TOTEA",238,LICURICI,80711,1,PROV,PRCNCT,CD,CD_SV,"2021-01-21 12:30:02",618,591,27,0,222,195,27,0,700,478,210,7,5,8,33,20,16,99,1,0,1,2,3,0,1,2,20,0,1,1,0,0,0,1,0,0,0,0,0,0,0,0,1,0,0
20,GORJ,"CĂMIN CULTURAL FRUNZA",239,LOGREŞTI,80766,1,PROV,PRCNCT,CD,CD_SV,"2021-01-21 12:30:02",601,561,40,0,207,167,40,0,600,393,201,5,1,39,49,3,3,77,1,0,1,2,3,1,3,4,9,2,0,0,0,0,0,0,0,0,0,0,0,0,0,0,4,0,0
20,GORJ,"CĂMIN CULTURAL TÎRGU LOGREȘTI",240,LOGREŞTI,80766,1,PROV,PRCNCT,CD,CD_SV,"2021-01-21 12:30:02",594,548,46,0,239,193,46,0,600,361,232,6,1,12,88,3,8,86,0,0,1,1,1,0,0,0,19,0,1,0,0,0,0,1,0,0,1,0,0,2,0,0,5,0,3
20,GORJ,"ȘCOALA PRIMARĂ MOȘTENI",241,LOGREŞTI,80766,1,PROV,PRCNCT,CD,CD_SV,"2021-01-21 12:30:02",491,459,32,0,208,176,32,0,500,292,198,8,2,5,50,3,11,94,3,1,1,2,4,0,0,1,15,0,1,0,0,0,0,1,0,0,0,0,0,0,2,0,4,0,0
20,GORJ,"ȘCOALA PRIMARĂ MĂRU",242,LOGREŞTI,80766,1,PROV,PRCNCT,CD,CD_SV,"2021-01-21 12:30:02",324,299,25,0,140,115,25,0,300,160,138,1,1,6,50,1,7,61,2,0,0,0,5,0,0,1,4,0,0,0,0,0,0,1,0,0,0,0,0,0,0,0,0,0,0
20,GORJ,"ȘCOALA PRIMARĂ SEACA",243,LOGREŞTI,80766,1,PROV,PRCNCT,CD,CD_SV,"2021-01-21 12:30:02",269,241,28,0,103,75,28,0,300,197,100,0,3,5,45,2,4,26,4,0,0,1,1,1,0,0,7,0,0,0,0,0,0,0,0,0,0,0,0,0,0,1,2,0,1
20,GORJ,"GRĂDINIŢA MĂTĂSARI",244,MĂTĂSARI,80846,1,PROV,PRCNCT,CD,CD_SV,"2021-01-21 12:30:02",1031,1000,31,0,300,269,31,0,1100,800,299,0,1,25,115,7,7,84,2,2,2,2,4,3,2,1,40,0,0,0,0,0,0,1,0,0,1,0,0,0,0,0,0,0,1
20,GORJ,"GRĂDINIŢA MĂTĂSARI",245,MĂTĂSARI,80846,1,PROV,PRCNCT,CD,CD_SV,"2021-01-21 12:30:02",1538,1486,51,1,424,372,51,1,1600,1176,419,4,1,43,153,12,19,105,3,1,5,3,5,5,1,0,58,0,0,1,0,0,0,0,1,1,0,0,0,0,2,0,1,0,0
20,GORJ,"ŞCOALA NR.2 MĂTĂSARI",246,MĂTĂSARI,80846,2,PART,PRCNCT,CD,CD_SV,"2021-01-21 12:30:02",593,541,52,0,256,204,52,0,600,344,249,5,2,18,89,9,7,85,1,0,1,4,2,7,1,4,17,0,0,1,0,0,0,0,0,0,0,0,0,0,0,0,1,0,2
20,GORJ,"ŞCOALA PRIMARĂ BRĂDET",247,MĂTĂSARI,80846,1,PROV,PRCNCT,CD,CD_SV,"2021-01-21 12:30:02",768,732,36,0,303,267,36,0,800,497,295,8,0,74,87,12,5,78,2,0,2,2,1,2,1,2,25,0,0,0,0,1,0,0,0,0,0,0,0,1,0,0,0,0,0
20,GORJ,"ŞCOALA PRIMARĂ CROICI",248,MĂTĂSARI,80846,1,PROV,PRCNCT,CD,CD_SV,"2021-01-21 12:30:02",278,266,12,0,91,79,12,0,300,209,90,0,1,4,49,4,6,15,1,0,0,1,2,2,0,1,5,0,0,0,0,0,0,0,0,0,0,0,0,0,0,0,0,0,0
20,GORJ,"ȘCOALA GIMNAZIALĂ MUȘETEȘTI",249,MUŞETEŞTI,80908,2,PART,PRCNCT,CD,CD_SV,"2021-01-21 12:30:02",756,704,48,4,353,301,48,4,800,447,349,4,0,36,229,5,16,28,2,0,0,4,3,4,1,1,14,2,0,1,0,0,0,0,1,0,0,0,0,0,0,0,1,0,1
20,GORJ,"ŞCOALA GIMNAZIALĂ MUŞETEŞTI",250,MUŞETEŞTI,80908,1,PROV,PRCNCT,CD,CD_SV,"2021-01-21 12:30:02",492,446,43,3,210,164,43,3,500,290,208,1,1,6,123,24,5,23,1,0,1,7,2,0,1,2,10,0,0,0,0,0,0,0,0,0,0,0,1,0,0,0,2,0,0
20,GORJ,"ŞCOALA PRIMARĂ LARGA",251,MUŞETEŞTI,80908,1,PROV,PRCNCT,CD,CD_SV,"2021-01-21 12:30:02",486,458,28,0,217,189,28,0,500,283,212,3,2,21,74,5,31,42,1,1,1,3,1,19,1,1,6,1,0,0,0,0,0,0,1,0,1,0,0,0,1,0,1,0,0
20,GORJ,"ȘCOALA GIMNAZIALĂ NR.1 NEGOMIR",252,NEGOMIR,80980,1,PROV,PRCNCT,CD,CD_SV,"2021-01-21 12:30:02",1135,1087,47,1,565,517,47,1,1200,635,548,10,7,36,241,19,32,148,2,2,4,3,8,4,1,2,40,0,0,0,0,0,0,0,0,0,0,0,0,0,2,1,1,0,2
20,GORJ,"ȘCOALA PRIMARĂ ARTANU",253,NEGOMIR,80980,1,PROV,PRCNCT,CD,CD_SV,"2021-01-21 12:30:02",987,947,40,0,517,477,40,0,1000,483,503,6,8,43,234,7,15,135,2,0,5,1,10,2,0,3,38,2,0,0,1,0,0,2,0,0,0,0,0,0,1,0,2,0,0
20,GORJ,"ȘCOALA GIMNAZIALĂ RACI",254,NEGOMIR,80980,1,PROV,PRCNCT,CD,CD_SV,"2021-01-21 12:30:02",893,804,89,0,525,436,89,0,900,375,515,10,0,29,212,13,8,193,2,0,2,3,1,6,0,1,42,0,0,0,0,0,0,0,0,0,0,0,0,0,0,0,3,0,0
20,GORJ,"CĂMIN CULTURAL CĂLUGĂRENI",255,PADEŞ,81095,1,PROV,PRCNCT,CD,CD_SV,"2021-01-21 12:30:02",920,893,26,1,343,316,26,1,1000,657,332,9,2,53,133,15,25,64,2,1,1,1,4,6,5,0,19,0,0,0,0,0,0,0,0,0,0,0,0,0,0,0,2,0,1
20,GORJ,"ȘCOALA GIMNAZIALĂ PADEȘ",256,PADEŞ,81095,1,PROV,PRCNCT,CD,CD_SV,"2021-01-21 12:30:02",1375,1296,79,0,513,434,79,0,1400,887,507,4,2,121,180,40,41,52,4,1,4,4,7,5,5,6,31,0,0,0,1,0,0,0,1,1,0,0,0,0,1,0,2,0,0
20,GORJ,"ȘCOALA GIMNAZIALĂ MOTRU-SEC",257,PADEŞ,81095,2,PART,PRCNCT,CD,CD_SV,"2021-01-21 12:30:02",1707,1685,22,0,620,598,22,0,1900,1280,608,7,5,50,257,19,108,104,6,1,3,0,7,0,6,2,28,0,0,1,0,1,0,0,0,1,2,0,1,0,1,1,8,0,1
20,GORJ,"ȘCOALA GENERALĂ CERNA SAT",258,PADEŞ,81095,3,PART,PRCNCT,CD,CD_SV,"2021-01-21 12:30:02",64,47,17,0,30,13,17,0,100,70,29,1,0,4,10,1,4,3,1,0,0,2,0,0,0,0,2,0,0,0,0,0,0,0,0,0,0,0,0,0,0,0,2,0,0
20,GORJ,"GRUP ȘCOLAR INDUSTRIAL MINIER CONSTANTIN BRÂNCUȘI",259,PEŞTIŞANI,81184,1,PROV,PRCNCT,CD,CD_SV,"2021-01-21 12:30:02",1419,1362,55,2,517,460,55,2,1500,983,507,7,3,31,242,58,37,89,2,0,1,5,1,7,10,0,22,0,0,0,0,0,0,0,0,0,0,0,0,0,0,0,1,0,1
20,GORJ,"ȘCOALA GIMNAZIALĂ PEȘTIȘANI",260,PEŞTIŞANI,81184,1,PROV,PRCNCT,CD,CD_SV,"2021-01-21 12:30:02",1400,1293,101,6,568,461,101,6,1400,832,562,4,2,31,291,43,56,83,1,3,3,2,5,3,3,3,28,1,0,0,0,0,0,1,0,0,1,1,0,0,0,0,2,0,1
20,GORJ,"ȘCOALA PRIMARĂ BRĂDICENI",261,PEŞTIŞANI,81184,1,PROV,PRCNCT,CD,CD_SV,"2021-01-21 12:30:02",599,511,88,0,323,235,88,0,600,277,313,5,5,16,158,33,12,62,1,1,1,5,9,1,2,4,5,0,0,1,0,0,0,0,0,1,0,0,0,0,0,0,1,0,0
20,GORJ,"ȘCOALA GIMNAZIALĂ” NICOLAE TOMOVICI PLOPȘOR” PLOPȘORU",262,PLOPŞORU,81264,1,PROV,PRCNCT,CD,CD_SV,"2021-01-21 12:30:02",2023,1896,124,3,856,729,124,3,2100,1244,835,11,10,40,289,46,24,242,0,1,0,1,1,100,1,1,80,1,1,0,0,0,1,1,0,1,1,1,0,0,1,0,1,0,0
20,GORJ,"ȘCOALA GIMNAZIALĂ PISCURI",263,PLOPŞORU,81264,1,PROV,PRCNCT,CD,CD_SV,"2021-01-21 12:30:02",1002,966,25,11,403,367,25,11,1100,697,397,4,2,21,252,13,3,57,0,0,2,1,4,2,1,0,34,1,0,0,0,0,1,0,0,1,0,0,0,0,1,0,2,0,1
20,GORJ,"ȘCOALA PRIMARĂ VĂLENI",264,PLOPŞORU,81264,1,PROV,PRCNCT,CD,CD_SV,"2021-01-21 12:30:02",1569,1539,27,3,505,475,27,3,1700,1195,491,10,4,20,158,60,35,144,1,1,3,1,1,9,0,3,47,1,1,0,0,0,0,0,0,0,1,0,0,0,1,0,2,0,2
20,GORJ,"ȘCOALA PRIMARĂ BROȘTENI",265,PLOPŞORU,81264,1,PROV,PRCNCT,CD,CD_SV,"2021-01-21 12:30:02",865,819,46,0,393,347,46,0,900,507,380,11,2,19,138,23,10,134,3,0,3,2,2,8,1,4,29,1,0,0,0,0,0,0,0,0,0,0,0,0,1,0,2,0,0
20,GORJ,"ŞCOALA GIMNAZIALĂ NR.1 POLOVRAGI",266,POLOVRAGI,81380,1,PROV,PRCNCT,CD,CD_SV,"2021-01-21 12:30:02",971,942,28,1,378,349,28,1,1000,622,364,7,7,28,182,10,13,74,2,0,2,8,4,9,2,2,22,0,0,0,0,0,0,0,0,0,0,0,0,0,0,1,2,0,3
20,GORJ,"ȘCOALA GIMNAZIALĂ NR.1 POLOVRAGI",267,POLOVRAGI,81380,1,PROV,PRCNCT,CD,CD_SV,"2021-01-21 12:30:02",956,944,12,0,389,377,12,0,1000,611,345,25,19,27,126,7,33,48,4,0,2,0,3,4,3,2,71,4,0,0,0,0,1,0,1,0,0,0,0,0,5,0,1,0,3
20,GORJ,"ŞCOALA PRIMARĂ RACOVIȚA",268,POLOVRAGI,81380,1,PROV,PRCNCT,CD,CD_SV,"2021-01-21 12:30:02",386,366,20,0,187,167,20,0,400,213,179,2,6,7,105,4,13,30,4,0,1,2,9,2,0,0,1,0,0,0,0,0,0,0,0,0,0,0,0,0,0,1,0,0,0
20,GORJ,"ŞCOALA GIMNAZIALĂ PRIGORIA",269,PRIGORIA,81415,1,PROV,PRCNCT,CD,CD_SV,"2021-01-21 12:30:02",378,343,35,0,163,128,35,0,400,237,157,3,3,5,94,5,5,23,1,1,1,3,6,2,0,0,7,0,0,0,0,0,0,0,0,1,0,0,0,0,1,0,2,0,0
20,GORJ,"ȘCOALA CU CLASELE I-IV CĂLUGAREASA",270,PRIGORIA,81415,1,PROV,PRCNCT,CD,CD_SV,"2021-01-21 12:30:02",518,473,45,0,245,200,45,0,500,255,240,1,4,15,106,13,13,56,0,0,3,2,2,11,1,2,10,0,0,1,1,0,0,0,0,0,0,0,0,0,1,0,3,0,0
20,GORJ,"ȘCOALA CU CLASELE I-IV NEGOEȘTI",271,PRIGORIA,81415,1,PROV,PRCNCT,CD,CD_SV,"2021-01-21 12:30:02",252,243,9,0,77,68,9,0,300,223,73,2,2,3,34,0,8,17,1,0,0,1,0,1,0,0,5,0,0,0,0,0,0,0,1,0,0,0,0,0,1,0,1,0,0
20,GORJ,"ȘCOALA CU CLASELE I-IV DOBRANA",272,PRIGORIA,81415,1,PROV,PRCNCT,CD,CD_SV,"2021-01-21 12:30:02",320,303,17,0,141,124,17,0,400,259,137,2,2,10,69,5,9,28,1,0,1,1,2,0,0,0,5,0,0,0,0,0,0,0,0,0,0,0,0,0,1,0,5,0,0
20,GORJ,"ȘCOALA CU CLASELE I-IV BUCȘANA",273,PRIGORIA,81415,2,PART,PRCNCT,CD,CD_SV,"2021-01-21 12:30:02",668,650,18,0,263,245,18,0,700,437,258,5,0,24,150,10,11,40,1,0,1,3,2,0,0,0,7,0,1,1,0,0,0,0,0,0,0,0,0,0,0,1,4,0,2
20,GORJ,"ȘCOALA CU CLASELE I-IV ZORLEȘTI",274,PRIGORIA,81415,1,PROV,PRCNCT,CD,CD_SV,"2021-01-21 12:30:02",387,339,48,0,180,132,48,0,400,220,174,5,1,14,102,13,13,19,4,0,1,1,0,0,0,0,5,0,0,0,0,0,0,0,0,0,0,0,0,0,0,0,2,0,0
20,GORJ,"CĂMINUL CULTURAL „IZVORUL”",275,"ROŞIA DE AMARADIA",81497,1,PROV,PRCNCT,CD,CD_SV,"2021-01-21 12:30:02",1151,1111,36,4,476,436,36,4,1200,724,469,5,2,22,163,9,15,189,4,0,0,1,5,11,3,2,39,0,0,0,0,0,0,0,0,2,0,0,0,0,3,0,1,0,0
20,GORJ,"ŞCOALA PRIMARĂ SECIURILE",276,"ROŞIA DE AMARADIA",81497,1,PROV,PRCNCT,CD,CD_SV,"2021-01-21 12:30:02",603,586,13,4,251,234,13,4,600,349,242,3,6,2,36,4,23,118,3,0,1,2,3,13,0,2,25,1,1,0,0,0,0,0,1,0,1,0,0,0,2,0,4,0,0
20,GORJ,"ŞCOALA PRIMARĂ RUGET",277,"ROŞIA DE AMARADIA",81497,1,PROV,PRCNCT,CD,CD_SV,"2021-01-21 12:30:02",498,483,14,1,212,197,14,1,500,288,202,7,3,5,51,4,8,80,2,0,0,6,0,2,0,0,37,0,0,0,0,0,0,0,0,0,0,0,0,1,2,0,4,0,0
20,GORJ,"GRĂDINIȚA ȘITOAIA",278,"ROŞIA DE AMARADIA",81497,1,PROV,PRCNCT,CD,CD_SV,"2021-01-21 12:30:02",293,276,15,2,103,86,15,2,300,197,102,1,0,15,32,5,3,30,2,0,0,3,2,1,1,0,6,0,0,0,0,0,0,0,0,0,0,0,0,0,0,0,2,0,0
20,GORJ,"CĂMINUL CULTURAL VALEA MARE",279,RUNCU,81576,1,PROV,PRCNCT,CD,CD_SV,"2021-01-21 12:30:02",738,692,45,1,368,322,45,1,800,432,358,9,1,17,237,5,9,37,1,2,2,10,2,0,2,1,27,1,0,0,1,1,1,0,0,0,0,0,0,0,1,0,1,0,0
20,GORJ,"CĂMINUL CULTURAL BÎLTA",280,RUNCU,81576,1,PROV,PRCNCT,CD,CD_SV,"2021-01-21 12:30:02",1517,1407,82,28,803,693,82,28,1600,797,763,21,19,22,525,10,31,73,4,2,5,15,12,8,10,3,37,0,0,0,0,0,0,0,0,1,1,0,1,0,1,1,1,0,0
20,GORJ,"ŞCOALA GENERALĂ RUNCU",281,RUNCU,81576,1,PROV,PRCNCT,CD,CD_SV,"2021-01-21 12:30:02",1291,1208,70,13,594,511,70,13,1300,706,580,7,7,37,350,7,14,102,3,1,11,6,6,4,1,6,28,1,0,0,0,0,0,0,0,0,0,0,0,0,0,0,2,0,1
20,GORJ,"CĂMINUL CULTURAL DOBRIŢA",282,RUNCU,81576,1,PROV,PRCNCT,CD,CD_SV,"2021-01-21 12:30:02",910,798,67,45,455,343,67,45,900,445,448,6,1,18,310,21,7,44,3,3,1,3,5,3,1,0,27,0,0,0,1,0,0,0,0,0,0,0,0,0,0,0,0,1,0
20,GORJ,"CENTRUL DE ÎNGRIJIRE ŞI ASISTENŢĂ SUSENI",283,RUNCU,81576,1,PROV,PRCNCT,CD,CD_SV,"2021-01-21 12:30:02",288,231,36,21,146,89,36,21,300,154,146,0,0,3,101,3,4,15,2,0,1,3,2,1,0,2,8,0,0,0,0,0,0,0,0,0,0,0,0,0,0,0,1,0,0
20,GORJ,"ŞCOALA GENERALĂ CU CLASELE V-VIII SAMARINEŞTI",284,SAMARINEŞTI,81656,2,PART,PRCNCT,CD,CD_SV,"2021-01-21 12:30:02",1183,1103,76,4,606,526,76,4,1200,594,594,6,6,16,268,25,24,214,2,0,0,1,4,2,0,3,29,0,1,0,0,0,1,0,0,1,0,0,0,0,3,0,0,0,0
20,GORJ,"ŞCOALA PRIMARĂ LARGA",285,SAMARINEŞTI,81656,1,PROV,PRCNCT,CD,CD_SV,"2021-01-21 12:30:02",423,348,74,1,268,193,74,1,400,132,267,0,1,7,70,11,3,156,1,0,0,1,1,1,2,3,6,1,0,1,0,0,0,0,0,0,0,0,0,0,1,0,1,0,1
20,GORJ,"ȘCOALA GENERALĂ SĂCELU",286,SĂCELU,81754,1,PROV,PRCNCT,CD,CD_SV,"2021-01-21 12:30:02",863,755,107,1,349,241,107,1,800,451,343,5,1,31,102,26,33,109,1,0,0,9,1,4,0,3,17,0,0,0,1,0,0,0,0,0,0,0,1,0,1,0,4,0,0
20,GORJ,"ȘCOALA GENERALĂ SĂCELU",287,SĂCELU,81754,1,PROV,PRCNCT,CD,CD_SV,"2021-01-21 12:30:02",529,452,77,0,270,193,77,0,500,230,263,6,1,31,60,14,25,104,2,0,1,1,2,2,0,2,10,1,1,0,0,0,0,0,1,0,0,0,0,0,2,0,3,0,1
20,GORJ,"ȘCOALA GIMNAZIALĂ SĂULEȘTI",288,SĂULEŞTI,81816,1,PROV,PRCNCT,CD,CD_SV,"2021-01-21 12:30:02",1279,1212,65,2,435,368,65,2,1300,865,418,11,6,33,162,10,31,123,3,0,2,0,3,1,3,3,39,1,1,0,0,0,0,0,0,0,0,0,0,0,0,0,3,0,0
20,GORJ,"ȘCOALA PRIMARĂ BIBEȘTI",289,SĂULEŞTI,81816,1,PROV,PRCNCT,CD,CD_SV,"2021-01-21 12:30:02",649,616,31,2,207,174,31,2,700,493,197,7,3,25,85,5,16,39,1,0,1,0,0,0,1,0,21,1,0,0,0,0,0,0,0,0,0,0,0,0,0,0,2,0,0
20,GORJ,"FOSTA ŞCOALA PRIMARĂ SÎMBOTIN",290,SCHELA,81987,1,PROV,PRCNCT,CD,CD_SV,"2021-01-21 12:30:02",496,463,33,0,247,214,33,0,500,253,244,2,1,22,108,9,13,56,2,1,1,2,10,3,2,4,3,2,0,0,0,0,0,0,0,0,0,0,1,0,1,0,4,0,0
20,GORJ,"ȘCOALA PRIMARĂ CU CLASELE I - IV GORNĂCEL",291,SCHELA,81987,1,PROV,PRCNCT,CD,CD_SV,"2021-01-21 12:30:02",477,466,11,0,138,127,11,0,500,362,135,2,1,7,55,3,16,29,6,0,1,1,3,2,2,1,3,0,1,0,0,0,0,0,0,0,1,0,0,0,0,0,4,0,0
20,GORJ,"FOSTA ŞCOALĂ GENERALĂ CU CLASELE I - VIII SCHELA",292,SCHELA,81987,1,PROV,PRCNCT,CD,CD_SV,"2021-01-21 12:30:02",522,486,36,0,169,133,36,0,500,331,168,0,1,8,74,7,15,40,1,1,0,1,2,3,0,0,13,0,0,0,0,0,0,1,0,0,0,0,0,0,0,0,2,0,0
20,GORJ,"CĂMINUL CULTURAL BUDIENI",293,SCOARŢA,81861,1,PROV,PRCNCT,CD,CD_SV,"2021-01-21 12:30:02",692,614,69,9,320,242,69,9,700,380,314,4,2,19,174,13,15,38,1,0,0,9,4,15,3,1,8,9,0,0,0,0,1,0,0,0,1,0,0,0,1,0,2,0,0
20,GORJ,"ŞCOALA PRIMARĂ PIŞTEŞTII DIN DEAL",294,SCOARŢA,81861,1,PROV,PRCNCT,CD,CD_SV,"2021-01-21 12:30:02",940,909,31,0,200,169,31,0,1000,800,183,12,5,6,105,6,4,10,4,0,1,1,0,12,0,4,3,18,0,0,0,0,0,0,0,1,4,1,0,0,0,0,3,0,0
20,GORJ,"ŞCOALA PRIMARĂ COPĂCIOASA",295,SCOARŢA,81861,1,PROV,PRCNCT,CD,CD_SV,"2021-01-21 12:30:02",798,717,79,2,308,227,79,2,800,492,301,4,3,32,178,5,11,37,1,1,0,9,6,6,1,0,8,2,0,0,0,0,0,1,0,0,0,0,0,0,1,0,2,0,0
20,GORJ,"ȘCOALA GENERALĂ SCOARȚA",296,SCOARŢA,81861,1,PROV,PRCNCT,CD,CD_SV,"2021-01-21 12:30:02",853,721,120,12,388,256,120,12,800,412,383,3,2,47,189,17,23,56,8,0,1,2,2,3,3,0,20,5,1,0,0,1,0,0,1,0,0,0,0,0,2,0,1,0,1
20,GORJ,"CĂMINUL CULTURAL BOBU",297,SCOARŢA,81861,1,PROV,PRCNCT,CD,CD_SV,"2021-01-21 12:30:02",1031,959,67,5,329,257,67,5,1100,771,319,6,4,26,178,8,15,43,2,1,0,5,5,2,4,1,25,1,0,0,0,0,0,0,0,0,0,0,0,0,0,0,2,0,1
20,GORJ,"SALA MULTIFUNCȚIONALĂ",298,SLIVILEŞTI,82047,1,PROV,PRCNCT,CD,CD_SV,"2021-01-21 12:30:02",848,825,23,0,266,243,23,0,900,634,259,6,1,11,138,22,10,43,1,1,1,2,2,1,0,3,22,0,0,0,0,0,0,0,0,0,0,0,0,0,1,0,1,0,0
20,GORJ,"ȘCOALA PRIMARĂ STRÎMTU CU CLASELE I-IV",299,SLIVILEŞTI,82047,2,PART,PRCNCT,CD,CD_SV,"2021-01-21 12:30:02",498,415,83,0,251,168,83,0,500,249,241,6,4,4,49,3,7,146,1,0,2,3,2,2,1,2,10,0,2,1,1,0,1,0,0,1,0,0,0,0,1,0,2,0,0
20,GORJ,"SALA DE SPORT",300,SLIVILEŞTI,82047,1,PROV,PRCNCT,CD,CD_SV,"2021-01-21 12:30:02",756,727,25,4,292,263,25,4,800,508,280,9,3,9,88,26,14,100,1,0,2,1,0,10,3,2,19,2,1,0,2,0,0,0,0,0,0,0,0,0,0,0,0,0,0
20,GORJ,"ȘCOALA PRIMARĂ SURA CU CLASELE I-IV",301,SLIVILEŞTI,82047,1,PROV,PRCNCT,CD,CD_SV,"2021-01-21 12:30:02",610,590,20,0,180,160,20,0,600,420,174,2,4,10,77,2,5,46,6,0,0,0,1,0,1,0,21,0,0,0,0,0,0,0,2,0,0,0,0,0,0,0,3,0,0
20,GORJ,"PRIMĂRIA STĂNEŞTI",302,STĂNEŞTI,82136,1,PROV,PRCNCT,CD,CD_SV,"2021-01-21 12:30:02",1225,1139,85,1,512,426,85,1,1300,788,505,4,3,25,269,8,61,70,1,1,3,2,10,5,2,4,37,0,1,0,0,0,0,1,0,1,0,0,0,0,2,0,2,0,0
20,GORJ,"ŞCOALA GENERALĂ CURPEN",303,STĂNEŞTI,82136,3,PART,PRCNCT,CD,CD_SV,"2021-01-21 12:30:02",818,747,71,0,308,237,71,0,800,492,299,6,3,18,146,23,14,51,3,2,0,11,7,2,1,4,6,1,2,1,0,0,0,0,1,0,0,0,0,0,0,2,2,0,2
20,GORJ,"CENTRUL CULTURAL ”GH.ZAMFIR”",304,STEJARI,82243,1,PROV,PRCNCT,CD,CD_SV,"2021-01-21 12:30:02",877,835,42,0,301,259,42,0,900,599,297,2,2,13,142,9,24,69,1,0,2,1,4,7,1,1,15,0,0,0,0,0,0,1,0,0,0,0,0,0,1,0,6,0,0
20,GORJ,"ȘCOALA GENERALĂ PISCOIU",305,STEJARI,82243,1,PROV,PRCNCT,CD,CD_SV,"2021-01-21 12:30:02",709,683,26,0,236,210,26,0,800,564,228,2,6,4,152,2,13,31,0,0,1,5,2,0,0,0,14,0,0,0,0,0,0,0,1,0,0,0,0,0,2,0,1,0,0
20,GORJ,"ŞCOALA PRIMARĂ BALOŞANI",306,STEJARI,82243,1,PROV,PRCNCT,CD,CD_SV,"2021-01-21 12:30:02",439,412,27,0,168,141,27,0,500,332,165,0,3,5,92,4,9,35,0,0,0,1,4,0,1,0,11,0,0,0,0,0,0,1,0,0,0,0,0,0,0,0,1,0,1
20,GORJ,"CĂMINUL CULTURAL STOINA",307,STOINA,82314,2,PART,PRCNCT,CD,CD_SV,"2021-01-21 12:30:02",1229,1173,55,1,470,414,55,1,1300,830,459,6,5,43,120,149,14,70,1,1,2,3,4,1,1,5,19,1,0,0,0,0,0,1,0,2,0,0,0,0,1,1,20,0,0
20,GORJ,"ŞCOALA CU CLASELE I-IV PĂIŞANI",308,STOINA,82314,1,PROV,PRCNCT,CD,CD_SV,"2021-01-21 12:30:02",673,644,29,0,269,240,29,0,700,431,258,9,2,9,58,69,17,53,3,0,0,5,1,1,1,1,27,0,0,0,0,0,2,0,0,2,0,0,1,0,2,0,6,0,0
20,GORJ,"CLĂDIREA DE LÂNGĂ SEDIUL PRIMĂRIEI COMUNEI TELEŞTI - SALA DE ŞEDINŢE A CONSILIULUI LOCAL TELEŞTI",309,TELEŞTI,82396,1,PROV,PRCNCT,CD,CD_SV,"2021-01-21 12:30:02",564,516,48,0,230,182,48,0,600,370,229,0,1,30,103,5,30,32,1,0,1,1,0,4,0,3,18,0,0,0,0,0,0,0,0,0,0,0,0,0,1,0,0,0,0
20,GORJ,"ŞCOALA PRIMARĂ TELEŞTI",310,TELEŞTI,82396,1,PROV,PRCNCT,CD,CD_SV,"2021-01-21 12:30:02",563,533,30,0,228,198,30,0,600,372,227,1,0,31,123,0,11,35,1,1,2,1,3,2,2,2,6,0,0,1,1,0,0,0,2,0,1,0,0,0,0,1,0,0,1
20,GORJ,"ŞCOALA PRIMARĂ NR.1 BUDUHALA",311,TELEŞTI,82396,1,PROV,PRCNCT,CD,CD_SV,"2021-01-21 12:30:02",739,673,53,13,325,259,53,13,800,475,314,4,7,6,215,2,18,50,1,0,3,1,2,1,1,0,11,0,0,0,0,0,0,1,0,0,0,0,0,0,1,0,1,0,0
20,GORJ,"ŞCOALA PRIMARĂ ŞOMĂNEŞTI",312,TELEŞTI,82396,1,PROV,PRCNCT,CD,CD_SV,"2021-01-21 12:30:02",612,565,47,0,284,237,47,0,600,316,280,4,0,8,100,64,12,47,2,0,1,2,3,5,1,0,32,0,0,0,0,1,0,0,0,0,0,0,0,0,0,0,2,0,0
20,GORJ,"ŞCOALA PRIMARĂ TURBUREA",313,TURBUREA,82555,1,PROV,PRCNCT,CD,CD_SV,"2021-01-21 12:30:02",468,433,24,11,210,175,24,11,500,290,198,10,2,5,114,12,7,33,2,0,0,3,8,0,0,1,12,1,0,0,0,0,0,0,0,0,0,0,0,0,0,0,0,0,0
20,GORJ,"ŞCOALA GENERALĂ TURBUREA",314,TURBUREA,82555,2,PART,PRCNCT,CD,CD_SV,"2021-01-21 12:30:02",783,752,26,5,293,262,26,5,800,507,286,6,1,29,147,43,13,19,0,2,2,8,6,1,2,3,8,0,0,1,0,0,0,0,0,0,0,0,0,0,0,0,1,0,1
20,GORJ,"SPAȚIUL PUBLIC ȘIPOTU",315,TURBUREA,82555,1,PROV,PRCNCT,CD,CD_SV,"2021-01-21 12:30:02",751,708,33,10,310,267,33,10,800,490,301,5,4,14,189,25,8,39,1,2,2,1,5,0,1,0,12,0,0,0,0,0,0,0,1,0,0,0,0,0,1,0,0,0,0
20,GORJ,"ŞCOALA GENERALĂ POIANA",316,TURBUREA,82555,1,PROV,PRCNCT,CD,CD_SV,"2021-01-21 12:30:02",1242,1191,27,24,493,442,27,24,1300,807,487,5,1,15,334,17,12,50,1,2,2,3,6,2,3,1,29,0,0,1,0,0,0,0,1,0,0,0,0,0,2,1,3,0,2
20,GORJ,"ŞCOALA PRIMARĂ COCOROVA",317,TURBUREA,82555,1,PROV,PRCNCT,CD,CD_SV,"2021-01-21 12:30:02",411,392,15,4,149,130,15,4,400,251,143,6,0,1,76,6,18,15,1,0,0,2,2,1,0,3,17,0,0,0,0,0,0,0,0,0,0,0,0,1,0,0,0,0,0
20,GORJ,"ȘCOALA GIMNAZIALĂ GRIGORE GEAMĂNU",318,TURCINEŞTI,78089,2,PART,PRCNCT,CD,CD_SV,"2021-01-21 12:30:02",1400,1324,68,8,622,546,68,8,1500,878,616,6,0,43,184,13,44,224,5,3,0,17,10,3,3,3,58,2,0,0,0,0,0,0,0,0,0,1,0,0,0,0,2,0,1
20,GORJ,"ȘCOALA PRIMARĂ RUGI",319,TURCINEŞTI,78089,1,PROV,PRCNCT,CD,CD_SV,"2021-01-21 12:30:02",526,491,35,0,239,204,35,0,500,261,234,3,2,7,48,7,17,119,3,0,1,1,3,7,1,3,7,0,0,0,1,0,0,0,0,0,1,0,0,0,0,0,8,0,0
20,GORJ,"ŞCOALA COORDONATOARE ŢÎNŢĂRENI",320,ŢÂNŢĂRENI,82680,1,PROV,PRCNCT,CD,CD_SV,"2021-01-21 12:30:02",1951,1917,34,0,571,537,34,0,2100,1529,538,26,7,27,173,30,42,172,4,0,3,3,6,3,4,2,45,13,0,0,0,0,0,0,0,1,1,0,1,1,3,0,3,0,1
20,GORJ,"ȘCOALA PRIMARĂ FLOREȘTI NR. 2",321,ŢÂNŢĂRENI,82680,1,PROV,PRCNCT,CD,CD_SV,"2021-01-21 12:30:02",1009,989,17,3,322,302,17,3,1100,778,311,6,5,10,85,7,18,120,2,2,2,1,3,2,0,0,49,1,0,0,0,0,0,0,0,0,0,0,0,0,4,0,2,0,3
20,GORJ,"ȘCOALA GENERALĂ FLOREȘTI NR. 1",322,ŢÂNŢĂRENI,82680,1,PROV,PRCNCT,CD,CD_SV,"2021-01-21 12:30:02",1338,1317,21,0,411,390,21,0,1400,989,403,6,2,31,127,12,24,131,1,0,0,4,2,0,0,1,59,0,0,1,0,0,0,1,1,0,1,0,0,0,4,1,2,0,0
20,GORJ,"ŞCOALA PRIMARĂ CHICIORA",323,ŢÂNŢĂRENI,82680,1,PROV,PRCNCT,CD,CD_SV,"2021-01-21 12:30:02",270,251,19,0,89,70,19,0,300,211,87,1,1,2,19,6,2,45,1,0,0,0,0,0,1,0,4,0,0,0,1,0,0,0,0,0,0,0,0,0,0,0,5,1,0
20,GORJ,"ŞCOALA GIMNAZIALĂ FÎNTÎNELE",324,URDARI,82733,1,PROV,PRCNCT,CD,CD_SV,"2021-01-21 12:30:02",804,792,12,0,354,342,12,0,900,546,344,9,1,19,132,7,15,125,3,1,2,2,1,13,1,1,15,0,0,0,0,0,0,0,0,0,0,0,0,0,3,0,4,0,0
20,GORJ,"ŞCOALA GIMNAZIALĂ NR. 1 URDARI",325,URDARI,82733,1,PROV,PRCNCT,CD,CD_SV,"2021-01-21 12:30:02",1353,1323,26,4,572,542,26,4,1500,928,549,17,6,72,229,11,24,142,6,1,1,1,5,17,0,2,27,1,1,0,0,0,0,0,0,0,1,0,0,0,2,0,5,0,1
20,GORJ,"GRĂDINIŢA HOTĂROASA",326,URDARI,82733,1,PROV,PRCNCT,CD,CD_SV,"2021-01-21 12:30:02",462,446,16,0,182,166,16,0,500,318,176,5,1,25,82,6,3,37,2,0,0,3,0,6,0,1,10,0,0,0,0,0,0,0,0,0,0,0,0,0,0,0,1,0,0
20,GORJ,"ŞCOALA GENERALĂ NR.1 VÂGIULEŞTI",327,VĂGIULEŞTI,82779,1,PROV,PRCNCT,CD,CD_SV,"2021-01-21 12:30:02",1099,1065,34,0,390,356,34,0,1200,810,382,4,4,7,194,56,12,64,3,0,0,4,4,6,2,2,28,0,0,0,0,0,0,0,0,0,0,0,0,0,0,0,0,0,0
20,GORJ,"CĂMINUL CULTURAL COVRIGI",328,VĂGIULEŞTI,82779,1,PROV,PRCNCT,CD,CD_SV,"2021-01-21 12:30:02",1018,965,53,0,321,268,53,0,1100,779,313,6,2,23,149,23,5,58,2,0,1,2,6,0,3,1,28,1,1,0,0,0,0,0,0,0,0,0,0,0,3,0,7,0,0
20,GORJ,"CĂMIN CULTURAL",329,VLADIMIR,82831,2,PART,PRCNCT,CD,CD_SV,"2021-01-21 12:30:02",899,836,62,1,344,281,62,1,900,556,334,5,5,64,133,19,7,81,1,0,2,3,4,0,4,1,9,0,1,0,0,1,0,0,2,0,0,0,0,0,1,0,1,0,0
20,GORJ,"ŞCOALA PRIMARĂ NR 1 VLADIMIR",330,VLADIMIR,82831,1,PROV,PRCNCT,CD,CD_SV,"2021-01-21 12:30:02",923,881,42,0,248,206,42,0,1000,752,238,7,3,30,103,1,19,62,1,0,1,3,5,0,1,0,5,1,0,1,0,0,0,2,2,0,0,0,0,0,0,0,1,0,0
20,GORJ,"ŞCOALA PRIMARĂ NR. 2 FRASIN",331,VLADIMIR,82831,1,PROV,PRCNCT,CD,CD_SV,"2021-01-21 12:30:02",587,544,43,0,213,170,43,0,600,387,206,6,1,19,31,16,59,55,1,0,2,2,5,1,2,3,8,1,0,0,0,0,1,0,0,0,0,0,0,0,0,0,0,0,0
