precinct_county_nce,precinct_county_name,precinct_name,precinct_nr,uat_name,uat_siruta,report_version,report_stage_code,report_type_scope_code,report_type_category_code,report_type_code,created_at,a,a1,a2,a3,b,b1,b2,b3,c,d,e,f,g,"PARTIDUL NAȚIONAL LIBERAL-voturi","PARTIDUL PRO ROMÂNIA-voturi","PARTIDUL MIȘCAREA POPULARĂ-voturi","ALIANȚA USR PLUS-voturi","PARTIDUL SOCIAL DEMOCRAT-voturi","UNIUNEA DEMOCRATĂ MAGHIARĂ DIN ROMÂNIA-voturi","PARTIDUL SOCIALIST ROMÂN-voturi","ALIANȚA RENAȘTEREA NAȚIONALĂ-voturi","PARTIDUL NOUA ROMÂNIE-voturi","PARTIDUL PUTERII UMANISTE (SOCIAL-LIBERAL)-voturi","PARTIDUL ROMÂNIA MARE-voturi","PARTIDUL ECOLOGIST ROMÂN-voturi","ALIANȚA PENTRU UNIREA ROMÂNILOR-voturi","ASOCIAȚIA MACEDONENILOR DIN ROMÂNIA-voturi","ASOCIAȚIA ITALIENILOR DIN ROMÂNIA – RO.AS.IT.-voturi","UNIUNEA ELENĂ DIN ROMÂNIA-voturi","ASOCIAȚIA PARTIDA ROMILOR “PRO-EUROPA”-voturi","COMUNITATEA RUȘILOR LIPOVENI DIN ROMÂNIA-voturi","UNIUNEA ARMENILOR DIN ROMÂNIA-voturi","UNIUNEA SÂRBILOR DIN ROMÂNIA-voturi","FORUMUL DEMOCRAT AL GERMANILOR DIN ROMÂNIA-voturi","UNIUNEA BULGARĂ DIN BANAT-ROMÂNIA-voturi","UNIUNEA CULTURALĂ A RUTENILOR DIN ROMÂNIA-voturi","UNIUNEA UCRAINENILOR DIN ROMÂNIA-voturi","UNIUNEA POLONEZILOR DIN ROMÂNIA-voturi","ASOCIAȚIA LIGA ALBANEZILOR DIN ROMÂNIA-voturi","FEDERAȚIA COMUNITĂȚILOR EVREIEȘTI DIN ROMÂNIA-voturi","UNIUNEA CROAȚILOR DIN ROMÂNIA-voturi","UNIUNEA DEMOCRATICĂ A SLOVACILOR ȘI CEHILOR DIN ROMÂNIA-voturi","UNIUNEA DEMOCRATĂ TURCĂ DIN ROMÂNIA-voturi"
16,DÂMBOVIŢA,"CASA CORPULUI DIDACTIC",1,"MUNICIPIUL TÂRGOVIŞTE",65342,1,PROV,PRCNCT,CD,CD_SV,"2021-01-21 12:30:02",1519,1495,24,0,516,492,24,0,1643,1127,499,12,5,112,37,41,99,154,0,3,1,2,3,3,14,24,0,0,3,1,0,1,0,0,1,0,0,0,0,0,0,0,0
16,DÂMBOVIŢA,"CASA CORPULUI DIDACTIC",2,"MUNICIPIUL TÂRGOVIŞTE",65342,1,PROV,PRCNCT,CD,CD_SV,"2021-01-21 12:30:02",1581,1565,16,0,564,548,16,0,1720,1156,557,6,1,120,32,36,139,173,1,2,2,2,4,3,4,31,0,0,0,6,0,1,0,0,0,0,1,0,0,0,0,0,0
16,DÂMBOVIŢA,"GRĂDINIȚA NR. 2",3,"MUNICIPIUL TÂRGOVIŞTE",65342,2,PART,PRCNCT,CD,CD_SV,"2021-01-21 12:30:02",1509,1488,21,0,439,418,21,0,1630,1191,428,11,0,92,34,14,82,161,0,0,4,0,2,4,2,25,1,0,0,7,0,0,0,0,0,0,0,0,0,0,0,0,0
16,DÂMBOVIŢA,"ȘCOALA ”RADU CEL MARE”",4,"MUNICIPIUL TÂRGOVIŞTE",65342,1,PROV,PRCNCT,CD,CD_SV,"2021-01-21 12:30:02",1173,1153,20,0,271,251,20,0,1260,989,262,8,1,64,13,8,35,100,2,1,1,0,4,4,5,20,0,0,1,3,0,0,0,1,0,0,0,0,0,0,0,0,0
16,DÂMBOVIŢA,"ȘCOALA ”RADU CEL MARE”",5,"MUNICIPIUL TÂRGOVIŞTE",65342,1,PROV,PRCNCT,CD,CD_SV,"2021-01-21 12:30:02",1269,1254,15,0,347,332,15,0,1380,1033,343,4,0,80,20,14,72,123,2,2,1,0,4,1,3,17,0,0,0,1,0,0,0,2,0,0,0,0,0,1,0,0,0
16,DÂMBOVIŢA,"ȘCOALA ”RADU CEL MARE”",6,"MUNICIPIUL TÂRGOVIŞTE",65342,1,PROV,PRCNCT,CD,CD_SV,"2021-01-21 12:30:02",1291,1279,10,2,326,314,10,2,1400,1074,321,4,1,69,18,11,40,157,1,0,4,0,0,0,3,13,1,0,1,0,0,0,0,1,1,0,0,0,0,0,0,0,1
16,DÂMBOVIŢA,"ȘCOALA ”RADU CEL MARE”",7,"MUNICIPIUL TÂRGOVIŞTE",65342,1,PROV,PRCNCT,CD,CD_SV,"2021-01-21 12:30:02",1335,1318,17,0,422,405,17,0,1440,1018,413,6,3,71,31,22,95,158,2,0,2,0,5,1,1,18,3,0,0,2,0,0,0,0,0,0,0,0,0,1,0,0,1
16,DÂMBOVIŢA,"LICEUL TEHNOLOGIC ”SPIRU HARET”",8,"MUNICIPIUL TÂRGOVIŞTE",65342,1,PROV,PRCNCT,CD,CD_SV,"2021-01-21 12:30:02",1142,1130,12,0,285,273,12,0,1240,955,281,4,0,60,19,16,46,110,0,1,2,1,1,1,6,17,0,0,0,0,0,0,0,0,0,0,0,0,1,0,0,0,0
16,DÂMBOVIŢA,"LICEUL TEHNOLOGIC ”SPIRU HARET”",9,"MUNICIPIUL TÂRGOVIŞTE",65342,1,PROV,PRCNCT,CD,CD_SV,"2021-01-21 12:30:02",986,977,9,0,270,261,9,0,1060,790,263,7,0,44,10,29,37,100,1,0,3,0,2,3,5,22,1,0,1,4,0,0,0,0,0,0,0,1,0,0,0,0,0
16,DÂMBOVIŢA,"LICEUL TEHNOLOGIC ”SPIRU HARET”",10,"MUNICIPIUL TÂRGOVIŞTE",65342,1,PROV,PRCNCT,CD,CD_SV,"2021-01-21 12:30:02",1262,1245,14,3,391,374,14,3,1370,979,376,13,2,104,19,21,86,115,0,2,0,1,0,2,8,10,0,0,2,3,0,0,1,0,0,1,0,0,0,0,0,0,1
16,DÂMBOVIŢA,"LICEUL DE ARTE ”BĂLAȘA DOAMNA”",11,"MUNICIPIUL TÂRGOVIŞTE",65342,1,PROV,PRCNCT,CD,CD_SV,"2021-01-21 12:30:02",1090,1067,23,0,301,278,23,0,1170,869,294,7,0,72,8,13,55,104,0,1,2,1,5,4,2,24,0,0,1,1,1,0,0,0,0,0,0,0,0,0,0,0,0
16,DÂMBOVIŢA,"LICEUL TEORETIC ”PETRU CERCEL”",12,"MUNICIPIUL TÂRGOVIŞTE",65342,2,PART,PRCNCT,CD,CD_SV,"2021-01-21 12:30:02",1784,1756,24,4,554,526,24,4,1930,1376,530,23,1,146,29,26,70,163,2,1,5,2,3,1,6,26,1,1,3,32,0,0,0,9,0,0,1,0,1,0,0,0,2
16,DÂMBOVIŢA,"COLEGIUL NAȚIONAL ”CONSTANTIN CARABELLA”",13,"MUNICIPIUL TÂRGOVIŞTE",65342,2,PART,PRCNCT,CD,CD_SV,"2021-01-21 12:30:02",1121,1104,17,0,395,378,17,0,1210,815,385,9,1,97,18,22,89,122,0,2,6,0,4,2,5,14,1,0,1,0,1,0,0,0,0,0,0,0,0,0,0,0,1
16,DÂMBOVIŢA,"CLUBUL SPORTIV ȘCOLAR",14,"MUNICIPIUL TÂRGOVIŞTE",65342,1,PROV,PRCNCT,CD,CD_SV,"2021-01-21 12:30:02",910,888,22,0,307,285,22,0,970,663,303,4,0,39,34,18,70,109,0,1,7,0,0,1,2,14,2,0,3,1,0,0,0,0,0,0,0,0,1,0,0,1,0
16,DÂMBOVIŢA,"CLUBUL SPORTIV ȘCOLAR",15,"MUNICIPIUL TÂRGOVIŞTE",65342,1,PROV,PRCNCT,CD,CD_SV,"2021-01-21 12:30:02",889,868,21,0,300,279,21,0,940,640,299,1,0,82,25,17,69,83,0,1,2,1,1,2,2,13,0,0,0,1,0,0,0,0,0,0,0,0,0,0,0,0,0
16,DÂMBOVIŢA,"CLUBUL SPORTIV ȘCOLAR",16,"MUNICIPIUL TÂRGOVIŞTE",65342,2,PART,PRCNCT,CD,CD_SV,"2021-01-21 12:30:02",1429,1404,23,2,474,449,23,2,1530,1056,468,6,0,99,22,30,79,189,0,0,4,1,2,1,13,26,0,0,1,0,0,0,0,0,0,0,0,0,0,1,0,0,0
16,DÂMBOVIŢA,"ȘCOALA ”TUDOR VLADIMIRESCU”",17,"MUNICIPIUL TÂRGOVIŞTE",65342,1,PROV,PRCNCT,CD,CD_SV,"2021-01-21 12:30:02",1459,1420,37,2,380,341,37,2,1550,1170,371,7,2,79,18,22,53,137,0,2,3,0,1,4,2,44,0,0,2,1,0,0,0,2,1,0,0,0,0,0,0,0,0
16,DÂMBOVIŢA,"ȘCOALA ”TUDOR VLADIMIRESCU”",18,"MUNICIPIUL TÂRGOVIŞTE",65342,1,PROV,PRCNCT,CD,CD_SV,"2021-01-21 12:30:02",1181,1169,12,0,325,313,12,0,1280,955,323,2,0,81,11,13,67,124,0,1,3,0,3,2,4,12,0,0,0,1,0,0,0,0,0,1,0,0,0,0,0,0,0
16,DÂMBOVIŢA,"LICEUL TEHNOLOGIC ”CONSTANTIN BRÂNCOVEANU”",19,"MUNICIPIUL TÂRGOVIŞTE",65342,1,PROV,PRCNCT,CD,CD_SV,"2021-01-21 12:30:02",818,793,25,0,236,211,25,0,870,634,231,3,2,50,11,9,43,86,0,1,0,0,3,1,4,20,0,0,0,1,0,0,0,0,0,0,0,0,0,0,0,1,1
16,DÂMBOVIŢA,"LICEUL TEHNOLOGIC ”CONSTANTIN BRÂNCOVEANU”",20,"MUNICIPIUL TÂRGOVIŞTE",65342,1,PROV,PRCNCT,CD,CD_SV,"2021-01-21 12:30:02",904,884,20,0,216,196,20,0,960,744,209,7,0,41,9,12,31,88,0,1,1,1,1,0,0,20,2,0,0,1,0,0,0,0,0,0,0,0,0,0,1,0,0
16,DÂMBOVIŢA,"LICEUL TEHNOLOGIC ”CONSTANTIN BRÂNCOVEANU”",21,"MUNICIPIUL TÂRGOVIŞTE",65342,1,PROV,PRCNCT,CD,CD_SV,"2021-01-21 12:30:02",1425,1407,17,1,368,350,17,1,1540,1172,360,7,1,81,13,26,43,148,0,0,5,2,1,1,3,33,2,0,0,1,0,0,0,0,0,0,0,1,0,0,0,0,0
16,DÂMBOVIŢA,"LICEUL TEHNOLOGIC ”CONSTANTIN BRÂNCOVEANU”",22,"MUNICIPIUL TÂRGOVIŞTE",65342,1,PROV,PRCNCT,CD,CD_SV,"2021-01-21 12:30:02",805,798,7,0,201,194,7,0,870,669,196,5,0,36,12,5,28,94,0,1,0,0,2,1,3,13,0,0,0,1,0,0,0,0,0,0,0,0,0,0,0,0,0
16,DÂMBOVIŢA,"LICEUL TEHNOLOGIC ”CONSTANTIN BRÂNCOVEANU”",23,"MUNICIPIUL TÂRGOVIŞTE",65342,1,PROV,PRCNCT,CD,CD_SV,"2021-01-21 12:30:02",724,711,13,0,148,135,13,0,780,632,142,5,1,30,8,7,21,55,0,0,0,0,2,1,7,10,1,0,0,0,0,0,0,0,0,0,0,0,0,0,0,0,0
16,DÂMBOVIŢA,"CANTINA DE AJUTOR SOCIAL",24,"MUNICIPIUL TÂRGOVIŞTE",65342,1,PROV,PRCNCT,CD,CD_SV,"2021-01-21 12:30:02",1079,988,28,63,362,271,28,63,1230,868,352,10,0,78,18,19,43,163,4,0,2,1,0,2,0,16,3,0,0,0,0,0,0,0,1,1,0,0,0,0,0,0,1
16,DÂMBOVIŢA,"ȘCOALA ”PAUL BANICĂ”",25,"MUNICIPIUL TÂRGOVIŞTE",65342,1,PROV,PRCNCT,CD,CD_SV,"2021-01-21 12:30:02",1147,1124,23,0,344,321,23,0,1230,886,333,5,6,67,21,20,60,123,0,2,5,0,2,2,6,23,1,0,0,1,0,0,0,0,0,0,0,0,0,0,0,0,0
16,DÂMBOVIŢA,"ȘCOALA ”PAUL BANICĂ”",26,"MUNICIPIUL TÂRGOVIŞTE",65342,2,PART,PRCNCT,CD,CD_SV,"2021-01-21 12:30:02",1075,1055,20,0,236,216,20,0,1260,1024,230,5,1,56,11,10,54,67,0,2,0,0,0,6,7,17,0,0,0,0,0,0,0,0,0,0,0,0,0,0,0,0,0
16,DÂMBOVIŢA,"LICEUL TEORETIC ”ION HELIADE RĂDULESCU”",27,"MUNICIPIUL TÂRGOVIŞTE",65342,1,PROV,PRCNCT,CD,CD_SV,"2021-01-21 12:30:02",911,895,16,0,302,286,16,0,980,678,297,5,0,68,15,13,66,114,0,0,0,0,0,1,4,15,0,0,1,0,0,0,0,0,0,0,0,0,0,0,0,0,0
16,DÂMBOVIŢA,"LICEUL TEORETIC ”ION HELIADE RĂDULESCU”",28,"MUNICIPIUL TÂRGOVIŞTE",65342,1,PROV,PRCNCT,CD,CD_SV,"2021-01-21 12:30:02",1126,1109,15,2,362,345,15,2,1210,848,351,10,1,89,19,11,59,154,0,1,0,0,3,1,5,8,0,0,0,0,0,0,0,0,0,1,0,0,0,0,0,0,0
16,DÂMBOVIŢA,"BIROURI PRIMĂRIE - SERVICIUL TAXE ȘI IMPOZITE, BLOC E4",29,"MUNICIPIUL TÂRGOVIŞTE",65342,1,PROV,PRCNCT,CD,CD_SV,"2021-01-21 12:30:02",848,826,22,0,320,298,22,0,900,580,316,4,0,96,20,18,66,87,1,0,0,0,6,1,5,11,0,0,2,1,0,0,0,1,0,0,0,0,1,0,0,0,0
16,DÂMBOVIŢA,"BIROURI PRIMĂRIE - SERVICIUL TAXE ȘI IMPOZITE (PUNCT TERMIC)",30,"MUNICIPIUL TÂRGOVIŞTE",65342,1,PROV,PRCNCT,CD,CD_SV,"2021-01-21 12:30:02",854,839,15,0,324,309,15,0,920,596,319,4,1,87,17,21,60,109,0,3,1,1,0,0,6,13,0,0,1,0,0,0,0,0,0,0,0,0,0,0,0,0,0
16,DÂMBOVIŢA,"BIROURI PRIMĂRIE - CORP B (SALA CĂSĂTORII)",31,"MUNICIPIUL TÂRGOVIŞTE",65342,1,PROV,PRCNCT,CD,CD_SV,"2021-01-21 12:30:02",1077,1051,26,0,436,410,26,0,1150,714,435,1,0,140,23,21,99,100,1,0,1,0,3,1,14,29,0,1,0,1,0,0,0,0,0,0,0,0,0,0,1,0,0
16,DÂMBOVIŢA,"COLEGIUL ECONOMIC ”ION GHICA”",32,"MUNICIPIUL TÂRGOVIŞTE",65342,1,PROV,PRCNCT,CD,CD_SV,"2021-01-21 12:30:02",1015,989,24,2,394,368,24,2,1080,686,392,1,1,89,16,18,80,160,0,0,2,1,5,1,5,13,0,0,0,0,0,0,0,0,0,0,0,0,2,0,0,0,0
16,DÂMBOVIŢA,"COLEGIUL ECONOMIC ”ION GHICA”",33,"MUNICIPIUL TÂRGOVIŞTE",65342,1,PROV,PRCNCT,CD,CD_SV,"2021-01-21 12:30:02",1207,1185,22,0,428,406,22,0,1300,872,425,2,1,138,19,13,87,142,0,2,4,1,3,2,2,4,0,0,7,0,0,0,0,0,1,0,0,0,0,0,0,0,0
16,DÂMBOVIŢA,"COLEGIUL NAȚIONAL ”IENĂCHIȚĂ VĂCĂRESCU”",34,"MUNICIPIUL TÂRGOVIŞTE",65342,1,PROV,PRCNCT,CD,CD_SV,"2021-01-21 12:30:02",1580,1555,17,8,549,524,17,8,1690,1141,540,8,1,174,32,28,113,157,0,0,2,2,3,5,8,12,0,0,3,0,0,0,0,1,0,0,0,0,0,0,0,0,0
16,DÂMBOVIŢA,"ȘCOALA ”ION ALEXANDRU BRĂTESCU-VOINEȘTI”",35,"MUNICIPIUL TÂRGOVIŞTE",65342,1,PROV,PRCNCT,CD,CD_SV,"2021-01-21 12:30:02",1086,1069,17,0,329,312,17,0,1160,831,324,5,0,68,16,17,76,116,0,0,2,0,2,2,8,14,1,0,0,1,0,0,0,1,0,0,0,0,0,0,0,0,0
16,DÂMBOVIŢA,"ȘCOALA ”ION ALEXANDRU BRĂTESCU-VOINEȘTI”",36,"MUNICIPIUL TÂRGOVIŞTE",65342,2,PART,PRCNCT,CD,CD_SV,"2021-01-21 12:30:02",884,865,19,0,306,287,19,0,950,644,304,2,0,79,10,16,55,109,2,0,0,0,5,4,6,14,0,2,0,1,0,0,0,1,0,0,0,0,0,0,0,0,0
16,DÂMBOVIŢA,"ȘCOALA ”ION ALEXANDRU BRĂTESCU-VOINEȘTI”",37,"MUNICIPIUL TÂRGOVIŞTE",65342,1,PROV,PRCNCT,CD,CD_SV,"2021-01-21 12:30:02",868,857,11,0,141,130,11,0,930,789,132,9,0,28,4,1,13,55,0,2,1,0,1,0,2,21,0,0,0,2,0,0,0,0,1,0,0,0,0,0,0,1,0
16,DÂMBOVIŢA,"LICEUL ”VOIEVOUL MIRCEA”",38,"MUNICIPIUL TÂRGOVIŞTE",65342,1,PROV,PRCNCT,CD,CD_SV,"2021-01-21 12:30:02",1536,1490,24,22,444,398,24,22,1730,1286,439,4,1,100,22,32,77,164,0,1,4,0,2,11,8,16,1,1,0,0,0,0,0,0,0,0,0,0,0,0,0,0,0
16,DÂMBOVIŢA,"ȘCOALA ”CORESI”",39,"MUNICIPIUL TÂRGOVIŞTE",65342,1,PROV,PRCNCT,CD,CD_SV,"2021-01-21 12:30:02",1188,1150,28,10,411,373,28,10,1300,889,402,7,2,122,12,21,72,138,1,1,3,0,2,9,5,14,0,0,1,1,0,0,0,0,0,0,0,0,0,0,0,0,0
16,DÂMBOVIŢA,"LICEUL TEHNOLOGIC DE TRANSPORTURI AUTO",40,"MUNICIPIUL TÂRGOVIŞTE",65342,1,PROV,PRCNCT,CD,CD_SV,"2021-01-21 12:30:02",1540,1517,23,0,421,398,23,0,1660,1239,412,8,1,97,25,23,84,126,2,3,8,1,0,2,5,31,1,0,0,0,0,0,0,1,1,0,0,0,0,0,0,1,1
16,DÂMBOVIŢA,"LICEUL TEHNOLOGIC DE TRANSPORTURI AUTO",41,"MUNICIPIUL TÂRGOVIŞTE",65342,1,PROV,PRCNCT,CD,CD_SV,"2021-01-21 12:30:02",1861,1847,14,0,330,316,14,0,2030,1700,322,8,0,87,17,12,65,111,1,0,2,0,2,4,2,18,0,0,0,0,0,1,0,0,0,0,0,0,0,0,0,0,0
16,DÂMBOVIŢA,"LICEUL TEHNOLOGIC DE TRANSPORTURI AUTO",42,"MUNICIPIUL TÂRGOVIŞTE",65342,1,PROV,PRCNCT,CD,CD_SV,"2021-01-21 12:30:02",1327,1315,10,2,429,417,10,2,1440,1011,428,1,0,114,25,35,78,126,1,2,13,0,2,5,5,20,0,0,0,1,0,0,1,0,0,0,0,0,0,0,0,0,0
16,DÂMBOVIŢA,"LICEUL TEHNOLOGIC DE TRANSPORTURI AUTO",43,"MUNICIPIUL TÂRGOVIŞTE",65342,1,PROV,PRCNCT,CD,CD_SV,"2021-01-21 12:30:02",1401,1362,39,0,403,364,39,0,1490,1087,396,7,0,96,30,13,78,143,0,0,9,1,2,0,3,21,0,0,0,0,0,0,0,0,0,0,0,0,0,0,0,0,0
16,DÂMBOVIŢA,"LICEUL TEHNOLOGIC DE TRANSPORTURI AUTO",44,"MUNICIPIUL TÂRGOVIŞTE",65342,2,PART,PRCNCT,CD,CD_SV,"2021-01-21 12:30:02",1302,1285,17,0,365,348,17,0,1410,1045,355,10,0,77,18,13,64,140,1,1,4,0,3,3,6,21,0,1,1,1,0,0,0,0,0,0,0,0,0,1,0,0,0
16,DÂMBOVIŢA,"LICEUL TEHNOLOGIC ”NICOLAE CIORĂNESCU”",45,"MUNICIPIUL TÂRGOVIŞTE",65342,1,PROV,PRCNCT,CD,CD_SV,"2021-01-21 12:30:02",1312,1291,21,0,284,263,21,0,1420,1136,279,4,1,66,23,9,43,110,1,0,2,0,2,2,4,12,1,0,0,1,0,0,0,1,0,0,0,0,0,0,0,0,2
16,DÂMBOVIŢA,"LICEUL TEHNOLOGIC ”NICOLAE CIORĂNESCU”",46,"MUNICIPIUL TÂRGOVIŞTE",65342,1,PROV,PRCNCT,CD,CD_SV,"2021-01-21 12:30:02",1174,1161,13,0,442,429,13,0,1270,828,439,3,0,115,29,21,82,163,1,3,0,1,1,2,2,14,1,0,0,1,0,0,0,0,1,0,1,0,0,0,0,0,1
16,DÂMBOVIŢA,"LICEUL TEHNOLOGIC ”NICOLAE CIORĂNESCU”",47,"MUNICIPIUL TÂRGOVIŞTE",65342,1,PROV,PRCNCT,CD,CD_SV,"2021-01-21 12:30:02",810,800,10,0,213,203,10,0,870,657,204,8,1,38,8,7,41,81,0,2,2,1,5,4,4,8,0,0,1,0,0,0,0,0,0,0,0,0,0,0,1,1,0
16,DÂMBOVIŢA,"LICEUL TEHNOLOGIC ”NICOLAE CIORĂNESCU”",48,"MUNICIPIUL TÂRGOVIŞTE",65342,1,PROV,PRCNCT,CD,CD_SV,"2021-01-21 12:30:02",786,776,10,0,220,210,10,0,840,620,219,0,1,57,8,9,40,95,0,0,1,0,0,0,0,7,0,0,1,0,0,0,0,0,1,0,0,0,0,0,0,0,0
16,DÂMBOVIŢA,"LICEUL TEHNOLOGIC ”NICOLAE CIORĂNESCU”",49,"MUNICIPIUL TÂRGOVIŞTE",65342,1,PROV,PRCNCT,CD,CD_SV,"2021-01-21 12:30:02",1467,1445,21,1,310,288,21,1,1580,1270,305,5,0,69,12,13,60,122,0,1,2,0,0,2,4,19,0,0,0,1,0,0,0,0,0,0,0,0,0,0,0,0,0
16,DÂMBOVIŢA,"LICEUL TEHNOLOGIC ”NICOLAE CIORĂNESCU”",50,"MUNICIPIUL TÂRGOVIŞTE",65342,2,PART,PRCNCT,CD,CD_SV,"2021-01-21 12:30:02",1204,1191,13,0,301,288,13,0,1300,999,299,2,0,76,13,18,54,107,0,3,0,1,3,3,0,17,0,0,1,2,0,0,0,0,0,0,0,0,1,0,0,0,0
16,DÂMBOVIŢA,"COLEGIUL NAȚIONAL ”CONSTANTIN CANTACUZINO”",51,"MUNICIPIUL TÂRGOVIŞTE",65342,1,PROV,PRCNCT,CD,CD_SV,"2021-01-21 12:30:02",1320,1289,31,0,311,280,31,0,1410,1099,296,10,5,49,15,13,35,134,1,1,2,1,4,2,1,26,0,0,1,9,0,0,0,0,1,0,0,0,0,1,0,0,0
16,DÂMBOVIŢA,"COLEGIUL NAȚIONAL ”CONSTANTIN CANTACUZINO”",52,"MUNICIPIUL TÂRGOVIŞTE",65342,1,PROV,PRCNCT,CD,CD_SV,"2021-01-21 12:30:02",1446,1436,10,0,399,389,10,0,1570,1171,394,5,0,78,35,19,73,158,0,0,4,1,0,1,6,15,0,0,2,1,0,0,0,0,0,0,0,0,0,0,0,1,0
16,DÂMBOVIŢA,"COLEGIUL NAȚIONAL ”CONSTANTIN CANTACUZINO”",53,"MUNICIPIUL TÂRGOVIŞTE",65342,1,PROV,PRCNCT,CD,CD_SV,"2021-01-21 12:30:02",739,719,20,0,205,185,20,0,780,575,200,5,0,30,13,7,38,86,0,1,3,0,3,2,3,12,0,0,2,0,0,0,0,0,0,0,0,0,0,0,0,0,0
16,DÂMBOVIŢA,"COLEGIUL NAȚIONAL ”CONSTANTIN CANTACUZINO”",54,"MUNICIPIUL TÂRGOVIŞTE",65342,1,PROV,PRCNCT,CD,CD_SV,"2021-01-21 12:30:02",822,804,18,0,246,228,18,0,880,634,242,3,1,40,19,20,39,91,0,0,0,3,4,2,6,18,0,0,0,0,0,0,0,0,0,0,0,0,0,0,0,0,0
16,DÂMBOVIŢA,"ȘCOALA ”GRIGORE ALEXANDRESCU”",55,"MUNICIPIUL TÂRGOVIŞTE",65342,1,PROV,PRCNCT,CD,CD_SV,"2021-01-21 12:30:02",1389,1367,21,1,331,309,21,1,1500,1169,327,4,0,72,19,12,40,132,0,2,2,2,6,4,2,28,1,0,0,3,0,0,1,0,0,0,0,0,1,0,0,0,0
16,DÂMBOVIŢA,"ȘCOALA ”GRIGORE ALEXANDRESCU”",56,"MUNICIPIUL TÂRGOVIŞTE",65342,1,PROV,PRCNCT,CD,CD_SV,"2021-01-21 12:30:02",1294,1280,14,0,324,310,14,0,1400,1076,321,3,0,55,25,8,50,140,1,1,2,2,0,4,3,26,2,0,0,0,0,0,0,0,0,1,0,0,0,0,1,0,0
16,DÂMBOVIŢA,"ȘCOALA ”GRIGORE ALEXANDRESCU”",57,"MUNICIPIUL TÂRGOVIŞTE",65342,2,PART,PRCNCT,CD,CD_SV,"2021-01-21 12:30:02",791,778,13,0,230,217,13,0,850,620,229,1,0,44,18,9,49,88,0,1,1,2,0,1,4,9,1,1,0,1,0,0,0,0,0,0,0,0,0,0,0,0,0
16,DÂMBOVIŢA,"ȘCOALA ”GRIGORE ALEXANDRESCU”",58,"MUNICIPIUL TÂRGOVIŞTE",65342,1,PROV,PRCNCT,CD,CD_SV,"2021-01-21 12:30:02",742,729,13,0,205,192,13,0,800,595,193,12,0,42,10,2,26,86,0,0,1,0,0,0,2,19,0,0,1,2,0,0,1,0,0,0,0,0,0,0,0,0,1
16,DÂMBOVIŢA,"ȘCOALA ”SMARANDA GHEORGHIU”",59,"MUNICIPIUL TÂRGOVIŞTE",65342,1,PROV,PRCNCT,CD,CD_SV,"2021-01-21 12:30:02",1579,1560,17,2,486,467,17,2,1700,1214,479,7,0,120,35,23,99,153,0,2,2,2,1,1,2,34,1,0,0,4,0,0,0,0,0,0,0,0,0,0,0,0,0
16,DÂMBOVIŢA,"ȘCOALA ”SMARANDA GHEORGHIU”",60,"MUNICIPIUL TÂRGOVIŞTE",65342,1,PROV,PRCNCT,CD,CD_SV,"2021-01-21 12:30:02",1563,1553,10,0,428,418,10,0,1700,1272,422,5,1,89,31,14,77,159,0,0,4,2,3,2,7,29,0,0,0,1,0,1,0,1,1,0,0,0,1,0,0,0,0
16,DÂMBOVIŢA,"ȘCOALA ”SMARANDA GHEORGHIU”",61,"MUNICIPIUL TÂRGOVIŞTE",65342,1,PROV,PRCNCT,CD,CD_SV,"2021-01-21 12:30:02",1365,1324,40,1,422,381,40,1,1450,1028,412,10,0,89,25,17,73,138,1,3,7,0,5,5,7,35,0,0,0,5,0,0,1,0,1,0,0,0,0,0,0,0,0
16,DÂMBOVIŢA,"ȘCOALA ”SMARANDA GHEORGHIU”",62,"MUNICIPIUL TÂRGOVIŞTE",65342,1,PROV,PRCNCT,CD,CD_SV,"2021-01-21 12:30:02",779,757,22,0,213,191,22,0,830,617,208,4,1,38,9,16,19,91,0,0,1,1,2,3,5,22,0,0,1,0,0,0,0,0,0,0,0,0,0,0,0,0,0
16,DÂMBOVIŢA,"ȘCOALA ”SMARANDA GHEORGHIU”",63,"MUNICIPIUL TÂRGOVIŞTE",65342,1,PROV,PRCNCT,CD,CD_SV,"2021-01-21 12:30:02",1154,1139,15,0,291,276,15,0,1240,949,282,7,2,45,11,8,23,128,2,5,2,3,3,1,2,33,1,0,1,10,0,1,0,0,1,0,0,0,0,0,1,0,1
16,DÂMBOVIŢA,"CĂMINUL CULTURAL ”MATEI VOIEVOD”",64,"MUNICIPIUL TÂRGOVIŞTE",65342,1,PROV,PRCNCT,CD,CD_SV,"2021-01-21 12:30:02",1467,1453,13,1,451,437,13,1,1590,1139,437,13,1,80,34,22,84,128,0,3,7,0,7,8,5,44,1,0,0,1,0,0,0,0,10,0,0,0,0,2,0,1,0
16,DÂMBOVIŢA,"GRĂDINIȚA ”PRISEACA”",65,"MUNICIPIUL TÂRGOVIŞTE",65342,1,PROV,PRCNCT,CD,CD_SV,"2021-01-21 12:30:02",1076,1066,5,5,318,308,5,5,1160,842,304,11,3,88,25,13,32,112,0,2,0,1,2,5,4,13,0,0,1,2,0,0,0,1,1,0,1,0,0,0,0,0,1
16,DÂMBOVIŢA,"ŞCOALA GIMNAZIALĂ NR.2",66,"MUNICIPIUL MORENI",65841,1,PROV,PRCNCT,CD,CD_SV,"2021-01-21 12:30:02",1087,1076,11,0,237,226,11,0,1180,943,230,6,1,39,13,11,18,96,1,5,0,0,1,5,15,22,0,0,0,2,0,0,0,0,1,0,0,0,0,0,0,0,1
16,DÂMBOVIŢA,"CLUB CRISTIAN ( UZINA AUTOMECANICĂ MORENI )",67,"MUNICIPIUL MORENI",65841,1,PROV,PRCNCT,CD,CD_SV,"2021-01-21 12:30:02",688,678,10,0,225,215,10,0,740,515,220,3,2,45,18,12,22,91,0,0,0,1,2,2,8,17,0,0,0,0,0,0,0,0,0,0,0,1,1,0,0,0,0
16,DÂMBOVIŢA,"GRĂDINIŢA CU PROGRAM NORMAL NR.7 ŢUICANI",68,"MUNICIPIUL MORENI",65841,1,PROV,PRCNCT,CD,CD_SV,"2021-01-21 12:30:02",410,403,7,0,112,105,7,0,430,318,107,5,0,13,9,5,6,53,0,1,0,0,0,1,11,7,0,0,0,0,0,0,0,1,0,0,0,0,0,0,0,0,0
16,DÂMBOVIŢA,"GRĂDINIŢA CU PROGRAM NORMAL NR.2",69,"MUNICIPIUL MORENI",65841,1,PROV,PRCNCT,CD,CD_SV,"2021-01-21 12:30:02",744,723,18,3,272,251,18,3,790,518,267,5,0,54,25,14,42,92,0,0,1,1,3,4,15,13,0,0,0,0,0,0,1,1,0,0,0,0,0,0,0,0,1
16,DÂMBOVIŢA,"CLUB FLACĂRA NR.2",70,"MUNICIPIUL MORENI",65841,2,PART,PRCNCT,CD,CD_SV,"2021-01-21 12:30:02",799,787,12,0,278,266,12,0,860,582,273,4,1,58,28,13,49,90,0,0,1,1,3,3,14,11,0,0,0,1,0,0,0,1,0,0,0,0,0,0,0,0,0
16,DÂMBOVIŢA,"GRĂDINIŢA CU PROGRAM NORMAL TISA",71,"MUNICIPIUL MORENI",65841,1,PROV,PRCNCT,CD,CD_SV,"2021-01-21 12:30:02",527,510,17,0,220,203,17,0,550,330,216,2,2,35,27,6,17,94,1,0,1,0,1,2,10,20,0,0,0,0,0,0,1,0,0,0,0,0,0,0,0,0,1
16,DÂMBOVIŢA,"ŞCOALA GIMNAZIALĂ NR.3",72,"MUNICIPIUL MORENI",65841,1,PROV,PRCNCT,CD,CD_SV,"2021-01-21 12:30:02",1257,1248,9,0,349,340,9,0,1370,1021,343,6,0,64,45,13,50,124,0,1,0,1,5,2,14,23,0,0,0,0,0,0,0,1,0,0,0,0,0,0,0,0,0
16,DÂMBOVIŢA,"ŞCOALA GIMNAZIALĂ NR.3",73,"MUNICIPIUL MORENI",65841,1,PROV,PRCNCT,CD,CD_SV,"2021-01-21 12:30:02",778,767,10,1,214,203,10,1,840,626,212,2,0,50,27,8,22,59,0,1,0,0,3,3,19,18,0,0,0,1,0,0,0,0,0,0,0,0,0,0,0,1,0
16,DÂMBOVIŢA,"ŞCOALA GIMNAZIALĂ NR.3",74,"MUNICIPIUL MORENI",65841,1,PROV,PRCNCT,CD,CD_SV,"2021-01-21 12:30:02",730,715,8,7,232,217,8,7,780,548,228,4,0,48,22,14,26,83,0,0,0,0,1,3,16,14,0,0,0,1,0,0,0,0,0,0,0,0,0,0,0,0,0
16,DÂMBOVIŢA,"ŞCOALA GIMNAZIALĂ NR.3",75,"MUNICIPIUL MORENI",65841,1,PROV,PRCNCT,CD,CD_SV,"2021-01-21 12:30:02",950,941,8,1,286,277,8,1,1020,734,280,4,2,79,18,19,34,84,2,0,3,1,1,2,16,17,0,0,0,2,1,0,0,0,0,0,0,0,0,1,0,0,0
16,DÂMBOVIŢA,"ŞCOALA GIMNAZIALĂ NR.3",76,"MUNICIPIUL MORENI",65841,1,PROV,PRCNCT,CD,CD_SV,"2021-01-21 12:30:02",961,949,12,0,266,254,12,0,1040,774,262,4,0,50,36,13,42,88,0,8,0,0,3,3,5,13,0,0,0,1,0,0,0,0,0,0,0,0,0,0,0,0,0
16,DÂMBOVIŢA,"ŞCOALA GIMNAZIALĂ NR.4",77,"MUNICIPIUL MORENI",65841,1,PROV,PRCNCT,CD,CD_SV,"2021-01-21 12:30:02",975,967,8,0,265,257,8,0,1060,795,259,6,0,52,23,8,39,92,0,1,0,3,2,1,19,16,2,0,0,0,0,0,1,0,0,0,0,0,0,0,0,0,0
16,DÂMBOVIŢA,"ŞCOALA GIMNAZIALĂ NR.4",78,"MUNICIPIUL MORENI",65841,1,PROV,PRCNCT,CD,CD_SV,"2021-01-21 12:30:02",658,646,12,0,152,140,12,0,700,548,148,3,1,24,14,10,21,48,0,1,0,1,0,3,6,19,1,0,0,0,0,0,0,0,0,0,0,0,0,0,0,0,0
16,DÂMBOVIŢA,"ŞCOALA GIMNAZIALĂ NR.4",79,"MUNICIPIUL MORENI",65841,1,PROV,PRCNCT,CD,CD_SV,"2021-01-21 12:30:02",874,863,11,0,234,223,11,0,940,706,225,9,0,46,17,13,24,74,0,1,1,2,2,5,17,22,0,0,0,0,0,0,0,0,1,0,0,0,0,0,0,0,0
16,DÂMBOVIŢA,"ŞCOALA GIMNAZIALĂ NR.4",80,"MUNICIPIUL MORENI",65841,2,PART,PRCNCT,CD,CD_SV,"2021-01-21 12:30:02",904,894,10,0,286,276,10,0,970,684,280,6,0,54,18,23,54,89,0,2,0,0,3,1,17,16,0,0,0,2,0,0,0,0,0,0,0,0,0,0,0,1,0
16,DÂMBOVIŢA,"ŞCOALA GIMNAZIALĂ NR.4",81,"MUNICIPIUL MORENI",65841,1,PROV,PRCNCT,CD,CD_SV,"2021-01-21 12:30:02",838,832,6,0,225,219,6,0,910,685,222,3,0,36,17,11,40,82,0,2,0,0,1,1,12,19,0,0,0,0,0,1,0,0,0,0,0,0,0,0,0,0,0
16,DÂMBOVIŢA,"SALA DE SPORT",82,"MUNICIPIUL MORENI",65841,1,PROV,PRCNCT,CD,CD_SV,"2021-01-21 12:30:02",748,730,18,0,225,207,18,0,790,565,220,5,0,51,16,15,15,94,0,0,0,1,1,1,10,14,0,0,0,0,0,0,0,0,0,1,0,0,0,1,0,0,0
16,DÂMBOVIŢA,"SALA DE SPORT",83,"MUNICIPIUL MORENI",65841,1,PROV,PRCNCT,CD,CD_SV,"2021-01-21 12:30:02",670,654,14,2,187,171,14,2,710,523,182,4,1,33,19,19,24,47,0,3,0,1,4,1,17,11,0,0,0,2,0,1,0,0,0,0,0,0,0,0,0,0,0
16,DÂMBOVIŢA,"LICEUL TEORETIC ”ION LUCA CARAGIALE”",84,"MUNICIPIUL MORENI",65841,1,PROV,PRCNCT,CD,CD_SV,"2021-01-21 12:30:02",735,707,18,10,215,187,18,10,770,555,211,4,0,49,11,7,25,76,3,1,6,3,2,1,10,15,0,0,0,0,0,0,0,0,1,0,0,0,0,0,1,0,0
16,DÂMBOVIŢA,"LICEUL TEHNOLOGIC DE PETROL",85,"MUNICIPIUL MORENI",65841,2,PART,PRCNCT,CD,CD_SV,"2021-01-21 12:30:02",1398,1388,10,0,328,318,10,0,1520,1192,325,3,0,51,37,7,48,113,1,3,0,0,2,3,24,30,1,0,0,2,0,0,0,0,0,0,1,0,0,0,0,1,1
16,DÂMBOVIŢA,"GRĂDINIȚA ”PINOCHIO” COSTEȘTI",86,"ORAŞ FIENI",65609,1,PROV,PRCNCT,CD,CD_SV,"2021-01-21 12:30:02",651,638,13,0,206,193,13,0,690,484,203,3,0,41,4,6,23,110,1,1,0,0,0,2,2,12,0,0,0,0,0,0,0,0,0,0,1,0,0,0,0,0,0
16,DÂMBOVIŢA,"GRĂDINIȚA ”PITICII” BEREVOIEȘTI",87,"ORAŞ FIENI",65609,1,PROV,PRCNCT,CD,CD_SV,"2021-01-21 12:30:02",567,557,9,1,181,171,9,1,600,419,176,2,3,25,9,2,23,85,1,0,0,2,1,2,3,19,0,0,0,0,0,1,0,0,1,0,0,0,0,0,0,1,1
16,DÂMBOVIŢA,"ȘCOALA GENERALĂ ”DIACONU CORESI” FIENI",88,"ORAŞ FIENI",65609,1,PROV,PRCNCT,CD,CD_SV,"2021-01-21 12:30:02",1587,1570,13,4,431,414,13,4,1720,1289,415,12,4,114,15,21,62,138,0,2,4,4,1,5,4,41,0,1,0,1,0,0,0,0,1,0,0,0,0,1,0,0,0
16,DÂMBOVIŢA,"GRUP ŞCOLAR INDUSTRIAL ”INGINER AUREL RAINU” FIENI",89,"ORAŞ FIENI",65609,2,PART,PRCNCT,CD,CD_SV,"2021-01-21 12:30:02",1478,1463,12,3,379,364,12,3,1600,1221,366,12,1,74,8,8,55,177,1,1,5,0,4,4,1,27,0,0,0,0,0,1,0,0,0,0,0,0,0,0,0,0,0
16,DÂMBOVIŢA,"GRUP ȘCOLAR INDUSTRIAL ”INGINER AUREL RAINU” FIENI",90,"ORAŞ FIENI",65609,1,PROV,PRCNCT,CD,CD_SV,"2021-01-21 12:30:02",1527,1503,21,3,421,397,21,3,1650,1229,410,9,2,85,21,18,66,170,0,0,0,2,2,4,2,37,1,0,0,0,0,0,0,0,1,0,0,0,0,1,0,0,0
16,DÂMBOVIŢA,"GRĂDINIŢA ”DUMBRAVA MINUNATĂ” FIENI",91,"ORAŞ FIENI",65609,1,PROV,PRCNCT,CD,CD_SV,"2021-01-21 12:30:02",609,591,17,1,154,136,17,1,640,486,150,2,2,25,11,6,22,56,1,2,0,0,3,1,3,19,0,0,0,1,0,0,0,0,0,0,0,0,0,0,0,0,0
16,DÂMBOVIŢA,"ȘCOALA GIMNAZIALĂ NR.1",92,"ORAŞ GĂEŞTI",65681,2,PART,PRCNCT,CD,CD_SV,"2021-01-21 12:30:02",908,889,18,1,341,322,18,1,990,649,329,9,3,85,14,33,24,143,1,1,2,3,0,4,0,16,0,0,0,1,0,0,1,0,0,0,0,0,1,0,0,0,0
16,DÂMBOVIŢA,"ȘCOALA GIMNAZIALĂ NR.1",93,"ORAŞ GĂEŞTI",65681,1,PROV,PRCNCT,CD,CD_SV,"2021-01-21 12:30:02",945,867,9,69,363,285,9,69,990,627,353,7,3,82,20,13,42,174,0,0,3,2,0,1,0,13,0,0,0,1,0,1,0,1,0,0,0,0,0,0,0,0,0
16,DÂMBOVIŢA,"LICEUL TEHNOLOGIC ” DOCTOR CONSTANTIN ANGELESCU”",94,"ORAŞ GĂEŞTI",65681,1,PROV,PRCNCT,CD,CD_SV,"2021-01-21 12:30:02",1252,1232,18,2,406,386,18,2,1350,944,396,10,0,103,28,32,46,150,2,1,2,2,0,5,1,17,1,1,1,1,0,0,0,0,0,0,0,0,2,0,0,0,1
16,DÂMBOVIŢA,"COLEGIUL NAȚIONAL ” VLADIMIR STREINU”",95,"ORAŞ GĂEŞTI",65681,1,PROV,PRCNCT,CD,CD_SV,"2021-01-21 12:30:02",1481,1460,19,2,535,514,19,2,1600,1065,530,3,2,175,28,59,41,191,0,3,1,2,3,1,6,9,1,0,1,4,0,0,0,1,1,1,0,0,0,0,1,0,1
16,DÂMBOVIŢA,"ȘCOALA GIMNAZIALĂ ”ȘERBAN CIOCULESCU”",96,"ORAŞ GĂEŞTI",65681,1,PROV,PRCNCT,CD,CD_SV,"2021-01-21 12:30:02",1325,1304,21,0,365,344,21,0,1430,1065,358,6,1,93,38,46,24,117,0,0,2,1,3,1,1,29,0,0,0,0,0,1,0,1,1,0,0,0,0,0,0,0,0
16,DÂMBOVIŢA,"ȘCOALA GIMNAZIALĂ ”ȘERBAN CIOCULESCU”",97,"ORAŞ GĂEŞTI",65681,1,PROV,PRCNCT,CD,CD_SV,"2021-01-21 12:30:02",838,821,17,0,222,205,17,0,900,678,218,3,1,66,17,25,20,63,0,1,0,0,0,0,0,23,1,0,0,1,0,0,0,0,0,0,0,0,0,0,0,0,1
16,DÂMBOVIŢA,"ȘCOALA GIMNAZIALĂ ”ȘERBAN CIOCULESCU”",98,"ORAŞ GĂEŞTI",65681,1,PROV,PRCNCT,CD,CD_SV,"2021-01-21 12:30:02",1218,1211,7,0,341,334,7,0,1320,979,337,3,1,90,15,31,34,127,0,2,1,0,1,4,3,24,0,0,1,0,0,0,0,1,1,1,1,0,0,0,0,0,0
16,DÂMBOVIŢA,"ȘCOALA GIMNAZIALĂ ”ȘERBAN CIOCULESCU”",99,"ORAŞ GĂEŞTI",65681,1,PROV,PRCNCT,CD,CD_SV,"2021-01-21 12:30:02",1327,1318,7,2,427,418,7,2,1440,1013,418,7,2,97,42,45,42,163,1,2,0,0,5,2,2,14,0,0,2,0,0,0,1,0,0,0,0,0,0,0,0,0,0
16,DÂMBOVIŢA,"ȘCOALA GIMNAZIALĂ ”RADU CEL MARE”",100,"ORAŞ GĂEŞTI",65681,1,PROV,PRCNCT,CD,CD_SV,"2021-01-21 12:30:02",698,650,48,0,242,194,48,0,710,468,236,4,2,79,15,18,18,93,0,0,0,0,2,0,2,9,0,0,0,0,0,0,0,0,0,0,0,0,0,0,0,0,0
16,DÂMBOVIŢA,"ȘCOALA GIMNAZIALĂ ”RADU CEL MARE”",101,"ORAŞ GĂEŞTI",65681,2,PART,PRCNCT,CD,CD_SV,"2021-01-21 12:30:02",1145,1134,9,2,377,366,9,2,1240,863,371,4,2,110,26,68,22,117,0,1,2,1,5,1,0,17,0,0,0,0,0,0,0,0,0,0,0,0,0,0,0,1,0
16,DÂMBOVIŢA,"ȘCOALA GIMNAZIALĂ ”RADU CEL MARE”",102,"ORAŞ GĂEŞTI",65681,1,PROV,PRCNCT,CD,CD_SV,"2021-01-21 12:30:02",1576,1562,14,0,465,451,14,0,1710,1245,451,11,3,154,44,39,30,145,0,3,7,3,0,3,1,21,0,0,0,0,0,0,0,0,0,0,0,0,0,0,0,0,1
16,DÂMBOVIŢA,"ȘCOALA GENERALĂ NR.2 PUCIOASA",103,"ORAŞ PUCIOASA",65921,1,PROV,PRCNCT,CD,CD_SV,"2021-01-21 12:30:02",1277,1257,18,2,365,345,18,2,1380,1015,356,8,1,92,10,15,77,122,1,0,4,1,1,0,5,22,0,0,0,1,1,0,1,1,0,0,0,0,0,0,0,1,1
16,DÂMBOVIŢA,"GRĂDINIȚA DIACONEȘTI NR.9",104,"ORAŞ PUCIOASA",65921,1,PROV,PRCNCT,CD,CD_SV,"2021-01-21 12:30:02",848,833,15,0,239,224,15,0,910,671,226,13,0,47,17,12,33,82,1,1,2,1,1,4,3,20,0,0,0,1,0,0,0,0,1,0,0,0,0,0,0,0,0
16,DÂMBOVIŢA,"ȘCOALA GIMNAZIALĂ ”MIHAI VITEAZUL” PUCIOASA",105,"ORAŞ PUCIOASA",65921,1,PROV,PRCNCT,CD,CD_SV,"2021-01-21 12:30:02",1050,1026,24,0,350,326,24,0,1120,770,347,2,1,99,17,10,70,116,0,1,2,2,1,4,2,21,0,1,0,0,0,0,0,1,0,0,0,0,0,0,0,0,0
16,DÂMBOVIŢA,"ȘCOALA GIMNAZIALĂ ”MIHAI VITEAZUL” PUCIOASA",106,"ORAŞ PUCIOASA",65921,1,PROV,PRCNCT,CD,CD_SV,"2021-01-21 12:30:02",1187,1172,14,1,351,336,14,1,1280,929,337,12,2,89,19,13,53,110,2,1,6,1,1,0,2,35,1,1,0,1,0,1,0,0,1,0,0,0,0,0,0,0,0
16,DÂMBOVIŢA,"GRĂDINIȚA NR. 1 PUCIOASA",107,"ORAŞ PUCIOASA",65921,1,PROV,PRCNCT,CD,CD_SV,"2021-01-21 12:30:02",877,856,21,0,274,253,21,0,930,656,269,2,3,71,8,13,49,105,0,0,1,0,3,0,3,15,0,0,0,0,0,0,0,0,0,0,0,0,0,0,1,0,0
16,DÂMBOVIŢA,"ȘCOALA GIMNAZIALĂ ”DONICI ELENA CANTACUZINO” PUCIOASA",108,"ORAŞ PUCIOASA",65921,1,PROV,PRCNCT,CD,CD_SV,"2021-01-21 12:30:02",1332,1301,12,19,394,363,12,19,1430,1036,384,10,0,80,19,17,67,156,0,3,3,2,5,3,5,18,1,0,0,3,0,0,0,0,0,0,0,0,1,0,0,0,1
16,DÂMBOVIŢA,"ȘCOALA GIMNAZIALĂ ELENA DONICI CANTACUZINO",109,"ORAŞ PUCIOASA",65921,1,PROV,PRCNCT,CD,CD_SV,"2021-01-21 12:30:02",1157,1136,20,1,317,296,20,1,1250,933,307,8,2,58,19,11,63,118,1,2,1,1,0,3,1,26,0,0,0,1,0,0,0,0,1,0,0,0,1,0,0,0,0
16,DÂMBOVIŢA,"GRĂDINIȚA NR.2 PUCIOASA",110,"ORAŞ PUCIOASA",65921,1,PROV,PRCNCT,CD,CD_SV,"2021-01-21 12:30:02",1136,1113,18,5,363,340,18,5,1230,867,353,6,4,86,17,6,86,112,1,2,2,0,4,4,3,27,1,0,0,0,0,0,0,0,0,0,0,1,1,0,0,0,0
16,DÂMBOVIŢA,"GRĂDINIȚA NR. 3 PUCIOASA",111,"ORAŞ PUCIOASA",65921,1,PROV,PRCNCT,CD,CD_SV,"2021-01-21 12:30:02",1142,1122,20,0,324,304,20,0,1240,916,315,8,1,62,18,8,59,126,1,0,1,0,3,5,2,21,2,0,1,3,0,0,0,0,0,0,1,1,0,0,0,0,1
16,DÂMBOVIŢA,"ȘCOALA GIMNAZIALĂ NR. 3 PUCIOASA",112,"ORAŞ PUCIOASA",65921,1,PROV,PRCNCT,CD,CD_SV,"2021-01-21 12:30:02",1251,1241,10,0,283,273,10,0,1370,1087,278,3,2,51,11,6,44,124,0,5,2,2,1,4,0,26,0,0,0,0,0,0,0,0,0,1,0,0,0,0,0,1,0
16,DÂMBOVIŢA,"ȘCOALA GIMNAZIALĂ NR. 5 GLODENI",113,"ORAŞ PUCIOASA",65921,1,PROV,PRCNCT,CD,CD_SV,"2021-01-21 12:30:02",1042,1031,11,0,237,226,11,0,1140,903,234,2,1,54,7,5,39,87,2,0,0,1,0,3,0,30,0,0,1,2,0,2,0,0,0,0,0,1,0,0,0,0,0
16,DÂMBOVIŢA,"ȘCOALA GIMNAZIALĂ MALURI",114,"ORAŞ PUCIOASA",65921,1,PROV,PRCNCT,CD,CD_SV,"2021-01-21 12:30:02",104,94,10,0,42,32,10,0,100,58,41,1,0,3,2,6,4,21,1,0,0,0,0,1,0,3,0,0,0,0,0,0,0,0,0,0,0,0,0,0,0,0,0
16,DÂMBOVIŢA,"ȘCOALA GIMNAZIALĂ PUCIOASA-SAT",115,"ORAŞ PUCIOASA",65921,1,PROV,PRCNCT,CD,CD_SV,"2021-01-21 12:30:02",362,355,7,0,130,123,7,0,390,260,126,3,1,21,8,4,18,55,1,1,0,0,2,2,0,8,1,1,1,1,0,0,0,0,1,0,0,0,0,0,0,0,1
16,DÂMBOVIŢA,"LICEUL TEORETIC ”ION GHICA” RĂCARI",116,"ORAŞ RĂCARI",68627,1,PROV,PRCNCT,CD,CD_SV,"2021-01-21 12:30:02",881,842,21,18,345,306,21,18,930,585,335,7,3,133,20,6,27,111,1,1,1,2,1,0,1,30,0,0,0,0,0,0,0,1,0,0,0,0,0,0,0,0,0
16,DÂMBOVIŢA,"LICEUL TEORETIC” ION GHICA” RACARI",117,"ORAŞ RĂCARI",68627,2,PART,PRCNCT,CD,CD_SV,"2021-01-21 12:30:02",881,817,29,35,350,286,29,35,900,550,341,4,5,111,14,13,22,141,1,1,2,1,0,4,3,26,0,0,1,1,0,0,0,0,0,0,0,0,0,0,0,0,0
16,DÂMBOVIŢA,"ȘCOALA GENERALĂ GHERGANI",118,"ORAŞ RĂCARI",68627,1,PROV,PRCNCT,CD,CD_SV,"2021-01-21 12:30:02",706,582,33,91,345,221,33,91,640,295,333,8,4,180,14,5,20,94,2,1,1,1,0,1,2,12,0,0,0,0,0,0,0,0,0,0,0,0,0,0,0,0,0
16,DÂMBOVIŢA,"GRĂDINIȚA MAVRODIN",119,"ORAŞ RĂCARI",68627,1,PROV,PRCNCT,CD,CD_SV,"2021-01-21 12:30:02",827,791,27,9,284,248,27,9,870,586,273,6,5,125,9,7,14,73,4,3,0,0,0,3,0,28,1,0,0,0,0,5,0,0,0,0,0,0,0,0,0,0,1
16,DÂMBOVIŢA,"CĂMINUL CULTURAL GHIMPAȚI",120,"ORAŞ RĂCARI",68627,1,PROV,PRCNCT,CD,CD_SV,"2021-01-21 12:30:02",681,629,29,23,357,305,29,23,690,333,345,10,2,201,13,3,22,77,2,0,1,0,1,1,1,21,0,0,1,1,0,0,0,0,0,0,0,0,0,0,0,0,0
16,DÂMBOVIŢA,"ȘCOALA GENERALĂ COLACU",121,"ORAŞ RĂCARI",68627,1,PROV,PRCNCT,CD,CD_SV,"2021-01-21 12:30:02",733,689,32,12,263,219,32,12,770,507,250,9,4,116,20,7,9,72,1,0,1,2,2,2,0,12,0,0,0,0,1,0,0,2,0,1,0,0,0,1,1,0,0
16,DÂMBOVIŢA,"GRĂDINIȚA SĂBIEȘTI",122,"ORAŞ RĂCARI",68627,1,PROV,PRCNCT,CD,CD_SV,"2021-01-21 12:30:02",709,613,27,69,284,190,27,67,680,396,273,7,4,139,5,3,2,102,3,0,0,1,3,0,1,10,0,0,0,1,0,1,0,0,0,0,0,0,1,0,0,1,0
16,DÂMBOVIŢA,"ȘCOALA GIMNAZIALA NR. 2 TITU",123,"ORAŞ TITU",66081,1,PROV,PRCNCT,CD,CD_SV,"2021-01-21 12:30:02",1260,1243,17,0,363,346,17,0,1370,1007,349,11,3,110,24,30,10,130,0,0,0,1,0,3,3,34,3,0,0,0,0,0,0,0,0,0,0,0,0,0,0,1,0
16,DÂMBOVIŢA,"ȘCOALA GIMNAZIALA NR. 2 TITU",124,"ORAŞ TITU",66081,1,PROV,PRCNCT,CD,CD_SV,"2021-01-21 12:30:02",1027,1019,8,0,325,317,8,0,1120,795,308,13,4,76,30,25,19,105,0,1,2,0,4,3,3,37,0,0,1,0,0,0,0,0,0,0,0,1,1,0,0,0,0
16,DÂMBOVIŢA,"ȘCOALA SĂLCUȚA",125,"ORAŞ TITU",66081,1,PROV,PRCNCT,CD,CD_SV,"2021-01-21 12:30:02",1112,1097,15,0,327,312,15,0,1210,883,316,9,2,112,14,7,15,109,2,1,0,2,2,4,1,41,2,0,0,1,0,1,0,1,1,0,0,0,0,0,0,0,0
16,DÂMBOVIŢA,"ȘCOALA GIMNAZIALA PICTOR NICOLAE GRIGORESCU",126,"ORAŞ TITU",66081,1,PROV,PRCNCT,CD,CD_SV,"2021-01-21 12:30:02",1328,1293,34,1,495,460,34,1,1420,925,483,12,0,134,24,29,48,183,2,0,1,2,0,3,7,47,1,0,0,0,0,0,0,1,0,0,0,0,1,0,0,0,0
16,DÂMBOVIŢA,"LICEUL TEORETIC IANCU C.VISARION",127,"ORAŞ TITU",66081,1,PROV,PRCNCT,CD,CD_SV,"2021-01-21 12:30:02",1137,1124,13,0,329,316,13,0,1240,911,320,9,0,79,41,19,29,113,0,0,3,0,2,0,2,32,0,0,0,0,0,0,0,0,0,0,0,0,0,0,0,0,0
16,DÂMBOVIŢA,"LICEUL TEORETIC IANCU .C.VISARION",128,"ORAŞ TITU",66081,1,PROV,PRCNCT,CD,CD_SV,"2021-01-21 12:30:02",1260,1247,13,0,369,356,13,0,1380,1011,359,9,1,76,20,18,48,157,0,2,0,0,1,1,4,31,0,0,0,0,0,0,0,0,0,0,0,0,0,1,0,0,0
16,DÂMBOVIŢA,"LICEUL TEORETIC IANCU .C.VISARION",129,"ORAŞ TITU",66081,2,PART,PRCNCT,CD,CD_SV,"2021-01-21 12:30:02",1282,1266,16,0,437,421,16,0,1390,953,422,14,1,101,41,23,51,158,0,0,2,1,1,0,5,37,0,0,0,0,0,0,0,1,1,0,0,0,0,0,0,0,0
16,DÂMBOVIŢA,"ŞCOALA GIMNAZIALĂ ANINOASA",130,ANINOASA,65379,1,PROV,PRCNCT,CD,CD_SV,"2021-01-21 12:30:02",1056,1027,29,0,386,357,29,0,1130,744,379,7,0,87,28,14,48,178,1,3,2,1,0,2,2,12,0,0,1,0,0,0,0,0,0,0,0,0,0,0,0,0,0
16,DÂMBOVIŢA,"ŞCOALA GIMNAZIALĂ ANINOASA",131,ANINOASA,65379,1,PROV,PRCNCT,CD,CD_SV,"2021-01-21 12:30:02",998,973,24,1,359,334,24,1,1070,711,355,4,0,78,18,12,25,190,0,1,1,2,6,2,1,19,0,0,0,0,0,0,0,0,0,0,0,0,0,0,0,0,0
16,DÂMBOVIŢA,"ŞCOALA GIMNAZIALĂ ANINOASA",132,ANINOASA,65379,1,PROV,PRCNCT,CD,CD_SV,"2021-01-21 12:30:02",1078,1023,55,0,430,375,55,0,1130,700,421,6,3,126,19,13,44,169,2,0,2,1,0,5,2,30,1,0,0,2,0,0,2,0,0,1,1,0,1,0,0,0,0
16,DÂMBOVIŢA,"ŞCOALA GIMNAZIALĂ ANINOASA",133,ANINOASA,65379,1,PROV,PRCNCT,CD,CD_SV,"2021-01-21 12:30:02",1085,1024,61,0,377,316,61,0,1120,743,369,5,3,119,11,19,40,145,0,1,1,1,2,2,4,21,1,0,0,1,0,0,0,0,0,1,0,0,0,0,0,0,0
16,DÂMBOVIŢA,"ŞCOALA GIMNAZIALĂ ANINOASA",134,ANINOASA,65379,1,PROV,PRCNCT,CD,CD_SV,"2021-01-21 12:30:02",1308,1286,22,0,396,374,22,0,1420,1024,388,8,0,80,12,17,55,165,0,3,3,4,1,1,2,44,0,0,0,0,0,0,0,0,0,0,0,0,0,0,1,0,0
16,DÂMBOVIŢA,"ŞCOALA PROFESIONALĂ BĂLENI",135,BĂLENI,66198,1,PROV,PRCNCT,CD,CD_SV,"2021-01-21 12:30:02",1566,1546,20,0,446,426,20,0,1700,1254,434,8,4,109,32,14,21,184,1,3,13,1,4,3,0,43,0,1,0,1,0,0,0,0,3,0,0,0,0,0,0,0,1
16,DÂMBOVIŢA,"LICEUL TEHNOLOGIC UDREA BĂLEANU",136,BĂLENI,66198,1,PROV,PRCNCT,CD,CD_SV,"2021-01-21 12:30:02",1495,1481,14,0,413,399,14,0,1630,1217,391,17,5,75,30,10,21,171,1,2,2,1,3,2,0,55,1,0,1,12,0,1,0,2,1,0,0,0,0,0,0,0,0
16,DÂMBOVIŢA,"LICEUL TEHNOLOGIC UDREA BĂLEANU",137,BĂLENI,66198,2,PART,PRCNCT,CD,CD_SV,"2021-01-21 12:30:02",940,924,16,0,276,260,16,0,1020,744,270,4,2,34,19,5,17,148,1,2,4,1,3,1,1,29,0,0,1,1,0,1,0,0,1,0,0,0,0,0,0,0,1
16,DÂMBOVIŢA,"GĂDINIȚA CU PROGRAM NORMAL BĂLENI",138,BĂLENI,66198,1,PROV,PRCNCT,CD,CD_SV,"2021-01-21 12:30:02",1390,1382,8,0,486,478,8,0,1520,1034,466,14,6,68,36,5,30,246,1,2,4,2,0,2,2,59,1,0,1,1,0,0,2,0,3,0,0,0,0,0,0,0,1
16,DÂMBOVIŢA,"GRĂDINIȚA CU PROGRAM NORMAL BĂLENI",139,BĂLENI,66198,1,PROV,PRCNCT,CD,CD_SV,"2021-01-21 12:30:02",1424,1415,9,0,424,415,9,0,1557,1133,385,36,3,57,21,5,20,210,2,0,7,1,2,2,1,35,2,1,1,8,0,1,3,2,1,0,0,0,1,1,0,0,1
16,DÂMBOVIŢA,"ŞCOALA GIMNAZIALĂ CU CLASELE I-VIII GURA BĂRBULEȚULUI",140,BĂRBULEŢU,66223,1,PROV,PRCNCT,CD,CD_SV,"2021-01-21 12:30:02",616,469,147,0,368,221,147,0,510,142,358,8,2,35,33,7,8,237,0,1,0,0,1,5,1,28,0,0,0,0,0,0,0,0,0,0,0,0,1,0,0,0,1
16,DÂMBOVIŢA,"AFTER SCHOOL BĂRBULEŢU",141,BĂRBULEŢU,66223,1,PROV,PRCNCT,CD,CD_SV,"2021-01-21 12:30:02",1340,1325,14,1,442,427,14,1,1460,1018,425,13,4,64,26,19,18,253,2,3,0,2,2,10,1,17,1,0,1,0,2,0,0,1,0,0,1,0,0,0,0,2,0
16,DÂMBOVIŢA,"GRĂDINIŢA NR. 1 BEZDEAD",142,BEZDEAD,66330,3,PART,PRCNCT,CD,CD_SV,"2021-01-21 12:30:02",1533,1495,25,13,489,451,25,13,1650,1161,480,6,3,263,24,10,28,114,1,0,0,1,3,1,3,26,1,0,0,0,0,0,0,1,0,0,4,0,0,0,0,0,0
16,DÂMBOVIŢA,"ŞCOALA GIMNAZIALĂ ”VASILE VOICULESCU” BEZDEAD",143,BEZDEAD,66330,1,PROV,PRCNCT,CD,CD_SV,"2021-01-21 12:30:02",1361,1335,23,3,365,339,23,3,1500,1135,353,10,2,167,40,6,20,76,1,0,1,2,3,3,1,27,0,0,0,1,0,0,0,1,1,0,1,0,2,0,0,0,0
16,DÂMBOVIŢA,"GRĂDINIŢA MĂGURA",144,BEZDEAD,66330,1,PROV,PRCNCT,CD,CD_SV,"2021-01-21 12:30:02",857,824,22,11,251,218,22,11,910,659,247,4,0,124,12,4,17,63,0,1,0,0,0,3,1,20,0,0,0,1,0,0,0,0,0,0,0,0,1,0,0,0,0
16,DÂMBOVIŢA,"CĂMINUL CULTURAL",145,BILCIUREŞTI,66401,1,PROV,PRCNCT,CD,CD_SV,"2021-01-21 12:30:02",1547,1487,60,0,614,554,60,0,1640,1026,593,17,4,115,38,14,9,344,3,1,1,1,6,3,0,54,0,0,0,1,0,1,0,1,0,1,0,0,0,0,0,0,0
16,DÂMBOVIŢA,"ŞCOALA ”SPIRU HARET” BRANIŞTEA, CLASELE I-IV, SALA DE CLASA NR. 1",146,BRANIŞTEA,66152,1,PROV,PRCNCT,CD,CD_SV,"2021-01-21 12:30:02",1201,1181,17,3,413,393,17,3,1300,887,405,2,6,45,9,10,14,289,1,0,3,1,3,2,0,23,0,0,1,1,0,0,1,2,0,0,0,0,0,0,0,0,0
16,DÂMBOVIŢA,"ŞCOALA ”SPIRU HARET” BRANIŞTEA, CLASELE I-IV, SALA DE CLASA NR. 2",147,BRANIŞTEA,66152,1,PROV,PRCNCT,CD,CD_SV,"2021-01-21 12:30:02",1114,1088,17,9,428,402,17,9,1200,772,419,7,2,54,5,10,20,304,0,0,0,0,2,0,1,22,0,0,0,0,0,1,0,0,0,0,0,0,0,0,0,0,0
16,DÂMBOVIŢA,"ŞCOALA ”SPIRU HARET” BRANIŞTEA, CLASELE I-IV, SALA DE CLASA NR. 1",148,BRANIŞTEA,66152,1,PROV,PRCNCT,CD,CD_SV,"2021-01-21 12:30:02",878,866,12,0,280,268,12,0,950,670,273,5,2,31,7,10,3,183,2,2,0,0,1,3,1,27,1,0,0,2,0,0,0,0,0,0,0,0,0,0,0,0,0
16,DÂMBOVIŢA,"CLĂDIREA ADMINISTRATIVĂ A CONSILIULUI LOCAL BRANIŞTEA",149,BRANIŞTEA,66152,1,PROV,PRCNCT,CD,CD_SV,"2021-01-21 12:30:02",151,130,21,0,85,64,21,0,140,55,84,1,0,8,2,1,1,69,0,0,0,0,0,1,0,1,0,0,0,1,0,0,0,0,0,0,0,0,0,0,0,0,0
16,DÂMBOVIŢA,"CENTRUL DE CULTURĂ ŞI TRADIŢIE POPULARĂ BRĂNEŞTI",150,BRĂNEŞTI,66009,1,PROV,PRCNCT,CD,CD_SV,"2021-01-21 12:30:02",1291,1269,22,0,426,404,22,0,1390,964,420,4,2,105,15,4,98,142,0,0,0,1,2,3,8,36,1,0,1,1,0,0,0,0,0,0,0,1,1,0,0,0,1
16,DÂMBOVIŢA,"ŞCOALA GIMNAZIALĂ BRĂNEŞTI",151,BRĂNEŞTI,66009,1,PROV,PRCNCT,CD,CD_SV,"2021-01-21 12:30:02",1465,1449,14,2,394,378,14,2,1600,1206,388,5,1,101,14,17,78,127,2,0,0,0,2,2,8,31,1,1,1,0,0,0,0,0,2,1,0,0,0,0,0,0,0
16,DÂMBOVIŢA,"GRĂDINIŢA CU PROGRAM NORMAL PRIBOIU",152,BRĂNEŞTI,66009,1,PROV,PRCNCT,CD,CD_SV,"2021-01-21 12:30:02",822,809,13,0,271,258,13,0,890,619,266,4,1,76,13,10,62,80,0,1,1,0,2,0,4,16,0,0,0,0,0,0,0,0,0,0,0,0,0,0,1,0,0
16,DÂMBOVIŢA,"ȘCOALA GIMNAZIALĂ BREZOAELE",153,BREZOAELE,101341,1,PROV,PRCNCT,CD,CD_SV,"2021-01-21 12:30:02",1105,1090,15,0,496,481,15,0,1210,714,481,9,6,194,16,14,22,179,3,4,4,0,6,0,4,29,2,0,0,0,0,1,0,1,1,0,0,0,0,0,0,0,1
16,DÂMBOVIŢA,"ȘCOALA GIMNAZIALĂ BREZOAIA",154,BREZOAELE,101341,1,PROV,PRCNCT,CD,CD_SV,"2021-01-21 12:30:02",798,792,6,0,276,270,6,0,870,594,260,12,4,106,11,9,13,89,0,0,0,4,2,0,0,24,0,0,1,0,0,1,0,0,0,0,0,0,0,0,0,0,0
16,DÂMBOVIŢA,"ȘCOALA GIMNAZIALĂ BREZOAIA",155,BREZOAELE,101341,1,PROV,PRCNCT,CD,CD_SV,"2021-01-21 12:30:02",990,984,6,0,363,357,6,0,1080,717,348,13,2,144,16,1,18,117,1,3,2,4,1,2,1,36,1,0,0,1,0,0,0,0,0,0,0,0,0,0,0,0,0
16,DÂMBOVIŢA,"GRĂDINIṬA CU PROGRAM NORMAL",156,BUCIUMENI,66438,1,PROV,PRCNCT,CD,CD_SV,"2021-01-21 12:30:02",1498,1475,17,6,467,444,17,6,1620,1153,448,17,2,104,16,17,46,214,1,0,0,1,3,3,8,29,0,0,0,1,0,0,0,1,0,1,0,0,0,1,0,0,2
16,DÂMBOVIŢA,"ṢCOALA GENERALĂ",157,BUCIUMENI,66438,2,PART,PRCNCT,CD,CD_SV,"2021-01-21 12:30:02",1181,1156,19,6,336,311,19,6,1270,934,327,6,3,80,5,7,35,153,1,1,3,0,2,3,4,30,0,0,1,1,0,0,0,0,0,1,0,0,0,0,0,0,0
16,DÂMBOVIŢA,"ṢCOALA PRIMARĂ ṢI GRĂDINIṬA CU PROGRAM NORMAL",158,BUCIUMENI,66438,1,PROV,PRCNCT,CD,CD_SV,"2021-01-21 12:30:02",1037,1015,14,8,335,313,14,8,1120,785,331,3,1,37,9,2,13,234,2,1,1,3,2,2,1,22,0,0,0,0,0,0,0,1,0,0,0,0,0,0,1,0,0
16,DÂMBOVIŢA,"ȘCOALA GIMNAZIALĂ ”DORA DALLES” BUCȘANI",159,BUCŞANI,66474,1,PROV,PRCNCT,CD,CD_SV,"2021-01-21 12:30:02",1495,1485,10,0,458,448,10,0,1640,1182,450,7,1,80,25,15,34,238,1,1,1,2,1,3,2,39,3,0,0,1,0,0,0,0,1,0,1,0,1,0,0,0,1
16,DÂMBOVIŢA,"ȘCOALA GIMNAZIALĂ ”DORA DALLES” BUCȘANI",160,BUCŞANI,66474,1,PROV,PRCNCT,CD,CD_SV,"2021-01-21 12:30:02",1456,1445,11,0,448,437,11,0,1590,1142,441,4,3,86,33,19,29,215,1,1,2,3,4,3,1,39,1,0,1,2,0,0,0,0,0,0,0,0,1,0,0,0,0
16,DÂMBOVIŢA,"ȘCOALA GENERALĂ HĂBENI",161,BUCŞANI,66474,1,PROV,PRCNCT,CD,CD_SV,"2021-01-21 12:30:02",1101,1093,8,0,316,308,8,0,1200,884,305,5,6,46,17,12,24,156,1,0,1,1,2,3,1,38,0,0,0,2,0,0,0,1,0,0,0,0,0,0,0,0,0
16,DÂMBOVIŢA,"ȘCOALA GENERALĂ RACOVIȚA",162,BUCŞANI,66474,1,PROV,PRCNCT,CD,CD_SV,"2021-01-21 12:30:02",1052,1037,15,0,278,263,15,0,1140,862,268,9,1,37,18,9,14,146,1,1,1,0,1,3,0,22,0,0,0,14,0,0,0,0,0,0,0,0,0,0,0,0,1
16,DÂMBOVIŢA,"ȘCOALA GENERALĂ RĂȚOAIA",163,BUCŞANI,66474,1,PROV,PRCNCT,CD,CD_SV,"2021-01-21 12:30:02",407,385,22,0,208,186,22,0,420,212,204,2,2,68,9,4,6,89,0,1,1,1,1,0,4,17,0,0,0,1,0,0,0,0,1,0,0,0,0,0,1,0,0
16,DÂMBOVIŢA,"ȘCOALA GIMNAZIALĂ BUTIMANU",164,BUTIMANU,101564,1,PROV,PRCNCT,CD,CD_SV,"2021-01-21 12:30:02",1507,1426,68,13,640,559,68,13,1570,930,604,31,5,333,32,72,12,97,3,4,1,3,2,7,2,31,0,0,0,2,0,0,0,1,1,0,0,0,0,0,0,1,0
16,DÂMBOVIŢA,"ȘCOALA GIMNAZIALĂ LUCIANCA",165,BUTIMANU,101564,1,PROV,PRCNCT,CD,CD_SV,"2021-01-21 12:30:02",435,416,17,2,167,148,17,2,460,293,166,0,1,81,6,21,4,38,0,1,0,0,3,0,1,7,0,0,0,0,0,1,0,0,0,0,0,0,1,1,1,0,0
16,DÂMBOVIŢA,"CĂMIN CULTURAL CÎNDEȘTI VALE",166,CÂNDEŞTI,66526,1,PROV,PRCNCT,CD,CD_SV,"2021-01-21 12:30:02",1020,975,41,4,427,382,41,4,1070,643,413,11,3,93,14,17,22,233,0,1,0,0,1,1,5,25,0,0,0,0,0,1,0,0,0,0,0,0,0,0,0,0,0
16,DÂMBOVIŢA,"CĂMINUL CULTURAL DRAGODĂNEȘTI",167,CÂNDEŞTI,66526,1,PROV,PRCNCT,CD,CD_SV,"2021-01-21 12:30:02",668,648,18,2,302,282,18,2,720,418,298,3,1,43,31,16,17,169,1,2,0,0,0,4,5,6,0,0,0,1,0,0,1,0,0,0,0,1,0,0,0,1,0
16,DÂMBOVIŢA,"CĂMIN CULTURAL CÎNDEȘTI DEAL",168,CÂNDEŞTI,66526,1,PROV,PRCNCT,CD,CD_SV,"2021-01-21 12:30:02",197,170,26,1,108,81,26,1,190,82,107,1,0,31,6,11,3,50,0,0,0,0,2,1,1,2,0,0,0,0,0,0,0,0,0,0,0,0,0,0,0,0,0
16,DÂMBOVIŢA,"ȘCOALA CU CLASELE I-IV VALEA MARE",169,CÂNDEŞTI,66526,1,PROV,PRCNCT,CD,CD_SV,"2021-01-21 12:30:02",110,97,13,0,67,54,13,0,110,43,66,0,1,6,1,1,3,47,1,1,0,1,0,0,0,4,0,0,0,1,0,0,0,0,0,0,0,0,0,0,0,0,0
16,DÂMBOVIŢA,"ȘCOALA CU CLASELE I-IV STURZENI",170,CÂNDEŞTI,66526,1,PROV,PRCNCT,CD,CD_SV,"2021-01-21 12:30:02",410,395,15,0,137,122,15,0,440,303,130,5,2,21,5,8,5,69,0,1,0,0,1,2,3,14,0,0,0,0,0,0,0,0,0,0,0,0,0,0,0,1,0
16,DÂMBOVIŢA,"ȘCOALA CU CLASELE I-VIII CIOCĂNEȘTI",171,CIOCĂNEŞTI,101840,1,PROV,PRCNCT,CD,CD_SV,"2021-01-21 12:30:02",764,757,7,0,164,157,7,0,830,666,159,4,1,64,6,7,7,38,3,0,0,0,1,1,1,25,1,0,0,4,0,0,0,1,0,0,0,0,0,0,0,0,0
16,DÂMBOVIŢA,"ȘCOALA CU CLASELE I - VIII CIOCĂNEȘTI",172,CIOCĂNEŞTI,101840,1,PROV,PRCNCT,CD,CD_SV,"2021-01-21 12:30:02",928,914,14,0,202,188,14,0,1010,808,197,4,1,87,14,3,10,54,0,0,0,0,0,1,0,24,0,0,0,3,0,0,0,0,0,0,0,0,0,0,0,0,1
16,DÂMBOVIŢA,"GRĂDINIȚA DE COPII",173,CIOCĂNEŞTI,101840,1,PROV,PRCNCT,CD,CD_SV,"2021-01-21 12:30:02",378,375,3,0,114,111,3,0,410,296,110,3,1,55,4,2,3,38,0,0,1,0,1,0,0,6,0,0,0,0,0,0,0,0,0,0,0,0,0,0,0,0,0
16,DÂMBOVIŢA,"ȘCOALA CU CLASELE I-VIII URZICEANCA",174,CIOCĂNEŞTI,101840,2,PART,PRCNCT,CD,CD_SV,"2021-01-21 12:30:02",1161,1142,19,0,380,361,19,0,1260,880,367,11,2,140,13,8,8,155,0,1,1,1,1,2,0,28,0,3,0,0,0,0,1,1,0,0,0,0,2,1,1,0,0
16,DÂMBOVIŢA,"ȘCOALA CU CLASELE I-VIII VIZUREȘTI",175,CIOCĂNEŞTI,101840,1,PROV,PRCNCT,CD,CD_SV,"2021-01-21 12:30:02",890,878,12,0,241,229,12,0,970,729,233,6,2,82,4,2,6,100,0,1,0,0,0,3,1,28,0,0,0,2,1,0,0,2,0,0,0,0,0,0,0,0,1
16,DÂMBOVIŢA,"ŞCOALA MĂNĂSTIREA",176,COBIA,66580,1,PROV,PRCNCT,CD,CD_SV,"2021-01-21 12:30:02",426,404,14,8,189,167,14,8,450,261,182,6,1,17,8,5,3,129,1,2,0,0,1,1,0,14,0,0,0,0,0,0,0,0,0,0,0,0,1,0,0,0,0
16,DÂMBOVIŢA,"ȘCOALA GHERGHIȚEȘTI",177,COBIA,66580,1,PROV,PRCNCT,CD,CD_SV,"2021-01-21 12:30:02",947,898,28,21,455,406,28,21,990,535,442,9,4,54,13,13,14,318,1,2,1,1,4,0,2,15,0,1,0,2,0,0,0,0,1,0,0,0,0,0,0,0,0
16,DÂMBOVIŢA,"GRĂDINIŢA MISLEA",178,COBIA,66580,1,PROV,PRCNCT,CD,CD_SV,"2021-01-21 12:30:02",657,633,18,6,272,248,18,6,700,428,267,4,1,38,18,15,11,157,1,0,0,0,5,0,1,16,0,1,1,0,0,0,0,1,1,0,0,0,0,0,0,0,1
16,DÂMBOVIŢA,"ŞCOALA FRASIN DEAL",179,COBIA,66580,1,PROV,PRCNCT,CD,CD_SV,"2021-01-21 12:30:02",586,558,21,7,266,238,21,7,610,344,259,3,4,37,11,18,12,160,0,0,0,0,0,1,1,17,0,0,0,0,1,0,0,0,0,0,0,0,1,0,0,0,0
16,DÂMBOVIŢA,"ŞCOALA GIMNAZIALĂ COJASCA",180,COJASCA,66697,1,PROV,PRCNCT,CD,CD_SV,"2021-01-21 12:30:02",958,917,41,0,323,282,41,0,1010,687,314,8,1,86,9,7,4,173,0,2,0,0,2,1,0,22,0,0,0,1,0,1,0,1,0,0,1,1,1,0,0,1,1
16,DÂMBOVIŢA,"ŞCOALA GIMNAZIALĂ COJASCA",181,COJASCA,66697,1,PROV,PRCNCT,CD,CD_SV,"2021-01-21 12:30:02",705,688,17,0,175,158,17,0,760,585,163,12,0,38,3,1,6,85,0,1,0,0,1,1,0,25,0,0,0,1,0,0,0,0,0,0,0,0,0,1,0,0,0
16,DÂMBOVIŢA,"ŞCOALA CU CLASELE I-IV IAZU",182,COJASCA,66697,1,PROV,PRCNCT,CD,CD_SV,"2021-01-21 12:30:02",1366,1346,20,0,486,466,20,0,1490,1004,458,21,7,283,5,19,2,111,2,1,0,1,2,0,0,28,2,1,0,1,0,0,0,0,0,0,0,0,0,0,0,0,0
16,DÂMBOVIŢA,"ŞCOALA CU CLASELE I-IV IAZU",183,COJASCA,66697,1,PROV,PRCNCT,CD,CD_SV,"2021-01-21 12:30:02",774,769,5,0,328,323,5,0,850,522,303,16,9,196,5,8,0,62,0,1,1,2,0,0,1,23,0,0,0,2,0,0,0,1,1,0,0,0,0,0,0,0,0
16,DÂMBOVIŢA,"ŞCOALA GIMNAZIALĂ FÎNTÎNELE",184,COJASCA,66697,1,PROV,PRCNCT,CD,CD_SV,"2021-01-21 12:30:02",1060,1025,35,0,218,183,35,0,1130,912,207,9,2,9,6,1,0,175,0,1,0,1,2,0,0,6,0,0,0,4,0,0,0,0,0,0,0,0,1,1,0,0,0
16,DÂMBOVIŢA,"ŞCOALA GIMNAZIALĂ FÎNTÎNELE",185,COJASCA,66697,2,PART,PRCNCT,CD,CD_SV,"2021-01-21 12:30:02",945,929,16,0,180,164,16,0,1020,840,165,14,1,7,3,4,1,142,0,1,0,1,0,0,1,4,0,0,0,0,0,0,0,0,0,0,0,0,1,0,0,0,0
16,DÂMBOVIŢA,"CAMINUL CULTURAL",186,COMIŞANI,66731,1,PROV,PRCNCT,CD,CD_SV,"2021-01-21 12:30:02",1584,1528,52,4,621,565,52,4,1680,1059,596,20,5,90,29,13,59,342,2,4,5,1,5,1,6,35,0,0,0,1,0,1,0,1,0,0,0,0,0,0,0,1,0
16,DÂMBOVIŢA,"CAMINUL CULTURAL COMISANI",187,COMIŞANI,66731,1,PROV,PRCNCT,CD,CD_SV,"2021-01-21 12:30:02",1385,1357,25,3,491,463,25,3,1490,999,480,7,4,76,29,10,34,255,0,3,9,0,2,5,3,46,0,0,0,3,0,1,1,0,1,0,1,0,0,0,0,0,1
16,DÂMBOVIŢA,"SCOALA GENERALA I-IV COMISANI(STR.HELESTEULUI NR.2)",188,COMIŞANI,66731,1,PROV,PRCNCT,CD,CD_SV,"2021-01-21 12:30:02",1459,1425,28,6,488,454,28,6,1570,1082,467,16,5,70,25,8,16,264,1,1,5,3,2,2,3,57,0,0,0,3,0,1,1,0,0,0,1,1,0,0,1,2,0
16,DÂMBOVIŢA,"ŞCOALA CU CLASELE I-IV CONŢEŞTI, LOCALITATEA CONŢEŞTI, STRADA PRIMĂRIEI, NR. 444",189,CONŢEŞTI,66768,1,PROV,PRCNCT,CD,CD_SV,"2021-01-21 12:30:02",726,709,17,0,180,163,17,0,780,600,176,3,1,23,12,10,15,88,0,0,0,1,2,1,3,18,0,0,0,0,0,0,0,1,0,0,0,0,0,2,0,0,0
16,DÂMBOVIŢA,"ŞCOALA CONŢEŞTI, LOCALITATEA CONŢEŞTI, STRADA GĂRII, NR. 192",190,CONŢEŞTI,66768,1,PROV,PRCNCT,CD,CD_SV,"2021-01-21 12:30:02",463,449,14,0,103,89,14,0,490,387,98,4,1,19,12,6,12,41,0,0,0,0,1,0,4,2,0,0,0,1,0,0,0,0,0,0,0,0,0,0,0,0,0
16,DÂMBOVIŢA,"ŞCOALA CU CLASELE I-IV BOTENI, LOCALITATEA BOTENI, STRADA AEROPORTULUI, NR. 308G",191,CONŢEŞTI,66768,1,PROV,PRCNCT,CD,CD_SV,"2021-01-21 12:30:02",721,708,13,0,181,168,13,0,790,609,171,6,4,15,27,3,9,90,0,0,0,0,2,2,1,21,0,0,0,0,0,0,0,0,0,0,0,0,1,0,0,0,0
16,DÂMBOVIŢA,"CĂMIN CULTURAL BĂLTENI, LOCALITATEA BĂLTENI, STRADA EROILOR, NR. 66",192,CONŢEŞTI,66768,1,PROV,PRCNCT,CD,CD_SV,"2021-01-21 12:30:02",702,690,12,0,145,133,12,0,760,615,132,12,1,4,1,21,6,63,1,0,1,1,3,0,1,3,0,0,0,26,0,0,0,1,0,0,0,0,0,0,0,0,0
16,DÂMBOVIŢA,"GRĂDINIŢA BĂLTENI, LOCALITATEA BĂLTENI, STRADA EROILOR, NR. 235",193,CONŢEŞTI,66768,1,PROV,PRCNCT,CD,CD_SV,"2021-01-21 12:30:02",821,810,11,0,181,170,11,0,890,709,169,11,1,23,7,6,14,100,0,2,0,0,0,0,0,16,0,0,0,0,0,1,0,0,0,0,0,0,0,0,0,0,0
16,DÂMBOVIŢA,"ŞCOALA GIMNAZIALĂ CORBII MARI",194,"CORBII MARI",66857,1,PROV,PRCNCT,CD,CD_SV,"2021-01-21 12:30:02",1418,1392,26,0,534,508,26,0,1540,1006,515,15,4,36,18,17,21,382,1,2,0,1,0,1,2,30,1,0,0,2,0,0,0,0,0,0,0,0,0,0,0,1,0
16,DÂMBOVIŢA,"ŞCOALA PRIMARĂ VADU STANCHII",195,"CORBII MARI",66857,1,PROV,PRCNCT,CD,CD_SV,"2021-01-21 12:30:02",388,374,14,0,126,112,14,0,410,284,122,4,0,9,8,1,1,85,2,0,1,0,0,1,0,12,1,0,0,0,0,0,0,1,0,0,0,0,0,0,0,0,0
16,DÂMBOVIŢA,"ŞCOALA GIMNAZIALĂ PETREŞTI",196,"CORBII MARI",66857,1,PROV,PRCNCT,CD,CD_SV,"2021-01-21 12:30:02",535,524,11,0,177,166,11,0,580,403,173,3,1,26,13,2,2,104,0,1,2,0,2,0,0,16,2,1,0,0,1,0,0,0,0,0,0,0,0,1,0,0,0
16,DÂMBOVIŢA,"ŞCOALA GIMNAZIALĂ GROZĂVEŞTI I",197,"CORBII MARI",66857,1,PROV,PRCNCT,CD,CD_SV,"2021-01-21 12:30:02",635,625,10,0,206,196,10,0,690,484,189,14,3,50,10,1,2,110,1,0,0,0,0,0,0,13,0,1,0,0,0,0,0,0,1,0,0,0,0,0,0,0,0
16,DÂMBOVIŢA,"ŞCOALA PRIMARĂ NR. 2 GROZĂVEŞTI",198,"CORBII MARI",66857,1,PROV,PRCNCT,CD,CD_SV,"2021-01-21 12:30:02",1022,1007,15,0,296,281,15,0,1120,824,285,7,4,47,6,2,4,189,1,2,0,0,0,1,2,24,1,0,0,3,0,1,0,1,0,0,0,0,1,0,0,0,0
16,DÂMBOVIŢA,"GRĂDINIŢA CU PROGRAM NORMAL UNGURENI",199,"CORBII MARI",66857,1,PROV,PRCNCT,CD,CD_SV,"2021-01-21 12:30:02",868,857,11,0,384,373,11,0,950,566,367,11,6,58,16,10,4,236,0,1,0,0,2,1,0,35,1,0,0,1,0,1,0,0,0,0,0,0,0,0,0,1,0
16,DÂMBOVIŢA,"GRĂDINIŢA NR. 1 UNGURENI",200,"CORBII MARI",66857,1,PROV,PRCNCT,CD,CD_SV,"2021-01-21 12:30:02",666,645,21,0,278,257,21,0,710,432,266,6,6,38,12,8,8,152,1,3,2,0,3,1,0,33,0,0,0,1,0,1,0,0,0,0,0,0,1,0,0,1,1
16,DÂMBOVIŢA,"ŞCOALA PRIMARĂ SATU NOU",201,"CORBII MARI",66857,1,PROV,PRCNCT,CD,CD_SV,"2021-01-21 12:30:02",394,384,10,0,155,145,10,0,420,265,153,1,1,27,7,3,3,85,1,0,0,0,0,3,0,21,0,0,0,2,0,0,0,0,0,0,0,0,1,0,0,0,0
16,DÂMBOVIŢA,"GRĂDINIŢA CU PROGRAM NORMAL BĂRĂCENI",202,"CORBII MARI",66857,1,PROV,PRCNCT,CD,CD_SV,"2021-01-21 12:30:02",422,410,12,0,157,145,12,0,450,293,151,3,3,21,4,3,4,104,0,2,0,1,0,2,0,9,0,0,0,1,0,0,0,0,0,0,0,0,0,0,0,0,0
16,DÂMBOVIŢA,"ŞCOALA CU CLASELE I - VIII CORNĂŢELU",203,CORNĂŢELU,66955,1,PROV,PRCNCT,CD,CD_SV,"2021-01-21 12:30:02",330,291,37,2,169,130,37,2,320,151,160,6,3,84,7,2,9,38,0,1,0,2,1,1,0,14,0,0,0,0,0,0,0,0,1,0,0,0,0,0,0,0,0
16,DÂMBOVIŢA,"ŞCOALA CU CLASELE I - IV BOLOVANI",204,CORNĂŢELU,66955,1,PROV,PRCNCT,CD,CD_SV,"2021-01-21 12:30:02",583,510,73,0,297,224,73,0,560,263,292,4,1,143,30,4,5,92,2,1,0,0,1,1,1,11,0,0,0,0,0,0,0,1,0,0,0,0,0,0,0,0,0
16,DÂMBOVIŢA,"ŞCOALA CU CLASELE I - IV ALUNIŞU",205,CORNĂŢELU,66955,2,PART,PRCNCT,CD,CD_SV,"2021-01-21 12:30:02",283,263,20,0,139,119,20,0,290,151,129,9,1,93,3,1,1,20,0,0,0,1,0,0,0,9,0,0,0,0,0,0,0,0,0,0,0,0,0,0,1,0,0
16,DÂMBOVIŢA,"ŞCOALA PRIMARĂ BUJOREANCA",206,CORNEŞTI,67014,1,PROV,PRCNCT,CD,CD_SV,"2021-01-21 12:30:02",377,362,15,0,100,85,15,0,400,300,95,5,0,45,7,1,4,28,0,0,1,0,2,2,0,3,0,0,1,0,0,0,1,0,0,0,0,0,0,0,0,0,0
16,DÂMBOVIŢA,"ŞCOALA GIMNAZIALĂ CĂTUNU",207,CORNEŞTI,67014,1,PROV,PRCNCT,CD,CD_SV,"2021-01-21 12:30:02",705,681,24,0,247,223,24,0,750,503,240,6,1,83,7,16,9,98,0,3,2,1,1,2,0,17,0,1,0,0,0,0,0,0,0,0,0,0,0,0,0,0,0
16,DÂMBOVIŢA,"ŞCOALA GIMNAZIALĂ CORNEŞTI",208,CORNEŞTI,67014,1,PROV,PRCNCT,CD,CD_SV,"2021-01-21 12:30:02",1343,1320,21,2,341,318,21,2,1450,1109,334,7,0,109,29,17,30,86,2,2,0,2,5,8,0,41,0,0,0,2,0,0,0,0,1,0,0,0,0,0,0,0,0
16,DÂMBOVIŢA,"ŞCOALA PRIMARĂ CRIVĂŢU",209,CORNEŞTI,67014,1,PROV,PRCNCT,CD,CD_SV,"2021-01-21 12:30:02",223,211,12,0,80,68,12,0,230,150,79,0,1,12,4,9,1,41,0,0,0,1,0,1,3,5,0,0,1,0,0,0,0,1,0,0,0,0,0,0,0,0,0
16,DÂMBOVIŢA,"ŞCOALA GIMNAZIALĂ FRASINU",210,CORNEŞTI,67014,1,PROV,PRCNCT,CD,CD_SV,"2021-01-21 12:30:02",510,498,12,0,138,126,12,0,550,412,133,2,3,59,8,7,3,30,0,1,0,1,0,1,0,19,0,0,1,0,0,0,0,1,0,0,0,0,0,1,0,0,1
16,DÂMBOVIŢA,"ŞCOALA PRIMARĂ IBRIANU",211,CORNEŞTI,67014,1,PROV,PRCNCT,CD,CD_SV,"2021-01-21 12:30:02",615,596,19,0,190,171,19,0,660,470,183,6,1,60,12,2,9,62,0,1,0,0,0,1,0,34,0,0,1,0,0,0,0,0,0,0,0,0,0,0,0,1,0
16,DÂMBOVIŢA,"ŞCOALA PRIMARĂ”GRIGORE STĂNESCU ” POSTÎRNACU",212,CORNEŞTI,67014,1,PROV,PRCNCT,CD,CD_SV,"2021-01-21 12:30:02",704,691,13,0,188,175,13,0,770,582,185,3,0,59,17,16,23,46,1,0,0,1,0,4,0,16,0,0,0,0,0,0,0,1,1,0,0,0,0,0,0,0,0
16,DÂMBOVIŢA,"ŞCOALA PRIMARĂ UNGURENI",213,CORNEŞTI,67014,1,PROV,PRCNCT,CD,CD_SV,"2021-01-21 12:30:02",709,693,16,0,264,248,16,0,760,496,260,4,0,118,16,11,7,73,1,2,0,0,0,0,1,30,0,0,0,0,0,0,0,0,0,0,0,0,1,0,0,0,0
16,DÂMBOVIŢA,"GRĂDINIȚA CU PROGRAM NORMAL NR. 1 COSTEȘTII DIN VALE",214,"COSTEŞTII DIN VALE",67121,1,PROV,PRCNCT,CD,CD_SV,"2021-01-21 12:30:02",428,418,10,0,137,127,10,0,460,323,135,2,0,39,7,5,4,60,0,0,0,0,1,1,0,17,0,0,1,0,0,0,0,0,0,0,0,0,0,0,0,0,0
16,DÂMBOVIŢA,"ȘCOALA GIMNAZIALĂ COSTEȘTII DIN VALE",215,"COSTEŞTII DIN VALE",67121,1,PROV,PRCNCT,CD,CD_SV,"2021-01-21 12:30:02",1247,1241,4,2,311,305,4,2,1370,1059,291,18,2,74,8,9,10,142,0,0,0,2,0,2,0,34,0,0,0,9,1,0,0,0,0,0,0,0,0,0,0,0,0
16,DÂMBOVIŢA,"ȘCOALA GIMNAZIALĂ TOMȘANI",216,"COSTEŞTII DIN VALE",67121,1,PROV,PRCNCT,CD,CD_SV,"2021-01-21 12:30:02",1051,1037,14,0,321,307,14,0,1140,819,311,8,2,91,18,30,14,126,0,2,0,0,1,0,0,27,0,0,1,0,0,1,0,0,0,0,0,0,0,0,0,0,0
16,DÂMBOVIŢA,"ŞCOALA GENERALĂ BĂDULEŞTI",217,CRÂNGURILE,67167,1,PROV,PRCNCT,CD,CD_SV,"2021-01-21 12:30:02",1193,1151,42,0,415,373,42,0,1270,855,403,12,0,70,33,10,23,225,0,1,1,1,3,1,0,30,0,0,1,2,0,0,0,0,1,0,0,0,0,0,0,0,1
16,DÂMBOVIŢA,"ŞCOALA GIMNAZIALĂ PĂTROAIA VALE",218,CRÂNGURILE,67167,1,PROV,PRCNCT,CD,CD_SV,"2021-01-21 12:30:02",947,916,31,0,337,306,31,0,1010,673,321,14,2,73,20,6,13,182,0,4,0,0,4,3,1,9,0,0,1,2,0,0,0,0,0,0,0,1,0,0,0,1,1
16,DÂMBOVIŢA,"ŞCOALA PRIMARĂ VOIA",219,CRÂNGURILE,67167,2,PART,PRCNCT,CD,CD_SV,"2021-01-21 12:30:02",617,608,9,0,186,177,9,0,670,484,172,12,2,8,1,29,1,122,0,1,0,0,1,0,0,5,0,0,0,3,1,0,0,0,0,0,0,0,0,0,0,0,0
16,DÂMBOVIŢA,"ŞCOALA GENERALĂ CREVEDIA",220,CREVEDIA,102286,1,PROV,PRCNCT,CD,CD_SV,"2021-01-21 12:30:02",1308,1250,58,0,334,276,58,0,1370,1036,314,15,5,62,10,15,47,140,0,7,0,0,2,3,0,24,0,0,0,0,0,0,0,1,1,1,0,0,0,1,0,0,0
16,DÂMBOVIŢA,"CĂMIN CULTURAL",221,CREVEDIA,102286,1,PROV,PRCNCT,CD,CD_SV,"2021-01-21 12:30:02",685,643,42,0,223,181,42,0,710,487,218,5,0,58,9,11,41,81,0,0,1,1,3,1,2,9,0,0,0,0,0,0,0,1,0,0,0,0,0,0,0,0,0
16,DÂMBOVIŢA,"ŞCOALA GIMNAZIALĂ DÂRZA",222,CREVEDIA,102286,1,PROV,PRCNCT,CD,CD_SV,"2021-01-21 12:30:02",1452,1417,35,0,441,406,35,0,1570,1129,433,8,0,61,12,21,126,168,0,2,1,0,2,3,4,33,0,0,0,0,0,0,0,0,0,0,0,0,0,0,0,0,0
16,DÂMBOVIŢA,"GRĂDINIŢA CU PROGRAM NORMAL",223,CREVEDIA,102286,1,PROV,PRCNCT,CD,CD_SV,"2021-01-21 12:30:02",1314,1244,70,0,468,398,70,0,1370,902,455,10,3,91,14,15,76,208,4,1,0,2,6,2,3,28,0,0,1,1,0,0,0,1,0,1,0,0,0,0,0,0,1
16,DÂMBOVIŢA,"ŞCOALA CU CLASELE I-IV",224,CREVEDIA,102286,1,PROV,PRCNCT,CD,CD_SV,"2021-01-21 12:30:02",389,369,20,0,131,111,20,0,410,279,127,0,4,25,3,5,7,57,0,1,0,0,3,0,0,23,0,0,0,0,0,0,0,1,0,0,0,0,0,0,0,1,1
16,DÂMBOVIŢA,"ȘCOALA DĂRMĂNEȘTI",225,DĂRMĂNEŞTI,67256,1,PROV,PRCNCT,CD,CD_SV,"2021-01-21 12:30:02",1388,1362,26,0,400,374,26,0,1500,1100,380,18,2,112,19,12,73,111,0,1,10,1,0,3,2,35,0,0,0,0,0,0,0,0,0,0,0,1,0,0,0,0,0
16,DÂMBOVIŢA,"CĂMIN CULTURAL",226,DĂRMĂNEŞTI,67256,1,PROV,PRCNCT,CD,CD_SV,"2021-01-21 12:30:02",1607,1590,17,0,487,470,17,0,1760,1273,474,11,2,145,26,5,66,161,0,2,12,0,2,3,5,42,0,0,0,1,0,0,1,0,3,0,0,0,0,0,0,0,0
16,DÂMBOVIŢA,"ȘCOALA MĂRGINENII DE SUS",227,DĂRMĂNEŞTI,67256,2,PART,PRCNCT,CD,CD_SV,"2021-01-21 12:30:02",872,860,9,3,301,289,9,3,947,646,294,6,1,117,17,9,24,97,0,0,0,3,1,1,1,22,0,1,0,1,0,0,0,0,0,0,0,0,0,0,0,0,0
16,DÂMBOVIŢA,"ȘCOALA PREOT PANAIT GEORGESCU",228,DOBRA,67292,1,PROV,PRCNCT,CD,CD_SV,"2021-01-21 12:30:02",1474,1427,47,0,630,583,47,0,1570,940,619,5,6,90,21,49,14,399,2,1,2,2,1,1,2,30,0,0,0,0,1,0,1,0,3,0,0,0,0,0,0,0,0
16,DÂMBOVIŢA,"ȘCOALA ÎNVĂȚĂTOR IULIAN RUSU",229,DOBRA,67292,2,PART,PRCNCT,CD,CD_SV,"2021-01-21 12:30:02",1560,1522,37,1,574,536,37,1,1680,1106,555,14,5,56,15,88,20,322,0,4,0,5,6,0,3,32,0,0,0,0,0,0,2,0,0,0,0,0,2,0,0,0,0
16,DÂMBOVIŢA,"ȘCOALA GIMNAZIALĂ NR.3 DOICEȘTI",230,DOICEŞTI,65413,1,PROV,PRCNCT,CD,CD_SV,"2021-01-21 12:30:02",1560,1543,16,1,369,352,16,1,1700,1331,360,6,3,54,27,20,30,186,1,2,2,1,2,2,2,29,0,0,0,0,0,1,0,0,1,0,0,0,0,0,0,0,0
16,DÂMBOVIŢA,"GRĂDINIŢA CU PROGRAM NORMAL NR.2",231,DOICEŞTI,65413,1,PROV,PRCNCT,CD,CD_SV,"2021-01-21 12:30:02",1548,1526,17,5,408,386,17,5,1680,1272,402,6,0,64,32,14,54,185,1,1,0,1,1,1,6,37,0,0,0,0,0,1,0,1,0,0,0,0,0,1,0,0,2
16,DÂMBOVIŢA,"GRĂDINIȚA CU PROGRAM NORMAL NR. 3 DOICEȘTI",232,DOICEŞTI,65413,1,PROV,PRCNCT,CD,CD_SV,"2021-01-21 12:30:02",860,844,16,0,228,212,16,0,930,702,217,10,1,43,8,6,21,104,0,1,0,1,5,4,1,22,1,0,0,0,0,0,0,0,0,0,0,0,0,0,0,0,0
16,DÂMBOVIŢA,"ȘCOALA DRAGODANA",233,DRAGODANA,67327,1,PROV,PRCNCT,CD,CD_SV,"2021-01-21 12:30:02",1344,1306,38,0,396,358,38,0,1440,1044,381,13,2,70,33,39,33,161,0,1,0,3,0,7,2,24,3,0,0,1,0,0,0,1,0,0,1,0,0,0,0,1,1
16,DÂMBOVIŢA,"ȘCOALA BURDUCA",234,DRAGODANA,67327,1,PROV,PRCNCT,CD,CD_SV,"2021-01-21 12:30:02",1036,991,45,0,383,338,45,0,1090,707,373,9,1,145,22,10,10,162,0,2,3,0,3,4,1,8,0,0,0,1,0,0,0,0,1,1,0,0,0,0,0,0,0
16,DÂMBOVIŢA,"GRĂDINIȚA PICIOR DE MUNTE",235,DRAGODANA,67327,1,PROV,PRCNCT,CD,CD_SV,"2021-01-21 12:30:02",1429,1408,21,0,394,373,21,0,1550,1156,381,9,4,75,37,12,22,172,0,0,0,0,3,2,2,53,0,0,0,1,0,0,0,1,0,0,0,0,0,0,0,0,1
16,DÂMBOVIŢA,"ȘCOALA NR.2 PICIOR DE MUNTE - BOBOCI",236,DRAGODANA,67327,1,PROV,PRCNCT,CD,CD_SV,"2021-01-21 12:30:02",1086,1074,12,0,311,299,12,0,1180,869,305,3,3,69,34,11,27,134,2,0,0,0,2,3,3,18,0,0,0,0,0,1,0,0,1,0,0,0,0,0,0,0,0
16,DÂMBOVIŢA,"ȘCOALA NR.2 PICIOR DE MUNTE - BOBOCI",237,DRAGODANA,67327,2,PART,PRCNCT,CD,CD_SV,"2021-01-21 12:30:02",720,701,19,0,199,180,19,0,770,571,194,4,1,41,21,10,21,85,0,0,0,0,2,1,2,11,0,0,0,0,0,0,0,0,0,0,0,0,0,0,0,0,0
16,DÂMBOVIŢA,"ŞCOALA GIMNAZIALĂ DRAGOMIREŞTI",238,DRAGOMIREŞTI,67407,2,PART,PRCNCT,CD,CD_SV,"2021-01-21 12:30:02",1804,1788,16,0,670,654,16,0,1970,1300,647,20,3,144,29,19,50,328,1,2,6,2,2,3,4,48,0,0,2,3,0,1,0,2,0,0,0,0,0,0,0,1,0
16,DÂMBOVIŢA,"ŞCOALA GIMNAZIALĂ DECINDENI –DRAGOMIREŞTI",239,DRAGOMIREŞTI,67407,1,PROV,PRCNCT,CD,CD_SV,"2021-01-21 12:30:02",1045,1031,14,0,458,444,14,0,1140,682,440,10,8,76,30,12,29,241,2,2,2,4,0,3,4,28,3,1,0,1,0,0,0,0,0,0,0,0,0,1,0,0,1
16,DÂMBOVIŢA,"ŞCOALA GIMNAZIALĂ DECINDENI-DRAGOMIREŞTI",240,DRAGOMIREŞTI,67407,1,PROV,PRCNCT,CD,CD_SV,"2021-01-21 12:30:02",1029,1020,9,0,366,357,9,0,1120,754,353,11,2,60,10,16,23,210,1,2,0,2,2,0,3,19,1,0,0,0,0,1,0,1,0,2,0,0,0,0,0,0,0
16,DÂMBOVIŢA,"ŞCOALA GIMNAZIALĂ RȊNCĂCIOV-DRAGOMIREŞTI",241,DRAGOMIREŞTI,67407,1,PROV,PRCNCT,CD,CD_SV,"2021-01-21 12:30:02",862,850,12,0,272,260,12,0,930,658,263,9,0,33,31,4,17,124,0,2,1,0,2,3,1,39,0,1,0,1,1,0,0,1,0,1,0,1,0,0,0,0,0
16,DÂMBOVIŢA,"ŞCOALA GIMNAZIALĂ RȊNCĂCIOV-DRAGOMIREŞTI",242,DRAGOMIREŞTI,67407,1,PROV,PRCNCT,CD,CD_SV,"2021-01-21 12:30:02",784,771,13,0,258,245,13,0,850,592,253,4,1,52,20,11,15,115,2,2,0,0,3,2,4,26,1,0,0,0,0,0,0,0,0,0,0,0,0,0,0,0,0
16,DÂMBOVIŢA,"ŞCOALA GIMNAZIALĂ UNGURENI-DRAGOMIREŞTI",243,DRAGOMIREŞTI,67407,1,PROV,PRCNCT,CD,CD_SV,"2021-01-21 12:30:02",1103,1090,13,0,330,317,13,0,1200,870,302,23,5,39,11,12,12,141,3,2,1,0,1,2,1,48,0,0,0,21,0,0,0,7,0,0,0,0,1,0,0,0,0
16,DÂMBOVIŢA,"CĂMINUL CULTURAL MOGOŞEŞTI",244,DRAGOMIREŞTI,67407,1,PROV,PRCNCT,CD,CD_SV,"2021-01-21 12:30:02",498,479,19,0,253,234,19,0,530,277,243,7,3,36,7,8,21,156,0,1,0,0,0,2,0,8,0,1,1,1,0,0,0,1,0,0,0,0,0,0,0,0,0
16,DÂMBOVIŢA,"GRĂDINIŢA GEANGOEŞTI-DRAGOMIREŞTI",245,DRAGOMIREŞTI,67407,1,PROV,PRCNCT,CD,CD_SV,"2021-01-21 12:30:02",303,289,14,0,101,87,14,0,320,219,97,4,0,10,2,10,6,57,1,1,0,0,0,1,1,6,0,0,0,1,0,0,0,0,1,0,0,0,0,0,0,0,0
16,DÂMBOVIŢA,"ŞCOALA GENERALĂ FINTA",246,FINTA,67470,1,PROV,PRCNCT,CD,CD_SV,"2021-01-21 12:30:02",1013,998,14,1,330,315,14,1,1100,770,324,5,1,150,29,11,22,81,1,2,0,2,1,3,1,18,1,0,0,0,1,0,0,1,0,0,0,0,0,0,0,0,0
16,DÂMBOVIŢA,"ŞCOALA BECHINEŞTI",247,FINTA,67470,1,PROV,PRCNCT,CD,CD_SV,"2021-01-21 12:30:02",629,610,19,0,197,178,19,0,670,473,189,7,1,89,13,5,11,47,0,1,2,0,1,1,1,16,0,0,0,1,0,0,0,1,0,0,0,0,0,0,0,0,0
16,DÂMBOVIŢA,"CĂMIN CULTURAL GHEBOAIA",248,FINTA,67470,1,PROV,PRCNCT,CD,CD_SV,"2021-01-21 12:30:02",914,900,14,0,284,270,14,0,990,706,272,10,2,110,13,10,51,70,1,1,0,0,1,2,2,8,0,0,0,1,1,0,1,0,0,0,0,0,0,0,0,0,0
16,DÂMBOVIŢA,"CĂMIN CULTURAL GHEBOAIA",249,FINTA,67470,1,PROV,PRCNCT,CD,CD_SV,"2021-01-21 12:30:02",804,794,10,0,200,190,10,0,870,670,194,6,0,76,9,8,27,48,1,1,0,1,0,5,0,18,0,0,0,0,0,0,0,0,0,0,0,0,0,0,0,0,0
16,DÂMBOVIŢA,"ȘCOALA ”BUICĂ IONESCU”",250,GLODENI,67522,2,PART,PRCNCT,CD,CD_SV,"2021-01-21 12:30:02",1593,1577,13,3,411,395,13,3,1740,1329,398,12,1,153,14,16,42,114,2,2,1,3,4,6,1,36,1,0,0,1,0,0,0,0,0,0,0,1,0,0,0,1,0
16,DÂMBOVIŢA,"ȘCOALA ”BUICĂ IONESCU”",251,GLODENI,67522,1,PROV,PRCNCT,CD,CD_SV,"2021-01-21 12:30:02",1166,1151,12,3,305,290,12,3,1270,965,289,10,6,115,9,25,27,74,1,2,0,0,4,1,1,27,0,0,0,1,0,0,0,0,1,0,0,0,0,0,0,0,1
16,DÂMBOVIŢA,"GRĂDINȚA LĂCULEȚE",252,GLODENI,67522,1,PROV,PRCNCT,CD,CD_SV,"2021-01-21 12:30:02",728,698,15,15,239,209,15,15,770,531,233,4,2,103,9,6,19,65,2,1,1,1,2,1,2,17,1,0,0,1,0,0,1,0,0,0,0,0,1,0,0,0,0
16,DÂMBOVIŢA,"ŞCOALA GIMNAZIALĂ GURA FOII",253,"GURA FOII",65707,1,PROV,PRCNCT,CD,CD_SV,"2021-01-21 12:30:02",1268,1220,48,0,527,479,48,0,1350,823,524,3,0,81,64,28,22,286,1,2,1,3,1,3,2,26,1,0,1,0,1,0,0,0,1,0,0,0,0,0,0,0,0
16,DÂMBOVIŢA,"GRĂDINIŢA BUMBUIA",254,"GURA FOII",65707,1,PROV,PRCNCT,CD,CD_SV,"2021-01-21 12:30:02",394,369,25,0,202,177,25,0,410,208,196,5,1,27,18,7,3,127,0,0,0,1,0,2,0,10,0,0,0,0,0,0,0,0,0,0,0,0,0,0,0,1,0
16,DÂMBOVIŢA,"SALA DE FESTIVITĂŢI FĂGETU",255,"GURA FOII",65707,1,PROV,PRCNCT,CD,CD_SV,"2021-01-21 12:30:02",336,295,41,0,179,138,41,0,330,151,167,11,1,22,53,1,4,70,0,0,0,1,0,2,0,13,0,0,0,1,0,0,0,0,0,0,0,0,0,0,0,0,0
16,DÂMBOVIŢA,"ȘCOALA CU CLASELE. I-VIII GURA OCNIȚEI",256,"GURA OCNIŢEI",67595,1,PROV,PRCNCT,CD,CD_SV,"2021-01-21 12:30:02",1402,1373,26,3,349,320,26,3,1510,1161,342,6,1,40,14,13,29,175,1,0,1,0,2,6,3,47,1,0,0,7,0,1,0,0,0,0,0,0,0,1,1,0,0
16,DÂMBOVIŢA,"ȘCOALA CU CLASELE. I-VIII GURA OCNIȚEI",257,"GURA OCNIŢEI",67595,1,PROV,PRCNCT,CD,CD_SV,"2021-01-21 12:30:02",1533,1505,15,13,435,407,15,13,1650,1215,426,7,2,98,14,10,38,231,0,1,1,0,2,0,0,28,1,0,1,0,0,0,0,1,0,0,0,0,0,0,0,0,0
16,DÂMBOVIŢA,"ȘCOALA CU CLASELE. I-VIII ADÂNCA",258,"GURA OCNIŢEI",67595,1,PROV,PRCNCT,CD,CD_SV,"2021-01-21 12:30:02",1544,1499,29,16,557,512,29,16,1670,1113,542,9,6,108,13,9,34,320,1,1,1,0,2,5,2,42,0,0,0,0,0,1,0,1,0,0,0,0,0,0,0,0,2
16,DÂMBOVIŢA,"ȘCOALA CU CLASELE. I-VIII SĂCUENI",259,"GURA OCNIŢEI",67595,1,PROV,PRCNCT,CD,CD_SV,"2021-01-21 12:30:02",1566,1522,44,0,573,529,44,0,1680,1107,560,13,0,125,25,11,42,293,1,1,0,1,6,6,2,41,2,0,1,1,0,0,0,1,1,0,0,0,0,0,0,0,0
16,DÂMBOVIŢA,"ȘCOALA GIMNAZIALӐ GURA ȘUȚII",260,"GURA ŞUŢII",67648,1,PROV,PRCNCT,CD,CD_SV,"2021-01-21 12:30:02",914,879,21,14,335,300,21,14,970,635,329,6,0,43,13,6,10,223,0,1,0,1,0,2,3,23,0,0,0,4,0,0,0,0,0,0,0,0,0,0,0,0,0
16,DÂMBOVIŢA,"ȘCOALA GIMNAZIALӐ GURA ȘUȚII",261,"GURA ŞUŢII",67648,1,PROV,PRCNCT,CD,CD_SV,"2021-01-21 12:30:02",926,893,13,20,352,319,13,20,980,628,342,4,6,37,18,12,10,242,1,0,0,0,5,0,0,12,0,0,0,3,0,0,0,2,0,0,0,0,0,0,0,0,0
16,DÂMBOVIŢA,"GRӐDINIȚA CU PROGRAM NORMAL GURA ȘUȚII,CORPUL B",262,"GURA ŞUŢII",67648,2,PART,PRCNCT,CD,CD_SV,"2021-01-21 12:30:02",1046,1001,16,29,455,410,16,29,1110,655,450,5,0,59,22,0,14,329,1,2,0,2,0,0,0,18,0,0,0,2,0,0,0,0,0,0,0,0,0,0,0,0,1
16,DÂMBOVIŢA,"ȘCOALA GIMNAZIALӐ SPERIEȚENI",263,"GURA ŞUŢII",67648,2,PART,PRCNCT,CD,CD_SV,"2021-01-21 12:30:02",1519,1468,18,33,440,389,18,33,1620,1180,422,10,8,87,25,12,14,247,0,1,0,2,2,6,0,21,0,0,1,1,0,0,1,0,0,0,0,0,1,0,0,0,1
16,DÂMBOVIŢA,"ȘCOALA GIMNAZIALĂ NR. 1 HULUBEȘTI",264,HULUBEŞTI,67675,2,PART,PRCNCT,CD,CD_SV,"2021-01-21 12:30:02",698,666,32,0,286,254,32,0,730,444,278,4,4,54,15,27,31,130,0,2,0,1,0,0,1,14,0,0,0,1,0,0,0,0,1,0,1,0,0,0,0,0,0
16,DÂMBOVIŢA,"GRĂDINIŢA CU PROGRAM NORMAL MĂGURA",265,HULUBEŞTI,67675,1,PROV,PRCNCT,CD,CD_SV,"2021-01-21 12:30:02",552,537,14,1,241,226,14,1,590,349,233,7,1,22,14,15,13,128,0,4,2,1,1,2,0,28,0,0,0,1,0,0,0,1,0,0,0,0,0,0,0,0,1
16,DÂMBOVIŢA,"ŞCOALA GIMNAZIALĂ BUTOIU DE JOS",266,HULUBEŞTI,67675,1,PROV,PRCNCT,CD,CD_SV,"2021-01-21 12:30:02",795,782,11,2,243,230,11,2,860,617,232,8,3,35,14,16,8,136,1,0,0,0,2,2,1,14,0,0,1,0,0,0,0,0,0,0,1,0,0,0,0,0,1
16,DÂMBOVIŢA,"GRĂDINIŢA CU PROGRAM NORMAL BUTOIU DE SUS",267,HULUBEŞTI,67675,2,PART,PRCNCT,CD,CD_SV,"2021-01-21 12:30:02",646,631,15,0,255,240,15,0,690,435,247,5,3,20,4,24,9,171,0,1,0,1,0,1,1,13,0,0,1,0,0,0,0,0,0,0,0,0,0,0,0,1,0
16,DÂMBOVIŢA,"ȘCOALA GIMNAZIALĂ NR. 1 GHIRDOVENI",268,"I. L. CARAGIALE",67737,1,PROV,PRCNCT,CD,CD_SV,"2021-01-21 12:30:02",1485,1472,12,1,504,491,12,1,1630,1126,492,10,2,118,47,14,43,211,0,2,1,7,1,6,5,31,1,0,0,2,0,0,1,0,1,0,0,0,0,1,0,0,0
16,DÂMBOVIŢA,"ȘCOALA GIMNAZIALĂ NR. 2 GHIRDOVENI",269,"I. L. CARAGIALE",67737,1,PROV,PRCNCT,CD,CD_SV,"2021-01-21 12:30:02",1213,1194,18,1,374,355,18,1,1320,946,367,4,3,69,32,18,35,176,0,0,2,2,1,5,3,20,0,0,0,2,0,1,0,0,0,0,0,0,0,1,0,0,0
16,DÂMBOVIŢA,"GRĂDINIȚA CU PROGRAM NORMAL I.L. CARAGIALE",270,"I. L. CARAGIALE",67737,1,PROV,PRCNCT,CD,CD_SV,"2021-01-21 12:30:02",772,655,11,106,323,206,11,106,870,547,314,6,3,48,19,6,22,192,1,2,1,0,1,2,3,13,0,1,1,0,1,0,0,0,0,0,0,0,0,1,0,0,0
16,DÂMBOVIŢA,"CĂMINUL CULTURAL I.L.CARAGIALE",271,"I. L. CARAGIALE",67737,1,PROV,PRCNCT,CD,CD_SV,"2021-01-21 12:30:02",1478,1464,14,0,430,416,14,0,1620,1190,412,16,2,54,28,3,15,234,0,1,0,1,3,2,1,35,0,0,0,30,1,1,0,2,0,0,0,0,1,0,0,0,0
16,DÂMBOVIŢA,"ȘCOALA PRIMARĂ MIJA",272,"I. L. CARAGIALE",67737,2,PART,PRCNCT,CD,CD_SV,"2021-01-21 12:30:02",628,619,9,0,218,209,9,0,680,462,209,9,0,25,9,35,11,103,0,1,2,0,3,1,2,16,0,0,0,1,0,0,0,0,0,0,0,0,0,0,0,0,0
16,DÂMBOVIŢA,"ȘCOALA GIMNAZIALĂ IEDERA DE JOS",273,IEDERA,65869,1,PROV,PRCNCT,CD,CD_SV,"2021-01-21 12:30:02",1232,1220,12,0,301,289,12,0,1350,1049,287,9,5,59,20,10,41,126,1,0,0,1,4,1,2,19,0,0,0,1,0,0,0,0,0,0,0,0,0,0,0,1,1
16,DÂMBOVIŢA,"GRĂDINIȚA CU PROGRAM NORMAL COLIBAȘI",274,IEDERA,65869,1,PROV,PRCNCT,CD,CD_SV,"2021-01-21 12:30:02",439,430,9,0,141,132,9,0,470,329,135,6,0,21,5,8,3,84,0,3,0,0,0,2,1,7,1,0,0,0,0,0,0,0,0,0,0,0,0,0,0,0,0
16,DÂMBOVIŢA,"GRĂDINIȚA CU PROGRAM NORMAL CRICOVU DULCE",275,IEDERA,65869,1,PROV,PRCNCT,CD,CD_SV,"2021-01-21 12:30:02",324,314,10,0,95,85,10,0,350,255,91,3,1,19,7,8,3,40,0,0,0,1,1,3,1,5,1,0,1,0,0,0,0,1,0,0,0,0,0,0,0,0,0
16,DÂMBOVIŢA,"ȘCOALA CU CLASELE I-IV IEDERA DE SUS",276,IEDERA,65869,1,PROV,PRCNCT,CD,CD_SV,"2021-01-21 12:30:02",1209,1189,20,0,346,326,20,0,1310,964,331,14,1,53,28,14,15,172,1,2,2,2,2,5,3,24,0,0,1,3,0,0,0,0,0,1,0,0,0,0,1,0,2
16,DÂMBOVIŢA,"ŞCOALA LUCIENI",277,LUCIENI,67773,1,PROV,PRCNCT,CD,CD_SV,"2021-01-21 12:30:02",1023,987,36,0,389,353,36,0,1090,701,381,3,5,53,13,16,28,235,0,1,0,2,7,1,2,21,0,0,0,0,0,0,0,0,0,0,0,0,0,1,1,0,0
16,DÂMBOVIŢA,"ŞCOALA LUCIENI",278,LUCIENI,67773,1,PROV,PRCNCT,CD,CD_SV,"2021-01-21 12:30:02",1085,1063,22,0,395,373,22,0,1170,775,387,3,5,50,7,6,20,268,0,0,0,0,12,0,2,18,0,0,0,0,0,0,0,0,2,0,0,0,1,0,0,1,0
16,DÂMBOVIŢA,"ŞCOALA OLTENI",279,LUCIENI,67773,1,PROV,PRCNCT,CD,CD_SV,"2021-01-21 12:30:02",478,446,32,0,213,181,32,0,490,277,207,4,2,30,4,11,28,117,1,2,0,0,3,3,1,5,0,0,0,1,0,0,0,0,0,0,0,1,0,0,0,0,0
16,DÂMBOVIŢA,"ȘCOALA GIMNAZIALĂ TELEȘTI",280,LUDEŞTI,67835,1,PROV,PRCNCT,CD,CD_SV,"2021-01-21 12:30:02",1421,1393,28,0,455,427,28,0,1540,1085,434,15,6,71,8,19,9,284,0,0,1,1,2,2,3,25,0,1,0,5,0,1,0,1,0,0,0,0,0,0,0,1,0
16,DÂMBOVIŢA,"ȘCOALA PRIMARĂ POTOCELU",281,LUDEŞTI,67835,1,PROV,PRCNCT,CD,CD_SV,"2021-01-21 12:30:02",979,974,5,0,254,249,5,0,1070,816,215,38,1,21,4,5,2,98,0,1,0,1,0,1,2,7,0,0,1,62,0,0,0,4,2,0,1,1,1,0,0,1,0
16,DÂMBOVIŢA,"ȘCOALA GIMNAZIALA SCHEIU DE JOS",282,LUDEŞTI,67835,1,PROV,PRCNCT,CD,CD_SV,"2021-01-21 12:30:02",837,822,15,0,288,273,15,0,910,622,278,8,2,92,21,5,3,137,1,1,0,0,2,4,0,4,2,0,0,3,1,0,0,0,0,0,2,0,0,0,0,0,0
16,DÂMBOVIŢA,"ȘCOALA PRIMARĂ SCHEIU DE SUS",283,LUDEŞTI,67835,1,PROV,PRCNCT,CD,CD_SV,"2021-01-21 12:30:02",783,775,8,0,274,266,8,0,850,576,248,23,3,29,12,18,1,162,1,2,0,1,3,0,1,14,0,1,1,1,0,0,0,0,0,0,0,0,1,0,0,0,0
16,DÂMBOVIŢA,"ŞCOALA GIMNAZIALĂ NR. 2 LUNGULEŢU",284,LUNGULEŢU,67906,1,PROV,PRCNCT,CD,CD_SV,"2021-01-21 12:30:02",951,929,22,0,288,266,22,0,1020,732,283,2,3,146,16,8,10,69,0,1,3,2,1,2,1,23,0,0,1,0,0,0,0,0,0,0,0,0,0,0,0,0,0
16,DÂMBOVIŢA,"ŞCOALA GIMNAZIALĂ NR. 2 LUNGULEŢU",285,LUNGULEŢU,67906,1,PROV,PRCNCT,CD,CD_SV,"2021-01-21 12:30:02",973,956,17,0,328,311,17,0,1060,732,320,8,0,172,12,16,12,81,0,2,1,0,1,3,1,19,0,0,0,0,0,0,0,0,0,0,0,0,0,0,0,0,0
16,DÂMBOVIŢA,"ŞCOALA GIMNAZIALĂ NR. 1 LUNGULEŢU",286,LUNGULEŢU,67906,1,PROV,PRCNCT,CD,CD_SV,"2021-01-21 12:30:02",1408,1399,9,0,490,481,9,0,1540,1050,472,13,5,253,20,22,3,120,1,2,0,0,1,5,1,37,1,0,1,0,0,0,0,3,1,0,0,0,1,0,0,0,0
16,DÂMBOVIŢA,"ŞCOALA GIMNAZIALĂ SERDANU",287,LUNGULEŢU,67906,1,PROV,PRCNCT,CD,CD_SV,"2021-01-21 12:30:02",1059,1028,31,0,351,320,31,0,1130,779,343,7,1,98,27,78,9,86,1,2,1,1,1,6,0,29,0,1,0,2,0,0,0,0,0,0,0,0,1,0,0,0,0
16,DÂMBOVIŢA,"ȘCOALA GIMNAZIALĂ MALU CU FLORI, NR. 139BIS",288,"MALU CU FLORI",67942,2,PART,PRCNCT,CD,CD_SV,"2021-01-21 12:30:02",1176,1147,27,2,442,413,27,2,1260,818,429,9,4,82,36,8,16,244,0,0,0,5,0,3,7,24,1,0,0,1,0,1,0,0,0,0,0,0,0,0,0,0,1
16,DÂMBOVIŢA,"ȘCOALA GENERALĂ CU CLASELE I-IV MICLOȘANII MICI",289,"MALU CU FLORI",67942,1,PROV,PRCNCT,CD,CD_SV,"2021-01-21 12:30:02",748,727,21,0,312,291,21,0,800,488,302,6,4,39,54,12,12,156,1,1,0,0,1,0,2,18,1,0,0,2,0,0,0,1,0,0,0,0,2,0,0,0,0
16,DÂMBOVIŢA,"ȘCOALA GIMNAZIALĂ MĂNEȘTI",290,MĂNEŞTI,68002,1,PROV,PRCNCT,CD,CD_SV,"2021-01-21 12:30:02",1118,1087,31,0,436,405,31,0,1200,764,418,15,3,77,16,13,24,242,3,2,1,1,4,4,4,19,2,2,0,4,0,0,0,0,0,0,0,0,0,0,0,0,0
16,DÂMBOVIŢA,"ŞCOALA GIMNAZIALĂ DRĂGĂEŞTI-UNGURENI",291,MĂNEŞTI,68002,1,PROV,PRCNCT,CD,CD_SV,"2021-01-21 12:30:02",1107,1078,27,2,367,338,27,2,1190,823,361,4,2,68,13,10,46,197,1,0,2,1,3,1,1,14,1,0,0,1,0,0,0,0,0,0,0,0,0,0,1,1,0
16,DÂMBOVIŢA,"ŞCOALA GIMNAZIALĂ DRĂGĂEŞTI-PĂMÂNTENI",292,MĂNEŞTI,68002,1,PROV,PRCNCT,CD,CD_SV,"2021-01-21 12:30:02",1844,1815,29,0,647,618,29,0,2000,1353,620,24,3,65,24,7,20,425,1,2,1,2,8,4,3,31,0,1,1,20,0,1,0,0,1,1,1,0,0,0,0,0,1
16,DÂMBOVIŢA,"ŞCOALA GENERALĂ MĂTĂSARU",293,MĂTĂSARU,68048,1,PROV,PRCNCT,CD,CD_SV,"2021-01-21 12:30:02",839,818,21,0,241,220,21,0,900,659,234,5,2,23,12,11,8,150,0,0,0,0,2,1,1,23,0,0,0,1,0,0,0,0,2,0,0,0,0,0,0,0,0
16,DÂMBOVIŢA,"ŞCOALA PRIMARĂ ODAIA TURCULUI",294,MĂTĂSARU,68048,1,PROV,PRCNCT,CD,CD_SV,"2021-01-21 12:30:02",886,873,13,0,281,268,13,0,960,679,271,8,2,36,20,3,14,178,1,1,0,0,1,2,1,14,0,0,0,0,0,0,0,0,0,0,0,0,0,0,0,0,0
16,DÂMBOVIŢA,"GRĂDINIŢA TEŢCOIU",295,MĂTĂSARU,68048,1,PROV,PRCNCT,CD,CD_SV,"2021-01-21 12:30:02",1101,1078,23,0,258,235,23,0,1190,932,244,8,6,32,21,52,4,108,1,1,0,0,0,5,0,15,1,0,0,3,0,0,0,0,1,0,0,0,0,0,0,0,0
16,DÂMBOVIŢA,"ŞCOALA GENERALĂ POROINICA",296,MĂTĂSARU,68048,1,PROV,PRCNCT,CD,CD_SV,"2021-01-21 12:30:02",642,631,11,0,146,135,11,0,700,554,144,0,2,18,20,3,3,85,1,1,1,0,3,1,0,6,0,0,0,0,0,2,0,0,0,0,0,0,0,0,0,0,0
16,DÂMBOVIŢA,"ŞCOALA PRIMARĂ PUŢU CU SALCIE",297,MĂTĂSARU,68048,2,PART,PRCNCT,CD,CD_SV,"2021-01-21 12:30:02",775,758,17,0,188,171,17,0,840,652,178,10,0,17,16,20,6,84,0,2,2,2,0,2,4,20,2,0,1,0,0,0,0,0,0,0,0,0,0,0,0,0,0
16,DÂMBOVIŢA,"ȘCOALA GENERALĂ MOGOȘANI",298,MOGOŞANI,68128,1,PROV,PRCNCT,CD,CD_SV,"2021-01-21 12:30:02",1412,1356,40,16,514,458,40,16,1490,976,492,16,6,218,18,27,9,182,0,0,0,1,5,2,1,24,0,0,0,0,1,0,0,1,0,1,0,0,0,0,1,0,1
16,DÂMBOVIŢA,"ȘCOALA COJOCARU",299,MOGOŞANI,68128,1,PROV,PRCNCT,CD,CD_SV,"2021-01-21 12:30:02",681,657,22,2,282,258,22,2,720,438,277,3,2,123,17,12,3,100,0,0,0,0,0,2,0,19,0,0,0,0,0,0,0,0,1,0,0,0,0,0,0,0,0
16,DÂMBOVIŢA,"ȘCOALA MERII",300,MOGOŞANI,68128,1,PROV,PRCNCT,CD,CD_SV,"2021-01-21 12:30:02",812,780,28,4,347,315,28,4,860,513,338,6,3,134,26,11,13,119,1,0,0,2,2,1,0,28,0,0,0,0,0,0,0,0,0,0,0,0,0,0,1,0,0
16,DÂMBOVIŢA,"ȘCOALA ZĂVOIU",301,MOGOŞANI,68128,3,PART,PRCNCT,CD,CD_SV,"2021-01-21 12:30:02",791,735,47,9,423,367,47,9,810,387,414,7,2,216,33,23,6,114,0,1,0,0,2,0,0,15,1,0,0,0,0,0,0,2,0,0,0,0,0,0,1,0,0
16,DÂMBOVIŢA,"SCOALA VECHE-GRADINITA",302,MOROENI,68182,1,PROV,PRCNCT,CD,CD_SV,"2021-01-21 12:30:02",999,981,18,0,346,328,18,0,1080,734,335,10,1,69,20,10,32,180,0,2,0,1,0,2,2,14,0,1,0,1,0,0,1,0,0,0,0,0,0,0,0,0,0
16,DÂMBOVIŢA,"SCOALA ”ION CIORANESCU”",303,MOROENI,68182,1,PROV,PRCNCT,CD,CD_SV,"2021-01-21 12:30:02",1218,1189,28,1,403,374,28,1,1310,907,389,10,4,100,18,23,31,183,0,0,0,0,2,4,4,16,0,0,3,1,0,1,0,1,0,0,0,0,0,0,0,1,1
16,DÂMBOVIŢA,"SALĂ DE FESTIVITĂȚI",304,MOROENI,68182,1,PROV,PRCNCT,CD,CD_SV,"2021-01-21 12:30:02",498,488,10,0,182,172,10,0,530,348,177,5,0,49,10,13,18,75,0,1,0,0,0,1,1,6,1,0,0,2,0,0,0,0,0,0,0,0,0,0,0,0,0
16,DÂMBOVIŢA,"SCOALA GLOD",305,MOROENI,68182,1,PROV,PRCNCT,CD,CD_SV,"2021-01-21 12:30:02",1400,1377,15,8,525,502,15,8,1520,995,470,38,17,51,25,8,4,264,1,4,0,1,5,2,0,75,6,0,0,13,0,2,0,3,0,0,0,1,1,0,1,1,2
16,DÂMBOVIŢA,"SCOALA MUSCEL",306,MOROENI,68182,1,PROV,PRCNCT,CD,CD_SV,"2021-01-21 12:30:02",79,66,13,0,34,21,13,0,70,36,32,1,1,4,3,1,5,15,0,0,0,0,0,2,0,1,0,0,0,1,0,0,0,0,0,0,0,0,0,0,0,0,0
16,DÂMBOVIŢA,"GRĂDINIȚA MORTENI CENTRU",307,MORTENI,68253,1,PROV,PRCNCT,CD,CD_SV,"2021-01-21 12:30:02",1145,1129,16,0,460,444,16,0,1250,790,453,6,1,29,18,16,7,346,0,1,1,1,2,1,2,21,0,1,0,0,1,1,0,2,0,0,0,1,0,0,0,1,1
16,DÂMBOVIŢA,"GRĂDINIȚA MORTENI CENTRU",308,MORTENI,68253,1,PROV,PRCNCT,CD,CD_SV,"2021-01-21 12:30:02",1137,1118,19,0,449,430,19,0,1230,781,441,5,3,59,12,12,14,303,2,1,0,1,2,3,1,26,1,0,0,0,0,0,0,1,1,0,1,0,0,0,0,1,0
16,DÂMBOVIŢA,"CĂMIN CULTURAL MOŢĂIENI",309,MOŢĂIENI,65645,1,PROV,PRCNCT,CD,CD_SV,"2021-01-21 12:30:02",1376,1345,30,1,450,419,30,1,1490,1040,444,5,1,181,17,12,72,101,0,0,0,3,2,4,3,45,1,0,0,2,0,0,0,1,0,0,0,0,0,0,0,0,0
16,DÂMBOVIŢA,"ŞCOALA CUCUTENI",310,MOŢĂIENI,65645,1,PROV,PRCNCT,CD,CD_SV,"2021-01-21 12:30:02",376,357,19,0,137,118,19,0,390,253,130,6,1,68,3,0,12,30,0,0,1,1,0,1,2,10,0,0,0,1,0,0,0,1,0,0,0,0,0,0,0,0,0
16,DÂMBOVIŢA,"ȘCOALA CU CLASELE I - VIII NICULEȘTI",311,NICULEŞTI,104387,2,PART,PRCNCT,CD,CD_SV,"2021-01-21 12:30:02",1028,1010,18,0,370,352,18,0,1110,740,359,6,5,57,8,17,13,213,1,1,1,0,1,3,4,37,0,0,0,2,0,0,0,1,0,0,0,0,0,0,0,0,0
16,DÂMBOVIŢA,"ȘCOALA CU CLASELE I - VIII NICULEȘTI",312,NICULEŞTI,104387,1,PROV,PRCNCT,CD,CD_SV,"2021-01-21 12:30:02",814,799,15,0,289,274,15,0,880,591,281,4,4,45,6,22,9,169,1,0,0,0,0,2,3,22,1,0,0,1,0,0,0,0,0,0,0,0,0,0,0,0,0
16,DÂMBOVIŢA,"ȘCOALA CU CLASELE I-IV MOVILA",313,NICULEŞTI,104387,1,PROV,PRCNCT,CD,CD_SV,"2021-01-21 12:30:02",509,488,21,0,170,149,21,0,540,370,164,5,1,33,5,3,11,78,1,2,2,2,2,1,0,22,1,0,0,0,0,0,0,0,0,0,0,0,0,0,0,0,1
16,DÂMBOVIŢA,"ȘCOALA CU CLASELE I-VIII CIOCĂNARI",314,NICULEŞTI,104387,1,PROV,PRCNCT,CD,CD_SV,"2021-01-21 12:30:02",1006,996,10,0,268,258,10,0,1100,832,257,8,3,54,4,11,17,92,1,0,1,0,5,1,1,62,0,0,0,3,0,0,0,1,0,1,1,0,1,0,0,0,1
16,DÂMBOVIŢA,"ȘCOALA GIMNAZIALĂ ” NUCET ”",315,NUCET,68280,1,PROV,PRCNCT,CD,CD_SV,"2021-01-21 12:30:02",966,939,19,8,434,407,19,8,1040,606,413,18,3,33,26,8,11,295,0,1,0,2,3,3,1,12,0,0,0,12,0,0,0,0,0,0,0,1,1,0,1,1,2
16,DÂMBOVIŢA,"ȘCOALA GIMNAZIALĂ ”NUCET”",316,NUCET,68280,1,PROV,PRCNCT,CD,CD_SV,"2021-01-21 12:30:02",914,879,25,10,416,381,25,10,970,554,396,16,4,50,33,13,14,257,2,1,4,0,0,2,1,11,3,0,0,4,0,0,0,1,0,0,0,0,0,0,0,0,0
16,DÂMBOVIŢA,"ȘCOALA GIMNAZIALĂ ” CAZACI ”",317,NUCET,68280,2,PART,PRCNCT,CD,CD_SV,"2021-01-21 12:30:02",1237,1192,32,13,480,435,32,13,1330,850,472,7,1,62,32,12,29,296,0,1,1,0,3,2,2,26,1,1,0,2,0,0,0,1,0,0,0,0,0,0,0,1,0
16,DÂMBOVIŢA,"ȘCOALA PRIMARĂ ” ILFOVENI ”",318,NUCET,68280,1,PROV,PRCNCT,CD,CD_SV,"2021-01-21 12:30:02",471,452,14,5,192,173,14,5,500,308,185,5,2,28,5,4,11,112,2,3,1,1,2,2,0,8,1,0,0,2,0,0,1,1,0,1,0,0,0,0,0,0,0
16,DÂMBOVIŢA,"GRĂDINIȚA CU PROGRAM NORMAL NR 1 OCNIȚA",319,OCNIŢA,68324,1,PROV,PRCNCT,CD,CD_SV,"2021-01-21 12:30:02",1256,1232,21,3,379,355,21,3,1360,981,373,4,2,70,20,11,42,148,0,1,0,2,4,1,4,66,3,0,0,0,0,0,1,0,0,0,0,0,0,0,0,0,0
16,DÂMBOVIŢA,"ȘCOALA GIMNAZIALĂ OCNIȚA",320,OCNIŢA,68324,1,PROV,PRCNCT,CD,CD_SV,"2021-01-21 12:30:02",1345,1323,22,0,367,345,22,0,1460,1093,355,4,8,81,18,11,36,134,1,1,0,1,12,1,3,52,2,0,0,0,0,0,0,0,1,0,0,0,0,0,1,0,0
16,DÂMBOVIŢA,"GRADINIȚA CU PROGRAM NORMAL NR 2 FUNDU OCNEI",321,OCNIŢA,68324,1,PROV,PRCNCT,CD,CD_SV,"2021-01-21 12:30:02",998,981,17,0,267,250,17,0,1080,813,261,5,1,69,23,8,13,99,2,2,1,0,2,1,4,35,0,0,0,0,0,1,0,0,0,0,0,0,1,0,0,0,0
16,DÂMBOVIŢA,"ȘCOALA GIMNAZIALĂ ODOBEȘTI",322,ODOBEŞTI,68342,1,PROV,PRCNCT,CD,CD_SV,"2021-01-21 12:30:02",1294,1276,18,0,514,496,18,0,1410,896,493,14,7,162,22,10,26,189,0,2,0,4,5,3,2,57,0,0,1,2,0,1,0,2,0,1,0,1,1,0,0,0,2
16,DÂMBOVIŢA,"GRĂDINIȚA BRÂNCOVEANU",323,ODOBEŞTI,68342,1,PROV,PRCNCT,CD,CD_SV,"2021-01-21 12:30:02",527,512,15,0,221,206,15,0,570,349,215,4,2,67,16,6,17,80,0,0,0,0,2,1,1,23,0,0,0,2,0,0,0,0,0,0,0,0,0,0,0,0,0
16,DÂMBOVIŢA,"ȘCOALA PRIMARĂ MIULEȘTI",324,ODOBEŞTI,68342,1,PROV,PRCNCT,CD,CD_SV,"2021-01-21 12:30:02",450,440,10,0,161,151,10,0,480,319,151,9,1,64,5,12,4,48,0,1,0,0,1,1,4,7,0,0,0,4,0,0,0,0,0,0,0,0,0,0,0,0,0
16,DÂMBOVIŢA,"ȘCOALA GIMNAZIALĂ CROVU",325,ODOBEŞTI,68342,1,PROV,PRCNCT,CD,CD_SV,"2021-01-21 12:30:02",1089,1077,12,0,415,403,12,0,1189,774,380,30,5,137,20,1,11,116,2,0,0,1,1,2,4,75,0,0,1,5,0,0,0,1,1,0,0,0,0,0,0,2,0
16,DÂMBOVIŢA,"ȘCOALA PRIMARĂ ZIDURILE",326,ODOBEŞTI,68342,1,PROV,PRCNCT,CD,CD_SV,"2021-01-21 12:30:02",665,660,5,0,220,215,5,0,730,510,208,10,2,78,16,9,13,66,1,2,1,0,1,0,8,13,0,0,0,0,0,0,0,0,0,0,0,0,0,0,0,0,0
16,DÂMBOVIŢA,"ŞCOALA GIMNAZIALĂ PERŞINARI",327,PERŞINARI,179935,1,PROV,PRCNCT,CD,CD_SV,"2021-01-21 12:30:02",1149,1124,14,11,296,271,14,11,1250,954,283,8,5,35,28,27,10,163,3,4,0,0,0,0,1,10,0,0,0,0,0,1,0,0,0,0,0,0,0,1,0,0,0
16,DÂMBOVIŢA,"ŞCOALA GIMNAZIALĂ PERȘINARI",328,PERŞINARI,179935,1,PROV,PRCNCT,CD,CD_SV,"2021-01-21 12:30:02",1188,1156,19,13,399,367,19,13,1270,871,384,12,3,55,29,30,13,222,2,1,1,1,1,2,1,19,0,0,0,3,0,0,0,2,0,1,1,0,0,0,0,0,0
16,DÂMBOVIŢA,"CĂMIN CULTURAL",329,PETREŞTI,65752,1,PROV,PRCNCT,CD,CD_SV,"2021-01-21 12:30:02",595,575,20,0,292,272,20,0,630,337,288,3,1,135,17,6,17,86,1,0,1,1,0,1,6,15,0,0,0,0,0,0,1,0,0,0,0,0,0,0,0,1,0
16,DÂMBOVIŢA,"ȘCOALA GIMNAZIALĂ PETREŞTI",330,PETREŞTI,65752,1,PROV,PRCNCT,CD,CD_SV,"2021-01-21 12:30:02",1171,1143,28,0,448,420,28,0,1260,812,431,11,6,170,25,10,12,121,1,2,0,2,2,2,7,69,0,0,0,1,0,0,0,2,2,0,2,0,0,0,0,1,0
16,DÂMBOVIŢA,"ȘCOALA GIMNAZIALĂ GRECI",331,PETREŞTI,65752,1,PROV,PRCNCT,CD,CD_SV,"2021-01-21 12:30:02",1249,1231,18,0,538,520,18,0,1360,822,523,14,1,247,30,13,18,164,1,1,0,1,1,2,5,35,1,0,1,1,0,0,0,0,1,0,0,0,1,0,0,0,0
16,DÂMBOVIŢA,"GRADINITA IONESTI",332,PETREŞTI,65752,2,PART,PRCNCT,CD,CD_SV,"2021-01-21 12:30:02",1511,1479,32,0,678,646,32,0,1630,952,660,18,0,301,29,39,22,201,1,1,4,1,4,3,2,49,1,0,0,0,0,0,0,1,0,0,0,0,0,0,0,0,1
16,DÂMBOVIŢA,"GRADINITA POTLOGENI DEAL",333,PETREŞTI,65752,1,PROV,PRCNCT,CD,CD_SV,"2021-01-21 12:30:02",192,154,38,0,135,97,38,0,170,35,130,3,2,62,7,5,7,35,1,0,0,0,0,1,1,9,0,0,0,0,0,1,0,0,0,0,0,0,0,0,0,0,1
16,DÂMBOVIŢA,"CAMINUL CULTURAL PIETRARI",334,PIETRARI,179908,1,PROV,PRCNCT,CD,CD_SV,"2021-01-21 12:30:02",1477,1437,40,0,557,517,40,0,1590,1033,544,9,4,102,22,41,28,295,4,1,1,1,4,5,1,36,1,0,1,0,1,0,0,0,0,0,0,0,0,0,0,0,0
16,DÂMBOVIŢA,"SCOALA VALEA DC138",335,PIETRARI,179908,1,PROV,PRCNCT,CD,CD_SV,"2021-01-21 12:30:02",557,542,15,0,219,204,15,0,600,381,210,3,6,18,11,2,10,141,1,1,1,1,4,2,1,10,0,0,0,3,0,0,0,0,2,1,0,0,1,0,0,0,0
16,DÂMBOVIŢA,"GRĂDINIŢA PIETROŞIŢA,NR.327 B",336,PIETROŞIŢA,68404,1,PROV,PRCNCT,CD,CD_SV,"2021-01-21 12:30:02",899,882,16,1,271,254,16,1,980,709,265,5,1,51,15,10,28,139,2,0,1,0,0,2,1,13,1,0,0,0,0,0,0,0,1,0,0,0,0,0,1,0,0
16,DÂMBOVIŢA,"GRĂDINIŢA PIETROŞIŢA,NR 327 B",337,PIETROŞIŢA,68404,1,PROV,PRCNCT,CD,CD_SV,"2021-01-21 12:30:02",910,900,10,0,280,270,10,0,990,710,270,8,2,56,19,15,22,125,2,3,1,3,2,5,1,16,0,0,0,0,0,0,0,0,0,0,0,0,0,0,0,0,0
16,DÂMBOVIŢA,"CAMINUL CULTURAL DEALU FRUMOS ,NR.309",338,PIETROŞIŢA,68404,1,PROV,PRCNCT,CD,CD_SV,"2021-01-21 12:30:02",846,821,25,0,277,252,25,0,930,653,268,4,5,55,22,7,17,129,2,1,4,1,2,3,0,20,0,0,0,1,0,1,0,0,1,0,0,1,0,0,0,0,1
16,DÂMBOVIŢA,"ȘCOALA NR.1 POIANA, SAT POIANA",339,POIANA,68431,1,PROV,PRCNCT,CD,CD_SV,"2021-01-21 12:30:02",1073,1073,0,0,410,410,0,0,1190,780,395,12,3,115,12,5,11,210,1,1,0,1,1,0,0,34,1,0,1,0,0,0,0,0,0,0,0,2,0,0,0,0,0
16,DÂMBOVIŢA,"ȘCOALA NR.1 POIANA",340,POIANA,68431,1,PROV,PRCNCT,CD,CD_SV,"2021-01-21 12:30:02",866,857,9,0,322,313,9,0,940,618,311,6,5,92,6,5,10,166,2,1,0,0,0,0,2,23,0,0,0,1,0,0,0,1,0,0,1,0,0,0,0,0,1
16,DÂMBOVIŢA,"ȘCOALA NR.2 POIANA",341,POIANA,68431,2,PART,PRCNCT,CD,CD_SV,"2021-01-21 12:30:02",896,887,9,0,223,214,9,0,980,757,214,9,0,27,7,2,8,137,0,1,0,0,2,0,1,26,0,0,0,0,0,0,0,0,0,0,1,0,2,0,0,0,0
16,DÂMBOVIŢA,"ŞCOALA POTLOGI",342,POTLOGI,68468,1,PROV,PRCNCT,CD,CD_SV,"2021-01-21 12:30:02",1267,1243,24,0,333,309,24,0,1370,1037,322,9,2,62,38,8,6,174,1,2,0,1,2,1,1,22,0,0,0,0,0,1,0,2,0,0,1,0,0,0,0,0,0
16,DÂMBOVIŢA,"ŞCOALA POTLOGI",343,POTLOGI,68468,1,PROV,PRCNCT,CD,CD_SV,"2021-01-21 12:30:02",1223,1197,26,0,344,318,26,0,1320,976,334,7,3,69,29,9,24,177,1,0,2,1,1,2,1,18,0,0,0,0,0,0,0,0,0,0,0,0,0,0,0,0,0
16,DÂMBOVIŢA,"ŞCOALA PITARU",344,POTLOGI,68468,1,PROV,PRCNCT,CD,CD_SV,"2021-01-21 12:30:02",708,686,22,0,203,181,22,0,750,547,197,5,1,42,10,2,5,122,0,0,0,2,2,2,1,6,0,0,1,0,0,0,0,0,0,0,0,1,0,1,0,0,0
16,DÂMBOVIŢA,"ŞCOALA VLĂSCENI",345,POTLOGI,68468,1,PROV,PRCNCT,CD,CD_SV,"2021-01-21 12:30:02",608,550,58,0,191,133,58,0,610,419,183,4,4,68,8,4,1,90,1,0,0,0,0,0,1,8,0,0,0,1,0,0,0,0,0,0,0,0,1,0,0,0,0
16,DÂMBOVIŢA,"ŞCOALA ROMÂNEŞTI",346,POTLOGI,68468,1,PROV,PRCNCT,CD,CD_SV,"2021-01-21 12:30:02",1390,1374,16,0,263,247,16,0,1520,1257,224,32,7,40,15,17,1,83,2,1,1,0,1,2,1,55,0,0,1,1,0,1,0,1,1,0,0,0,0,0,0,0,0
16,DÂMBOVIŢA,"ŞCOALA ROMÂNEŞTI",347,POTLOGI,68468,3,PART,PRCNCT,CD,CD_SV,"2021-01-21 12:30:02",1669,1661,8,0,349,341,8,0,1830,1481,314,8,27,89,16,18,3,115,0,1,1,0,2,0,1,62,0,0,0,2,0,0,0,1,0,1,0,0,1,0,1,0,0
16,DÂMBOVIŢA,"CĂMIN CULTURAL",348,PRODULEŞTI,68529,1,PROV,PRCNCT,CD,CD_SV,"2021-01-21 12:30:02",1479,1461,18,0,409,391,18,0,1610,1201,396,11,2,74,30,6,17,226,1,0,0,3,3,3,2,27,2,0,0,0,0,0,0,0,0,0,0,0,1,0,0,0,1
16,DÂMBOVIŢA,"ȘCOALA PRIMARĂ BROȘTENI",349,PRODULEŞTI,68529,1,PROV,PRCNCT,CD,CD_SV,"2021-01-21 12:30:02",539,530,9,0,134,125,9,0,580,448,122,5,5,23,13,8,11,58,1,0,0,0,1,0,0,6,0,0,0,0,0,1,0,0,0,0,0,0,0,0,0,0,0
16,DÂMBOVIŢA,"ȘCOALA PRIMARĂ COSTEȘTII DIN DEAL",350,PRODULEŞTI,68529,1,PROV,PRCNCT,CD,CD_SV,"2021-01-21 12:30:02",773,761,12,0,238,226,12,0,840,602,232,4,2,31,13,9,13,134,1,0,1,1,1,1,3,21,0,0,1,0,0,0,0,0,0,0,0,0,1,0,0,0,1
16,DÂMBOVIŢA,"ȘCOALA GIMNAZIALĂ „ NICOLAE VLAD „",351,PUCHENI,68565,1,PROV,PRCNCT,CD,CD_SV,"2021-01-21 12:30:02",1298,1261,34,3,544,507,34,3,1390,846,522,7,15,70,76,16,31,292,0,4,2,1,3,3,2,18,0,0,0,1,0,0,0,0,1,0,1,0,0,0,0,1,0
16,DÂMBOVIŢA,"SCOALA VALEA LARGA",352,PUCHENI,68565,1,PROV,PRCNCT,CD,CD_SV,"2021-01-21 12:30:02",225,210,15,0,87,72,15,0,230,143,82,4,1,13,9,7,3,37,0,1,0,0,0,1,0,11,0,0,0,0,0,0,0,0,0,0,0,0,0,0,0,0,0
16,DÂMBOVIŢA,"ȘCOALA GIMNAZIALĂ RACIU",353,RACIU,179891,1,PROV,PRCNCT,CD,CD_SV,"2021-01-21 12:30:02",1234,1213,20,1,424,403,20,1,1340,916,416,8,0,99,35,10,31,211,0,1,2,0,3,5,1,14,0,0,1,1,1,0,1,0,0,0,0,0,0,0,0,0,0
16,DÂMBOVIŢA,"ȘCOALA GIMNAZIALĂ ȘUȚA SEACĂ - RACIU",354,RACIU,179891,2,PART,PRCNCT,CD,CD_SV,"2021-01-21 12:30:02",731,716,14,1,281,266,14,1,790,509,276,4,1,83,18,13,14,123,0,1,0,1,3,1,1,17,0,0,1,0,0,0,0,0,0,0,0,0,0,0,0,0,0
16,DÂMBOVIŢA,"ȘCOALA PRIMARĂ SILIȘTEA - RACIU",355,RACIU,179891,1,PROV,PRCNCT,CD,CD_SV,"2021-01-21 12:30:02",760,742,16,2,319,301,16,2,820,501,306,7,6,39,10,9,12,218,1,1,1,0,1,2,1,10,0,0,0,0,0,0,0,0,0,0,0,0,0,0,0,1,0
16,DÂMBOVIŢA,"ŞCOALA PRIMARĂ DRĂGHINEASCA",356,RĂSCĂEŢI,179926,1,PROV,PRCNCT,CD,CD_SV,"2021-01-21 12:30:02",844,808,13,23,475,439,13,23,890,415,466,4,5,304,26,3,7,88,0,1,0,3,2,2,1,28,0,0,0,0,0,1,0,0,0,0,0,0,0,0,0,0,0
16,DÂMBOVIŢA,"ŞCOALA GIMNAZIALĂ RĂSCĂEŢI",357,RĂSCĂEŢI,179926,1,PROV,PRCNCT,CD,CD_SV,"2021-01-21 12:30:02",1044,981,21,42,566,503,21,42,1080,514,547,13,6,379,20,8,11,99,0,0,0,3,0,1,1,23,0,0,0,1,0,1,0,0,0,0,0,0,0,0,0,0,0
16,DÂMBOVIŢA,"BIBLIOTECA COMUNALĂ",358,RĂZVAD,65431,1,PROV,PRCNCT,CD,CD_SV,"2021-01-21 12:30:02",1472,1435,37,0,544,507,37,0,1580,1036,528,16,0,93,28,21,55,258,1,2,5,5,4,7,1,44,1,0,1,1,0,0,0,0,0,0,0,0,0,0,1,0,0
16,DÂMBOVIŢA,"ȘCOALA GIMNAZIALĂ RĂZVAD",359,RĂZVAD,65431,2,PART,PRCNCT,CD,CD_SV,"2021-01-21 12:30:02",1112,1086,24,2,415,389,24,2,1200,785,403,11,1,72,17,11,44,192,4,1,1,2,2,1,3,49,0,1,0,0,0,0,0,2,0,0,0,0,0,0,0,1,0
16,DÂMBOVIŢA,"CENTRUL EDUCATIV PENTRU COPII SĂRACI RĂZVAD",360,RĂZVAD,65431,1,PROV,PRCNCT,CD,CD_SV,"2021-01-21 12:30:02",1134,1103,29,2,443,412,29,2,1250,807,431,10,2,69,23,21,36,225,2,1,2,1,1,0,9,34,1,0,0,1,1,0,1,1,1,0,0,0,1,0,0,0,0
16,DÂMBOVIŢA,"ȘCOALA GIMNAZIALĂ VALEA VOIEVOZILOR",361,RĂZVAD,65431,1,PROV,PRCNCT,CD,CD_SV,"2021-01-21 12:30:02",1516,1460,51,5,480,424,51,5,1600,1120,475,5,0,105,26,21,112,157,1,1,11,3,1,2,6,25,0,1,0,1,0,0,0,1,1,0,0,0,0,0,0,0,0
16,DÂMBOVIŢA,"ȘCOALA GIMNAZIALĂ VALEA VOIEVOZILOR",362,RĂZVAD,65431,1,PROV,PRCNCT,CD,CD_SV,"2021-01-21 12:30:02",1315,1286,29,0,513,484,29,0,1410,897,505,8,0,115,22,55,83,155,1,4,8,1,2,3,11,37,0,0,0,3,0,0,2,0,2,0,0,0,0,1,0,0,0
16,DÂMBOVIŢA,"ȘCOALA GIMNAZIALĂ GORGOTA",363,RĂZVAD,65431,1,PROV,PRCNCT,CD,CD_SV,"2021-01-21 12:30:02",1074,1043,31,0,341,310,31,0,1150,809,333,7,1,47,19,5,22,198,0,2,3,0,6,3,1,25,1,0,0,1,0,0,0,0,0,0,0,0,0,0,0,0,0
16,DÂMBOVIŢA,"ȘCOALA GIMNAZIALĂ RÂU ALB DE JOS",364,"RÂU ALB",179917,1,PROV,PRCNCT,CD,CD_SV,"2021-01-21 12:30:02",1237,1172,65,0,509,444,65,0,1290,781,495,8,6,69,26,7,11,347,1,2,0,2,2,1,3,18,1,0,0,0,0,2,0,0,0,0,0,0,2,0,0,0,1
16,DÂMBOVIŢA,"GRÃDINIŢA CU PROGRAM NORMAL RUNCU",365,RUNCU,68716,1,PROV,PRCNCT,CD,CD_SV,"2021-01-21 12:30:02",1156,1147,9,0,318,309,9,0,1270,952,310,6,2,76,23,13,38,123,0,2,0,0,3,1,3,23,1,0,0,2,0,0,0,0,0,0,1,0,0,0,0,0,1
16,DÂMBOVIŢA,"ŞCOALA GIMNAZIALÃ ”CONSTANTIN SECÃREANU” RUNCU",366,RUNCU,68716,1,PROV,PRCNCT,CD,CD_SV,"2021-01-21 12:30:02",1054,1043,11,0,299,288,11,0,1150,851,288,5,6,38,27,6,43,132,0,1,2,1,1,4,1,28,0,0,0,1,1,1,0,0,0,0,0,0,0,0,0,1,0
16,DÂMBOVIŢA,"GRÃDINIŢA CU PROGRAM NORMAL BÃDENI",367,RUNCU,68716,1,PROV,PRCNCT,CD,CD_SV,"2021-01-21 12:30:02",808,797,11,0,236,225,11,0,880,644,222,10,4,23,12,5,13,127,1,1,0,2,4,2,2,23,0,1,0,0,0,0,0,0,3,0,0,1,2,0,0,0,0
16,DÂMBOVIŢA,"GRÃDINIŢA CU PROGRAM NORMAL BREBU",368,RUNCU,68716,1,PROV,PRCNCT,CD,CD_SV,"2021-01-21 12:30:02",533,523,10,0,193,183,10,0,581,388,186,4,3,20,7,1,39,109,1,0,0,0,0,1,1,4,1,0,0,0,1,0,0,0,0,0,0,0,0,0,0,0,1
16,DÂMBOVIŢA,"ȘCOALA GENERALĂ BĂNEȘTI",369,SĂLCIOARA,68789,1,PROV,PRCNCT,CD,CD_SV,"2021-01-21 12:30:02",353,338,15,0,115,100,15,0,380,265,110,4,1,29,7,4,7,50,0,0,0,1,0,1,1,10,0,0,0,0,0,0,0,0,0,0,0,0,0,0,0,0,0
16,DÂMBOVIŢA,"ȘCOALA GENERALĂ PODU-RIZII",370,SĂLCIOARA,68789,1,PROV,PRCNCT,CD,CD_SV,"2021-01-21 12:30:02",601,579,22,0,260,238,22,0,640,380,254,5,1,24,9,6,9,178,3,2,0,0,2,2,1,17,0,0,1,0,0,0,0,0,0,0,0,0,0,0,0,0,0
16,DÂMBOVIŢA,"ȘCOALA GENERALĂ MIRCEA-VODĂ SALA 1",371,SĂLCIOARA,68789,2,PART,PRCNCT,CD,CD_SV,"2021-01-21 12:30:02",934,915,19,0,259,240,19,0,1010,751,252,5,2,44,25,10,13,113,3,2,0,1,5,4,2,26,1,1,0,0,0,0,0,0,0,0,1,0,0,0,0,0,1
16,DÂMBOVIŢA,"ȘCOALA GENERALĂ GHINEȘTI SALA1",372,SĂLCIOARA,68789,1,PROV,PRCNCT,CD,CD_SV,"2021-01-21 12:30:02",1004,995,9,0,264,255,9,0,1100,836,245,18,1,25,7,2,11,166,0,3,0,1,4,2,2,16,0,1,1,2,0,0,0,0,1,0,0,0,0,0,0,0,1
16,DÂMBOVIŢA,"ȘCOALA GENERALĂ CUZA-VODĂ",373,SĂLCIOARA,68789,1,PROV,PRCNCT,CD,CD_SV,"2021-01-21 12:30:02",327,307,20,0,105,85,20,0,340,235,101,4,0,18,4,23,3,43,0,1,0,1,1,2,1,4,0,0,0,0,0,0,0,0,0,0,0,0,0,0,0,0,0
16,DÂMBOVIŢA,"ȘCOALA GIMNAZIALĂ SLOBOZIA MOARĂ",374,"SLOBOZIA MOARĂ",105142,1,PROV,PRCNCT,CD,CD_SV,"2021-01-21 12:30:02",863,849,14,0,327,313,14,0,940,613,323,3,1,37,16,13,8,221,0,0,2,1,3,2,1,15,0,0,0,2,0,0,0,1,1,0,0,0,0,0,0,0,0
16,DÂMBOVIŢA,"ȘCOALA GIMNAZIALĂ SLOBOZIA MOARĂ",375,"SLOBOZIA MOARĂ",105142,1,PROV,PRCNCT,CD,CD_SV,"2021-01-21 12:30:02",847,830,17,0,356,339,17,0,920,564,346,9,1,43,17,14,20,208,1,3,1,0,1,2,3,32,1,0,0,0,0,0,0,0,0,0,0,0,0,0,0,0,0
16,DÂMBOVIŢA,"ȘCOALA GIMNAZIALĂ ȘELARU",376,ŞELARU,68887,1,PROV,PRCNCT,CD,CD_SV,"2021-01-21 12:30:02",717,683,34,0,214,180,34,0,750,536,210,0,4,45,19,6,6,92,1,5,1,0,1,3,2,24,0,1,0,2,0,0,0,1,0,0,0,1,0,0,0,0,0
16,DÂMBOVIŢA,"ȘCOALA GIMNAZIALĂ FIERBINȚI",377,ŞELARU,68887,1,PROV,PRCNCT,CD,CD_SV,"2021-01-21 12:30:02",1229,1202,27,0,409,382,27,0,1330,921,391,11,7,41,147,24,11,116,1,5,2,1,1,7,2,32,0,0,0,0,0,0,0,0,0,0,0,0,0,1,0,0,0
16,DÂMBOVIŢA,"GRĂDINIȚA CU PROGRAM NORMAL",378,ŞELARU,68887,1,PROV,PRCNCT,CD,CD_SV,"2021-01-21 12:30:02",573,559,14,0,185,171,14,0,610,425,172,7,6,27,58,9,0,55,0,2,0,2,0,2,0,12,0,0,0,2,0,0,3,0,0,0,0,0,0,0,0,0,0
16,DÂMBOVIŢA,"ȘCOALA GIMNAZIALĂ ”TEIUL DOAMNEI” - CORP B",379,ŞOTÂNGA,65477,1,PROV,PRCNCT,CD,CD_SV,"2021-01-21 12:30:02",866,847,16,3,296,277,16,3,930,634,283,9,4,53,12,8,64,126,0,0,0,1,2,2,3,12,0,0,0,0,0,0,0,0,0,0,0,0,0,0,0,0,0
16,DÂMBOVIŢA,"CĂMIN CULTURAL TEIŞ",380,ŞOTÂNGA,65477,1,PROV,PRCNCT,CD,CD_SV,"2021-01-21 12:30:02",1255,1240,15,0,416,401,15,0,1370,954,400,11,5,65,25,4,49,206,0,2,4,1,3,1,4,30,0,1,1,0,0,0,0,0,1,0,0,0,0,0,1,1,1
16,DÂMBOVIŢA,"ȘCOALA GIMNAZIALĂ ”PROFESOR ILIE POPESCU”",381,ŞOTÂNGA,65477,1,PROV,PRCNCT,CD,CD_SV,"2021-01-21 12:30:02",1534,1502,29,3,509,477,29,3,1660,1151,490,15,4,59,26,9,44,293,3,3,1,3,2,3,6,32,1,0,0,0,0,1,1,1,0,0,2,0,0,0,0,0,0
16,DÂMBOVIŢA,"CĂMIN CULTURAL ŞOTÂNGA",382,ŞOTÂNGA,65477,2,PART,PRCNCT,CD,CD_SV,"2021-01-21 12:30:02",1170,1146,22,2,375,351,22,2,1260,885,369,3,3,65,12,14,39,202,2,1,0,3,2,0,4,23,0,0,0,1,0,1,0,0,0,0,0,0,0,0,0,0,0
16,DÂMBOVIŢA,"ȘCOALA GIMNAZIALĂ NR. 2",383,ŞOTÂNGA,65477,1,PROV,PRCNCT,CD,CD_SV,"2021-01-21 12:30:02",1135,1123,10,2,305,293,10,2,1240,935,287,12,6,22,17,10,10,191,2,3,0,0,1,3,0,26,0,0,0,0,0,1,0,0,0,0,0,1,0,0,0,0,0
16,DÂMBOVIŢA,"ŞCOALA GIMNAZIALĂ TĂRTĂŞEŞTI",384,TĂRTĂŞEŞTI,105534,1,PROV,PRCNCT,CD,CD_SV,"2021-01-21 12:30:02",889,853,36,0,260,224,36,0,940,680,248,9,3,46,9,28,32,107,1,0,2,0,0,3,0,16,1,0,0,1,0,0,1,0,0,0,0,0,1,0,0,0,0
16,DÂMBOVIŢA,"ŞCOALA GIMNAZIALĂ BÂLDANA - TĂRTĂŞEŞTI,",385,TĂRTĂŞEŞTI,105534,1,PROV,PRCNCT,CD,CD_SV,"2021-01-21 12:30:02",1445,1426,19,0,451,432,19,0,1570,1119,443,6,2,61,22,79,29,205,0,4,0,0,4,3,1,32,0,0,2,0,0,0,0,0,1,0,0,0,0,0,0,0,0
16,DÂMBOVIŢA,"SCOALA GIMNAZIALĂ GULIA- TĂRTĂŞEŞTI,",386,TĂRTĂŞEŞTI,105534,1,PROV,PRCNCT,CD,CD_SV,"2021-01-21 12:30:02",1016,970,46,0,457,411,46,0,1070,613,448,8,1,56,12,7,65,263,1,0,3,1,3,2,2,31,0,0,0,0,0,0,0,0,0,1,0,0,1,0,0,0,0
16,DÂMBOVIŢA,"LICEUL TEHNOLOGIC TĂRTĂŞEŞTI,",387,TĂRTĂŞEŞTI,105534,1,PROV,PRCNCT,CD,CD_SV,"2021-01-21 12:30:02",1067,948,119,0,401,282,119,0,1040,639,388,13,0,59,23,22,96,138,0,1,1,0,0,4,5,35,1,0,1,0,0,0,0,0,0,0,1,0,0,0,1,0,0
16,DÂMBOVIŢA,"SALA DE FESTIVITĂŢI A PRIMĂRIEI TĂTĂRANI",388,TĂTĂRANI,68921,1,PROV,PRCNCT,CD,CD_SV,"2021-01-21 12:30:02",888,856,26,6,354,322,26,6,950,596,349,5,0,60,24,11,16,221,2,1,1,0,0,1,1,11,0,0,0,0,0,0,0,0,0,0,0,0,0,0,0,0,0
16,DÂMBOVIŢA,"GRĂDINIŢA DE COPII GHEBOIENI",389,TĂTĂRANI,68921,1,PROV,PRCNCT,CD,CD_SV,"2021-01-21 12:30:02",1275,1247,24,4,370,342,24,4,1370,1000,354,8,8,61,16,11,11,209,1,4,0,0,1,10,0,25,1,0,0,0,0,0,0,2,0,0,0,0,1,0,0,0,1
16,DÂMBOVIŢA,"CĂMIN CULTURAL CĂPRIORU",390,TĂTĂRANI,68921,1,PROV,PRCNCT,CD,CD_SV,"2021-01-21 12:30:02",1382,1362,20,0,498,478,20,0,1500,1002,480,14,4,66,41,8,20,298,2,3,3,0,4,3,1,26,0,0,0,1,0,0,0,0,1,1,0,0,1,1,0,0,0
16,DÂMBOVIŢA,"CĂMIN CULTURAL PRIBOIU",391,TĂTĂRANI,68921,1,PROV,PRCNCT,CD,CD_SV,"2021-01-21 12:30:02",789,746,32,11,422,379,32,11,820,398,411,6,5,38,8,8,13,306,1,3,0,1,0,4,1,22,2,1,0,1,0,0,0,0,0,0,0,2,0,0,0,0,0
16,DÂMBOVIŢA,"ŞCOALA GIMNAZIALĂ ULIEŞTI",392,ULIEŞTI,68976,1,PROV,PRCNCT,CD,CD_SV,"2021-01-21 12:30:02",1060,1034,26,0,421,395,26,0,1130,709,411,8,2,145,53,26,8,123,1,4,1,2,0,5,0,41,0,0,0,2,0,0,0,0,0,0,0,0,0,0,0,0,0
16,DÂMBOVIŢA,"GRĂDINIȚA CROITORI",393,ULIEŞTI,68976,1,PROV,PRCNCT,CD,CD_SV,"2021-01-21 12:30:02",696,688,8,0,192,184,8,0,760,568,185,5,2,76,23,6,7,49,0,2,0,2,0,0,6,14,0,0,0,0,0,0,0,0,0,0,0,0,0,0,0,0,0
16,DÂMBOVIŢA,"ŞCOALA GIMNAZIALĂ JUGURENI",394,ULIEŞTI,68976,1,PROV,PRCNCT,CD,CD_SV,"2021-01-21 12:30:02",1267,1251,16,0,503,487,16,0,1380,877,492,7,4,163,51,40,12,151,1,2,0,3,2,1,2,51,0,0,1,1,0,0,0,0,2,1,1,1,0,3,0,0,3
16,DÂMBOVIŢA,"ŞCOALA PRIMARĂ HANU LUI PALĂ",395,ULIEŞTI,68976,1,PROV,PRCNCT,CD,CD_SV,"2021-01-21 12:30:02",288,271,17,0,114,97,17,0,300,186,109,4,1,55,5,9,4,27,1,0,0,0,1,0,0,6,1,0,0,0,0,0,0,0,0,0,0,0,0,0,0,0,0
16,DÂMBOVIŢA,"SCOALA GIMNAZIALA ULMI",396,ULMI,65501,1,PROV,PRCNCT,CD,CD_SV,"2021-01-21 12:30:02",1194,1118,74,2,446,370,74,2,1230,784,438,6,2,68,23,8,45,259,0,3,1,1,2,3,1,20,0,0,1,2,0,0,0,1,0,0,0,0,0,0,0,0,0
16,DÂMBOVIŢA,"GRADINITA DUMBRAVA",397,ULMI,65501,1,PROV,PRCNCT,CD,CD_SV,"2021-01-21 12:30:02",1008,960,48,0,341,293,48,0,1060,719,329,10,2,68,10,8,26,169,2,2,0,2,8,1,1,27,0,0,0,1,0,0,1,1,1,0,0,0,1,0,0,0,0
16,DÂMBOVIŢA,"SCOALA GIMNAZIALA ION CONSTANTINESCU VIISOARA",398,ULMI,65501,1,PROV,PRCNCT,CD,CD_SV,"2021-01-21 12:30:02",1198,1162,36,0,480,444,36,0,1280,800,463,13,4,56,22,10,20,304,1,2,4,0,1,1,2,30,0,0,0,4,1,0,0,0,1,0,0,1,1,1,0,0,1
16,DÂMBOVIŢA,"GRADINITA MATRACA",399,ULMI,65501,1,PROV,PRCNCT,CD,CD_SV,"2021-01-21 12:30:02",664,631,29,4,258,225,29,4,690,432,253,4,1,20,20,9,28,151,0,1,0,0,1,2,0,18,0,0,0,0,0,1,0,0,0,0,0,0,0,0,1,0,1
16,DÂMBOVIŢA,"CAMINUL CULTURAL VALEA LUNGA CRICOV",400,"VALEA LUNGĂ",69063,2,PART,PRCNCT,CD,CD_SV,"2021-01-21 12:30:02",1022,1004,18,0,308,290,18,0,1130,822,297,8,3,38,17,10,23,177,1,1,1,1,0,7,4,13,0,0,0,0,0,0,0,0,0,0,0,0,1,0,0,2,1
16,DÂMBOVIŢA,"GRĂDINIȚA DE COPII VALEA MARE",401,"VALEA LUNGĂ",69063,1,PROV,PRCNCT,CD,CD_SV,"2021-01-21 12:30:02",445,437,8,0,119,111,8,0,480,361,117,2,0,26,7,6,3,57,2,1,1,1,0,1,1,10,0,0,0,0,0,0,0,0,0,1,0,0,0,0,0,0,0
16,DÂMBOVIŢA,"CENTRU DE ASISTENȚĂ DUPĂ PROGRAM ȘCOLAR",402,"VALEA LUNGĂ",69063,1,PROV,PRCNCT,CD,CD_SV,"2021-01-21 12:30:02",1112,1092,20,0,333,313,20,0,1200,867,322,4,7,72,11,11,43,131,1,0,3,1,1,3,7,34,0,0,1,0,0,0,0,0,0,0,0,1,0,0,0,1,1
16,DÂMBOVIŢA,"ŞCOALA GIMNAZIALĂ ION HARALMBIE VALEA LUNGĂ GORGOTA",403,"VALEA LUNGĂ",69063,1,PROV,PRCNCT,CD,CD_SV,"2021-01-21 12:30:02",1025,1008,15,2,283,266,15,2,1130,847,272,10,1,62,13,8,28,121,2,1,1,3,4,3,1,21,0,0,0,0,0,0,0,2,1,0,0,0,1,0,0,0,0
16,DÂMBOVIŢA,"GRADINIŢA CU PROGRAM NORMAL ŞTUBEIE TISA",404,"VALEA LUNGĂ",69063,1,PROV,PRCNCT,CD,CD_SV,"2021-01-21 12:30:02",364,355,9,0,87,78,9,0,390,303,84,2,1,15,6,3,3,46,0,0,1,0,2,1,1,5,0,0,0,0,0,0,0,0,1,0,0,0,0,0,0,0,0
16,DÂMBOVIŢA,"ŞCOALA GIMNAZIALĂ VALEA MARE",405,"VALEA MARE",69170,1,PROV,PRCNCT,CD,CD_SV,"2021-01-21 12:30:02",1213,1191,22,0,472,450,22,0,1310,838,458,6,8,46,13,15,16,314,1,2,0,1,5,5,5,32,0,0,0,0,0,0,0,0,1,0,1,0,0,0,0,1,0
16,DÂMBOVIŢA,"GRĂDINIŢA CU PROGRAM NORMAL VALEA CASELOR",406,"VALEA MARE",69170,1,PROV,PRCNCT,CD,CD_SV,"2021-01-21 12:30:02",600,588,12,0,249,237,12,0,650,401,240,8,1,26,10,13,8,162,0,1,0,0,1,0,3,13,1,1,0,1,0,0,0,0,0,0,0,0,0,0,0,0,0
16,DÂMBOVIŢA,"ȘCOALA GIMNAZIALĂ ”IANCU VĂCĂRESCU” - VĂCĂREȘTI",407,VĂCĂREŞTI,69250,1,PROV,PRCNCT,CD,CD_SV,"2021-01-21 12:30:02",1455,1431,24,0,436,412,24,0,1570,1134,430,4,2,82,23,12,57,189,1,2,2,0,0,2,5,51,0,0,0,1,0,0,0,1,1,0,1,0,0,0,0,0,0
16,DÂMBOVIŢA,"ȘCOALA GIMNAZIALĂ ”IANCU VĂCĂRESCU” - VĂCĂREȘTI",408,VĂCĂREŞTI,69250,1,PROV,PRCNCT,CD,CD_SV,"2021-01-21 12:30:02",1136,1123,13,0,296,283,13,0,1240,944,282,13,1,52,15,15,43,134,1,2,2,0,0,0,1,14,0,0,0,0,0,0,1,1,1,0,0,0,0,0,0,0,0
16,DÂMBOVIŢA,"ȘCOALA GIMNAZIALĂ BUNGETU",409,VĂCĂREŞTI,69250,1,PROV,PRCNCT,CD,CD_SV,"2021-01-21 12:30:02",1138,1113,25,0,335,310,25,0,1250,915,326,8,1,64,24,13,52,146,2,2,1,0,4,4,1,9,0,0,0,1,0,1,0,1,0,0,0,0,0,1,0,0,0
16,DÂMBOVIŢA,"GRĂDINIȚA CU PROGRAM NORMAL BRĂTEȘTII DE JOS",410,VĂCĂREŞTI,69250,1,PROV,PRCNCT,CD,CD_SV,"2021-01-21 12:30:02",568,554,14,0,175,161,14,0,610,435,171,2,2,27,11,3,12,97,3,0,1,1,1,0,2,11,0,0,0,0,0,0,1,0,0,0,0,0,0,0,0,0,1
16,DÂMBOVIŢA,"SCOALA GENERALA VALENI DIMBOVITA, PARTER SALA A DOUA",411,VĂLENI-DÂMBOVIŢA,69303,1,PROV,PRCNCT,CD,CD_SV,"2021-01-21 12:30:02",931,911,16,4,272,253,15,4,1000,728,267,5,0,57,19,12,19,141,0,1,5,1,0,3,0,8,0,0,0,0,0,0,0,0,0,0,1,0,0,0,0,0,0
16,DÂMBOVIŢA,"SCOALA GENERALA VALENI DIMBOVITA, PARTER SALA PATRU",412,VĂLENI-DÂMBOVIŢA,69303,1,PROV,PRCNCT,CD,CD_SV,"2021-01-21 12:30:02",969,951,14,4,314,296,14,4,1050,736,310,4,0,57,27,7,29,167,0,0,1,0,1,5,0,14,0,0,0,1,0,0,0,0,0,0,0,0,0,1,0,0,0
16,DÂMBOVIŢA,"SCOALA NOUA GENERALA MESTEACAN",413,VĂLENI-DÂMBOVIŢA,69303,1,PROV,PRCNCT,CD,CD_SV,"2021-01-21 12:30:02",230,214,16,0,95,79,16,0,240,145,92,3,0,15,10,2,0,56,0,1,0,0,0,0,1,6,0,0,1,0,0,0,0,0,0,0,0,0,0,0,0,0,0
16,DÂMBOVIŢA,"CĂMINUL CULTURAL",414,VÂRFURI,69447,1,PROV,PRCNCT,CD,CD_SV,"2021-01-21 12:30:02",1496,1474,22,0,354,332,22,0,1620,1266,347,3,4,69,74,9,31,121,1,1,0,3,0,5,3,25,0,1,0,0,0,1,0,0,0,0,0,0,0,0,2,0,1
16,DÂMBOVIŢA,"CĂMIN CULTURAL",415,VIŞINA,69330,1,PROV,PRCNCT,CD,CD_SV,"2021-01-21 12:30:02",1351,1346,5,0,407,402,5,0,1480,1073,380,27,0,63,18,25,17,213,4,2,1,1,3,2,1,23,0,0,0,1,1,0,0,1,0,0,1,0,2,0,0,0,1
16,DÂMBOVIŢA,"GRĂDINIŢA NR. 1 VISINA",416,VIŞINA,69330,1,PROV,PRCNCT,CD,CD_SV,"2021-01-21 12:30:02",958,945,12,1,345,332,12,1,1040,695,333,8,4,40,13,20,13,204,2,1,0,1,0,0,1,35,0,1,1,0,0,0,0,0,0,0,0,0,0,0,0,1,0
16,DÂMBOVIŢA,"GRĂDINIŢA BROŞTENI",417,VIŞINA,69330,1,PROV,PRCNCT,CD,CD_SV,"2021-01-21 12:30:02",950,928,22,0,310,288,22,0,1020,710,302,6,2,37,46,31,16,145,0,3,0,1,2,2,2,16,0,0,0,0,0,0,0,1,0,0,0,0,0,0,0,0,0
16,DÂMBOVIŢA,"CĂMINUL CULTURAL VIȘINEȘTI",418,VIŞINEŞTI,69394,2,PART,PRCNCT,CD,CD_SV,"2021-01-21 12:30:02",771,754,17,0,245,228,17,0,830,585,238,5,2,38,12,5,23,121,1,1,0,2,3,4,3,20,1,0,0,1,0,0,0,0,1,0,0,0,1,0,0,1,0
16,DÂMBOVIŢA,"ȘCOALA URSEIU",419,VIŞINEŞTI,69394,1,PROV,PRCNCT,CD,CD_SV,"2021-01-21 12:30:02",551,527,24,0,177,153,24,0,580,403,176,1,0,33,17,5,14,97,0,1,1,0,1,0,1,6,0,0,0,0,0,0,0,0,0,0,0,0,0,0,0,0,0
16,DÂMBOVIŢA,"CĂMIN CULTURAL SULTANU",420,VIŞINEŞTI,69394,1,PROV,PRCNCT,CD,CD_SV,"2021-01-21 12:30:02",262,244,18,0,94,76,18,0,270,176,93,1,0,13,4,4,10,50,0,0,0,0,0,2,1,8,0,0,0,0,0,0,1,0,0,0,0,0,0,0,0,0,0
16,DÂMBOVIŢA,"ȘCOALA GIMNAZIALĂ ”STAN ȘTEFAN”",421,VLĂDENI,179711,2,PART,PRCNCT,CD,CD_SV,"2021-01-21 12:30:02",1294,1278,16,0,340,324,16,0,1420,1080,331,2,7,48,19,25,50,155,1,0,1,0,0,6,0,14,0,0,0,10,0,1,0,0,1,0,0,0,0,0,0,0,0
16,DÂMBOVIŢA,"CĂMIN CULTURAL",422,VLĂDENI,179711,1,PROV,PRCNCT,CD,CD_SV,"2021-01-21 12:30:02",1021,1002,19,0,275,256,19,0,1110,835,256,18,1,36,14,33,29,97,1,2,0,1,0,2,1,21,1,0,0,16,0,0,1,0,0,0,0,0,1,0,0,0,0
16,DÂMBOVIŢA,"CĂMINUL CULTURAL",423,VOINEŞTI,69526,1,PROV,PRCNCT,CD,CD_SV,"2021-01-21 12:30:02",973,959,14,0,396,382,14,0,1050,654,388,4,4,51,12,10,28,244,1,0,1,0,2,4,0,34,0,0,0,0,0,0,1,0,0,0,0,0,0,0,0,0,0
16,DÂMBOVIŢA,"GRĂDINIŢA DE COPII",424,VOINEŞTI,69526,1,PROV,PRCNCT,CD,CD_SV,"2021-01-21 12:30:02",738,715,23,0,288,265,23,0,790,502,277,8,3,42,12,13,18,162,0,0,0,0,0,0,0,26,0,0,0,1,0,0,0,0,1,0,0,1,1,0,0,0,0
16,DÂMBOVIŢA,"ŞCOALA CU CLASELE I-VIII",425,VOINEŞTI,69526,1,PROV,PRCNCT,CD,CD_SV,"2021-01-21 12:30:02",1367,1335,32,0,631,599,32,0,1470,839,611,17,3,68,33,17,48,362,1,5,4,0,3,8,3,49,0,1,1,0,0,1,0,0,3,1,0,0,0,0,1,1,1
16,DÂMBOVIŢA,"ŞCOALA CU CLASELE I-VIII",426,VOINEŞTI,69526,2,PART,PRCNCT,CD,CD_SV,"2021-01-21 12:30:02",1362,1323,39,0,449,410,39,0,1460,1011,429,13,7,70,41,3,25,233,0,5,0,0,3,2,2,43,0,0,0,0,0,0,0,0,1,0,1,0,0,0,0,0,0
16,DÂMBOVIŢA,"GRĂDINIŢA MANGA",427,VOINEŞTI,69526,1,PROV,PRCNCT,CD,CD_SV,"2021-01-21 12:30:02",666,642,24,0,247,223,24,0,710,463,236,5,6,47,12,7,3,147,2,1,0,1,0,1,0,12,1,0,1,0,0,0,0,0,1,0,0,0,0,0,0,0,0
16,DÂMBOVIŢA,"CĂMINUL CULTURAL „ECATERINA OPROIU”",428,VULCANA-BĂI,69615,2,PART,PRCNCT,CD,CD_SV,"2021-01-21 12:30:02",1301,1274,22,5,452,425,22,5,1410,958,437,12,3,134,33,10,33,171,4,2,1,1,2,7,5,27,0,1,2,0,0,2,0,0,1,0,0,0,0,0,0,0,1
16,DÂMBOVIŢA,"CĂMINUL CULTURAL „IH RĂDULESCU”",429,VULCANA-BĂI,69615,1,PROV,PRCNCT,CD,CD_SV,"2021-01-21 12:30:02",1171,1148,18,5,288,265,18,5,1268,980,278,5,5,69,10,7,42,95,0,2,0,4,8,2,3,27,1,0,0,0,0,1,0,0,0,1,1,2,1,1,0,0,1
16,DÂMBOVIŢA,"CĂMINUL CULTURAL ”IZVOR DE APĂ VIE”",430,VULCANA-PANDELE,179640,1,PROV,PRCNCT,CD,CD_SV,"2021-01-21 12:30:02",1281,1261,20,0,398,378,20,0,1390,992,390,7,1,58,32,8,53,184,2,0,2,1,3,3,11,28,2,0,0,2,0,0,0,0,0,0,0,1,0,0,0,0,0
16,DÂMBOVIŢA,"GRĂDINIȚA CU PROGRAM NORMAL, VULCANA-PANDELE",431,VULCANA-PANDELE,179640,1,PROV,PRCNCT,CD,CD_SV,"2021-01-21 12:30:02",1229,1210,19,0,224,205,19,0,1330,1106,217,6,1,36,15,9,12,116,1,0,0,0,1,1,1,16,0,1,0,5,0,0,0,0,0,0,0,0,0,2,0,1,0
16,DÂMBOVIŢA,"ȘCOALA GIMNAZIALĂ GURA VULCANEI",432,VULCANA-PANDELE,179640,1,PROV,PRCNCT,CD,CD_SV,"2021-01-21 12:30:02",898,890,7,1,215,207,7,1,990,775,210,4,1,30,9,15,39,87,1,1,1,0,2,4,4,14,1,0,1,0,0,0,0,0,0,0,0,0,0,0,1,0,0
16,DÂMBOVIŢA,"ȘCOALA GIMNAZIALĂ GURA VULCANEI",433,VULCANA-PANDELE,179640,1,PROV,PRCNCT,CD,CD_SV,"2021-01-21 12:30:02",824,808,16,0,162,146,16,0,890,728,154,8,0,28,10,15,18,61,1,1,0,0,1,2,1,15,1,0,0,0,0,0,0,0,0,0,0,0,0,0,0,0,0
