precinct_county_nce,precinct_county_name,precinct_name,precinct_nr,uat_name,uat_siruta,report_version,report_stage_code,report_type_scope_code,report_type_category_code,report_type_code,created_at,a,a1,a2,a3,b,b1,b2,b3,c,d,e,f,g,"ALIANȚA USR PLUS-voturi","PARTIDUL PRO ROMÂNIA-voturi","PARTIDUL SOCIAL DEMOCRAT-voturi","PARTIDUL NAȚIONAL LIBERAL-voturi","UNIUNEA DEMOCRATĂ MAGHIARĂ DIN ROMÂNIA-voturi","PARTIDUL MIȘCAREA POPULARĂ-voturi","ALIANȚA PENTRU UNIREA ROMÂNILOR-voturi","PARTIDUL NOUA ROMÂNIE-voturi","PARTIDUL PUTERII UMANISTE (SOCIAL-LIBERAL)-voturi","PARTIDUL ECOLOGIST ROMÂN-voturi","PARTIDUL ROMÂNIA MARE-voturi","UNIUNEA POLONEZILOR DIN ROMÂNIA-voturi","FORUMUL DEMOCRAT AL GERMANILOR DIN ROMÂNIA-voturi","UNIUNEA SÂRBILOR DIN ROMÂNIA-voturi","UNIUNEA DEMOCRATICĂ A SLOVACILOR ȘI CEHILOR DIN ROMÂNIA-voturi","FEDERAȚIA COMUNITĂȚILOR EVREIEȘTI DIN ROMÂNIA-voturi","UNIUNEA DEMOCRATĂ TURCĂ DIN ROMÂNIA-voturi","UNIUNEA ARMENILOR DIN ROMÂNIA-voturi","UNIUNEA ELENĂ DIN ROMÂNIA-voturi","ASOCIAȚIA LIGA ALBANEZILOR DIN ROMÂNIA-voturi","UNIUNEA CULTURALĂ A RUTENILOR DIN ROMÂNIA-voturi","UNIUNEA UCRAINENILOR DIN ROMÂNIA-voturi","ASOCIAȚIA MACEDONENILOR DIN ROMÂNIA-voturi","ASOCIAȚIA ITALIENILOR DIN ROMÂNIA – RO.AS.IT.-voturi","UNIUNEA BULGARĂ DIN BANAT-ROMÂNIA-voturi","UNIUNEA CROAȚILOR DIN ROMÂNIA-voturi","ASOCIAȚIA PARTIDA ROMILOR “PRO-EUROPA”-voturi","COMUNITATEA RUȘILOR LIPOVENI DIN ROMÂNIA-voturi"
21,HARGHITA,"TEATRUL MUNICIPAL ”CSIKI JÁTÉKSZÍN” MIERCUREA-CIUC",1,"MUNICIPIUL MIERCUREA-CIUC",83320,1,PROV,PRCNCT,CD,CD_SV,"2021-01-21 12:30:02",1593,1542,37,14,592,541,37,14,1700,1108,583,2,7,31,5,41,42,442,6,4,2,1,4,0,0,0,0,0,0,0,0,1,3,0,0,0,1,0,0,0,0
21,HARGHITA,"LICEUL DE ARTE ”NAGY ISTVÁN” MIERCUREA-CIUC",2,"MUNICIPIUL MIERCUREA-CIUC",83320,1,PROV,PRCNCT,CD,CD_SV,"2021-01-21 12:30:02",1546,1524,22,0,571,549,22,0,1700,1129,567,3,1,28,11,44,42,405,9,17,1,1,2,2,1,1,1,0,1,0,0,0,0,0,0,0,0,0,0,0,1
21,HARGHITA,"CASA DE CULTURĂ A SINDICATELOR MIERCUREA-CIUC",3,"MUNICIPIUL MIERCUREA-CIUC",83320,1,PROV,PRCNCT,CD,CD_SV,"2021-01-21 12:30:02",1616,1574,42,0,559,517,42,0,1700,1141,550,8,1,25,7,27,24,447,3,11,0,1,2,0,1,0,0,0,0,0,0,0,2,0,0,0,0,0,0,0,0
21,HARGHITA,"ȘCOALA GIMNAZIALĂ ”NAGY IMRE” MIERCUREA-CIUC",4,"MUNICIPIUL MIERCUREA-CIUC",83320,1,PROV,PRCNCT,CD,CD_SV,"2021-01-21 12:30:02",1599,1561,37,1,608,570,37,1,1700,1092,600,4,4,21,2,40,24,488,6,13,1,1,2,0,0,0,0,0,0,0,0,0,1,1,0,0,0,0,0,0,0
21,HARGHITA,"ŞCOALA GIMNAZIALĂ „NAGY IMRE” MIERCUREA-CIUC",5,"MUNICIPIUL MIERCUREA-CIUC",83320,1,PROV,PRCNCT,CD,CD_SV,"2021-01-21 12:30:02",1646,1622,24,0,577,553,24,0,1700,1123,573,4,0,26,9,27,19,469,2,12,0,1,3,0,0,0,0,0,0,0,1,0,3,0,0,0,0,0,0,1,0
21,HARGHITA,"ȘCOALA GIMNAZIALĂ ”NAGY IMRE”",6,"MUNICIPIUL MIERCUREA-CIUC",83320,1,PROV,PRCNCT,CD,CD_SV,"2021-01-21 12:30:02",1684,1660,23,1,643,619,23,1,1700,1057,630,11,2,44,6,27,26,503,5,9,0,0,3,0,0,2,0,0,1,0,0,0,1,0,0,0,2,0,0,0,1
21,HARGHITA,"ȘCOALA GIMNAZIALĂ ”PETŐFI SÁNDOR” MIERCUREA-CIUC",7,"MUNICIPIUL MIERCUREA-CIUC",83320,1,PROV,PRCNCT,CD,CD_SV,"2021-01-21 12:30:02",1449,1429,19,1,490,470,19,1,1600,1110,478,10,2,24,5,25,24,385,5,3,2,0,3,0,0,1,0,0,0,0,0,0,0,0,0,0,0,0,0,0,1
21,HARGHITA,"ȘCOALA GIMNAZIALĂ ”PETŐFI SÁNDOR” MIERCUREA-CIUC",8,"MUNICIPIUL MIERCUREA-CIUC",83320,2,PART,PRCNCT,CD,CD_SV,"2021-01-21 12:30:02",1465,1433,31,1,458,426,31,1,1600,1142,454,4,0,24,11,31,23,342,5,9,1,1,4,1,0,0,0,0,0,0,0,0,0,0,0,0,1,0,0,0,1
21,HARGHITA,"ȘCOALA GIMNAZIALĂ ”LIVIU REBREANU” MIERCUREA-CIUC",9,"MUNICIPIUL MIERCUREA-CIUC",83320,1,PROV,PRCNCT,CD,CD_SV,"2021-01-21 12:30:02",1600,1572,26,2,568,540,26,2,1700,1132,564,2,2,31,8,39,23,442,2,11,0,0,5,0,1,0,0,0,0,0,0,1,1,0,0,0,0,0,0,0,0
21,HARGHITA,"GRĂDINIŢA „NAPRAFORGÓ” MIERCUREA-CIUC",10,"MUNICIPIUL MIERCUREA-CIUC",83320,1,PROV,PRCNCT,CD,CD_SV,"2021-01-21 12:30:02",1501,1476,25,0,597,572,25,0,1600,1003,580,15,2,24,3,31,28,458,3,17,1,1,7,1,0,0,0,0,0,0,1,0,3,0,0,0,0,2,0,0,0
21,HARGHITA,"S.C. GOSCOM S.A MIERCUREA-CIUC",11,"MUNICIPIUL MIERCUREA-CIUC",83320,1,PROV,PRCNCT,CD,CD_SV,"2021-01-21 12:30:02",1586,1542,44,0,504,460,44,0,1700,1196,489,10,5,11,5,24,9,429,3,3,0,0,2,1,0,0,0,0,0,1,0,0,1,0,0,0,0,0,0,0,0
21,HARGHITA,"ȘCOALA GIMNAZIALĂ ”JÓZSEF ATTILA” MIERCUREA-CIUC",12,"MUNICIPIUL MIERCUREA-CIUC",83320,2,PART,PRCNCT,CD,CD_SV,"2021-01-21 12:30:02",1558,1432,75,51,605,525,29,51,1600,995,590,9,6,21,6,60,22,452,6,6,1,3,3,3,0,1,1,0,0,0,2,1,2,0,0,0,0,0,0,0,0
21,HARGHITA,"ȘCOALA GIMNAZIALĂ ”JÓZSEF ATTILA” MIERCUREA-CIUC",13,"MUNICIPIUL MIERCUREA-CIUC",83320,1,PROV,PRCNCT,CD,CD_SV,"2021-01-21 12:30:02",1518,1503,14,1,522,507,14,1,1700,1178,506,8,8,22,8,31,30,397,2,6,0,4,2,2,1,0,0,0,0,1,0,0,0,0,0,0,0,0,0,0,0
21,HARGHITA,"ȘCOALA GIMNAZIALĂ ”JÓZSEF ATTILA” MIERCUREA-CIUC",14,"MUNICIPIUL MIERCUREA-CIUC",83320,1,PROV,PRCNCT,CD,CD_SV,"2021-01-21 12:30:02",1666,1651,15,0,560,545,15,0,1700,1140,554,5,1,37,6,48,27,404,7,20,1,1,0,2,0,0,0,0,1,0,0,0,0,0,0,0,0,0,0,0,0
21,HARGHITA,"SALA DE SPORT A ȘCOLII GIMNAZIALE ”JÓZSEF ATTILA” MIERCUREA-CIUC",15,"MUNICIPIUL MIERCUREA-CIUC",83320,1,PROV,PRCNCT,CD,CD_SV,"2021-01-21 12:30:02",1667,1638,27,2,581,552,27,2,1700,1119,569,12,0,22,6,47,22,437,4,17,0,2,5,0,0,0,0,0,0,0,0,1,3,0,0,0,0,0,0,3,0
21,HARGHITA,"SALA DE SPORT A ȘCOLII GIMNAZILAE ”JÓZSEF ATTILA” MIERCUREA-CIUC",16,"MUNICIPIUL MIERCUREA-CIUC",83320,1,PROV,PRCNCT,CD,CD_SV,"2021-01-21 12:30:02",1589,1522,30,37,604,537,30,37,1700,1096,597,4,3,42,11,52,38,416,8,19,0,3,1,4,0,0,0,0,1,0,0,0,2,0,0,0,0,0,0,0,0
21,HARGHITA,"GRĂDINIŢA ”ARANYALMA” MIERCUREA-CIUC",17,"MUNICIPIUL MIERCUREA-CIUC",83320,1,PROV,PRCNCT,CD,CD_SV,"2021-01-21 12:30:02",1690,1661,29,0,437,408,29,0,1800,1363,433,4,0,21,8,45,25,298,6,15,1,1,4,2,0,0,1,0,0,1,0,0,3,1,0,0,0,0,0,1,0
21,HARGHITA,"LICEUL TEHNOLIGIC ”SZÉKELY KÁROLY” MIERCUREA-CIUC",18,"MUNICIPIUL MIERCUREA-CIUC",83320,1,PROV,PRCNCT,CD,CD_SV,"2021-01-21 12:30:02",1493,1465,28,0,537,509,28,0,1600,1063,527,6,4,21,0,22,19,450,3,7,0,2,0,1,0,0,0,0,0,0,1,0,1,0,0,0,0,0,0,0,0
21,HARGHITA,"LICEUL TEHNOLIGIC ”SZÉKELY KÁROLY” MIERCUREA-CIUC",19,"MUNICIPIUL MIERCUREA-CIUC",83320,1,PROV,PRCNCT,CD,CD_SV,"2021-01-21 12:30:02",1453,1429,24,0,545,521,24,0,1600,1055,545,0,0,21,8,21,22,455,1,7,0,5,1,1,0,0,0,0,1,0,0,0,1,1,0,0,0,0,0,0,0
21,HARGHITA,"ŞCOALA GIMNAZIALĂ ”XANTUS JANOS” MIERCUREA-CIUC",20,"MUNICIPIUL MIERCUREA-CIUC",83320,1,PROV,PRCNCT,CD,CD_SV,"2021-01-21 12:30:02",1270,1249,21,0,463,442,21,0,1400,937,459,3,1,13,2,11,10,411,2,5,0,1,2,0,0,0,0,0,0,0,1,0,1,0,0,0,0,0,0,0,0
21,HARGHITA,"SEDIUL ASOCIAȚIEI ”CSÍKSOMLYÓ” MIERCUREA-CIUC",21,"MUNICIPIUL MIERCUREA-CIUC",83320,1,PROV,PRCNCT,CD,CD_SV,"2021-01-21 12:30:02",1853,1821,22,10,753,721,22,10,2000,1247,736,12,5,21,1,18,7,674,1,4,4,0,2,0,0,0,0,0,0,1,0,0,3,0,0,0,0,0,0,0,0
21,HARGHITA,"CASA DE CULTURĂ TOPLIȚA MIERCUREA-CIUC",22,"MUNICIPIUL MIERCUREA-CIUC",83320,1,PROV,PRCNCT,CD,CD_SV,"2021-01-21 12:30:02",1631,1606,25,0,726,701,25,0,1800,1074,716,6,4,20,2,13,7,665,1,2,1,1,0,0,0,0,0,0,0,0,0,1,1,0,0,1,0,0,0,1,0
21,HARGHITA,"ȘCOALA GIMNAZIALĂ ”XÁNTUS JÁNOS” HARGHITA-BĂI MIERCUREA-CIUC",23,"MUNICIPIUL MIERCUREA-CIUC",83320,1,PROV,PRCNCT,CD,CD_SV,"2021-01-21 12:30:02",195,179,16,0,79,63,16,0,400,321,79,0,0,1,1,2,5,67,0,1,0,1,1,0,0,0,0,0,0,0,0,0,0,0,0,0,0,0,0,0,0
21,HARGHITA,"ŞCOALA GIMNAZIALĂ ”KÓS KÁROLY”",24,"MUNICIPIUL GHEORGHENI",83561,1,PROV,PRCNCT,CD,CD_SV,"2021-01-21 12:30:02",1822,1810,11,1,505,493,11,1,2000,1495,487,12,6,11,8,21,13,408,6,12,1,0,0,0,0,0,0,0,0,0,1,0,4,0,0,0,0,0,2,0,0
21,HARGHITA,"ŞCOALA GIMNAZIALĂ ”KÓS KÁROLY”",25,"MUNICIPIUL GHEORGHENI",83561,1,PROV,PRCNCT,CD,CD_SV,"2021-01-21 12:30:02",1758,1735,19,4,539,516,19,4,1900,1361,533,3,3,11,9,29,36,434,3,6,0,1,1,0,0,0,0,0,0,0,0,0,3,0,0,0,0,0,0,0,0
21,HARGHITA,"ŞCOALA GIMNAZIALĂ ”KÓS KÁROLY”",26,"MUNICIPIUL GHEORGHENI",83561,1,PROV,PRCNCT,CD,CD_SV,"2021-01-21 12:30:02",1854,1845,7,2,496,487,7,2,2000,1504,483,5,8,9,6,19,21,407,4,5,1,1,2,1,0,0,0,0,0,0,1,0,5,0,0,0,0,0,0,0,1
21,HARGHITA,"ŞCOALA GIMNAZIALĂ ”VASKERTES”",27,"MUNICIPIUL GHEORGHENI",83561,1,PROV,PRCNCT,CD,CD_SV,"2021-01-21 12:30:02",1731,1722,9,0,559,550,9,0,1900,1341,558,1,0,8,3,23,21,496,0,2,0,3,1,1,0,0,0,0,0,0,0,0,0,0,0,0,0,0,0,0,0
21,HARGHITA,"ŞCOALA GIMNAZIALĂ ”VASKERTES”",28,"MUNICIPIUL GHEORGHENI",83561,1,PROV,PRCNCT,CD,CD_SV,"2021-01-21 12:30:02",1693,1683,10,0,460,450,10,0,1800,1340,448,5,7,6,2,19,19,388,1,9,2,1,1,0,0,0,0,0,0,0,0,0,0,0,0,0,0,0,0,0,0
21,HARGHITA,"ŞCOALA GIMNAZIALĂ ”VASKERTES”",29,"MUNICIPIUL GHEORGHENI",83561,1,PROV,PRCNCT,CD,CD_SV,"2021-01-21 12:30:02",1853,1832,20,1,625,604,20,1,2000,1375,612,10,3,2,2,6,6,579,3,3,2,0,4,0,0,0,0,0,0,0,0,0,3,0,0,0,0,0,0,1,1
21,HARGHITA,"LICEUL TEORETIC ”SALAMON ERNŐ”",30,"MUNICIPIUL GHEORGHENI",83561,1,PROV,PRCNCT,CD,CD_SV,"2021-01-21 12:30:02",1836,1772,39,25,669,605,39,25,1900,1231,640,24,5,7,1,12,21,557,17,8,0,1,5,1,1,0,0,0,0,1,0,0,2,0,0,0,2,1,1,1,1
21,HARGHITA,"LICEUL TEHNOLOGIC ”FOGARASY MIHÁLY”",31,"MUNICIPIUL GHEORGHENI",83561,1,PROV,PRCNCT,CD,CD_SV,"2021-01-21 12:30:02",1825,1793,25,7,551,519,25,7,2000,1449,539,7,5,12,3,13,13,488,2,2,0,0,1,0,0,0,0,0,0,0,0,0,3,0,0,0,0,0,0,1,1
21,HARGHITA,"COLEGIUL TEHNIC ”BATTHYÁNY IGNÁC”",32,"MUNICIPIUL GHEORGHENI",83561,1,PROV,PRCNCT,CD,CD_SV,"2021-01-21 12:30:02",1972,1938,12,22,574,540,12,22,2100,1526,566,4,4,5,1,6,6,529,4,0,0,0,3,0,0,0,0,0,1,0,0,0,9,1,0,0,0,0,0,1,0
21,HARGHITA,"CORP DE CLĂDIRE CU 20 DE APARTAMENTE",33,"MUNICIPIUL GHEORGHENI",83561,1,PROV,PRCNCT,CD,CD_SV,"2021-01-21 12:30:02",91,77,14,0,32,18,14,0,300,268,32,0,0,1,1,5,3,16,2,3,0,1,0,0,0,0,0,0,0,0,0,0,0,0,0,0,0,0,0,0,0
21,HARGHITA,"COLEGIUL TEHNIC ”BÁNYAI JÁNOS”",34,"MUNICIPIUL ODORHEIU SECUIESC",83133,1,PROV,PRCNCT,CD,CD_SV,"2021-01-21 12:30:02",1536,1515,21,0,455,434,21,0,1700,1245,438,15,2,15,2,11,4,398,3,4,0,0,1,0,0,0,0,0,0,0,0,0,0,0,0,0,0,0,0,0,0
21,HARGHITA,"LICEUL „MARIN PREDA” ODORHEIU SECUIESC",35,"MUNICIPIUL ODORHEIU SECUIESC",83133,1,PROV,PRCNCT,CD,CD_SV,"2021-01-21 12:30:02",1592,1567,25,0,537,512,25,0,1700,1163,529,4,4,13,4,9,13,482,0,3,1,1,1,0,0,0,0,0,0,0,0,0,2,0,0,0,0,0,0,0,0
21,HARGHITA,"GRĂDINIŢA ”ZSIBONGÓ”",36,"MUNICIPIUL ODORHEIU SECUIESC",83133,1,PROV,PRCNCT,CD,CD_SV,"2021-01-21 12:30:02",1268,1251,17,0,437,420,17,0,1400,963,429,5,3,16,6,17,8,374,1,3,0,1,2,0,0,0,1,0,0,0,0,0,0,0,0,0,0,0,0,0,0
21,HARGHITA,"COLEGIUL REFORMAT ”BACZKAMADARASI KIS GERGELY”",37,"MUNICIPIUL ODORHEIU SECUIESC",83133,1,PROV,PRCNCT,CD,CD_SV,"2021-01-21 12:30:02",1579,1544,11,24,595,560,11,24,1700,1105,580,8,7,8,2,4,7,546,3,1,1,0,2,0,1,1,0,0,1,1,1,0,1,0,0,0,0,0,0,0,0
21,HARGHITA,"COLEGIUL REFORMAT ”BACZKAMADARASI KIS GERGELY”",38,"MUNICIPIUL ODORHEIU SECUIESC",83133,1,PROV,PRCNCT,CD,CD_SV,"2021-01-21 12:30:02",1105,1086,19,0,269,250,19,0,1200,931,264,3,2,5,1,1,2,251,0,1,0,0,2,0,0,0,0,0,0,0,1,0,0,0,0,0,0,0,0,0,0
21,HARGHITA,"CASĂ DE CULTURĂ",39,"MUNICIPIUL ODORHEIU SECUIESC",83133,1,PROV,PRCNCT,CD,CD_SV,"2021-01-21 12:30:02",1411,1377,32,2,494,460,32,2,1500,1006,485,7,2,14,1,5,3,446,1,3,0,4,3,0,0,0,0,0,1,0,0,0,4,0,0,0,0,0,0,0,0
21,HARGHITA,"LICEUL TEHNOLOGIC ”KÓS KÁROLY”",40,"MUNICIPIUL ODORHEIU SECUIESC",83133,1,PROV,PRCNCT,CD,CD_SV,"2021-01-21 12:30:02",1610,1595,15,0,612,597,15,0,1700,1088,610,1,1,6,1,8,4,583,3,0,0,0,0,0,0,2,0,0,0,0,0,0,2,0,0,0,0,0,0,0,1
21,HARGHITA,"LICEUL TEHNOLOGIC ”KÓS KÁROLY”",41,"MUNICIPIUL ODORHEIU SECUIESC",83133,1,PROV,PRCNCT,CD,CD_SV,"2021-01-21 12:30:02",1570,1555,15,0,570,555,15,0,1700,1130,563,4,3,13,1,7,3,531,0,2,0,3,0,0,1,0,0,0,0,0,0,0,2,0,0,0,0,0,0,0,0
21,HARGHITA,"GRĂDINIȚA „VILLANYTELEP”",42,"MUNICIPIUL ODORHEIU SECUIESC",83133,1,PROV,PRCNCT,CD,CD_SV,"2021-01-21 12:30:02",1371,1318,15,38,450,397,15,38,1400,950,444,4,2,9,2,5,6,411,3,5,0,0,0,0,0,0,0,0,0,0,0,0,2,0,0,0,1,0,0,0,0
21,HARGHITA,"ŞCOALA GIMNAZIALĂ ”ORBÁN BALÁZS”",43,"MUNICIPIUL ODORHEIU SECUIESC",83133,1,PROV,PRCNCT,CD,CD_SV,"2021-01-21 12:30:02",1403,1392,11,0,415,404,11,0,1500,1085,401,11,3,7,3,4,9,371,0,1,2,2,0,0,0,0,0,0,0,0,0,0,0,2,0,0,0,0,0,0,0
21,HARGHITA,"ŞCOALA GIMNAZIALĂ ”ORBÁN BALÁZS”",44,"MUNICIPIUL ODORHEIU SECUIESC",83133,1,PROV,PRCNCT,CD,CD_SV,"2021-01-21 12:30:02",1210,1198,12,0,385,373,12,0,1300,915,383,2,0,2,1,4,5,360,1,2,0,1,0,1,0,0,0,0,0,0,0,2,3,0,0,0,1,0,0,0,0
21,HARGHITA,"ŞCOALA GIMNAZIALĂ ”ORBÁN BALÁZS”",45,"MUNICIPIUL ODORHEIU SECUIESC",83133,1,PROV,PRCNCT,CD,CD_SV,"2021-01-21 12:30:02",1109,1092,17,0,462,445,17,0,1200,738,458,3,1,5,1,2,1,443,0,1,0,0,1,1,1,0,0,0,0,1,0,0,1,0,0,0,0,0,0,0,0
21,HARGHITA,"ŞCOALA GIMNAZIALĂ ”BETHLEN GÁBOR”",46,"MUNICIPIUL ODORHEIU SECUIESC",83133,1,PROV,PRCNCT,CD,CD_SV,"2021-01-21 12:30:02",1381,1362,19,0,475,456,19,0,1500,1025,469,1,5,4,3,7,3,443,1,3,0,1,0,0,0,0,0,0,1,0,0,0,2,0,0,0,1,0,0,0,0
21,HARGHITA,"ŞCOALA GIMNAZIALĂ ”BETHLEN GÁBOR”",47,"MUNICIPIUL ODORHEIU SECUIESC",83133,1,PROV,PRCNCT,CD,CD_SV,"2021-01-21 12:30:02",1370,1355,14,1,411,396,14,1,1500,1089,400,7,4,5,2,4,8,373,1,0,0,1,0,1,0,0,0,0,0,0,0,2,2,0,0,1,0,0,0,0,0
21,HARGHITA,"ŞCOALA GIMNAZIALĂ ”BETHLEN GÁBOR”",48,"MUNICIPIUL ODORHEIU SECUIESC",83133,1,PROV,PRCNCT,CD,CD_SV,"2021-01-21 12:30:02",1334,1325,9,0,486,477,9,0,1500,1014,476,8,2,6,2,3,1,457,3,0,0,1,0,0,0,0,0,0,0,0,0,0,2,1,0,0,0,0,0,0,0
21,HARGHITA,"ŞCOALA GIMNAZIALĂ ”BETHLEN GÁBOR”",49,"MUNICIPIUL ODORHEIU SECUIESC",83133,1,PROV,PRCNCT,CD,CD_SV,"2021-01-21 12:30:02",1458,1446,12,0,523,511,12,0,1600,1077,517,3,3,6,1,4,7,491,1,1,1,1,1,0,0,0,0,0,0,0,0,0,0,0,1,0,0,0,0,2,0
21,HARGHITA,"ŞCOALA GIMNAZIALĂ ”BETHLEN GÁBOR”",50,"MUNICIPIUL ODORHEIU SECUIESC",83133,1,PROV,PRCNCT,CD,CD_SV,"2021-01-21 12:30:02",1479,1464,15,0,388,373,15,0,1600,1212,385,3,0,4,1,2,9,360,2,3,0,3,0,0,0,0,0,0,0,0,0,0,0,0,0,1,0,0,0,0,0
21,HARGHITA,"ŞCOALA GIMNAZIALĂ ”MÓRA FERENC”",51,"MUNICIPIUL ODORHEIU SECUIESC",83133,1,PROV,PRCNCT,CD,CD_SV,"2021-01-21 12:30:02",1568,1553,15,0,497,482,15,0,1700,1203,491,5,1,9,2,13,5,452,0,5,0,1,1,2,1,0,0,0,0,0,0,0,0,0,0,0,0,0,0,0,0
21,HARGHITA,"ŞCOALA GIMNAZIALĂ ”MÓRA FERENC”",52,"MUNICIPIUL ODORHEIU SECUIESC",83133,1,PROV,PRCNCT,CD,CD_SV,"2021-01-21 12:30:02",1545,1520,21,4,527,503,20,4,1700,1173,522,4,1,8,0,8,4,496,1,3,0,1,0,0,0,0,0,0,0,0,0,0,0,0,0,0,1,0,0,0,0
21,HARGHITA,"ŞCOALA GIMNAZIALĂ ”MÓRA FERENC”",53,"MUNICIPIUL ODORHEIU SECUIESC",83133,1,PROV,PRCNCT,CD,CD_SV,"2021-01-21 12:30:02",1529,1516,13,0,518,505,13,0,1700,1182,508,7,3,9,2,6,6,471,3,3,0,2,0,2,0,0,1,0,0,0,0,0,3,0,0,0,0,0,0,0,0
21,HARGHITA,"ŞCOALA GIMNAZIALĂ ”MÓRA FERENC”",54,"MUNICIPIUL ODORHEIU SECUIESC",83133,1,PROV,PRCNCT,CD,CD_SV,"2021-01-21 12:30:02",1585,1575,9,1,469,459,9,1,1700,1231,457,8,4,6,3,7,9,425,1,0,1,1,1,0,0,0,0,1,0,0,0,0,1,0,1,0,0,0,0,0,0
21,HARGHITA,"GRĂDINIȚA „KIPI-KOPI” STRUCTURA BETHLENFALVI",55,"MUNICIPIUL ODORHEIU SECUIESC",83133,1,PROV,PRCNCT,CD,CD_SV,"2021-01-21 12:30:02",1631,1605,26,0,682,656,26,0,1700,1018,674,5,3,7,1,9,6,629,3,4,0,2,1,1,0,1,0,1,1,2,0,0,4,2,0,0,0,0,0,0,0
21,HARGHITA,"ŞCOALA GIMNAZIALĂ ”MIRON CRISTEA” TOPLIŢA",56,"MUNICIPIUL TOPLIŢA",83632,1,PROV,PRCNCT,CD,CD_SV,"2021-01-21 12:30:02",1512,1492,11,9,385,365,11,9,1600,1215,370,14,1,25,8,103,113,65,19,28,1,5,2,0,0,0,0,0,0,0,0,0,0,0,0,0,0,0,0,1,0
21,HARGHITA,"ŞCOALA GIMNAZIALĂ ”MIRON CRISTEA” TOPLIŢA",57,"MUNICIPIUL TOPLIŢA",83632,1,PROV,PRCNCT,CD,CD_SV,"2021-01-21 12:30:02",1603,1571,15,17,407,375,15,17,1701,1294,391,14,2,54,7,88,99,82,30,19,0,4,3,1,0,0,0,0,0,1,0,1,0,0,0,1,0,0,0,1,0
21,HARGHITA,"LICEUL TEORETIC ”KEMENY JANOS” TOPLIŢA",58,"MUNICIPIUL TOPLIŢA",83632,1,PROV,PRCNCT,CD,CD_SV,"2021-01-21 12:30:02",1399,1384,14,1,400,385,14,1,1500,1100,396,3,1,32,7,86,101,112,12,38,1,3,2,0,0,0,0,0,0,0,0,0,0,0,0,1,0,0,0,1,0
21,HARGHITA,"GRĂDINIŢA VOINICEL NR.1 TOPLIŢA",59,"MUNICIPIUL TOPLIŢA",83632,1,PROV,PRCNCT,CD,CD_SV,"2021-01-21 12:30:02",1081,1070,11,0,215,204,11,0,1200,985,210,1,4,12,4,52,51,34,16,24,2,9,1,4,0,0,0,0,0,0,0,0,0,0,0,0,1,0,0,0,0
21,HARGHITA,"ŞCOALA GIMNAZIALĂ ”SF. ILIE” ZENCANI",60,"MUNICIPIUL TOPLIŢA",83632,1,PROV,PRCNCT,CD,CD_SV,"2021-01-21 12:30:02",1514,1508,6,0,307,301,6,0,1600,1293,301,6,0,19,11,55,81,56,21,42,0,10,0,1,0,0,0,1,0,0,1,0,2,0,0,0,0,0,0,0,1
21,HARGHITA,"ŞCOALA GIMNAZIALĂ ”ANDREI ŞAGUNA” VALE",61,"MUNICIPIUL TOPLIŢA",83632,1,PROV,PRCNCT,CD,CD_SV,"2021-01-21 12:30:02",1581,1565,16,0,409,393,16,0,1698,1289,405,3,1,14,6,142,145,31,15,37,5,3,2,1,0,0,0,0,1,0,0,0,1,0,0,0,0,0,1,0,1
21,HARGHITA,"COLEGIUL NAŢIONAL ”MIHAI EMINESCU” TOPLIŢA",62,"MUNICIPIUL TOPLIŢA",83632,1,PROV,PRCNCT,CD,CD_SV,"2021-01-21 12:30:02",989,976,13,0,255,242,13,0,1101,846,249,5,1,19,3,56,73,61,18,14,1,0,0,0,0,0,0,1,0,0,0,0,3,0,0,0,0,0,0,0,0
21,HARGHITA,"ŞCOALA GIMNAZIALĂ ”SF. ILIE” TOPLIŢA",63,"MUNICIPIUL TOPLIŢA",83632,1,PROV,PRCNCT,CD,CD_SV,"2021-01-21 12:30:02",1096,1082,13,1,229,215,13,1,1200,971,225,1,3,13,7,46,62,61,10,16,2,2,2,1,0,0,0,0,0,0,0,0,2,0,0,0,1,0,0,0,0
21,HARGHITA,"LICEUL ”O.C.TĂSLĂUANU” TOPLIŢA",64,"MUNICIPIUL TOPLIŢA",83632,1,PROV,PRCNCT,CD,CD_SV,"2021-01-21 12:30:02",1268,1259,9,0,286,277,9,0,1400,1114,281,5,0,19,6,65,82,59,11,29,2,1,0,3,0,1,0,0,0,0,0,0,1,1,0,0,0,0,0,0,1
21,HARGHITA,"ŞCOALA GIMNAZIALĂ ”ANDREI ŞAGUNA” CĂLIMĂNEL",65,"MUNICIPIUL TOPLIŢA",83632,1,PROV,PRCNCT,CD,CD_SV,"2021-01-21 12:30:02",1007,996,11,0,197,186,11,0,1100,903,188,6,3,12,1,66,51,7,8,35,2,3,0,1,0,0,0,0,0,0,0,1,0,0,1,0,0,0,0,0,0
21,HARGHITA,"CABANA OCOLULUI SILVIC",66,"MUNICIPIUL TOPLIŢA",83632,1,PROV,PRCNCT,CD,CD_SV,"2021-01-21 12:30:02",71,59,12,0,24,12,12,0,200,176,22,1,1,1,1,4,2,9,1,1,0,1,1,0,0,0,0,0,1,0,0,0,0,0,0,0,0,0,0,0,0
21,HARGHITA,"SEDIUL NOU AL PRIMĂRIEI",67,"ORAŞ BĂILE TUŞNAD",83428,1,PROV,PRCNCT,CD,CD_SV,"2021-01-21 12:30:02",1338,1276,59,3,464,402,59,3,1500,1036,455,7,2,26,8,10,12,379,4,4,1,2,0,1,0,0,0,0,1,0,1,0,5,0,0,0,1,0,0,0,0
21,HARGHITA,"CASA DE CULTURĂ BĂLAN",68,"ORAŞ BĂLAN",83464,2,PART,PRCNCT,CD,CD_SV,"2021-01-21 12:30:02",1262,1249,11,2,320,307,11,2,1400,1080,314,5,1,16,6,50,11,190,4,26,0,7,1,0,1,0,0,0,0,0,0,0,1,0,0,0,0,0,0,0,1
21,HARGHITA,"SCOALA GIMNAZIALĂ ”GEO BOGZA” BĂLAN - CLĂDIRE ȘCOALA NR. 1",69,"ORAŞ BĂLAN",83464,2,PART,PRCNCT,CD,CD_SV,"2021-01-21 12:30:02",1291,1276,10,5,294,279,10,5,1400,1106,286,7,1,18,10,54,37,127,7,28,1,2,1,0,0,0,0,0,0,0,0,0,1,0,0,0,0,0,0,0,0
21,HARGHITA,"ȘCOALA GIMNAZIALĂ ”GEO BOGZA” BĂLAN - CORP A,B",70,"ORAŞ BĂLAN",83464,1,PROV,PRCNCT,CD,CD_SV,"2021-01-21 12:30:02",1189,1179,9,1,251,241,9,1,1300,1049,248,2,1,9,13,73,21,89,2,31,2,1,3,0,0,0,0,0,0,0,0,0,2,0,0,2,0,0,0,0,0
21,HARGHITA,"LICEUL TEHNOLOGIC ”LIVIU REBREANU” BĂLAN - CLĂDIRE GRĂDINIȚA NR. 2",71,"ORAŞ BĂLAN",83464,1,PROV,PRCNCT,CD,CD_SV,"2021-01-21 12:30:02",1239,1226,13,0,240,227,13,0,1400,1160,232,5,3,15,4,73,22,55,5,52,0,0,2,3,0,0,0,0,0,0,0,0,1,0,0,0,0,0,0,0,0
21,HARGHITA,"CLUBUL ELEVILOR BĂLAN",72,"ORAŞ BĂLAN",83464,1,PROV,PRCNCT,CD,CD_SV,"2021-01-21 12:30:02",1361,1350,11,0,283,272,11,0,1500,1217,280,2,1,21,5,109,20,71,6,40,0,0,7,0,0,0,0,0,0,0,0,0,0,1,0,0,0,0,0,0,0
21,HARGHITA,"LICEUL TEHNOLOGIC „ZIMMETHAUSEN„",73,"ORAŞ BORSEC",83491,1,PROV,PRCNCT,CD,CD_SV,"2021-01-21 12:30:02",923,901,16,6,255,233,16,6,1000,745,253,2,0,3,2,21,18,184,4,14,1,1,0,1,0,0,0,0,0,0,0,0,3,0,0,0,0,0,0,1,0
21,HARGHITA,"SEDIUL CONSILIULUI LOCAL",74,"ORAŞ BORSEC",83491,1,PROV,PRCNCT,CD,CD_SV,"2021-01-21 12:30:02",1407,1384,12,11,399,376,12,11,1500,1101,396,1,2,12,5,27,45,269,6,24,0,3,3,0,0,0,1,0,0,0,0,1,0,0,0,0,0,0,0,0,0
21,HARGHITA,"CĂMINUL CULTURAL BETEŞTI",75,"ORAŞ CRISTURU SECUIESC",83525,2,PART,PRCNCT,CD,CD_SV,"2021-01-21 12:30:02",685,667,18,0,165,147,18,0,800,635,152,11,2,1,1,6,2,132,6,0,0,1,1,0,0,0,0,0,0,0,0,0,0,0,0,0,0,0,0,2,0
21,HARGHITA,"ŞCOALA GIMNAZIALĂ ”PETŐFI SÁNDOR” CRISTURU SECUIESC",76,"ORAŞ CRISTURU SECUIESC",83525,1,PROV,PRCNCT,CD,CD_SV,"2021-01-21 12:30:02",1252,1239,12,1,329,316,12,1,1400,1071,324,3,2,3,2,3,1,306,2,1,0,1,0,0,0,2,0,0,0,0,0,0,1,0,1,0,0,0,0,0,1
21,HARGHITA,"ŞCOALA GIMNAZIALĂ ”PETŐFI SÁNDOR” CRISTURU SECUIESC",77,"ORAŞ CRISTURU SECUIESC",83525,1,PROV,PRCNCT,CD,CD_SV,"2021-01-21 12:30:02",1551,1531,20,0,499,479,20,0,1700,1201,491,6,2,3,2,3,5,465,5,2,1,1,2,0,0,1,0,0,0,0,0,0,0,0,0,0,1,0,0,0,0
21,HARGHITA,"PAROHIA ROMANO-CATOLICĂ CRISTURU SECUIESC",78,"ORAŞ CRISTURU SECUIESC",83525,1,PROV,PRCNCT,CD,CD_SV,"2021-01-21 12:30:02",1415,1396,19,0,448,429,19,0,1500,1052,442,3,3,5,1,8,3,412,2,1,1,2,0,0,0,0,0,1,0,0,0,1,2,0,0,1,0,1,0,0,1
21,HARGHITA,"ASOCIATIA INTREPRINZATORILOR PARTICULARI",79,"ORAŞ CRISTURU SECUIESC",83525,1,PROV,PRCNCT,CD,CD_SV,"2021-01-21 12:30:02",1438,1412,26,0,442,416,26,0,1500,1058,433,5,4,7,0,7,3,409,1,2,0,1,1,1,0,0,0,0,0,0,0,0,1,0,0,0,0,0,0,0,0
21,HARGHITA,"LICEUL TEOLOGIC UNITARIAN „BERDE MÓZES” CRISTURU SECUIESC",80,"ORAŞ CRISTURU SECUIESC",83525,1,PROV,PRCNCT,CD,CD_SV,"2021-01-21 12:30:02",1674,1657,17,0,475,458,17,0,1800,1325,470,3,2,10,1,5,7,429,2,1,0,1,1,1,0,0,0,0,1,0,0,0,6,1,1,0,1,0,0,0,2
21,HARGHITA,"CENTRUL DE PLANIFICARE A FAMILIEI FILIAŞ",81,"ORAŞ CRISTURU SECUIESC",83525,1,PROV,PRCNCT,CD,CD_SV,"2021-01-21 12:30:02",936,924,12,0,287,275,12,0,1000,713,274,11,2,1,2,9,1,254,1,0,0,1,0,0,1,0,0,0,0,0,0,1,2,0,0,1,0,0,0,0,0
21,HARGHITA,"ŞCOALA GIMNAZIALĂ ”MÁRTONFFI JÁNOS”, VLĂHIŢA",82,"ORAŞ VLĂHIŢA",83749,1,PROV,PRCNCT,CD,CD_SV,"2021-01-21 12:30:02",1356,1347,9,0,422,413,9,0,1500,1078,399,17,6,3,1,4,1,381,1,2,1,1,0,0,0,0,0,0,0,1,0,0,1,0,0,0,1,0,0,0,1
21,HARGHITA,"ŞCOALA GIMNAZIALĂ ”MÁRTONFFI JÁNOS”, VLĂHIŢA",83,"ORAŞ VLĂHIŢA",83749,1,PROV,PRCNCT,CD,CD_SV,"2021-01-21 12:30:02",1554,1543,10,1,552,541,10,1,1700,1148,542,6,4,2,2,1,2,524,1,1,1,1,0,1,0,0,0,0,0,0,0,0,4,0,1,0,1,0,0,0,0
21,HARGHITA,"LICEUL TEHNOLOGIC ”GÁBOR ÁRON”, VLĂHIŢA",84,"ORAŞ VLĂHIŢA",83749,1,PROV,PRCNCT,CD,CD_SV,"2021-01-21 12:30:02",1090,1075,13,2,270,255,13,2,1200,930,267,3,0,2,2,1,3,248,2,2,0,0,3,0,0,1,0,0,0,0,0,0,2,0,0,0,1,0,0,0,0
21,HARGHITA,"LICEUL TEHNOLOGIC ”GÁBOR ÁRON”, VLĂHIŢA",85,"ORAŞ VLĂHIŢA",83749,1,PROV,PRCNCT,CD,CD_SV,"2021-01-21 12:30:02",1018,1003,15,0,358,343,15,0,1100,742,354,3,1,2,1,4,5,332,1,2,0,0,2,0,0,0,0,0,0,0,1,0,1,0,1,0,0,1,1,0,0
21,HARGHITA,"CASA DE CULTURĂ ”BARTÓK BÉLA”, VLĂHIŢA",86,"ORAŞ VLĂHIŢA",83749,1,PROV,PRCNCT,CD,CD_SV,"2021-01-21 12:30:02",1188,1175,13,0,314,301,13,0,1300,986,314,0,0,4,2,4,3,295,1,1,0,0,1,0,0,0,0,0,0,0,0,0,1,1,1,0,0,0,0,0,0
21,HARGHITA,"CÃMINUL CULTURAL ATID",87,ATID,83785,1,PROV,PRCNCT,CD,CD_SV,"2021-01-21 12:30:02",1078,1061,17,0,339,322,17,0,1200,861,333,6,0,4,6,8,1,302,3,6,0,1,1,0,0,0,0,0,0,0,0,0,0,0,0,0,0,0,0,1,0
21,HARGHITA,"CÃMINUL CULTURAL CRISENI",88,ATID,83785,1,PROV,PRCNCT,CD,CD_SV,"2021-01-21 12:30:02",576,557,19,0,175,156,19,0,600,425,154,16,5,8,1,5,2,131,2,0,0,1,0,0,0,0,0,0,0,0,0,3,0,0,0,0,1,0,0,0,0
21,HARGHITA,"CÃMINUL CULTURAL CUSMED",89,ATID,83785,1,PROV,PRCNCT,CD,CD_SV,"2021-01-21 12:30:02",369,347,22,0,122,100,22,0,400,278,108,9,5,1,1,6,1,92,3,1,0,1,0,0,0,0,0,0,0,0,0,0,0,0,0,0,1,0,0,1,0
21,HARGHITA,"CÃMINUL CULTURAL SICLOD",90,ATID,83785,1,PROV,PRCNCT,CD,CD_SV,"2021-01-21 12:30:02",172,150,22,0,80,58,22,0,200,120,79,0,1,1,1,1,1,72,1,0,0,2,0,0,0,0,0,0,0,0,0,0,0,0,0,0,0,0,0,0,0
21,HARGHITA,"SEDIU COMPOSESORAT INLÃCENI",91,ATID,83785,1,PROV,PRCNCT,CD,CD_SV,"2021-01-21 12:30:02",134,119,15,0,55,40,15,0,200,145,53,2,0,1,1,1,1,46,1,0,0,1,0,0,0,0,0,0,0,0,0,0,0,0,0,0,1,0,0,0,0
21,HARGHITA,"SEDIUL PRIMĂRIEI AVRĂMEŞTI",92,AVRĂMEŞTI,83847,1,PROV,PRCNCT,CD,CD_SV,"2021-01-21 12:30:02",865,846,19,0,259,240,19,0,900,641,246,11,2,1,0,4,4,214,8,6,0,2,0,0,0,0,0,0,0,0,0,0,3,0,1,1,1,0,0,1,0
21,HARGHITA,"ŞCOALA PRIMARĂ CECHEŞTI",93,AVRĂMEŞTI,83847,1,PROV,PRCNCT,CD,CD_SV,"2021-01-21 12:30:02",508,496,12,0,164,152,12,0,586,422,154,7,3,2,1,4,3,137,4,0,0,1,0,0,0,0,0,0,0,0,0,0,1,0,0,0,0,0,0,1,0
21,HARGHITA,"ŞCOALA GIMNAZIALĂ ”MÓRA FERENC” GOAGIU",94,AVRĂMEŞTI,83847,1,PROV,PRCNCT,CD,CD_SV,"2021-01-21 12:30:02",557,548,9,0,165,156,9,0,600,435,152,9,4,1,1,6,3,137,1,1,0,1,1,0,0,0,0,0,0,0,0,0,0,0,0,0,0,0,0,0,0
21,HARGHITA,"ŞCOALA PRIMARĂ FIRTĂNUŞ",95,AVRĂMEŞTI,83847,1,PROV,PRCNCT,CD,CD_SV,"2021-01-21 12:30:02",281,270,11,0,82,71,11,0,300,218,75,7,0,1,0,3,1,60,6,2,0,1,0,0,0,0,0,0,0,0,0,0,0,0,0,1,0,0,0,0,0
21,HARGHITA,"CĂMINUL CULTURAL",96,BILBOR,83936,1,PROV,PRCNCT,CD,CD_SV,"2021-01-21 12:30:02",866,853,13,0,254,241,13,0,1000,746,251,0,3,6,5,94,104,4,10,18,0,4,0,1,0,2,0,0,0,1,0,0,0,1,0,0,0,0,1,0,0
21,HARGHITA,"CĂMINUL CULTURAL",97,BILBOR,83936,1,PROV,PRCNCT,CD,CD_SV,"2021-01-21 12:30:02",1383,1373,10,0,333,323,10,0,1500,1167,328,2,3,9,5,114,139,1,20,27,0,8,0,3,0,0,0,0,0,0,0,0,0,0,0,0,1,0,1,0,0
21,HARGHITA,"ŞCOALA GIMNAZIALĂ MARTON ARON BRĂDEŞTI",98,BRĂDEŞTI,83151,1,PROV,PRCNCT,CD,CD_SV,"2021-01-21 12:30:02",1068,1037,31,0,481,450,31,0,1100,619,475,4,2,10,0,2,5,449,2,0,0,2,1,0,0,0,0,0,0,0,0,0,2,1,0,1,0,0,0,0,0
21,HARGHITA,"SCOALA PRIMARA TIRNOVITA",99,BRĂDEŞTI,83151,1,PROV,PRCNCT,CD,CD_SV,"2021-01-21 12:30:02",631,609,22,0,301,279,22,0,700,399,292,7,2,1,2,3,2,273,1,1,0,0,0,0,0,1,0,0,0,1,0,0,4,0,1,0,0,0,0,1,1
21,HARGHITA,"ȘCOALA GIMNAZIALĂ „KRIZA JÁNOS”",100,CĂPÂLNIŢA,83963,1,PROV,PRCNCT,CD,CD_SV,"2021-01-21 12:30:02",829,818,11,0,366,355,11,0,900,534,356,6,4,1,1,2,2,345,0,0,0,0,2,0,0,0,0,0,0,0,0,0,1,0,0,0,1,0,0,0,1
21,HARGHITA,"ȘCOALA GIMNAZIALĂ „KRIZA JÁNOS”",101,CĂPÂLNIŢA,83963,1,PROV,PRCNCT,CD,CD_SV,"2021-01-21 12:30:02",853,842,11,0,262,251,11,0,900,638,256,3,3,2,1,2,1,244,1,0,0,0,2,0,0,0,0,0,0,0,0,0,1,0,1,1,0,0,0,0,0
21,HARGHITA,"PRIMĂRIA CÎRŢA",102,CÂRŢA,84102,1,PROV,PRCNCT,CD,CD_SV,"2021-01-21 12:30:02",859,824,20,15,473,438,20,15,900,427,466,2,5,1,1,5,3,448,1,0,0,2,0,0,0,0,0,0,0,0,0,0,4,0,0,0,0,0,0,1,0
21,HARGHITA,COMPOSESORAT,103,CÂRŢA,84102,1,PROV,PRCNCT,CD,CD_SV,"2021-01-21 12:30:02",1471,1437,16,18,680,646,16,18,1600,920,669,6,5,1,1,4,4,646,2,2,1,1,0,0,0,0,0,1,0,0,0,0,3,0,0,1,1,0,0,1,0
21,HARGHITA,"PAROHIA ROM.CAT.",104,CICEU,86461,1,PROV,PRCNCT,CD,CD_SV,"2021-01-21 12:30:02",1555,1528,19,8,691,664,19,8,1700,1009,680,5,6,4,3,8,4,650,2,2,0,0,1,0,0,0,0,0,0,0,0,0,5,0,0,0,0,1,0,0,0
21,HARGHITA,"PAROHIA ROM.CAT.",105,CICEU,86461,1,PROV,PRCNCT,CD,CD_SV,"2021-01-21 12:30:02",797,778,13,6,288,269,13,6,900,612,284,2,2,2,0,3,1,270,3,0,0,0,1,0,0,0,0,0,0,0,0,0,3,0,0,0,1,0,0,0,0
21,HARGHITA,"ŞCOALA GIMNAZIALĂ ”GAL SANDOR” CIUCSÂNGEORGIU",106,CIUCSÂNGEORGIU,83981,1,PROV,PRCNCT,CD,CD_SV,"2021-01-21 12:30:02",889,882,7,0,315,308,7,0,1000,685,292,14,9,1,0,2,1,277,3,1,1,1,0,1,0,0,0,2,0,0,0,0,0,0,1,0,1,0,0,0,0
21,HARGHITA,"ŞCOALA GIMNAZIALĂ ”GAL SANDOR” CIUCSÂNGEORGIU",107,CIUCSÂNGEORGIU,83981,1,PROV,PRCNCT,CD,CD_SV,"2021-01-21 12:30:02",740,725,15,0,287,272,15,0,800,513,271,12,4,3,0,2,1,257,1,0,1,1,0,0,0,1,0,0,0,0,0,0,2,0,0,0,0,0,1,0,1
21,HARGHITA,"CĂMINUL CULTURAL ARMĂŞENI-NOI",108,CIUCSÂNGEORGIU,83981,1,PROV,PRCNCT,CD,CD_SV,"2021-01-21 12:30:02",246,237,9,0,121,112,9,0,300,179,110,11,0,2,1,2,1,101,1,0,0,1,0,0,0,0,0,0,0,0,0,0,1,0,0,0,0,0,0,0,0
21,HARGHITA,"CĂMINUL CULTURAL ARMĂŞENI",109,CIUCSÂNGEORGIU,83981,1,PROV,PRCNCT,CD,CD_SV,"2021-01-21 12:30:02",729,716,13,0,325,312,13,0,800,475,308,10,7,1,1,2,2,292,1,0,0,3,0,0,0,0,0,0,1,0,0,0,4,0,0,0,1,0,0,0,0
21,HARGHITA,"ŞCOALA GIMNAZIALĂ ”MARTON FERENC” BANCU",110,CIUCSÂNGEORGIU,83981,1,PROV,PRCNCT,CD,CD_SV,"2021-01-21 12:30:02",1115,1089,26,0,406,380,26,0,1200,794,397,6,3,2,1,0,3,384,1,0,0,2,1,0,0,0,0,0,0,0,0,0,2,0,1,0,0,0,0,0,0
21,HARGHITA,"CĂMINUL CULTURAL EGHERSEC-CINOD",111,CIUCSÂNGEORGIU,83981,1,PROV,PRCNCT,CD,CD_SV,"2021-01-21 12:30:02",153,138,15,0,79,64,15,0,200,121,76,3,0,2,1,6,0,62,1,0,1,1,0,0,0,0,0,0,0,0,0,0,0,0,1,0,1,0,0,0,0
21,HARGHITA,"CĂMINUL CULTURAL EGHERSEC",112,CIUCSÂNGEORGIU,83981,1,PROV,PRCNCT,CD,CD_SV,"2021-01-21 12:30:02",102,91,11,0,57,46,11,0,100,43,56,1,0,1,2,3,0,47,1,0,0,1,0,0,0,0,0,0,0,0,0,0,0,0,0,0,0,1,0,0,0
21,HARGHITA,"ȘCOALA PRIMARĂ KÖLLŐ MIKLÓS",113,CIUMANI,84086,1,PROV,PRCNCT,CD,CD_SV,"2021-01-21 12:30:02",1395,1339,19,37,607,551,19,37,1498,891,602,4,1,1,1,4,3,585,1,1,0,1,1,0,0,0,0,0,0,0,0,0,2,0,0,0,1,0,0,1,0
21,HARGHITA,"ȘCOALA PRIMARĂ KÖLLŐ MIKLÓS",114,CIUMANI,84086,1,PROV,PRCNCT,CD,CD_SV,"2021-01-21 12:30:02",1194,1157,11,26,484,448,11,25,1300,816,477,5,2,2,1,3,2,463,0,0,1,1,1,0,0,0,0,0,0,0,0,0,3,0,0,0,0,0,0,0,0
21,HARGHITA,"ȘCOALA PRIMARA SZILÁGYI",115,CIUMANI,84086,1,PROV,PRCNCT,CD,CD_SV,"2021-01-21 12:30:02",1170,1139,12,19,455,424,12,19,1295,840,448,6,1,1,1,0,2,431,2,7,0,1,0,0,0,1,0,0,0,0,0,0,2,0,0,0,0,0,0,0,0
21,HARGHITA,"LICEUL TEHNOLOGIC CORBU CORP A",116,CORBU,84148,1,PROV,PRCNCT,CD,CD_SV,"2021-01-21 12:30:02",759,745,14,0,151,137,14,0,800,649,148,3,0,19,2,65,24,10,14,8,1,5,0,0,0,0,0,0,0,0,0,0,0,0,0,0,0,0,0,0,0
21,HARGHITA,"LICEUL TEHNOLOGIC CORP D",117,CORBU,84148,1,PROV,PRCNCT,CD,CD_SV,"2021-01-21 12:30:02",417,403,13,1,100,86,13,1,500,400,96,2,2,1,1,33,24,2,22,10,1,2,0,0,0,0,0,0,0,0,0,0,0,0,0,0,0,0,0,0,0
21,HARGHITA,"LICEUL TEHNOLOGIC CORUND",118,CORUND,84175,2,PART,PRCNCT,CD,CD_SV,"2021-01-21 12:30:02",1426,1354,22,50,506,434,22,50,1500,994,503,2,1,3,1,4,4,479,1,0,0,2,1,0,0,0,0,0,0,0,0,0,4,0,1,0,2,0,0,1,0
21,HARGHITA,"ŞCOALA GIMNAZIALĂ CORUND",119,CORUND,84175,1,PROV,PRCNCT,CD,CD_SV,"2021-01-21 12:30:02",1351,1324,13,14,626,599,13,14,1500,874,621,3,2,3,1,3,2,601,2,2,0,1,0,0,0,0,0,0,0,0,0,0,6,0,0,0,0,0,0,0,0
21,HARGHITA,"ȘCOALA GIMNAZIALĂ CORUND",120,CORUND,84175,1,PROV,PRCNCT,CD,CD_SV,"2021-01-21 12:30:02",1606,1552,17,37,604,550,17,37,1700,1096,591,12,1,2,3,25,2,542,0,4,0,0,0,0,0,0,0,2,0,0,0,0,3,0,2,0,3,0,0,2,1
21,HARGHITA,"CĂMINUL CULTURAL ATIA",121,CORUND,84175,1,PROV,PRCNCT,CD,CD_SV,"2021-01-21 12:30:02",172,148,20,4,76,52,20,4,200,124,76,0,0,1,1,3,1,65,1,0,0,0,0,0,0,0,1,0,0,1,0,0,0,0,0,0,1,0,0,1,0
21,HARGHITA,"ŞCOALA GIMNAZIALĂ FÂNTÂNA BRAZILOR",122,CORUND,84175,1,PROV,PRCNCT,CD,CD_SV,"2021-01-21 12:30:02",266,259,7,0,146,139,7,0,300,154,146,0,0,2,1,2,0,135,1,0,0,1,1,0,0,0,0,0,0,0,0,0,2,0,0,0,1,0,0,0,0
21,HARGHITA,"ŞCOALA GIMNAZIALĂ VALEA LUI PAVEL",123,CORUND,84175,1,PROV,PRCNCT,CD,CD_SV,"2021-01-21 12:30:02",303,294,9,0,132,123,9,0,400,268,130,1,1,1,2,1,1,120,2,0,0,0,0,0,0,0,0,0,0,0,0,0,2,0,0,0,0,1,0,0,0
21,HARGHITA,"COMUNA COZMENI",124,COZMENI,86446,1,PROV,PRCNCT,CD,CD_SV,"2021-01-21 12:30:02",1183,1169,13,1,469,455,13,1,1300,831,423,37,9,1,1,18,2,385,3,1,1,0,0,2,1,1,0,0,0,1,0,0,2,0,1,1,1,0,0,1,0
21,HARGHITA,"COMUNA COZMENI",125,COZMENI,86446,1,PROV,PRCNCT,CD,CD_SV,"2021-01-21 12:30:02",487,470,17,0,178,161,17,0,500,322,162,8,8,1,2,3,1,151,1,0,0,1,0,0,0,0,0,0,0,0,0,0,0,0,0,1,0,1,0,0,0
21,HARGHITA,"CĂMINUL CULTURAL DĂNEȘTI",126,DĂNEŞTI,84237,3,PART,PRCNCT,CD,CD_SV,"2021-01-21 12:30:02",953,899,21,33,502,448,21,33,1000,498,491,10,1,4,1,2,2,471,2,1,0,0,1,1,0,0,0,0,1,1,0,0,4,0,0,0,0,0,0,0,0
21,HARGHITA,"CĂMINUL CULTURAL DĂNEȘTI",127,DĂNEŞTI,84237,1,PROV,PRCNCT,CD,CD_SV,"2021-01-21 12:30:02",1010,944,26,40,549,483,26,40,1000,451,536,7,6,4,1,3,8,509,1,0,2,0,1,0,1,0,1,0,0,0,0,1,2,0,0,0,0,0,0,1,1
21,HARGHITA,"ȘCOALA GENERALÂ DÂRJIU JÁNOS ZSIGMOND",128,DÂRJIU,84380,1,PROV,PRCNCT,CD,CD_SV,"2021-01-21 12:30:02",546,524,22,0,212,190,22,0,600,388,206,4,2,1,1,4,3,193,1,0,0,1,0,0,0,0,0,0,0,0,0,0,0,0,0,0,1,0,0,1,0
21,HARGHITA,"ȘCOALA GENERALĂ DIN MUJNA",129,DÂRJIU,84380,1,PROV,PRCNCT,CD,CD_SV,"2021-01-21 12:30:02",307,287,20,0,116,96,20,0,400,284,109,5,2,1,2,2,1,100,1,0,0,1,0,0,0,0,0,0,0,0,0,0,0,0,0,0,1,0,0,0,0
21,HARGHITA,"CASA SOCIALĂ",130,DEALU,84264,1,PROV,PRCNCT,CD,CD_SV,"2021-01-21 12:30:02",1577,1553,24,0,714,690,24,0,1700,986,698,10,6,1,1,2,4,675,1,1,0,1,0,0,1,1,0,0,0,0,0,0,7,0,0,0,1,0,2,0,0
21,HARGHITA,"CAMIN CULTURAL",131,DEALU,84264,1,PROV,PRCNCT,CD,CD_SV,"2021-01-21 12:30:02",1103,1085,18,0,501,483,18,0,1200,699,487,11,3,2,1,3,2,471,1,1,0,1,0,0,0,0,0,0,0,0,0,0,3,0,0,0,2,0,0,0,0
21,HARGHITA,"CASĂ COMUNALĂ",132,DEALU,84264,1,PROV,PRCNCT,CD,CD_SV,"2021-01-21 12:30:02",580,567,13,0,199,186,13,0,600,401,195,2,2,2,1,2,1,184,1,1,0,1,0,0,0,0,0,0,0,0,0,0,0,0,1,0,1,0,0,0,0
21,HARGHITA,"ȘCOALA GIMNAZIALĂ „SIKLODY LORINC” DITRĂU",133,DITRĂU,84344,1,PROV,PRCNCT,CD,CD_SV,"2021-01-21 12:30:02",1641,1595,13,33,674,628,13,33,1700,1026,654,12,8,2,3,14,1,622,1,3,0,0,2,0,0,0,0,2,0,0,0,0,2,0,0,1,0,0,0,1,0
21,HARGHITA,"GRADINITA CU PROGRAM NORMAL ”CSIGABIGA” DITRĂU",134,DITRĂU,84344,1,PROV,PRCNCT,CD,CD_SV,"2021-01-21 12:30:02",880,855,14,11,313,288,14,11,1000,687,306,2,5,0,2,4,1,291,1,1,0,1,1,1,0,0,0,0,0,0,0,0,2,0,0,1,0,0,0,0,0
21,HARGHITA,"ȘCOALA GIMNAZIALĂ „CSIBY ANDOR” DITRĂU „KOHID”",135,DITRĂU,84344,1,PROV,PRCNCT,CD,CD_SV,"2021-01-21 12:30:02",967,921,19,27,364,318,19,27,1000,636,361,3,0,0,1,5,1,344,2,3,0,1,1,0,0,0,0,0,0,0,0,0,2,0,1,0,0,0,0,0,0
21,HARGHITA,"ȘCOALA GIMNAZIALĂ „DR. CSIBY ANDOR” DITRĂU",136,DITRĂU,84344,1,PROV,PRCNCT,CD,CD_SV,"2021-01-21 12:30:02",902,881,8,13,310,289,8,13,1000,690,299,5,6,1,1,1,1,289,0,4,1,0,1,0,0,0,0,0,0,0,0,0,0,0,0,0,0,0,0,0,0
21,HARGHITA,"CĂMINUL CULTURAL „FERENCZI LÁSZLÓ”",137,DITRĂU,84344,1,PROV,PRCNCT,CD,CD_SV,"2021-01-21 12:30:02",541,515,12,14,165,139,12,14,600,435,161,4,0,2,1,3,1,149,1,0,0,0,1,0,0,0,0,0,0,0,0,0,3,0,0,0,0,0,0,0,0
21,HARGHITA,"ŞCOALA GIMNAZIALĂ ”FULOP ARON” FELICENI",138,FELICENI,83197,1,PROV,PRCNCT,CD,CD_SV,"2021-01-21 12:30:02",816,797,19,0,336,317,19,0,900,564,331,4,1,5,2,3,3,312,1,0,0,0,0,0,0,0,0,0,1,0,0,1,2,0,0,0,1,0,0,0,0
21,HARGHITA,"ŞCOALA GENERALĂ TĂURENI",139,FELICENI,83197,1,PROV,PRCNCT,CD,CD_SV,"2021-01-21 12:30:02",630,597,32,1,245,212,32,1,700,455,235,7,3,1,1,2,2,213,2,3,3,1,2,0,0,0,0,0,1,0,0,0,2,0,0,0,1,0,0,1,0
21,HARGHITA,"ŞCOALA GENERALĂ HOGHIA",140,FELICENI,83197,1,PROV,PRCNCT,CD,CD_SV,"2021-01-21 12:30:02",250,231,18,1,100,81,18,1,300,200,98,2,0,2,1,2,3,85,1,0,0,0,0,0,0,0,0,0,0,0,0,0,3,0,0,0,1,0,0,0,0
21,HARGHITA,"ŞCOALA GENERALĂ FORŢENI",141,FELICENI,83197,1,PROV,PRCNCT,CD,CD_SV,"2021-01-21 12:30:02",467,438,23,6,215,186,23,6,500,285,213,2,0,0,1,1,1,201,1,3,0,1,0,0,0,0,0,0,0,0,0,0,1,1,1,0,1,0,0,0,0
21,HARGHITA,"ŞCOALA GENERALĂ POLONIŢA",142,FELICENI,83197,1,PROV,PRCNCT,CD,CD_SV,"2021-01-21 12:30:02",315,291,22,2,135,111,22,2,400,265,135,0,0,2,1,1,1,126,1,0,0,1,0,0,0,0,0,0,0,0,0,0,2,0,0,0,0,0,0,0,0
21,HARGHITA,"ŞCOALA GENERALĂ TELEAC",143,FELICENI,83197,1,PROV,PRCNCT,CD,CD_SV,"2021-01-21 12:30:02",193,182,11,0,95,84,11,0,200,105,91,4,0,1,1,1,1,85,1,0,0,0,0,0,0,0,0,0,0,0,0,0,0,0,0,0,1,0,0,0,0
21,HARGHITA,"CĂMIN CULTURAL VĂLENI",144,FELICENI,83197,1,PROV,PRCNCT,CD,CD_SV,"2021-01-21 12:30:02",273,261,12,0,107,95,12,0,300,193,106,1,0,4,1,1,1,93,1,1,0,1,1,0,0,0,0,0,0,0,0,0,1,0,0,0,1,0,0,0,0
21,HARGHITA,"ȘCOALA GIMNAZIALĂ BÎRZAVA",145,FRUMOASA,84415,1,PROV,PRCNCT,CD,CD_SV,"2021-01-21 12:30:02",559,530,16,13,289,260,16,13,600,311,285,2,2,1,1,3,2,273,1,0,0,1,1,0,0,0,0,0,0,1,0,0,1,0,0,0,0,0,0,0,0
21,HARGHITA,"PRIMĂRIA COMUNEI FRUMOASA",146,FRUMOASA,84415,1,PROV,PRCNCT,CD,CD_SV,"2021-01-21 12:30:02",1616,1539,40,37,639,562,40,37,1700,1061,630,7,2,3,3,18,2,591,2,1,2,0,3,1,0,0,0,0,0,0,0,0,2,0,0,0,1,0,0,1,0
21,HARGHITA,"ȘCOALA PRIMARĂ",147,FRUMOASA,84415,1,PROV,PRCNCT,CD,CD_SV,"2021-01-21 12:30:02",962,902,49,11,439,379,49,11,1000,561,425,10,4,7,1,6,2,401,2,0,0,2,2,0,0,0,0,0,0,0,0,0,2,0,0,0,0,0,0,0,0
21,HARGHITA,"ŞCOALA GIMNAZIALĂ ”DUMITRU GAFTON” GĂLĂUȚAȘ",148,GĂLĂUŢAŞ,84460,1,PROV,PRCNCT,CD,CD_SV,"2021-01-21 12:30:02",986,977,5,4,208,199,5,4,1100,892,206,2,0,15,3,76,41,42,4,16,1,8,0,0,0,0,0,0,0,0,0,0,0,0,0,0,0,0,0,0,0
21,HARGHITA,"ŞCOALA GIMNAZIALĂ ”DUMITRU GAFTON” GĂLĂUȚAȘ",149,GĂLĂUŢAŞ,84460,1,PROV,PRCNCT,CD,CD_SV,"2021-01-21 12:30:02",717,714,3,0,103,100,3,0,800,697,101,2,0,12,3,27,11,20,2,13,1,10,0,1,0,0,0,0,0,0,0,0,0,0,0,0,0,0,0,0,1
21,HARGHITA,"ȘCOALA GIMNAZIALĂ ”DUMITRU GAFTON” GĂLĂUȚAȘ",150,GĂLĂUŢAŞ,84460,1,PROV,PRCNCT,CD,CD_SV,"2021-01-21 12:30:02",324,312,11,1,89,77,11,1,400,311,89,0,0,3,4,15,23,2,5,9,2,25,0,0,0,0,0,0,0,0,0,0,1,0,0,0,0,0,0,0,0
21,HARGHITA,"LICEUL TEHNOLOGIC SOVER ELEK",151,JOSENI,84558,1,PROV,PRCNCT,CD,CD_SV,"2021-01-21 12:30:02",1233,1220,12,1,564,551,12,1,1300,736,556,4,4,1,2,4,2,539,2,1,0,1,0,0,0,0,0,0,0,0,0,0,1,0,0,0,0,1,0,2,0
21,HARGHITA,"LICEUL TEHNOLOGIC SOVER ELEK",152,JOSENI,84558,1,PROV,PRCNCT,CD,CD_SV,"2021-01-21 12:30:02",1439,1418,14,7,638,617,14,7,1600,962,628,4,6,0,3,5,1,608,3,0,0,1,2,0,0,0,1,0,0,1,0,0,2,0,0,0,0,0,1,0,0
21,HARGHITA,"LICEUL TEHNOLOGIC SOVER ELEK",153,JOSENI,84558,1,PROV,PRCNCT,CD,CD_SV,"2021-01-21 12:30:02",1413,1386,13,14,684,657,13,14,1500,816,675,3,6,2,3,2,4,649,0,7,0,1,0,1,0,0,0,0,1,0,0,0,3,0,0,0,1,0,0,0,1
21,HARGHITA,"SCOALA PRIMARA GAÁL TAMÁS, BORZONT",154,JOSENI,84558,1,PROV,PRCNCT,CD,CD_SV,"2021-01-21 12:30:02",720,697,20,3,320,297,20,3,800,480,315,1,4,1,1,2,2,302,1,1,0,1,1,0,0,0,0,0,0,1,0,0,2,0,0,0,0,0,0,0,0
21,HARGHITA,"ŞCOALA GIMNAZIALĂ ”BETHLEN GÁBOR” LĂZAREA",155,LĂZAREA,84594,1,PROV,PRCNCT,CD,CD_SV,"2021-01-21 12:30:02",1684,1653,13,18,571,540,13,18,1800,1229,563,4,4,4,2,3,5,537,1,1,0,1,2,0,0,0,0,0,0,1,0,0,5,0,0,0,1,0,0,0,0
21,HARGHITA,"ŞCOALA GIMNAZIALĂ ”BETHLEN GÁBOR” LĂZAREA",156,LĂZAREA,84594,1,PROV,PRCNCT,CD,CD_SV,"2021-01-21 12:30:02",1125,1101,15,9,349,325,15,9,1200,851,341,4,4,4,1,8,2,316,1,0,0,0,1,0,0,0,0,0,0,0,0,0,8,0,0,0,0,0,0,0,0
21,HARGHITA,"ŞCOALA GIMNAZIALĂ ”BETHLEN GÁBOR” NR.3 LĂZAREA",157,LĂZAREA,84594,1,PROV,PRCNCT,CD,CD_SV,"2021-01-21 12:30:02",160,150,10,0,64,54,10,0,200,136,62,0,2,1,1,5,1,50,1,0,0,0,1,0,0,0,0,0,0,0,0,0,0,0,0,1,1,0,0,0,0
21,HARGHITA,"CAMINUL CULTURAL",158,LELICENI,86479,1,PROV,PRCNCT,CD,CD_SV,"2021-01-21 12:30:02",495,476,19,0,217,198,19,0,600,383,214,3,0,6,1,2,10,186,2,2,2,1,1,0,0,0,0,0,0,0,0,0,0,0,0,0,0,0,0,0,1
21,HARGHITA,"CAMINUL CULTURAL",159,LELICENI,86479,1,PROV,PRCNCT,CD,CD_SV,"2021-01-21 12:30:02",415,400,15,0,201,186,15,0,500,299,196,2,3,0,2,3,2,182,1,0,0,2,0,0,0,0,0,0,0,0,0,0,4,0,0,0,0,0,0,0,0
21,HARGHITA,"SEDIU ADMINISTRATIV",160,LELICENI,86479,1,PROV,PRCNCT,CD,CD_SV,"2021-01-21 12:30:02",921,902,19,0,342,323,19,0,1000,658,332,8,2,15,1,3,3,302,1,0,1,2,0,0,0,0,0,0,0,0,0,0,3,0,0,0,1,0,0,0,0
21,HARGHITA,"SEDIUL PRIMĂRIEI",161,LUETA,84629,1,PROV,PRCNCT,CD,CD_SV,"2021-01-21 12:30:02",1485,1472,13,0,451,438,13,0,1600,1149,439,6,6,3,1,1,1,420,2,2,1,0,0,1,0,0,0,0,1,0,1,0,3,0,0,0,0,0,0,2,0
21,HARGHITA,"SEDIUL PRIMĂRIEI LUETA",162,LUETA,84629,1,PROV,PRCNCT,CD,CD_SV,"2021-01-21 12:30:02",1564,1549,15,0,493,478,15,0,1700,1207,481,4,8,3,3,2,3,458,1,0,0,0,3,0,0,0,0,0,0,0,0,0,4,0,0,1,2,1,0,0,0
21,HARGHITA,"ȘCOALA PRIMARĂ POIANA FAGULUI",163,"LUNCA DE JOS",84656,1,PROV,PRCNCT,CD,CD_SV,"2021-01-21 12:30:02",1270,1240,11,19,583,553,11,19,1400,817,579,4,0,1,1,2,1,560,2,0,0,0,3,0,0,0,0,0,0,0,0,0,3,1,2,1,0,1,0,1,0
21,HARGHITA,"CLĂDIREA PRIMĂRIEI",164,"LUNCA DE JOS",84656,1,PROV,PRCNCT,CD,CD_SV,"2021-01-21 12:30:02",648,621,21,6,225,198,21,6,700,475,223,2,0,2,7,7,4,193,1,3,0,1,2,0,0,0,0,0,0,0,0,0,2,0,0,0,0,0,0,1,0
21,HARGHITA,"ŞCOALA GIMNAZIALA ” MAJLATH GUSZTAV KAROLY”",165,"LUNCA DE JOS",84656,1,PROV,PRCNCT,CD,CD_SV,"2021-01-21 12:30:02",1441,1416,20,5,531,506,20,5,1600,1069,516,9,6,1,1,5,3,495,1,0,2,0,1,0,0,0,0,0,0,0,0,0,5,0,0,0,0,1,0,1,0
21,HARGHITA,"ŞCOALA PRIMARA GURA VAII RECE",166,"LUNCA DE JOS",84656,1,PROV,PRCNCT,CD,CD_SV,"2021-01-21 12:30:02",928,897,19,12,444,413,19,12,1000,556,430,7,7,1,2,5,2,410,1,4,0,0,1,2,0,0,0,1,0,0,0,0,1,0,0,0,0,0,0,0,0
21,HARGHITA,"ŞCOALA PRIMARA PUNTEA LUPULUI II",167,"LUNCA DE JOS",84656,1,PROV,PRCNCT,CD,CD_SV,"2021-01-21 12:30:02",119,110,9,0,81,72,9,0,200,119,81,0,0,1,1,1,2,71,1,0,0,1,0,0,0,1,0,0,0,0,0,0,0,0,1,0,1,0,0,0,0
21,HARGHITA,"ŞCOALA PRIMARĂ COMIAT",168,"LUNCA DE SUS",84754,1,PROV,PRCNCT,CD,CD_SV,"2021-01-21 12:30:02",327,308,19,0,139,120,19,0,400,261,139,0,0,1,1,3,1,127,1,4,0,0,1,0,0,0,0,0,0,0,0,0,0,0,0,0,0,0,0,0,0
21,HARGHITA,"ŞCOALA GIMNAZIALĂ IZVORUL TROTUŞULUI",169,"LUNCA DE SUS",84754,1,PROV,PRCNCT,CD,CD_SV,"2021-01-21 12:30:02",584,576,8,0,224,216,8,0,700,476,215,5,4,2,1,2,1,208,0,1,0,0,0,0,0,0,0,0,0,0,0,0,0,0,0,0,0,0,0,0,0
21,HARGHITA,"PRIMĂRIA LUNCA DE SUS",170,"LUNCA DE SUS",84754,1,PROV,PRCNCT,CD,CD_SV,"2021-01-21 12:30:02",1372,1350,15,7,548,526,15,7,1500,952,526,14,8,4,1,7,5,492,3,0,0,1,1,0,0,0,0,0,0,0,0,0,10,0,0,0,1,0,1,0,0
21,HARGHITA,"ŞCOALA PRIMARĂ PĂLTINIŞ-CIUC",171,"LUNCA DE SUS",84754,1,PROV,PRCNCT,CD,CD_SV,"2021-01-21 12:30:02",442,429,13,0,199,186,13,0,500,301,195,2,2,4,2,5,6,173,0,0,0,0,2,0,0,0,0,0,0,0,0,0,0,0,0,1,2,0,0,0,0
21,HARGHITA,"CASA DE CULTURĂ MORĂRENI",172,LUPENI,84825,1,PROV,PRCNCT,CD,CD_SV,"2021-01-21 12:30:02",680,663,17,0,324,307,17,0,800,476,316,5,3,1,1,1,1,304,0,1,0,1,0,0,0,0,0,0,1,1,1,0,0,0,2,0,0,1,0,0,0
21,HARGHITA,"CASA DE CULTURĂ PĂLTINIŞ",173,LUPENI,84825,1,PROV,PRCNCT,CD,CD_SV,"2021-01-21 12:30:02",453,440,13,0,163,150,13,0,500,337,162,0,1,2,1,1,1,154,1,0,0,1,0,0,0,0,0,0,0,0,0,0,1,0,0,0,0,0,0,0,0
21,HARGHITA,"ŞCOALA GIMNAZIALĂ ”TAMASI ARON” LUPENI",174,LUPENI,84825,1,PROV,PRCNCT,CD,CD_SV,"2021-01-21 12:30:02",1611,1591,20,0,816,796,20,0,1700,884,802,5,9,3,0,6,2,784,1,1,0,1,1,0,0,0,0,0,1,0,0,0,2,0,0,0,0,0,0,0,0
21,HARGHITA,"SCOALA GIMNAZIALĂ ”BENEDEK FIDEL” BISERICANI",175,LUPENI,84825,1,PROV,PRCNCT,CD,CD_SV,"2021-01-21 12:30:02",621,598,23,0,344,321,23,0,700,356,342,1,1,3,1,2,2,325,2,1,0,2,0,0,0,0,0,0,0,0,0,0,2,0,0,0,1,0,0,1,0
21,HARGHITA,"SCOALA PRIMARĂ BULGĂRENI",176,LUPENI,84825,1,PROV,PRCNCT,CD,CD_SV,"2021-01-21 12:30:02",256,233,23,0,128,105,23,0,300,172,126,0,2,2,0,1,1,116,1,0,0,1,0,0,0,0,0,0,0,0,0,0,2,0,1,0,1,0,0,0,0
21,HARGHITA,"SCOALA PRIMARĂ PĂULENI",177,LUPENI,84825,1,PROV,PRCNCT,CD,CD_SV,"2021-01-21 12:30:02",298,287,11,0,115,104,11,0,400,285,109,2,4,1,1,1,2,100,1,0,0,1,1,0,0,0,0,0,0,0,0,0,0,0,0,0,1,0,0,0,0
21,HARGHITA,"ŞCOALA GIMNAZIALĂ ”KISS FERENC”",178,MĂDĂRAŞ,86438,1,PROV,PRCNCT,CD,CD_SV,"2021-01-21 12:30:02",1024,959,8,57,579,514,8,57,1100,521,575,3,1,6,2,11,1,550,2,2,0,0,1,0,0,0,0,0,0,0,0,0,0,0,0,0,0,0,0,0,0
21,HARGHITA,"ŞCOALA GIMNAZIALĂ ”KISS FERENC”",179,MĂDĂRAŞ,86438,1,PROV,PRCNCT,CD,CD_SV,"2021-01-21 12:30:02",825,760,19,46,490,425,19,46,900,410,478,5,7,2,1,3,3,466,1,0,0,0,1,0,0,0,0,0,0,0,0,0,0,0,1,0,0,0,0,0,0
21,HARGHITA,"CĂMINUL CULTURAL MĂRTINIȘ",180,MĂRTINIŞ,84923,1,PROV,PRCNCT,CD,CD_SV,"2021-01-21 12:30:02",554,534,20,0,206,186,20,0,600,394,204,1,1,1,1,9,3,184,3,0,0,0,1,1,0,0,0,0,0,0,0,0,1,0,0,0,0,0,0,0,0
21,HARGHITA,"CĂMINUL CULTURAL CHINUȘU",181,MĂRTINIŞ,84923,1,PROV,PRCNCT,CD,CD_SV,"2021-01-21 12:30:02",130,114,16,0,58,42,16,0,200,142,56,1,1,1,1,1,1,48,1,0,0,0,1,0,0,0,0,0,0,0,0,0,1,0,0,0,1,0,0,0,0
21,HARGHITA,"ȘCOALA PRIMARĂ ALDEA",182,MĂRTINIŞ,84923,1,PROV,PRCNCT,CD,CD_SV,"2021-01-21 12:30:02",349,325,24,0,154,130,24,0,400,246,146,7,1,1,1,2,2,137,1,0,0,0,1,0,0,0,0,0,0,0,0,0,0,0,0,0,1,0,0,0,0
21,HARGHITA,"ȘCOALA PRIMARĂ BĂDENI",183,MĂRTINIŞ,84923,1,PROV,PRCNCT,CD,CD_SV,"2021-01-21 12:30:02",178,159,19,0,84,65,19,0,200,116,80,3,1,1,1,1,0,74,1,0,0,0,1,0,0,0,0,0,0,0,0,0,1,0,0,0,0,0,0,0,0
21,HARGHITA,"ȘCOALA GIMNAZIALĂ ”LÁSZLÓ GYULA” SÎNPAUL",184,MĂRTINIŞ,84923,1,PROV,PRCNCT,CD,CD_SV,"2021-01-21 12:30:02",423,398,25,0,192,167,25,0,500,308,186,4,2,2,3,6,3,164,1,3,0,0,1,0,0,0,0,0,0,0,0,0,3,0,0,0,0,0,0,0,0
21,HARGHITA,"ȘCOALA PRIMARĂ GHIPEȘ",185,MĂRTINIŞ,84923,1,PROV,PRCNCT,CD,CD_SV,"2021-01-21 12:30:02",188,173,15,0,88,73,15,0,200,112,86,1,1,1,1,1,1,77,1,1,0,0,0,0,1,0,0,0,0,0,0,0,0,0,0,1,1,0,0,0,0
21,HARGHITA,"ȘCOALA PRIMARĂ COMĂNEȘTI",186,MĂRTINIŞ,84923,1,PROV,PRCNCT,CD,CD_SV,"2021-01-21 12:30:02",201,179,22,0,96,74,22,0,200,104,95,1,0,1,1,5,1,84,2,1,0,0,0,0,0,0,0,0,0,0,0,0,0,0,0,0,0,0,0,0,0
21,HARGHITA,"ȘCOALA PRIMARĂ RAREȘ",187,MĂRTINIŞ,84923,1,PROV,PRCNCT,CD,CD_SV,"2021-01-21 12:30:02",119,100,19,0,69,50,19,0,200,131,67,2,0,2,1,2,1,58,1,1,0,0,1,0,0,0,0,0,0,0,0,0,0,0,0,0,0,0,0,0,0
21,HARGHITA,"GRĂDINIȚA CU PROGRAM NORMAL ORĂȘENI",188,MĂRTINIŞ,84923,1,PROV,PRCNCT,CD,CD_SV,"2021-01-21 12:30:02",219,202,17,0,116,99,17,0,300,184,116,0,0,1,0,1,4,105,1,0,0,0,2,0,0,0,0,0,0,0,0,0,1,0,0,0,1,0,0,0,0
21,HARGHITA,"ȘCOALA PRIMARĂ PETRENI",189,MĂRTINIŞ,84923,1,PROV,PRCNCT,CD,CD_SV,"2021-01-21 12:30:02",157,142,15,0,82,67,15,0,200,118,82,0,0,1,1,2,1,73,0,1,0,0,1,1,0,0,0,0,0,0,0,0,1,0,0,0,0,0,0,0,0
21,HARGHITA,"PRIMĂRIA MEREŞTI",190,MEREŞTI,85056,1,PROV,PRCNCT,CD,CD_SV,"2021-01-21 12:30:02",1164,1084,39,41,500,421,38,41,1200,700,484,13,3,4,1,9,3,451,3,3,1,1,0,0,0,0,0,0,1,0,0,0,2,1,1,2,1,0,0,0,0
21,HARGHITA,"SC.GIM. ARANY JANOS",191,MIHĂILENI,85074,1,PROV,PRCNCT,CD,CD_SV,"2021-01-21 12:30:02",825,795,20,10,390,360,20,10,900,510,382,6,2,1,1,5,2,359,4,1,0,1,1,0,0,1,0,0,0,0,0,0,4,1,0,0,0,0,0,1,0
21,HARGHITA,"SCOALA PRIMARA",192,MIHĂILENI,85074,1,PROV,PRCNCT,CD,CD_SV,"2021-01-21 12:30:02",511,486,15,10,268,243,15,10,600,332,267,0,1,1,1,2,1,258,1,0,0,0,1,0,0,0,0,0,0,0,0,0,1,0,0,0,0,0,0,0,1
21,HARGHITA,"SCOALA PRIMARA",193,MIHĂILENI,85074,1,PROV,PRCNCT,CD,CD_SV,"2021-01-21 12:30:02",541,505,30,6,227,191,30,6,600,373,225,1,1,2,1,2,2,213,2,0,1,0,1,0,0,0,0,0,0,0,0,0,1,0,0,0,0,0,0,0,0
21,HARGHITA,"SCOALA GIMNAZIALA",194,MIHĂILENI,85074,1,PROV,PRCNCT,CD,CD_SV,"2021-01-21 12:30:02",429,415,14,0,77,63,14,0,500,423,77,0,0,12,4,17,19,5,2,12,1,2,2,0,0,0,0,0,0,0,0,0,0,1,0,0,0,0,0,0,0
21,HARGHITA,"CĂMINUL CULTURAL MUGENI",195,MUGENI,85127,1,PROV,PRCNCT,CD,CD_SV,"2021-01-21 12:30:02",966,954,12,0,246,234,12,0,1100,854,238,5,3,3,2,9,2,215,1,3,0,1,0,0,0,0,0,0,0,0,0,0,1,0,0,0,1,0,0,0,0
21,HARGHITA,"CĂMINUL CULTURAL LUTIŢA",196,MUGENI,85127,2,PART,PRCNCT,CD,CD_SV,"2021-01-21 12:30:02",621,598,20,3,272,249,20,3,700,428,265,3,4,1,0,2,0,258,1,1,0,0,0,0,0,0,0,0,0,0,0,0,1,0,1,0,0,0,0,0,0
21,HARGHITA,"CĂMINUL CULTURAL MĂTIŞENI",197,MUGENI,85127,1,PROV,PRCNCT,CD,CD_SV,"2021-01-21 12:30:02",118,107,11,0,61,50,11,0,200,139,60,1,0,1,0,2,1,54,1,0,0,0,0,0,0,0,0,0,0,0,0,0,0,0,0,0,1,0,0,0,0
21,HARGHITA,"CĂMINUL CULTURAL DEJUŢIU",198,MUGENI,85127,1,PROV,PRCNCT,CD,CD_SV,"2021-01-21 12:30:02",172,160,12,0,70,58,12,0,200,130,69,0,1,2,0,3,1,59,1,0,1,1,0,0,0,0,0,0,0,0,0,0,0,0,0,0,1,0,0,0,0
21,HARGHITA,"CĂMINUL CULTURAL ALUNIŞ",199,MUGENI,85127,1,PROV,PRCNCT,CD,CD_SV,"2021-01-21 12:30:02",141,130,11,0,82,71,11,0,200,118,82,0,0,2,0,1,1,75,1,0,0,0,0,0,0,0,0,0,1,0,0,0,0,0,0,0,1,0,0,0,0
21,HARGHITA,"CĂMINUL CULTURAL BETA",200,MUGENI,85127,1,PROV,PRCNCT,CD,CD_SV,"2021-01-21 12:30:02",279,265,14,0,144,130,14,0,300,156,142,2,0,2,1,1,2,132,1,0,0,1,0,0,0,0,0,0,0,0,0,0,1,0,0,0,1,0,0,0,0
21,HARGHITA,"CĂMINUL CULTURAL DOBENI",201,MUGENI,85127,1,PROV,PRCNCT,CD,CD_SV,"2021-01-21 12:30:02",506,477,19,10,259,230,19,10,600,341,254,3,2,1,1,3,1,238,1,0,1,1,0,1,0,0,0,0,0,0,0,0,3,0,0,0,1,0,0,1,1
21,HARGHITA,"CĂMINUL CULTURAL TĂIETURA",202,MUGENI,85127,1,PROV,PRCNCT,CD,CD_SV,"2021-01-21 12:30:02",234,213,21,0,95,74,21,0,300,205,95,0,0,1,0,1,2,88,2,0,0,1,0,0,0,0,0,0,0,0,0,0,0,0,0,0,0,0,0,0,0
21,HARGHITA,"CĂMINUL CULTURAL",203,OCLAND,85243,1,PROV,PRCNCT,CD,CD_SV,"2021-01-21 12:30:02",410,393,17,0,189,172,17,0,500,311,180,9,0,1,1,4,1,166,1,1,0,0,1,0,0,0,0,0,1,0,0,0,0,0,1,1,1,0,0,0,0
21,HARGHITA,"CAMINUL CULTURAL OCLAND",204,OCLAND,85243,1,PROV,PRCNCT,CD,CD_SV,"2021-01-21 12:30:02",612,594,18,0,244,226,18,0,700,456,235,6,3,3,2,9,1,214,1,1,0,0,2,0,0,0,0,0,0,0,0,0,1,0,0,0,1,0,0,0,0
21,HARGHITA,"CĂMINUL CULTURAL PĂULENI-CIUC",205,PĂULENI-CIUC,83375,1,PROV,PRCNCT,CD,CD_SV,"2021-01-21 12:30:02",548,529,18,1,214,195,18,1,600,386,211,1,2,6,1,5,1,193,1,0,0,0,2,0,0,0,0,0,0,0,1,0,0,0,0,0,1,0,0,0,0
21,HARGHITA,"SCOALA PRIMARĂ DELNIŢA",206,PĂULENI-CIUC,83375,1,PROV,PRCNCT,CD,CD_SV,"2021-01-21 12:30:02",604,570,19,15,313,279,19,15,700,387,309,3,1,6,1,2,2,292,1,1,0,0,1,0,0,0,1,0,1,0,0,0,1,0,0,0,0,0,0,0,0
21,HARGHITA,"SCOALA PRIMARĂ ŞOIMENI",207,PĂULENI-CIUC,83375,1,PROV,PRCNCT,CD,CD_SV,"2021-01-21 12:30:02",536,497,25,14,275,236,25,14,600,325,270,3,2,1,1,1,0,265,1,0,0,0,1,0,0,0,0,0,0,0,0,0,0,0,0,0,0,0,0,0,0
21,HARGHITA,"CASA DE CULTURĂ PLĂIEȘII DE JOS",208,"PLĂIEŞII DE JOS",85289,1,PROV,PRCNCT,CD,CD_SV,"2021-01-21 12:30:02",633,610,19,4,254,231,19,4,700,446,243,9,2,1,3,5,7,221,2,2,0,0,0,0,0,0,0,0,0,0,0,0,0,0,1,0,0,0,0,1,0
21,HARGHITA,"ȘCOALA GIMNAZIALĂ NR.4 PLĂIEȘII DE SUS",209,"PLĂIEŞII DE JOS",85289,1,PROV,PRCNCT,CD,CD_SV,"2021-01-21 12:30:02",637,611,25,1,293,267,25,1,700,407,272,18,3,1,2,16,1,240,2,3,0,0,0,0,0,1,0,0,0,1,0,0,0,0,1,1,0,0,0,3,0
21,HARGHITA,"ȘCOALA PRIMARĂ DR.PATAKI JÓZSEF NR.3 IACOBENI",210,"PLĂIEŞII DE JOS",85289,1,PROV,PRCNCT,CD,CD_SV,"2021-01-21 12:30:02",301,289,12,0,97,85,12,0,400,303,91,3,3,7,0,2,2,71,1,2,0,0,2,0,0,0,0,0,0,0,0,0,2,0,0,0,0,0,0,1,1
21,HARGHITA,"ȘCOALA GIMNAZIALĂ TUZSON JÁNOS NR.2 CASINU NOU",211,"PLĂIEŞII DE JOS",85289,1,PROV,PRCNCT,CD,CD_SV,"2021-01-21 12:30:02",557,515,28,14,209,167,28,14,600,391,202,3,4,0,0,6,1,191,1,0,0,1,0,0,0,0,0,0,0,0,0,0,2,0,0,0,0,0,0,0,0
21,HARGHITA,"PRIMĂRIA COMUNEI PORUMBENI",212,PORUMBENI,86487,1,PROV,PRCNCT,CD,CD_SV,"2021-01-21 12:30:02",1047,1021,26,0,450,424,26,0,1100,650,443,4,3,5,1,1,4,419,8,0,0,1,0,0,0,0,0,1,0,0,0,0,3,0,0,0,0,0,0,0,0
21,HARGHITA,"SALA DE MANIFESTATII",213,PORUMBENI,86487,1,PROV,PRCNCT,CD,CD_SV,"2021-01-21 12:30:02",415,390,25,0,199,174,25,0,600,401,196,3,0,2,1,6,1,176,4,2,0,1,0,0,0,0,0,1,0,0,0,0,1,0,0,0,1,0,0,0,0
21,HARGHITA,"PRIMARIA COMUNEI PRAID- SALA DE SEDINTE AL CONS.LOCAL",214,PRAID,85341,1,PROV,PRCNCT,CD,CD_SV,"2021-01-21 12:30:02",1495,1467,24,4,510,482,24,4,1600,1090,500,7,3,2,1,3,5,478,1,0,1,0,1,0,0,0,0,1,0,0,0,0,2,0,0,0,1,4,0,0,0
21,HARGHITA,"CAMINUL CULTURAL PRAID",215,PRAID,85341,1,PROV,PRCNCT,CD,CD_SV,"2021-01-21 12:30:02",1568,1538,30,0,496,466,30,0,1700,1204,457,36,3,7,1,19,4,410,2,3,0,1,0,0,0,0,0,0,0,0,0,0,3,0,2,2,1,0,0,2,0
21,HARGHITA,"ŞCOALA GIMNAZIALĂ ”SUKOSD FERENC” OCNA DE JOS",216,PRAID,85341,1,PROV,PRCNCT,CD,CD_SV,"2021-01-21 12:30:02",1270,1257,13,0,342,329,13,0,1400,1058,334,3,5,2,1,5,2,317,1,1,0,1,1,0,0,0,0,0,0,0,0,0,2,0,0,0,1,0,0,0,0
21,HARGHITA,"ŞCOALA GIMNAZIALĂ ”SZEKELY MOZES” OCNA DE SUS",217,PRAID,85341,1,PROV,PRCNCT,CD,CD_SV,"2021-01-21 12:30:02",1234,1182,11,41,466,414,11,41,1300,834,448,18,0,2,1,11,4,418,1,0,0,1,0,1,1,0,0,0,1,0,0,0,2,0,0,0,1,0,1,2,1
21,HARGHITA,"CĂMINUL CULTURAL BECAŞ",218,PRAID,85341,1,PROV,PRCNCT,CD,CD_SV,"2021-01-21 12:30:02",120,102,18,0,45,27,18,0,200,155,44,0,1,1,1,2,1,35,1,0,0,1,0,0,0,0,0,0,0,0,0,0,0,0,0,0,1,0,0,1,0
21,HARGHITA,"CASA DE CULTURĂ RACU",219,RACU,86495,1,PROV,PRCNCT,CD,CD_SV,"2021-01-21 12:30:02",936,899,14,23,530,493,14,23,1000,470,520,10,0,3,1,4,1,500,1,1,1,0,1,0,0,0,0,0,0,2,0,0,3,0,1,0,0,0,0,1,0
21,HARGHITA,"ŞCOALA GIMNAZIALĂ GÂRCIU",220,RACU,86495,1,PROV,PRCNCT,CD,CD_SV,"2021-01-21 12:30:02",426,396,16,14,238,208,16,14,500,262,237,1,0,1,2,1,3,227,1,0,0,1,1,0,0,0,0,0,0,0,0,0,0,0,0,0,0,0,0,0,0
21,HARGHITA,"ȘCOALA GENERALA ”BALÁS JENŐ”",221,REMETEA,85412,2,PART,PRCNCT,CD,CD_SV,"2021-01-21 12:30:02",1241,1145,10,86,674,581,10,83,1300,626,655,9,10,2,1,6,4,629,2,3,0,2,0,0,0,1,1,0,0,0,0,0,2,0,0,1,0,0,0,1,0
21,HARGHITA,"GRĂDINITA DE COPII ALSZEG",222,REMETEA,85412,1,PROV,PRCNCT,CD,CD_SV,"2021-01-21 12:30:02",1445,1376,14,55,752,683,14,55,1500,748,737,11,4,4,1,4,2,717,1,3,0,1,0,0,0,0,0,0,0,0,0,0,1,0,1,0,0,1,0,1,0
21,HARGHITA,"SCOLA GIMNAZIALA FRÁTER GYÖRGY",223,REMETEA,85412,1,PROV,PRCNCT,CD,CD_SV,"2021-01-21 12:30:02",1490,1401,15,74,812,723,15,74,1500,688,802,8,2,4,1,9,4,775,3,2,0,1,0,1,0,0,0,0,0,0,0,0,2,0,0,0,0,0,0,0,0
21,HARGHITA,"GRADINIȚA DE COPII TULAMAROS",224,REMETEA,85412,2,PART,PRCNCT,CD,CD_SV,"2021-01-21 12:30:02",1322,1239,17,66,680,597,17,66,1400,720,672,3,5,1,1,3,2,658,2,2,0,1,0,0,0,0,0,0,0,0,0,0,0,0,1,0,0,0,0,0,1
21,HARGHITA,"CENTRUL DE INFORMARE TURISTICĂ",225,"SATU MARE",86501,1,PROV,PRCNCT,CD,CD_SV,"2021-01-21 12:30:02",782,771,11,0,337,326,11,0,900,563,333,2,2,1,1,1,3,320,2,0,0,0,1,0,0,0,0,0,0,0,0,0,3,0,0,0,0,0,0,1,0
21,HARGHITA,"CAMINUL CULTURAL SATU MARE",226,"SATU MARE",86501,1,PROV,PRCNCT,CD,CD_SV,"2021-01-21 12:30:02",868,856,12,0,299,287,12,0,1000,701,283,10,6,3,1,4,3,263,2,1,1,0,0,0,0,0,0,0,0,0,0,0,4,0,1,0,0,0,0,0,0
21,HARGHITA,"PRIMĂRIA COMUNEI SĂCEL",227,SĂCEL,85467,1,PROV,PRCNCT,CD,CD_SV,"2021-01-21 12:30:02",102,98,4,0,22,18,4,0,200,178,19,3,0,1,3,4,1,5,2,1,0,1,0,0,0,0,0,0,0,0,0,0,0,0,0,0,1,0,0,0,0
21,HARGHITA,"CĂMIN CULTURAL VIDACUT",228,SĂCEL,85467,1,PROV,PRCNCT,CD,CD_SV,"2021-01-21 12:30:02",243,235,8,0,91,83,8,0,300,209,88,2,1,0,1,10,3,56,1,12,0,1,0,0,0,0,0,0,0,0,0,0,3,0,0,0,0,0,0,0,1
21,HARGHITA,"CĂMIN CULTURAL ȘOIMUȘU MIC",229,SĂCEL,85467,1,PROV,PRCNCT,CD,CD_SV,"2021-01-21 12:30:02",350,335,15,0,125,110,15,0,400,275,123,1,1,1,0,6,2,107,0,2,2,1,0,0,0,0,0,0,0,0,0,1,0,0,0,0,0,0,0,1,0
21,HARGHITA,"CĂMIN CULTURAL ȘOIMUȘU MARE",230,SĂCEL,85467,1,PROV,PRCNCT,CD,CD_SV,"2021-01-21 12:30:02",269,257,12,0,83,71,12,0,300,217,79,3,1,1,1,3,1,72,0,0,0,1,0,0,0,0,0,0,0,0,0,0,0,0,0,0,0,0,0,0,0
21,HARGHITA,"ȘCOALA GIMNAZIALĂ HODOȘA GARĂ",231,SĂRMAŞ,85528,1,PROV,PRCNCT,CD,CD_SV,"2021-01-21 12:30:02",1219,1201,18,0,299,281,18,0,1300,1001,292,5,2,17,10,55,71,57,59,14,1,4,0,4,0,0,0,0,0,0,0,0,0,0,0,0,0,0,0,0,0
21,HARGHITA,"ȘCOALA PRIMARĂ PLATONEȘTI",232,SĂRMAŞ,85528,1,PROV,PRCNCT,CD,CD_SV,"2021-01-21 12:30:02",396,385,10,1,121,110,10,1,500,379,120,1,0,7,2,45,28,3,24,4,1,6,0,0,0,0,0,0,0,0,0,0,0,0,0,0,0,0,0,0,0
21,HARGHITA,"ȘCOALA PRIMARĂ FUNDOAIA",233,SĂRMAŞ,85528,1,PROV,PRCNCT,CD,CD_SV,"2021-01-21 12:30:02",492,480,12,0,165,153,12,0,600,435,163,1,1,7,8,35,37,6,46,13,0,6,0,0,0,0,0,1,0,0,0,0,0,0,0,2,1,0,0,1,0
21,HARGHITA,"ȘCOALA GIMNAZIALĂ ”SFÂNTU ANDREI ”SĂRMAȘ",234,SĂRMAŞ,85528,1,PROV,PRCNCT,CD,CD_SV,"2021-01-21 12:30:02",1160,1147,9,4,307,294,9,4,1300,993,303,4,0,8,16,69,77,31,76,16,2,3,0,3,0,0,0,0,1,0,0,0,0,0,0,0,0,0,0,0,1
21,HARGHITA,"ŞCOALA GIMNAZIALĂ SÂNCRĂIENI",235,SÂNCRĂIENI,85680,1,PROV,PRCNCT,CD,CD_SV,"2021-01-21 12:30:02",1168,1140,14,14,509,481,14,14,1300,791,495,14,0,2,2,8,1,471,2,1,0,1,0,0,0,1,0,0,0,0,0,0,4,0,0,0,1,1,0,0,0
21,HARGHITA,"ŞCOALA GIMNAZIALĂ SÂNCRĂIENI",236,SÂNCRĂIENI,85680,1,PROV,PRCNCT,CD,CD_SV,"2021-01-21 12:30:02",1007,984,15,8,470,447,15,8,1100,630,466,4,0,6,1,2,3,446,2,0,0,1,0,0,0,0,0,0,0,0,0,2,2,0,0,0,0,1,0,0,0
21,HARGHITA,"PRIMĂRIA SÎNDOMINIC",237,SÂNDOMINIC,85760,1,PROV,PRCNCT,CD,CD_SV,"2021-01-21 12:30:02",1530,1518,12,0,592,580,12,0,1700,1108,579,5,8,2,1,6,2,557,2,2,0,0,0,1,0,0,0,0,0,0,0,1,3,0,0,0,1,0,1,0,0
21,HARGHITA,"PRIMĂRIA SÎNDOMINIC",238,SÂNDOMINIC,85760,1,PROV,PRCNCT,CD,CD_SV,"2021-01-21 12:30:02",1518,1499,15,4,636,617,15,4,1600,964,630,3,3,0,1,6,1,606,1,6,0,0,0,0,0,0,4,0,1,0,0,0,3,1,0,0,0,0,0,0,0
21,HARGHITA,"ŞCOALA GIMNAZIALĂ MARTON ARON SÎNDOMINIC",239,SÂNDOMINIC,85760,1,PROV,PRCNCT,CD,CD_SV,"2021-01-21 12:30:02",1093,1078,14,1,471,456,14,1,1200,729,466,2,3,2,1,3,1,449,1,0,0,0,1,1,0,0,0,0,0,0,0,0,5,0,0,0,0,0,0,1,1
21,HARGHITA,"ȘCOALA GIMNAZIALĂ MARTON ARON SÎNDOMINIC",240,SÂNDOMINIC,85760,1,PROV,PRCNCT,CD,CD_SV,"2021-01-21 12:30:02",1075,1068,7,0,434,427,7,0,1200,766,423,5,6,1,1,2,2,407,4,1,0,0,2,0,0,1,0,0,0,0,0,0,2,0,0,0,0,0,0,0,0
21,HARGHITA,"PRIMARIA SÎNMARTIN",241,SÂNMARTIN,85788,1,PROV,PRCNCT,CD,CD_SV,"2021-01-21 12:30:02",956,938,16,2,394,376,16,2,1000,606,384,7,3,1,2,3,3,369,1,2,0,0,1,1,0,0,0,0,0,0,0,0,1,0,0,0,0,0,0,0,0
21,HARGHITA,"PRIMARIA SÎNMARTIN",242,SÂNMARTIN,85788,1,PROV,PRCNCT,CD,CD_SV,"2021-01-21 12:30:02",888,872,14,2,353,337,14,2,1000,647,336,8,9,2,1,9,1,313,1,0,1,0,1,0,0,0,0,0,0,0,0,0,7,0,0,0,0,0,0,0,0
21,HARGHITA,"CĂMINUL CULTURAL",243,SÂNSIMION,85840,1,PROV,PRCNCT,CD,CD_SV,"2021-01-21 12:30:02",786,741,27,18,408,363,27,18,800,392,397,8,3,2,1,6,3,373,2,6,0,1,2,0,0,0,0,0,0,0,0,0,1,0,0,0,0,0,0,0,0
21,HARGHITA,"CĂMINUL CULTURAL",244,SÂNSIMION,85840,1,PROV,PRCNCT,CD,CD_SV,"2021-01-21 12:30:02",1236,1200,10,26,620,584,10,26,1300,680,605,11,4,3,1,10,1,577,3,1,0,1,0,2,0,0,0,2,0,0,0,0,2,0,1,0,0,0,0,0,1
21,HARGHITA,"CĂMIN CULTURAL",245,SÂNSIMION,85840,1,PROV,PRCNCT,CD,CD_SV,"2021-01-21 12:30:02",892,849,21,22,515,472,21,22,1000,485,501,13,1,2,1,5,1,476,4,0,1,0,0,0,0,1,0,1,0,1,0,0,4,0,0,0,1,0,1,2,0
21,HARGHITA,"ŞCOALA GIMNAZIALĂ ”ARANY JÁNOS” SÂNTIMBRU",246,SÂNTIMBRU,86519,1,PROV,PRCNCT,CD,CD_SV,"2021-01-21 12:30:02",989,940,15,34,551,502,15,34,1100,549,540,9,2,0,1,4,3,523,0,1,0,1,0,1,0,0,0,0,0,1,0,1,1,1,0,0,0,0,0,2,0
21,HARGHITA,"ŞCOALA PRIMARĂ PÁLSZEG SÂNTIMBRU",247,SÂNTIMBRU,86519,1,PROV,PRCNCT,CD,CD_SV,"2021-01-21 12:30:02",803,752,14,37,425,374,14,37,800,375,412,13,0,5,2,3,4,386,2,2,0,1,0,0,0,0,1,0,0,0,0,0,4,0,1,0,0,1,0,0,0
21,HARGHITA,"CAMIN CULTURAL",248,SECUIENI,85582,1,PROV,PRCNCT,CD,CD_SV,"2021-01-21 12:30:02",660,644,16,0,155,139,16,0,700,545,150,3,2,3,2,3,8,123,1,5,0,1,0,0,0,0,0,0,0,0,0,0,1,0,0,1,0,0,1,1,0
21,HARGHITA,"CAMIN CULTURAL",249,SECUIENI,85582,2,PART,PRCNCT,CD,CD_SV,"2021-01-21 12:30:02",969,955,11,3,156,142,11,3,1100,944,141,10,5,1,1,6,4,109,2,11,2,1,0,0,0,0,0,0,0,0,0,1,0,0,0,0,2,0,0,1,0
21,HARGHITA,"BIROU ADMINISTRATIV",250,SECUIENI,85582,1,PROV,PRCNCT,CD,CD_SV,"2021-01-21 12:30:02",723,711,12,0,155,143,12,0,800,645,153,1,1,3,3,4,3,130,4,1,0,1,1,0,0,0,0,1,0,0,0,0,0,0,1,1,0,0,0,0,0
21,HARGHITA,"PRIMĂRIA COMUNEI SICULENI",251,SICULENI,85626,1,PROV,PRCNCT,CD,CD_SV,"2021-01-21 12:30:02",936,852,49,35,461,377,49,35,1000,539,451,8,2,4,6,16,10,398,5,5,1,0,1,0,0,1,0,1,0,0,0,0,2,0,0,0,0,0,1,0,0
21,HARGHITA,"ȘCOALA GIMNAZIALĂ ZOLD PETER SICULENI",252,SICULENI,85626,1,PROV,PRCNCT,CD,CD_SV,"2021-01-21 12:30:02",1501,1384,39,78,904,787,39,78,1500,596,890,13,1,2,2,4,0,864,3,1,0,0,1,0,0,0,0,0,0,0,0,0,11,0,1,1,0,0,0,0,0
21,HARGHITA,"LICEUL MIRON CRISTEA SUBCETATE",253,SUBCETATE,85877,1,PROV,PRCNCT,CD,CD_SV,"2021-01-21 12:30:02",1477,1458,18,1,308,289,18,1,1600,1292,302,4,2,15,8,70,142,8,22,14,1,15,1,2,0,0,0,0,0,0,0,0,0,1,0,2,1,0,0,0,0
21,HARGHITA,"PRIMĂRIA COMUNEI SUSENI",254,SUSENI,85920,1,PROV,PRCNCT,CD,CD_SV,"2021-01-21 12:30:02",872,863,9,0,327,318,9,0,1000,673,323,2,2,1,1,1,1,313,4,0,0,0,1,0,0,0,0,0,0,0,0,0,0,0,1,0,0,0,0,0,0
21,HARGHITA,"PRIMĂRIA COMUNEI SUSENI",255,SUSENI,85920,1,PROV,PRCNCT,CD,CD_SV,"2021-01-21 12:30:02",831,818,13,0,324,311,13,0,900,576,319,3,2,2,1,4,4,300,2,1,0,0,1,0,0,0,0,0,0,0,0,0,3,0,1,0,0,0,0,0,0
21,HARGHITA,"ŞCOALA PRIMARĂ - MUREŞ SAT",256,SUSENI,85920,1,PROV,PRCNCT,CD,CD_SV,"2021-01-21 12:30:02",747,732,15,0,274,259,15,0,800,526,270,3,1,2,1,2,3,253,1,0,1,0,1,0,0,0,0,0,0,0,0,0,5,0,0,0,1,0,0,0,0
21,HARGHITA,"ŞCOALA PRIMARĂ CHILENI",257,SUSENI,85920,2,PART,PRCNCT,CD,CD_SV,"2021-01-21 12:30:02",650,642,8,0,251,243,8,0,700,449,250,1,0,3,1,2,1,236,2,0,0,0,1,0,1,0,0,0,1,1,0,0,0,0,0,0,0,0,1,0,0
21,HARGHITA,"ŞCOALA GIMNAZIALĂ ”TARISZNYÁS MÁRTON” VALEA STRÎMBĂ",258,SUSENI,85920,1,PROV,PRCNCT,CD,CD_SV,"2021-01-21 12:30:02",1111,1099,12,0,274,262,12,0,1200,926,269,3,2,2,1,7,4,244,1,3,0,0,1,2,0,0,0,0,1,0,0,0,1,0,2,0,0,0,0,0,0
21,HARGHITA,"ŞCOALA PRIMARĂ LIBAN",259,SUSENI,85920,1,PROV,PRCNCT,CD,CD_SV,"2021-01-21 12:30:02",72,58,14,0,25,11,14,0,200,175,25,0,0,1,1,1,1,19,1,0,0,1,0,0,0,0,0,0,0,0,0,0,0,0,0,0,0,0,0,0,0
21,HARGHITA,"CÃMINUL CULTURAL RUGĂNEŞTI",260,ŞIMONEŞTI,85984,1,PROV,PRCNCT,CD,CD_SV,"2021-01-21 12:30:02",737,721,14,2,258,242,14,2,800,542,241,12,5,5,1,2,2,219,4,0,0,1,0,0,0,0,0,0,0,0,0,0,2,0,0,1,1,0,0,1,2
21,HARGHITA,"CÃMINUL CULTURAL COBĂTEŞTI",261,ŞIMONEŞTI,85984,1,PROV,PRCNCT,CD,CD_SV,"2021-01-21 12:30:02",450,435,15,0,186,171,15,0,500,314,180,5,1,1,0,3,2,170,2,0,0,1,1,0,0,0,0,0,0,0,0,0,0,0,0,0,0,0,0,0,0
21,HARGHITA,"CÃMINUL CULTURAL CEHEŢEL",262,ŞIMONEŞTI,85984,1,PROV,PRCNCT,CD,CD_SV,"2021-01-21 12:30:02",122,101,21,0,56,35,21,0,200,144,56,0,0,1,1,3,1,48,1,0,0,0,0,0,0,0,0,0,0,0,0,0,0,0,0,0,1,0,0,0,0
21,HARGHITA,"CÃMINUL CULTURAL TURDENI",263,ŞIMONEŞTI,85984,1,PROV,PRCNCT,CD,CD_SV,"2021-01-21 12:30:02",86,69,17,0,53,36,17,0,100,47,52,1,0,4,1,2,1,40,1,0,0,1,0,0,0,0,0,0,0,0,0,0,1,0,0,0,1,0,0,0,0
21,HARGHITA,"CÃMINUL CULTURAL TĂRCEŞTI",264,ŞIMONEŞTI,85984,1,PROV,PRCNCT,CD,CD_SV,"2021-01-21 12:30:02",198,186,12,0,80,68,12,0,200,120,79,0,1,1,1,2,0,72,1,0,0,1,0,0,0,0,0,0,0,0,0,0,0,0,0,0,1,0,0,0,0
21,HARGHITA,"CÃMINUL CULTURAL MIHĂILENI",265,ŞIMONEŞTI,85984,1,PROV,PRCNCT,CD,CD_SV,"2021-01-21 12:30:02",450,429,21,0,168,147,21,0,500,332,165,1,2,1,1,2,1,157,1,0,0,1,0,0,0,0,0,0,0,0,0,0,1,0,0,0,0,0,0,0,0
21,HARGHITA,"CLÃDIREA PRIMÃRIEI ŞIMONEŞTI",266,ŞIMONEŞTI,85984,1,PROV,PRCNCT,CD,CD_SV,"2021-01-21 12:30:02",1146,1126,20,0,381,361,20,0,1200,819,366,8,7,2,1,6,4,339,1,2,0,2,1,1,0,0,0,1,0,0,0,0,4,0,1,0,0,0,0,1,0
21,HARGHITA,"ŞCOALĂ PRIMARĂ MEDIŞORU MARE",267,ŞIMONEŞTI,85984,1,PROV,PRCNCT,CD,CD_SV,"2021-01-21 12:30:02",89,77,12,0,47,35,12,0,100,53,46,1,0,1,1,2,3,37,1,0,0,1,0,0,0,0,0,0,0,0,0,0,0,0,0,0,0,0,0,0,0
21,HARGHITA,"CLĂDIREA CĂMINULUI CULTURAL TOMEȘTI",268,TOMEŞTI,86453,1,PROV,PRCNCT,CD,CD_SV,"2021-01-21 12:30:02",1195,1160,17,18,543,510,15,18,1300,757,538,0,5,2,1,2,2,522,2,1,0,1,2,0,0,0,0,0,0,1,0,0,0,0,0,0,1,0,0,0,1
21,HARGHITA,"CLĂDIREA CĂMINULUI CULTURAL TOMEȘTI",269,TOMEŞTI,86453,1,PROV,PRCNCT,CD,CD_SV,"2021-01-21 12:30:02",1021,985,20,16,490,454,20,16,1100,610,483,4,3,1,1,2,2,467,1,3,1,0,1,0,0,1,0,1,0,0,0,0,2,0,0,0,0,0,0,0,0
21,HARGHITA,"ŞCOALA GIMNAZIALĂ TULGHEŞ",270,TULGHEŞ,86133,1,PROV,PRCNCT,CD,CD_SV,"2021-01-21 12:30:02",1415,1391,11,13,264,240,11,13,1500,1236,256,7,1,13,10,67,44,54,8,48,2,6,0,1,0,0,0,0,0,0,2,0,0,0,0,0,1,0,0,0,0
21,HARGHITA,"ŞCOALA PRIMARĂ PUTNA",271,TULGHEŞ,86133,1,PROV,PRCNCT,CD,CD_SV,"2021-01-21 12:30:02",466,456,10,0,70,60,10,0,500,430,68,2,0,4,1,22,8,7,1,20,1,3,1,0,0,0,0,0,0,0,0,0,0,0,0,0,0,0,0,0,0
21,HARGHITA,"ŞCOALA PRIMARĂ RECEA",272,TULGHEŞ,86133,1,PROV,PRCNCT,CD,CD_SV,"2021-01-21 12:30:02",202,191,11,0,35,24,11,0,300,265,32,1,2,4,1,4,5,9,4,3,0,2,0,0,0,0,0,0,0,0,0,0,0,0,0,0,0,0,0,0,0
21,HARGHITA,"ŞCOALA PRIMARĂ VALEA FRUMOASĂ",273,TULGHEŞ,86133,1,PROV,PRCNCT,CD,CD_SV,"2021-01-21 12:30:02",587,578,9,0,70,61,9,0,700,630,68,1,1,4,3,14,9,25,1,8,1,1,0,1,0,0,0,0,0,0,0,0,1,0,0,0,0,0,0,0,0
21,HARGHITA,"CLĂDIREA PRIMRIEI",274,TUŞNAD,86188,1,PROV,PRCNCT,CD,CD_SV,"2021-01-21 12:30:02",687,678,9,0,255,246,9,0,800,545,241,9,5,2,4,5,3,219,1,3,0,1,1,0,0,0,0,0,0,0,0,0,2,0,0,0,0,0,0,0,0
21,HARGHITA,"CĂMINUL CULTURAL",275,TUŞNAD,86188,1,PROV,PRCNCT,CD,CD_SV,"2021-01-21 12:30:02",862,845,17,0,321,304,17,0,900,579,304,11,6,3,1,9,3,274,1,3,0,2,1,0,0,0,0,0,0,1,0,0,3,0,1,0,0,0,0,2,0
21,HARGHITA,"CĂMINUL CULTURAL",276,TUŞNAD,86188,1,PROV,PRCNCT,CD,CD_SV,"2021-01-21 12:30:02",172,159,13,0,99,86,13,0,200,101,95,2,2,1,1,1,1,88,1,1,0,1,0,0,0,0,0,0,0,0,0,0,0,0,0,0,0,0,0,0,0
21,HARGHITA,"CĂMINUL CULTURAL ULIEȘ",277,ULIEŞ,86222,1,PROV,PRCNCT,CD,CD_SV,"2021-01-21 12:30:02",303,283,20,0,129,109,20,0,300,171,127,1,1,1,1,5,0,115,1,1,0,1,0,0,0,0,0,0,0,0,1,0,1,0,0,0,0,0,0,0,0
21,HARGHITA,"CĂMINUL CULTURAL NICOLEȘTI",278,ULIEŞ,86222,1,PROV,PRCNCT,CD,CD_SV,"2021-01-21 12:30:02",195,178,17,0,75,58,17,0,200,125,73,2,0,3,1,1,1,66,0,0,0,1,0,0,0,0,0,0,0,0,0,0,0,0,0,0,0,0,0,0,0
21,HARGHITA,"ȘCOALA PRIMARĂ DAIA",279,ULIEŞ,86222,1,PROV,PRCNCT,CD,CD_SV,"2021-01-21 12:30:02",244,229,15,0,68,53,15,0,300,232,65,2,1,2,1,2,2,56,0,0,1,1,0,0,0,0,0,0,0,0,0,0,0,0,0,0,0,0,0,0,0
21,HARGHITA,"CĂMINUL CULTURAL IGHIU",280,ULIEŞ,86222,1,PROV,PRCNCT,CD,CD_SV,"2021-01-21 12:30:02",69,48,21,0,42,21,21,0,100,58,42,0,0,1,1,1,3,33,0,0,0,2,0,0,0,0,0,0,0,0,0,0,0,0,0,0,1,0,0,0,0
21,HARGHITA,"CĂMINUL CULTURAL PETECU",281,ULIEŞ,86222,1,PROV,PRCNCT,CD,CD_SV,"2021-01-21 12:30:02",200,181,19,0,65,46,19,0,200,135,58,4,3,1,1,4,0,46,1,2,0,1,0,0,1,0,0,0,0,0,0,0,1,0,0,0,0,0,0,0,0
21,HARGHITA,"PRIMĂRIA COMUNEI VĂRȘAG",282,VĂRŞAG,86311,1,PROV,PRCNCT,CD,CD_SV,"2021-01-21 12:30:02",1090,1056,34,0,442,408,34,0,1200,758,426,10,6,1,1,4,1,409,3,0,0,0,0,1,0,0,0,0,0,0,0,0,3,0,0,2,1,0,0,0,0
21,HARGHITA,"ȘCOALĂ PRIMARĂ SOLYOMKO",283,VĂRŞAG,86311,1,PROV,PRCNCT,CD,CD_SV,"2021-01-21 12:30:02",272,259,13,0,107,94,13,0,300,193,106,0,1,1,1,1,1,95,1,1,0,1,0,1,0,0,0,0,0,0,0,0,1,0,0,0,2,0,0,0,0
21,HARGHITA,"ȘCOALA GIMNAZIALĂ ”TEODOR CHINDEA” VOȘLĂBENI",284,VOŞLĂBENI,86339,1,PROV,PRCNCT,CD,CD_SV,"2021-01-21 12:30:02",1000,976,22,2,231,207,22,2,1100,869,223,6,2,5,2,88,43,41,12,22,1,1,4,1,0,0,0,0,0,0,1,0,1,0,0,0,1,0,0,0,0
21,HARGHITA,"ȘCOALA PRIMARĂ ”ION CREANGĂ” IZVORU MUREȘULUI",285,VOŞLĂBENI,86339,1,PROV,PRCNCT,CD,CD_SV,"2021-01-21 12:30:02",708,661,38,9,292,245,38,9,700,408,288,2,2,5,4,38,21,174,22,20,0,0,3,0,0,0,0,0,0,0,0,0,0,0,0,0,1,0,0,0,0
21,HARGHITA,"GRĂDINIŢA CU PROGRAM NORMAL ALSZEG ZETEA",286,ZETEA,86366,1,PROV,PRCNCT,CD,CD_SV,"2021-01-21 12:30:02",1241,1224,17,0,565,548,17,0,1300,735,540,14,11,3,1,5,1,505,1,4,0,1,0,0,0,0,0,0,0,2,1,0,10,0,1,1,0,1,0,2,1
21,HARGHITA,"PRIMĂRIA ZETEA",287,ZETEA,86366,1,PROV,PRCNCT,CD,CD_SV,"2021-01-21 12:30:02",1296,1272,23,1,532,508,23,1,1400,868,519,8,5,4,1,1,2,498,1,3,0,0,0,1,0,0,0,0,1,0,1,0,2,0,0,1,0,1,0,1,1
21,HARGHITA,"ŞCOALA PRIMARĂ TOFĂLĂU ZETEA",288,ZETEA,86366,1,PROV,PRCNCT,CD,CD_SV,"2021-01-21 12:30:02",1209,1188,20,1,589,568,20,1,1300,711,577,7,5,2,1,6,2,559,1,0,0,0,0,0,0,0,0,0,0,0,1,0,3,0,1,0,0,0,1,0,0
21,HARGHITA,"ŞCOALA GIMNAZIALĂ ”JÓKAI MÓR” SUB CETATE",289,ZETEA,86366,1,PROV,PRCNCT,CD,CD_SV,"2021-01-21 12:30:02",704,671,33,0,252,219,33,0,800,548,246,3,3,2,1,0,2,240,0,0,0,1,0,0,0,0,0,0,0,0,0,0,0,0,0,0,0,0,0,0,0
21,HARGHITA,"CĂMIN CULTURAL ŞICASĂU",290,ZETEA,86366,1,PROV,PRCNCT,CD,CD_SV,"2021-01-21 12:30:02",161,136,25,0,58,33,25,0,200,142,58,0,0,1,1,2,0,49,0,0,0,1,0,0,0,0,0,0,0,2,0,0,1,0,0,0,0,1,0,0,0
21,HARGHITA,"ŞCOALA PRIMARĂ ”SZÉKELY JÁNOS” IZVOARE",291,ZETEA,86366,1,PROV,PRCNCT,CD,CD_SV,"2021-01-21 12:30:02",342,313,29,0,102,73,29,0,400,298,97,1,4,1,1,1,1,90,2,0,0,1,0,0,0,0,0,0,0,0,0,0,0,0,0,0,0,0,0,0,0
