precinct_county_nce,precinct_county_name,precinct_name,precinct_nr,uat_name,uat_siruta,report_version,report_stage_code,report_type_scope_code,report_type_category_code,report_type_code,created_at,a,a1,a2,a3,b,b1,b2,b3,c,d,e,f,g,"PARTIDUL PRO ROMÂNIA-voturi","PARTIDUL MIȘCAREA POPULARĂ-voturi","ALIANȚA USR PLUS-voturi","PARTIDUL NAȚIONAL LIBERAL-voturi","PARTIDUL SOCIAL DEMOCRAT-voturi","UNIUNEA DEMOCRATĂ MAGHIARĂ DIN ROMÂNIA-voturi","PARTIDUL PUTERII UMANISTE (SOCIAL-LIBERAL)-voturi","PARTIDUL NOUA ROMÂNIE-voturi","ALIANȚA PENTRU UNIREA ROMÂNILOR-voturi","PARTIDUL VERDE-voturi","PARTIDUL ROMÂNIA MARE-voturi","PARTIDUL ECOLOGIST ROMÂN-voturi"
39,VASLUI,"CASA DE CULTURĂ A SINDICATELOR ”CONSTANTIN TĂNASE”",1,"MUNICIPIUL VASLUI",161945,2,PART,PRCNCT,S,S_SV,"2021-01-21 12:30:02",1477,1461,13,3,503,487,13,3,1600,1097,498,5,0,28,29,89,105,174,3,9,1,41,13,1,5
39,VASLUI,"CASA DE CULTURĂ A SINDICATELOR ”CONSTANTIN TĂNASE”",2,"MUNICIPIUL VASLUI",161945,1,PROV,PRCNCT,S,S_SV,"2021-01-21 12:30:02",1651,1636,15,0,390,375,15,0,1700,1310,386,4,0,32,14,80,80,131,2,5,1,32,3,2,4
39,VASLUI,"CENTRUL JUDEȚEAN DE RESURSE ȘI ASISTENȚĂ EDUCAȚIONALĂ",3,"MUNICIPIUL VASLUI",161945,3,PART,PRCNCT,S,S_SV,"2021-01-21 12:30:02",1531,1520,11,0,168,157,11,0,1600,1432,165,2,1,16,1,26,27,67,1,1,0,17,5,2,2
39,VASLUI,"CENTRUL JUDEȚEAN DE RESURSE ȘI ASISTENȚĂ EDUCAȚIONALĂ",4,"MUNICIPIUL VASLUI",161945,2,PART,PRCNCT,S,S_SV,"2021-01-21 12:30:02",1245,1236,9,0,11,2,9,0,2600,2589,11,0,0,2,1,1,3,2,0,0,0,1,0,0,1
39,VASLUI,"LICEUL TEORETIC ”MIHAIL KOGĂLNICEANU”",5,"MUNICIPIUL VASLUI",161945,2,PART,PRCNCT,S,S_SV,"2021-01-21 12:30:02",1837,1828,9,0,179,170,9,0,2000,1821,172,5,2,16,8,32,29,54,1,0,2,19,2,1,8
39,VASLUI,"LICEUL TEORETIC ”MIHAIL KOGĂLNICEANU”",6,"MUNICIPIUL VASLUI",161945,1,PROV,PRCNCT,S,S_SV,"2021-01-21 12:30:02",1841,1824,17,0,300,283,17,0,2000,1700,293,5,2,15,10,44,61,105,3,5,2,37,5,4,2
39,VASLUI,"LICEUL TEORETIC ”MIHAIL KOGĂLNICEANU”",7,"MUNICIPIUL VASLUI",161945,1,PROV,PRCNCT,S,S_SV,"2021-01-21 12:30:02",1982,1973,9,0,42,33,9,0,2000,1958,41,1,0,1,1,5,14,15,0,0,0,4,0,0,1
39,VASLUI,"LICEUL TEORETIC ”MIHAIL KOGĂLNICEANU”",8,"MUNICIPIUL VASLUI",161945,1,PROV,PRCNCT,S,S_SV,"2021-01-21 12:30:02",1979,1968,11,0,11,0,11,0,2000,1989,11,0,0,2,1,1,2,3,1,0,0,0,1,0,0
39,VASLUI,"GRĂDINIȚA CU PROGRAM PRELUNGIT NR.14",9,"MUNICIPIUL VASLUI",161945,2,PART,PRCNCT,S,S_SV,"2021-01-21 12:30:02",997,989,7,1,278,270,7,1,1200,922,273,4,1,14,12,44,83,79,1,5,1,24,7,1,2
39,VASLUI,"GRĂDINIȚA CU PROGRAM PRELUNGIT NR.14",10,"MUNICIPIUL VASLUI",161945,1,PROV,PRCNCT,S,S_SV,"2021-01-21 12:30:02",1015,1004,11,0,313,302,11,0,1200,887,308,5,0,17,14,69,73,87,1,11,1,28,2,2,3
39,VASLUI,"GRĂDINIȚA CU PROGRAM PRELUNGIT NR.15",11,"MUNICIPIUL VASLUI",161945,2,PART,PRCNCT,S,S_SV,"2021-01-21 12:30:02",1526,1512,13,1,387,373,13,1,1600,1213,380,5,2,21,15,83,77,121,2,11,4,32,6,3,5
39,VASLUI,"ȘCOALA GIMNAZIALĂ ”CONSTANTIN PARFENE”",12,"MUNICIPIUL VASLUI",161945,1,PROV,PRCNCT,S,S_SV,"2021-01-21 12:30:02",1955,1933,11,11,22,0,11,11,2000,1978,22,0,0,1,2,2,6,8,1,0,1,0,0,0,1
39,VASLUI,"ȘCOALA GIMNAZIALĂ ”CONSTANTIN PARFENE”",13,"MUNICIPIUL VASLUI",161945,1,PROV,PRCNCT,S,S_SV,"2021-01-21 12:30:02",1939,1928,11,0,97,86,11,0,2000,1903,95,2,0,5,2,17,20,28,1,0,0,17,1,3,1
39,VASLUI,"ȘCOALA GIMNAZIALĂ ”CONSTANTIN PARFENE”",14,"MUNICIPIUL VASLUI",161945,1,PROV,PRCNCT,S,S_SV,"2021-01-21 12:30:02",1764,1754,10,0,93,83,10,0,1800,1707,92,1,0,4,1,12,23,28,1,2,0,18,0,0,3
39,VASLUI,"ȘCOALA GIMNAZIALĂ ”CONSTANTIN PARFENE”",15,"MUNICIPIUL VASLUI",161945,2,PART,PRCNCT,S,S_SV,"2021-01-21 12:30:02",1831,1796,9,26,74,39,9,26,2000,1926,72,2,0,3,2,8,11,31,0,0,1,12,0,2,2
39,VASLUI,"ȘCOALA GIMNAZIALĂ ”CONSTANTIN PARFENE”",16,"MUNICIPIUL VASLUI",161945,1,PROV,PRCNCT,S,S_SV,"2021-01-21 12:30:02",1922,1906,14,2,276,260,14,2,2000,1724,269,5,2,17,9,67,58,72,3,1,4,27,5,3,3
39,VASLUI,"ȘCOALA GIMNAZIALĂ ”CONSTANTIN PARFENE”",17,"MUNICIPIUL VASLUI",161945,1,PROV,PRCNCT,S,S_SV,"2021-01-21 12:30:02",1634,1624,10,0,129,119,10,0,2000,1871,126,3,0,4,4,12,30,44,0,7,1,17,4,0,3
39,VASLUI,"ȘCOALA GIMNAZIALĂ ”CONSTANTIN PARFENE”",18,"MUNICIPIUL VASLUI",161945,1,PROV,PRCNCT,S,S_SV,"2021-01-21 12:30:02",2034,2001,10,23,54,21,10,23,2000,1946,51,1,2,4,1,3,4,24,3,1,0,7,2,0,2
39,VASLUI,"GRĂDINIȚA CU PROGRAM PRELUNGIT NR.5",19,"MUNICIPIUL VASLUI",161945,2,PART,PRCNCT,S,S_SV,"2021-01-21 12:30:02",1929,1919,10,0,206,196,10,0,2000,1794,203,3,0,19,11,34,37,59,3,0,1,26,7,0,6
39,VASLUI,"GRĂDINIȚA CU PROGRAM PRELUNGIT NR.5",20,"MUNICIPIUL VASLUI",161945,2,PART,PRCNCT,S,S_SV,"2021-01-21 12:30:02",2134,1992,10,132,144,2,10,132,2000,1856,128,9,7,1,2,3,21,87,1,1,1,7,1,1,2
39,VASLUI,"GRĂDINIȚA CU PROGRAM PRELUNGIT NR.5",21,"MUNICIPIUL VASLUI",161945,2,PART,PRCNCT,S,S_SV,"2021-01-21 12:30:02",854,839,15,0,51,36,15,0,1000,949,49,2,0,4,2,7,8,15,1,1,0,9,0,1,1
39,VASLUI,"ROMSILVA - RA - FILIALA VASLUI",22,"MUNICIPIUL VASLUI",161945,2,PART,PRCNCT,S,S_SV,"2021-01-21 12:30:02",1736,1726,10,0,482,472,10,0,1800,1318,462,16,4,24,19,98,126,111,2,9,7,46,10,3,7
39,VASLUI,"CENTRUL ŞCOLAR DE EDUCAŢIE INCLUZIVĂ ”ELISABETA POLIHRONIADE”",23,"MUNICIPIUL VASLUI",161945,2,PART,PRCNCT,S,S_SV,"2021-01-21 12:30:02",1901,1889,10,2,567,555,10,2,2000,1433,555,10,2,31,23,99,114,175,2,7,3,80,7,2,12
39,VASLUI,"CENTRUL ŞCOLAR DE EDUCAŢIE INCLUZIVĂ ”ELISABETA POLIHRONIADE”",24,"MUNICIPIUL VASLUI",161945,1,PROV,PRCNCT,S,S_SV,"2021-01-21 12:30:02",1892,1881,9,2,124,113,9,2,2000,1876,119,5,0,6,2,16,18,33,1,8,1,34,0,0,0
39,VASLUI,"CENTRUL ȘCOLAR DE EDUCAȚIE INCLUZIVĂ ”ELISABETA POLIHRONIADE”",25,"MUNICIPIUL VASLUI",161945,2,PART,PRCNCT,S,S_SV,"2021-01-21 12:30:02",1766,1743,21,2,122,99,21,2,1800,1678,118,3,1,6,3,32,16,35,1,1,0,20,1,1,2
39,VASLUI,"ȘCOALA GIMNAZIALĂ ”MIHAIL SADOVEANU”",26,"MUNICIPIUL VASLUI",161945,1,PROV,PRCNCT,S,S_SV,"2021-01-21 12:30:02",1886,1874,12,0,223,211,12,0,2000,1777,220,3,0,10,7,43,35,79,1,2,1,31,7,2,2
39,VASLUI,"ȘCOALA GIMNAZIALĂ ”MIHAIL SADOVEANU”",27,"MUNICIPIUL VASLUI",161945,2,PART,PRCNCT,S,S_SV,"2021-01-21 12:30:02",1865,1853,12,0,349,337,12,0,2000,1651,339,7,3,21,11,69,70,112,1,8,1,29,11,1,5
39,VASLUI,"ȘCOALA GIMNAZIALĂ ”DIMITRIE CANTEMIR”",28,"MUNICIPIUL VASLUI",161945,2,PART,PRCNCT,S,S_SV,"2021-01-21 12:30:02",1852,1840,10,2,433,421,10,2,2000,1567,427,6,0,31,16,67,89,143,1,10,1,61,2,1,5
39,VASLUI,"ȘCOALA GIMNAZIALĂ ”DIMITRIE CANTEMIR”",29,"MUNICIPIUL VASLUI",161945,1,PROV,PRCNCT,S,S_SV,"2021-01-21 12:30:02",1742,1734,8,0,40,32,8,0,1800,1760,38,2,0,1,2,5,4,21,2,1,0,1,0,0,1
39,VASLUI,"ȘCOALA GIMNAZIALĂ ”DIMITRIE CANTEMIR”",30,"MUNICIPIUL VASLUI",161945,1,PROV,PRCNCT,S,S_SV,"2021-01-21 12:30:02",1778,1766,12,0,159,147,12,0,1800,1641,157,0,2,12,10,28,33,48,1,2,1,14,1,4,3
39,VASLUI,"LICEUL CU PROGRAM SPORTIV",31,"MUNICIPIUL VASLUI",161945,1,PROV,PRCNCT,S,S_SV,"2021-01-21 12:30:02",1775,1770,5,0,412,407,5,0,1800,1388,403,7,2,23,12,87,82,117,2,5,1,61,6,2,5
39,VASLUI,"LICEUL CU PROGRAM SPORTIV",32,"MUNICIPIUL VASLUI",161945,1,PROV,PRCNCT,S,S_SV,"2021-01-21 12:30:02",1735,1711,24,0,34,10,24,0,1800,1766,34,0,0,2,1,8,7,6,0,0,0,8,0,1,1
39,VASLUI,"GRADINITA CU PROGRAM PRELUNGIT NR. 6",33,"MUNICIPIUL VASLUI",161945,1,PROV,PRCNCT,S,S_SV,"2021-01-21 12:30:02",1659,1648,11,0,43,32,11,0,1700,1657,43,0,0,4,2,4,8,15,0,1,1,5,0,0,3
39,VASLUI,"GRADINITA CU PROGRAM PRELUNGIT NR.17",34,"MUNICIPIUL VASLUI",161945,2,PART,PRCNCT,S,S_SV,"2021-01-21 12:30:02",1932,1914,18,0,380,362,18,0,2000,1620,374,3,3,24,13,68,52,151,2,6,2,43,6,3,4
39,VASLUI,"ŞCOALA GIMNAZIALĂ „STEFAN CEL MARE”,",35,"MUNICIPIUL VASLUI",161945,1,PROV,PRCNCT,S,S_SV,"2021-01-21 12:30:02",946,933,13,0,250,237,13,0,1000,750,248,1,1,19,5,42,41,93,2,6,1,26,2,4,7
39,VASLUI,"ŞCOALA GIMNAZIALĂ „STEFAN CEL MARE”,",36,"MUNICIPIUL VASLUI",161945,2,PART,PRCNCT,S,S_SV,"2021-01-21 12:30:02",1840,1824,15,1,490,474,15,1,2000,1510,476,9,5,19,20,101,106,175,1,10,2,32,3,3,4
39,VASLUI,"ŞCOALA GIMNAZIALĂ „STEFAN CEL MARE”,",37,"MUNICIPIUL VASLUI",161945,1,PROV,PRCNCT,S,S_SV,"2021-01-21 12:30:02",1321,1303,18,0,62,44,18,0,1400,1338,60,2,0,3,2,16,13,18,0,0,0,6,1,0,1
39,VASLUI,"ȘCOALA GIMNAZIALĂ ”CONSTANTIN MOTAȘ”",38,"MUNICIPIUL VASLUI",161945,2,PART,PRCNCT,S,S_SV,"2021-01-21 12:30:02",995,978,17,0,286,269,17,0,1200,914,281,4,1,8,10,46,55,96,1,6,6,40,8,2,3
39,VASLUI,"ȘCOALA GIMNAZIALĂ ”CONSTANTIN MOTAȘ”",39,"MUNICIPIUL VASLUI",161945,2,PART,PRCNCT,S,S_SV,"2021-01-21 12:30:02",1151,1140,11,0,277,266,11,0,1200,923,273,4,0,9,8,62,48,86,0,5,2,35,10,4,4
39,VASLUI,"LICEUL TEORETIC „EMIL RACOVIŢĂ”",40,"MUNICIPIUL VASLUI",161945,2,PART,PRCNCT,S,S_SV,"2021-01-21 12:30:02",1659,1636,23,0,414,391,23,0,1700,1286,411,1,2,19,14,79,67,146,2,9,2,51,11,1,10
39,VASLUI,"GRĂDINIȚA CU PROGRAM NORMAL NR.12",41,"MUNICIPIUL VASLUI",161945,2,PART,PRCNCT,S,S_SV,"2021-01-21 12:30:02",1494,1469,25,0,389,364,25,0,1600,1211,380,8,1,18,12,75,68,116,1,11,4,54,6,10,5
39,VASLUI,"GRĂDINIȚA CU PROGRAM PRELUNGIT NR.3",42,"MUNICIPIUL VASLUI",161945,1,PROV,PRCNCT,S,S_SV,"2021-01-21 12:30:02",1204,1188,15,1,381,365,15,1,1200,819,373,8,0,26,9,90,72,111,1,7,2,40,6,4,5
39,VASLUI,"SALA SPORTURILOR",43,"MUNICIPIUL VASLUI",161945,1,PROV,PRCNCT,S,S_SV,"2021-01-21 12:30:02",1529,1515,14,0,421,407,14,0,1600,1179,415,3,3,17,17,81,86,150,2,5,6,31,15,1,4
39,VASLUI,"SALA SPORTURILOR",44,"MUNICIPIUL VASLUI",161945,1,PROV,PRCNCT,S,S_SV,"2021-01-21 12:30:02",1838,1827,11,0,140,129,11,0,2000,1860,139,1,0,5,6,27,35,45,0,2,0,14,4,1,0
39,VASLUI,"SALA SPORTURILOR",45,"MUNICIPIUL VASLUI",161945,2,PART,PRCNCT,S,S_SV,"2021-01-21 12:30:02",1886,1878,7,1,276,268,7,1,2000,1724,274,2,0,15,11,72,56,76,1,9,3,25,1,1,4
39,VASLUI,"ȘCOALA GIMNAZIALĂ ”MIHAI EMINESCU”",46,"MUNICIPIUL VASLUI",161945,3,PART,PRCNCT,S,S_SV,"2021-01-21 12:30:02",1785,1758,27,0,434,407,27,0,1800,1366,422,9,3,18,18,84,93,140,5,4,2,41,6,5,6
39,VASLUI,"ȘCOALA GIMNAZIALĂ ”VASILE ALECSANDRI”",47,"MUNICIPIUL VASLUI",161945,2,PART,PRCNCT,S,S_SV,"2021-01-21 12:30:02",1030,1019,11,0,253,242,11,0,1200,947,246,5,2,17,8,46,51,77,2,10,4,20,6,3,2
39,VASLUI,"ȘCOALA GIMNAZIALĂ ”VASILE ALECSANDRI”",48,"MUNICIPIUL VASLUI",161945,1,PROV,PRCNCT,S,S_SV,"2021-01-21 12:30:02",1511,1502,9,0,232,223,9,0,1600,1368,229,3,0,17,12,54,58,57,1,3,3,19,1,2,2
39,VASLUI,"ȘCOALA GIMNAZIALĂ ”VASILE ALECSANDRI”",49,"MUNICIPIUL VASLUI",161945,1,PROV,PRCNCT,S,S_SV,"2021-01-21 12:30:02",1176,1167,9,0,222,213,9,0,1200,978,218,4,0,12,7,44,41,55,1,8,0,36,7,3,4
39,VASLUI,"ȘCOALA GIMNAZIALĂ ”VASILE ALECSANDRI”",50,"MUNICIPIUL VASLUI",161945,2,PART,PRCNCT,S,S_SV,"2021-01-21 12:30:02",1596,1586,10,0,377,367,10,0,1600,1223,370,7,0,21,11,91,84,96,0,9,1,37,11,4,5
39,VASLUI,"ȘCOALA GIMNAZIALĂ ”ALEXANDRA NECHITA”",51,"MUNICIPIUL VASLUI",161945,4,PART,PRCNCT,S,S_SV,"2021-01-21 12:30:02",1913,1893,20,0,276,256,20,0,2000,1724,274,2,0,17,12,54,58,72,2,13,3,28,9,1,5
39,VASLUI,"ȘCOALA GIMNAZIALĂ ”ALEXANDRA NECHITA”",52,"MUNICIPIUL VASLUI",161945,2,PART,PRCNCT,S,S_SV,"2021-01-21 12:30:02",1922,1913,9,0,296,287,9,0,2000,1704,287,9,0,17,15,61,51,96,0,4,1,35,6,1,0
39,VASLUI,"ȘCOALA GIMNAZIALĂ ”ALEXANDRA NICHITA”",53,"MUNICIPIUL VASLUI",161945,2,PART,PRCNCT,S,S_SV,"2021-01-21 12:30:02",1812,1798,14,0,16,2,14,0,2000,1984,16,0,0,3,1,2,6,2,1,0,0,0,0,0,1
39,VASLUI,"ȘCOALA GIMNAZIALĂ ”ALEXANDRA NICHITA”",54,"MUNICIPIUL VASLUI",161945,1,PROV,PRCNCT,S,S_SV,"2021-01-21 12:30:02",1814,1798,16,0,419,403,16,0,2000,1581,417,1,1,18,18,70,67,154,2,11,4,53,8,8,4
39,VASLUI,"COLEGIUL ECONOMIC ”ANGHEL RUGINĂ”",55,"MUNICIPIUL VASLUI",161945,1,PROV,PRCNCT,S,S_SV,"2021-01-21 12:30:02",1795,1780,14,1,362,347,14,1,2000,1638,357,4,1,20,10,65,78,108,2,15,0,42,9,1,7
39,VASLUI,"COLEGIUL ECONOMIC ”ANGHEL RUGINĂ”",56,"MUNICIPIUL VASLUI",161945,2,PART,PRCNCT,S,S_SV,"2021-01-21 12:30:02",706,692,12,2,201,187,12,2,800,599,195,4,2,12,17,40,50,48,1,3,0,16,7,0,1
39,VASLUI,"ŞCOALA GIMNAZIALĂ ”ELENA CUZA”",57,"MUNICIPIUL VASLUI",161945,2,PART,PRCNCT,S,S_SV,"2021-01-21 12:30:02",1030,1009,20,1,319,298,20,1,1200,881,316,2,1,24,18,62,71,98,2,4,2,25,4,1,5
39,VASLUI,"ŞCOALA GIMNAZIALĂ ”ELENA CUZA”",58,"MUNICIPIUL VASLUI",161945,1,PROV,PRCNCT,S,S_SV,"2021-01-21 12:30:02",994,986,8,0,291,283,8,0,1200,909,287,3,1,20,5,52,56,94,1,7,5,35,7,1,4
39,VASLUI,"ŞCOALA GIMNAZIALĂ ”ALEXANDRU IOAN CUZA”",59,"MUNICIPIUL VASLUI",161945,1,PROV,PRCNCT,S,S_SV,"2021-01-21 12:30:02",1764,1754,10,0,309,299,10,0,2000,1691,297,7,5,10,11,42,54,97,4,7,1,61,1,5,4
39,VASLUI,"ŞCOALA GIMNAZIALĂ ”ALEXANDRU IOAN CUZA”",60,"MUNICIPIUL VASLUI",161945,1,PROV,PRCNCT,S,S_SV,"2021-01-21 12:30:02",1787,1772,14,1,459,444,14,1,2000,1541,454,4,1,26,15,135,78,135,2,2,2,45,9,3,2
39,VASLUI,"ŞCOALA GIMNAZIALĂ ”ALEXANDRU IOAN CUZA”",61,"MUNICIPIUL VASLUI",161945,1,PROV,PRCNCT,S,S_SV,"2021-01-21 12:30:02",1531,1520,11,0,36,25,11,0,1600,1564,36,0,0,5,1,5,8,12,1,0,0,3,0,1,0
39,VASLUI,"ŞCOALA PRIMARĂ",62,"MUNICIPIUL VASLUI",161945,1,PROV,PRCNCT,S,S_SV,"2021-01-21 12:30:02",339,332,7,0,73,66,7,0,400,327,69,4,0,1,1,3,8,38,1,2,0,13,1,0,1
39,VASLUI,"ŞCOALA PRIMARĂ",63,"MUNICIPIUL VASLUI",161945,1,PROV,PRCNCT,S,S_SV,"2021-01-21 12:30:02",1183,1178,5,0,154,149,5,0,1200,1046,146,6,2,12,1,14,19,61,1,2,0,29,2,2,3
39,VASLUI,"ŞCOALA PRIMARĂ",64,"MUNICIPIUL VASLUI",161945,2,PART,PRCNCT,S,S_SV,"2021-01-21 12:30:02",996,983,13,0,86,73,13,0,1200,1114,78,7,1,5,5,2,8,41,0,0,0,13,0,2,2
39,VASLUI,"ŞCOALA GIMNAZIALĂ",65,"MUNICIPIUL VASLUI",161945,1,PROV,PRCNCT,S,S_SV,"2021-01-21 12:30:02",1401,1390,4,7,383,372,4,7,1600,1217,375,8,0,6,17,49,70,121,1,6,4,82,12,4,3
39,VASLUI,"ŞCOALA GIMNAZIALĂ",66,"MUNICIPIUL VASLUI",161945,1,PROV,PRCNCT,S,S_SV,"2021-01-21 12:30:02",1022,1013,9,0,235,226,9,0,1200,965,227,7,1,11,3,25,31,90,2,2,3,50,5,2,3
39,VASLUI,"GRĂDINIȚA CU PROGRAM NORMAL",67,"MUNICIPIUL VASLUI",161945,1,PROV,PRCNCT,S,S_SV,"2021-01-21 12:30:02",1780,1773,7,0,556,549,7,0,2000,1444,550,6,0,38,29,135,95,154,4,5,2,58,16,5,9
39,VASLUI,"LICEUL ”ȘTEFAN PROCOPIU”",68,"MUNICIPIUL VASLUI",161945,1,PROV,PRCNCT,S,S_SV,"2021-01-21 12:30:02",1969,1961,8,0,25,17,8,0,2000,1975,24,1,0,2,1,4,6,6,2,0,1,1,0,1,0
39,VASLUI,"LICEUL ”ȘTEFAN PROCOPIU”",69,"MUNICIPIUL VASLUI",161945,2,PART,PRCNCT,S,S_SV,"2021-01-21 12:30:02",1585,1575,10,0,40,30,10,0,1600,1560,39,1,0,1,3,10,5,3,0,2,1,14,0,0,0
39,VASLUI,"LICEUL ”ȘTEFAN PROCOPIU”",70,"MUNICIPIUL VASLUI",161945,1,PROV,PRCNCT,S,S_SV,"2021-01-21 12:30:02",1458,1442,16,0,52,36,16,0,1600,1548,52,0,0,3,1,11,8,13,1,1,0,13,0,0,1
39,VASLUI,"LICEUL ”ŞTEFAN PROCOPIU”",71,"MUNICIPIUL VASLUI",161945,1,PROV,PRCNCT,S,S_SV,"2021-01-21 12:30:02",1384,1377,7,0,377,370,7,0,1600,1223,375,2,0,16,9,78,101,96,3,9,3,47,4,4,5
39,VASLUI,"GRĂDINIȚA CU PROGRAM NORMAL NR. 22",72,"MUNICIPIUL VASLUI",161945,2,PART,PRCNCT,S,S_SV,"2021-01-21 12:30:02",839,832,7,0,50,43,7,0,900,850,46,3,1,2,3,10,9,11,0,3,0,7,0,1,0
39,VASLUI,"GRĂDINIŢA CU PROGRAM NORMAL NR. 22",73,"MUNICIPIUL VASLUI",161945,2,PART,PRCNCT,S,S_SV,"2021-01-21 12:30:02",1352,1346,6,0,27,21,6,0,1600,1573,27,0,0,3,2,5,3,7,0,1,0,6,0,0,0
39,VASLUI,"GRĂDINIŢA CU PROGRAM NORMAL NR. 22",74,"MUNICIPIUL VASLUI",161945,1,PROV,PRCNCT,S,S_SV,"2021-01-21 12:30:02",2007,1999,8,0,224,216,8,0,2000,1776,218,4,2,6,6,31,33,69,4,1,4,57,2,4,1
39,VASLUI,"CLUBUL ”PRIETENIA”",75,"MUNICIPIUL VASLUI",161945,2,PART,PRCNCT,S,S_SV,"2021-01-21 12:30:02",1827,1816,11,0,41,30,11,0,2000,1959,41,0,0,4,2,4,17,10,1,0,0,1,1,0,1
39,VASLUI,"CLUBUL ”PRIETENIA”",76,"MUNICIPIUL VASLUI",161945,1,PROV,PRCNCT,S,S_SV,"2021-01-21 12:30:02",1575,1564,11,0,13,2,11,0,1600,1587,13,0,0,2,1,3,4,1,1,0,0,0,0,0,1
39,VASLUI,"CLUBUL PENSIONARILOR",77,"MUNICIPIUL VASLUI",161945,1,PROV,PRCNCT,S,S_SV,"2021-01-21 12:30:02",2084,1986,16,82,110,12,16,82,2000,1890,104,3,3,2,3,5,9,75,1,3,0,5,0,0,1
39,VASLUI,"CLUBUL PENSIONARILOR",78,"MUNICIPIUL VASLUI",161945,1,PROV,PRCNCT,S,S_SV,"2021-01-21 12:30:02",1661,1619,13,29,46,4,13,29,1700,1654,44,2,0,5,2,10,2,18,0,1,2,3,0,0,1
39,VASLUI,"ŞCOALA GIMNAZIALĂ NR. 10",79,"MUNICIPIUL BÂRLAD",161794,1,PROV,PRCNCT,S,S_SV,"2021-01-21 12:30:02",1580,1563,17,0,401,384,17,0,1600,1199,388,9,4,17,7,43,93,141,1,8,4,59,2,9,4
39,VASLUI,"ŞCOALA GIMNAZIALĂ NR. 10",80,"MUNICIPIUL BÂRLAD",161794,1,PROV,PRCNCT,S,S_SV,"2021-01-21 12:30:02",1942,1930,10,2,575,563,10,2,2000,1425,564,6,5,36,20,69,184,133,3,7,6,91,3,6,6
39,VASLUI,"ŞCOALA GIMNAZIALĂ NR. 10",81,"MUNICIPIUL BÂRLAD",161794,2,PART,PRCNCT,S,S_SV,"2021-01-21 12:30:02",1703,1671,18,14,458,437,7,14,1700,1242,455,2,1,24,16,52,156,129,1,7,4,51,2,7,6
39,VASLUI,"ŞCOALA GENERALA NR. 7 ”CĂPITAN GRIGORE IGNAT”",82,"MUNICIPIUL BÂRLAD",161794,1,PROV,PRCNCT,S,S_SV,"2021-01-21 12:30:02",832,824,6,2,225,217,6,2,1000,775,223,1,1,13,7,35,72,55,1,3,1,25,2,2,7
39,VASLUI,"ŞCOALA GENERALA NR. 7 ”CĂPITAN GRIGORE IGNAT”",83,"MUNICIPIUL BÂRLAD",161794,2,PART,PRCNCT,S,S_SV,"2021-01-21 12:30:02",900,891,9,0,247,238,9,0,1000,753,246,0,1,13,8,43,73,60,3,5,1,26,5,3,6
39,VASLUI,"COLEGIUL NAŢIONAL ”GHEORGHE ROŞCA CODREANU”",84,"MUNICIPIUL BÂRLAD",161794,2,PART,PRCNCT,S,S_SV,"2021-01-21 12:30:02",970,954,16,0,263,247,16,0,1000,737,257,6,0,11,14,56,80,63,0,4,2,19,0,3,5
39,VASLUI,"COLEGIUL NAŢIONAL ”GHEORGHE ROŞCA CODREANU”",85,"MUNICIPIUL BÂRLAD",161794,2,PART,PRCNCT,S,S_SV,"2021-01-21 12:30:02",1519,1513,6,0,360,354,6,0,1600,1240,352,5,3,20,20,58,89,102,4,8,1,41,2,1,6
39,VASLUI,"COLEGIUL NAŢIONAL ”GHEORGHE ROŞCA CODREANU”",86,"MUNICIPIUL BÂRLAD",161794,1,PROV,PRCNCT,S,S_SV,"2021-01-21 12:30:02",1007,991,11,5,351,335,11,5,1000,649,333,11,7,22,9,53,129,73,0,8,3,27,1,6,2
39,VASLUI,"ŞCOALA GIMNAZIALĂ DE ARTE ”N. N. TONITZA”",87,"MUNICIPIUL BÂRLAD",161794,2,PART,PRCNCT,S,S_SV,"2021-01-21 12:30:02",1117,1101,16,0,321,305,16,0,1200,879,316,5,0,14,8,46,118,88,0,3,2,27,2,4,4
39,VASLUI,"ŞCOALA GIMNAZIALĂ DE ARTE ”N. N. TONITZA”",88,"MUNICIPIUL BÂRLAD",161794,1,PROV,PRCNCT,S,S_SV,"2021-01-21 12:30:02",950,934,16,0,278,262,16,0,1000,722,271,5,2,12,6,45,110,69,1,7,1,11,1,2,6
39,VASLUI,"SALA DE SPORT A ȘCOLII GIMNAZIALE ”EPISCOP IACOV ANTONOVICI”",89,"MUNICIPIUL BÂRLAD",161794,1,PROV,PRCNCT,S,S_SV,"2021-01-21 12:30:02",599,586,13,0,178,165,13,0,1000,822,175,2,1,14,6,26,49,54,0,4,0,19,0,1,2
39,VASLUI,"SALA DE SPORT A ȘCOLII GIMNAZIALE ”EPISCOP IACOV ANTONOVICI”",90,"MUNICIPIUL BÂRLAD",161794,2,PART,PRCNCT,S,S_SV,"2021-01-21 12:30:02",1257,1249,8,0,366,358,8,0,1300,934,360,6,0,25,9,63,107,120,1,6,1,17,3,1,7
39,VASLUI,"SALA DE SPORT A ȘCOLII GIMNAZIALE ”EPISCOP IACOV ANTONOVICI”",91,"MUNICIPIUL BÂRLAD",161794,1,PROV,PRCNCT,S,S_SV,"2021-01-21 12:30:02",1219,1197,22,0,314,292,22,0,1300,986,304,9,1,15,13,47,95,96,0,7,3,22,1,3,2
39,VASLUI,"SALA DE SPORT A ȘCOLII GIMNAZIALE ”EPISCOP IACOV ANTONOVICI”",92,"MUNICIPIUL BÂRLAD",161794,2,PART,PRCNCT,S,S_SV,"2021-01-21 12:30:02",1504,1490,12,2,370,356,12,2,1600,1230,367,1,2,23,18,62,96,113,0,4,1,33,2,2,13
39,VASLUI,"ŞCOALA GIMNAZIALĂ ”MANOLACHE COSTACHE EPUREANU”",93,"MUNICIPIUL BÂRLAD",161794,2,PART,PRCNCT,S,S_SV,"2021-01-21 12:30:02",1347,1331,14,2,324,308,14,2,1400,1076,316,4,4,23,26,41,79,101,1,7,3,30,0,3,2
39,VASLUI,"COLEGIUL ”ALEXANDRU IOAN CUZA”",94,"MUNICIPIUL BÂRLAD",161794,1,PROV,PRCNCT,S,S_SV,"2021-01-21 12:30:02",1553,1531,22,0,340,318,22,0,1600,1260,334,3,3,24,6,67,79,101,0,9,2,38,2,2,4
39,VASLUI,"COLEGIUL ”ALEXANDRU IOAN CUZA”",95,"MUNICIPIUL BÂRLAD",161794,1,PROV,PRCNCT,S,S_SV,"2021-01-21 12:30:02",1424,1349,11,64,410,335,11,64,1400,990,403,4,3,30,20,50,118,140,4,7,1,23,1,5,4
39,VASLUI,"COLEGIUL ”ALEXANDRU IOAN CUZA”",96,"MUNICIPIUL BÂRLAD",161794,1,PROV,PRCNCT,S,S_SV,"2021-01-21 12:30:02",1376,1361,15,0,338,323,15,0,1400,1062,331,5,2,21,12,57,86,106,1,4,2,33,1,2,6
39,VASLUI,"COLEGIUL ”ALEXANDRU IOAN CUZA”",97,"MUNICIPIUL BÂRLAD",161794,2,PART,PRCNCT,S,S_SV,"2021-01-21 12:30:02",1237,1226,11,0,250,239,11,0,1300,1050,240,7,3,15,13,34,52,77,0,4,0,35,0,3,7
39,VASLUI,"COLEGIUL ”ALEXANDRU IOAN CUZA”",98,"MUNICIPIUL BÂRLAD",161794,1,PROV,PRCNCT,S,S_SV,"2021-01-21 12:30:02",1260,1252,8,0,292,284,8,0,1300,1008,287,5,0,19,12,49,80,85,0,7,1,27,0,4,3
39,VASLUI,"COLEGIUL ”ALEXANDRU IOAN CUZA”",99,"MUNICIPIUL BÂRLAD",161794,2,PART,PRCNCT,S,S_SV,"2021-01-21 12:30:02",1328,1321,7,0,344,337,7,0,1400,1056,336,8,0,27,10,54,91,105,4,3,5,30,2,1,4
39,VASLUI,"COLEGIUL ”ALEXANDRU IOAN CUZA”",100,"MUNICIPIUL BÂRLAD",161794,2,PART,PRCNCT,S,S_SV,"2021-01-21 12:30:02",1378,1369,9,0,288,279,9,0,1600,1312,283,4,1,23,11,48,66,92,0,2,2,37,0,0,2
39,VASLUI,"LICEUL TEHNOLOGIC ”PETRU RAREŞ”",101,"MUNICIPIUL BÂRLAD",161794,2,PART,PRCNCT,S,S_SV,"2021-01-21 12:30:02",1047,1040,7,0,259,252,7,0,1200,941,252,4,3,9,10,46,64,70,1,5,3,29,2,6,7
39,VASLUI,"LICEUL TEHNOLOGIC ”PETRU RAREŞ”",102,"MUNICIPIUL BÂRLAD",161794,1,PROV,PRCNCT,S,S_SV,"2021-01-21 12:30:02",1374,1363,11,0,352,341,11,0,1600,1248,342,6,4,13,16,55,107,89,1,1,2,44,4,4,6
39,VASLUI,"LICEUL TEHNOLOGIC ”PETRU RAREŞ”",103,"MUNICIPIUL BÂRLAD",161794,1,PROV,PRCNCT,S,S_SV,"2021-01-21 12:30:02",1501,1494,7,0,280,273,7,0,1600,1320,273,5,2,18,3,29,86,86,0,1,2,38,3,4,3
39,VASLUI,"ŞCOALA GIMNAZIALĂ ”VICTOR IOAN POPA”",104,"MUNICIPIUL BÂRLAD",161794,2,PART,PRCNCT,S,S_SV,"2021-01-21 12:30:02",1222,1210,10,2,290,278,10,2,1300,1010,274,11,5,15,4,28,71,79,1,4,1,52,3,11,5
39,VASLUI,"ŞCOALA GIMNAZIALĂ ”VICTOR IOAN POPA”",105,"MUNICIPIUL BÂRLAD",161794,1,PROV,PRCNCT,S,S_SV,"2021-01-21 12:30:02",1409,1405,4,0,348,344,4,0,1600,1252,338,7,3,20,7,66,89,91,1,8,4,40,4,3,5
39,VASLUI,"ŞCOALA GIMNAZIALĂ ”VICTOR IOAN POPA”",106,"MUNICIPIUL BÂRLAD",161794,1,PROV,PRCNCT,S,S_SV,"2021-01-21 12:30:02",1384,1374,10,0,285,275,10,0,1600,1315,276,8,1,17,12,39,71,79,4,1,8,36,1,2,6
39,VASLUI,"ȘCOALA GIMNAZIALĂ ”IORGU RADU”",107,"MUNICIPIUL BÂRLAD",161794,1,PROV,PRCNCT,S,S_SV,"2021-01-21 12:30:02",1360,1345,15,0,344,329,15,0,1600,1256,335,6,3,17,15,50,109,92,2,4,1,37,2,3,3
39,VASLUI,"ȘCOALA GIMNAZIALĂ ”IORGU RADU”",108,"MUNICIPIUL BÂRLAD",161794,1,PROV,PRCNCT,S,S_SV,"2021-01-21 12:30:02",1523,1511,12,0,398,386,12,0,1606,1208,388,4,6,18,11,76,141,96,1,5,1,31,1,4,3
39,VASLUI,"ŞCOALA GIMNAZIALĂ ”PRINCIPESA ELENA BIBESCU”",109,"MUNICIPIUL BÂRLAD",161794,2,PART,PRCNCT,S,S_SV,"2021-01-21 12:30:02",1433,1417,16,0,462,446,16,0,1600,1138,457,5,0,28,15,81,147,138,0,8,2,23,4,1,10
39,VASLUI,"ŞCOALA GIMNAZIALĂ ”PRINCIPESA ELENA BIBESCU”",110,"MUNICIPIUL BÂRLAD",161794,2,PART,PRCNCT,S,S_SV,"2021-01-21 12:30:02",1549,1533,16,0,406,390,16,0,1600,1194,402,3,1,19,6,60,135,122,0,10,2,32,4,8,4
39,VASLUI,"ŞCOALA GIMNAZIALĂ NR. 2",111,"MUNICIPIUL BÂRLAD",161794,1,PROV,PRCNCT,S,S_SV,"2021-01-21 12:30:02",953,939,14,0,238,224,14,0,1200,962,232,3,3,15,6,43,64,64,0,13,1,21,2,1,2
39,VASLUI,"ŞCOALA GIMNAZIALĂ NR. 2",112,"MUNICIPIUL BÂRLAD",161794,1,PROV,PRCNCT,S,S_SV,"2021-01-21 12:30:02",660,652,7,1,169,161,7,1,800,631,165,4,0,5,3,33,43,51,1,6,3,17,0,0,3
39,VASLUI,"ŞCOALA GIMNAZIALĂ NR. 2",113,"MUNICIPIUL BÂRLAD",161794,1,PROV,PRCNCT,S,S_SV,"2021-01-21 12:30:02",1011,1005,6,0,276,270,6,0,1200,924,270,5,1,19,11,43,79,80,0,8,1,27,0,1,1
39,VASLUI,"ŞCOALA GIMNAZIALĂ NR. 2",114,"MUNICIPIUL BÂRLAD",161794,1,PROV,PRCNCT,S,S_SV,"2021-01-21 12:30:02",888,877,11,0,221,210,11,0,900,679,217,4,0,16,4,40,68,55,1,3,0,23,3,1,3
39,VASLUI,"ŞCOALA GIMNAZIALĂ ”GEORGE TUTOVEANU”",115,"MUNICIPIUL BÂRLAD",161794,1,PROV,PRCNCT,S,S_SV,"2021-01-21 12:30:02",1428,1413,15,0,368,353,15,0,1600,1232,360,7,1,20,11,79,108,94,0,7,2,34,1,2,2
39,VASLUI,"ŞCOALA GIMNAZIALĂ ”GEORGE TUTOVEANU”",116,"MUNICIPIUL BÂRLAD",161794,2,PART,PRCNCT,S,S_SV,"2021-01-21 12:30:02",1632,1615,15,2,398,381,15,2,1700,1302,391,6,1,23,7,68,110,115,1,4,2,50,2,4,5
39,VASLUI,"ŞCOALA GIMNAZIALĂ ”GEORGE TUTOVEANU”",117,"MUNICIPIUL BÂRLAD",161794,1,PROV,PRCNCT,S,S_SV,"2021-01-21 12:30:02",1350,1346,4,0,382,378,4,0,1600,1218,373,9,0,20,8,76,103,105,3,7,2,40,2,3,4
39,VASLUI,"LICEUL PEDAGOGIC ”IOAN POPESCU”",118,"MUNICIPIUL BÂRLAD",161794,1,PROV,PRCNCT,S,S_SV,"2021-01-21 12:30:02",1124,1107,17,0,296,279,17,0,1200,904,290,6,0,17,10,67,79,67,0,9,1,33,1,2,4
39,VASLUI,"LICEUL PEDAGOGIC ”IOAN POPESCU”",119,"MUNICIPIUL BÂRLAD",161794,1,PROV,PRCNCT,S,S_SV,"2021-01-21 12:30:02",1339,1313,26,0,353,327,26,0,1600,1247,347,5,1,23,10,77,95,64,0,9,6,49,2,2,10
39,VASLUI,"LICEUL PEDAGOGIC ”IOAN POPESCU”",120,"MUNICIPIUL BÂRLAD",161794,2,PART,PRCNCT,S,S_SV,"2021-01-21 12:30:02",1448,1428,18,2,349,329,18,2,1600,1251,343,5,1,22,9,50,112,96,1,7,4,35,2,3,2
39,VASLUI,"LICEUL PEDAGOGIC ”IOAN POPESCU”",121,"MUNICIPIUL BÂRLAD",161794,1,PROV,PRCNCT,S,S_SV,"2021-01-21 12:30:02",1195,1184,10,1,304,293,10,1,1200,896,300,4,0,20,14,51,90,80,0,1,1,35,3,1,4
39,VASLUI,"GRĂDINIȚA CU PROGRAM PRELUNGIT ”LICURICI”",122,"MUNICIPIUL BÂRLAD",161794,2,PART,PRCNCT,S,S_SV,"2021-01-21 12:30:02",1210,1199,11,0,369,358,11,0,1200,831,366,3,0,25,19,86,114,75,3,5,3,22,5,3,6
39,VASLUI,"GRĂDINIȚA CU PROGRAM PRELUNGIT ”LICURICI”",123,"MUNICIPIUL BÂRLAD",161794,2,PART,PRCNCT,S,S_SV,"2021-01-21 12:30:02",1337,1320,17,0,400,383,17,0,1600,1200,394,5,1,22,15,103,148,72,0,1,4,24,2,2,1
39,VASLUI,"GRĂDINIȚA CU PROGRAM PRELUNGIT ”LICURICI”",124,"MUNICIPIUL BÂRLAD",161794,2,PART,PRCNCT,S,S_SV,"2021-01-21 12:30:02",859,848,10,1,252,241,10,1,900,648,247,4,1,12,9,59,71,59,1,5,0,13,6,5,7
39,VASLUI,"CENTRUL COMUNITAR INTEGRAT HUȘI",125,"MUNICIPIUL HUŞI",161829,1,PROV,PRCNCT,S,S_SV,"2021-01-21 12:30:02",1104,1096,8,0,264,256,8,0,1200,936,255,9,0,10,9,47,67,60,3,5,4,42,3,3,2
39,VASLUI,"SCOALA PROFESIONALA SPECIALĂ ”SF.ECATERINA”",126,"MUNICIPIUL HUŞI",161829,1,PROV,PRCNCT,S,S_SV,"2021-01-21 12:30:02",1484,1472,12,0,253,241,12,0,1600,1347,245,5,3,13,8,39,55,78,2,5,2,39,1,1,2
39,VASLUI,"CENTRUL CONSULTATIV HUȘI",127,"MUNICIPIUL HUŞI",161829,2,PART,PRCNCT,S,S_SV,"2021-01-21 12:30:02",1718,1665,18,35,456,403,18,35,2000,1544,446,6,4,20,9,44,79,200,3,6,0,72,3,4,6
39,VASLUI,"COLEGIUL NAȚIONAL ”CUZA VODA”",128,"MUNICIPIUL HUŞI",161829,2,PART,PRCNCT,S,S_SV,"2021-01-21 12:30:02",1891,1875,16,0,283,267,16,0,2000,1717,276,5,2,11,6,31,46,123,1,4,2,42,0,6,4
39,VASLUI,"LICEUL TEHNOLOGIC ”IOAN CORIVAN”",129,"MUNICIPIUL HUŞI",161829,2,PART,PRCNCT,S,S_SV,"2021-01-21 12:30:02",1826,1809,17,0,321,304,17,0,2000,1679,316,5,0,15,13,28,69,122,2,9,1,44,2,7,4
39,VASLUI,"COLEGIUL AGRICOL ”DIMITRIE CANTEMIR”",130,"MUNICIPIUL HUŞI",161829,3,PART,PRCNCT,S,S_SV,"2021-01-21 12:30:02",1086,1071,15,0,319,304,15,0,1200,881,305,9,5,16,12,26,60,114,2,4,3,59,2,5,2
39,VASLUI,"SCOALA GIMNAZIALĂ ”ANASTASIE PANU”",131,"MUNICIPIUL HUŞI",161829,2,PART,PRCNCT,S,S_SV,"2021-01-21 12:30:02",1440,1425,14,1,251,236,14,1,1600,1349,244,6,1,12,14,27,52,87,3,2,0,40,0,2,5
39,VASLUI,"SCOALA GIMNAZIALĂ ”ANASTASIE PANU”",132,"MUNICIPIUL HUŞI",161829,2,PART,PRCNCT,S,S_SV,"2021-01-21 12:30:02",1252,1243,8,1,230,221,8,1,1300,1070,228,2,0,12,4,23,45,88,4,7,2,36,4,2,1
39,VASLUI,"SCOALA GIMNAZIALĂ ”ANASTASIE PANU”",133,"MUNICIPIUL HUŞI",161829,2,PART,PRCNCT,S,S_SV,"2021-01-21 12:30:02",1625,1615,10,0,405,395,10,0,1700,1295,393,8,4,11,13,54,84,129,3,7,4,71,4,7,6
39,VASLUI,"CASA DE CULTURA ”ALEXANDRU GIUGARU”",134,"MUNICIPIUL HUŞI",161829,1,PROV,PRCNCT,S,S_SV,"2021-01-21 12:30:02",1660,1647,13,0,302,289,13,0,1700,1398,298,4,0,11,7,31,74,123,6,6,3,35,0,1,1
39,VASLUI,"SCOALA GIMNAZIALĂ „MIHAIL SADOVEANU”",135,"MUNICIPIUL HUŞI",161829,2,PART,PRCNCT,S,S_SV,"2021-01-21 12:30:02",1654,1640,14,0,405,391,14,0,1700,1295,395,10,0,10,7,55,79,180,4,4,1,47,2,2,4
39,VASLUI,"SCOALA GIMNAZIALĂ „MIHAIL SADOVEANU”",136,"MUNICIPIUL HUŞI",161829,1,PROV,PRCNCT,S,S_SV,"2021-01-21 12:30:02",1156,1141,15,0,334,319,15,0,1200,866,328,4,2,25,9,33,80,130,5,5,2,30,1,5,3
39,VASLUI,"ŞCOALA GIMNAZIALĂ ”ION CREANGĂ”",137,"MUNICIPIUL HUŞI",161829,2,PART,PRCNCT,S,S_SV,"2021-01-21 12:30:02",1451,1435,16,0,418,402,16,0,1600,1182,413,4,1,36,9,52,87,161,3,5,2,47,2,3,6
39,VASLUI,"SCOALA GIMNAZIALA”ION CREANGA”",138,"MUNICIPIUL HUŞI",161829,1,PROV,PRCNCT,S,S_SV,"2021-01-21 12:30:02",1834,1823,11,0,290,279,11,0,2000,1710,285,4,1,12,7,31,57,128,5,2,0,37,1,4,1
39,VASLUI,"SCOALA GIMNAZIALĂ ”ION CREANGA”",139,"MUNICIPIUL HUŞI",161829,2,PART,PRCNCT,S,S_SV,"2021-01-21 12:30:02",1390,1375,15,0,308,293,15,0,1600,1292,297,9,2,25,8,24,51,127,3,6,0,49,1,1,2
39,VASLUI,"SCOALA GIMNAZIALĂ NR.5",140,"MUNICIPIUL HUŞI",161829,2,PART,PRCNCT,S,S_SV,"2021-01-21 12:30:02",1914,1904,10,0,216,206,10,0,2000,1784,215,1,0,15,6,31,51,59,5,1,3,35,2,3,4
39,VASLUI,"SCOALA GIMNAZIALĂ NR.5",141,"MUNICIPIUL HUŞI",161829,2,PART,PRCNCT,S,S_SV,"2021-01-21 12:30:02",1522,1509,13,0,165,152,13,0,1600,1435,162,2,1,6,9,23,39,35,5,1,4,33,2,3,2
39,VASLUI,"SCOALA GIMNAZIALĂ NR.4",142,"MUNICIPIUL HUŞI",161829,2,PART,PRCNCT,S,S_SV,"2021-01-21 12:30:02",1203,1195,8,0,294,286,8,0,1200,906,286,5,3,4,9,49,53,100,2,4,3,53,1,6,2
39,VASLUI,"SCOALA GIMNAZIALĂ NR.4",143,"MUNICIPIUL HUŞI",161829,2,PART,PRCNCT,S,S_SV,"2021-01-21 12:30:02",1505,1495,10,0,302,292,10,0,1600,1298,291,6,5,9,5,36,51,101,4,2,0,74,2,4,3
39,VASLUI,"DIRECTIA AGRICOLA JUDETEANA VASLUI - UNITATEA FITOSANITARA HUSI",144,"MUNICIPIUL HUŞI",161829,1,PROV,PRCNCT,S,S_SV,"2021-01-21 12:30:02",1905,1894,11,0,377,366,11,0,2000,1623,366,9,2,14,11,32,61,132,4,1,4,104,1,0,2
39,VASLUI,"CASA DE CULTURA MURGENI",145,"ORAŞ MURGENI",164981,1,PROV,PRCNCT,S,S_SV,"2021-01-21 12:30:02",1778,1764,14,0,391,377,14,0,2000,1609,376,8,7,30,6,29,65,190,3,3,0,40,0,7,3
39,VASLUI,"SCOALA PRIMARA SAT NOU",146,"ORAŞ MURGENI",164981,1,PROV,PRCNCT,S,S_SV,"2021-01-21 12:30:02",1126,1112,14,0,184,170,14,0,1200,1016,150,6,28,18,4,8,12,72,3,1,0,20,3,5,4
39,VASLUI,"ȘCOALA PRIMARĂ SAT CÂRJA",147,"ORAŞ MURGENI",164981,2,PART,PRCNCT,S,S_SV,"2021-01-21 12:30:02",801,777,24,0,172,148,24,0,800,628,163,3,6,10,5,4,19,106,3,0,0,14,0,0,2
39,VASLUI,"ȘCOALA GIMNAZIALĂ SAT FLORENI",148,"ORAŞ MURGENI",164981,2,PART,PRCNCT,S,S_SV,"2021-01-21 12:30:02",544,530,14,0,139,125,14,0,600,461,130,7,2,8,5,10,18,47,1,3,0,30,1,5,2
39,VASLUI,"ȘCOALA PRIMARĂ SAT LĂȚEȘTI",149,"ORAŞ MURGENI",164981,2,PART,PRCNCT,S,S_SV,"2021-01-21 12:30:02",268,257,11,0,67,56,11,0,400,333,65,2,0,4,3,5,22,23,1,2,0,3,0,2,0
39,VASLUI,"ȘCOALA PRIMARĂ SAT RAIU",150,"ORAŞ MURGENI",164981,2,PART,PRCNCT,S,S_SV,"2021-01-21 12:30:02",531,521,10,0,126,116,10,0,600,474,121,4,1,26,2,1,14,58,0,1,0,17,0,1,1
39,VASLUI,"ȘCOALA GIMNAZIALĂ EMIL JUVARA SAT SĂRĂȚENI",151,"ORAŞ MURGENI",164981,1,PROV,PRCNCT,S,S_SV,"2021-01-21 12:30:02",312,297,15,0,78,63,15,0,400,322,76,1,1,0,1,8,20,32,2,4,0,9,0,0,0
39,VASLUI,"ȘCOALA PRIMARĂ SAT SCHINENI",152,"ORAŞ MURGENI",164981,2,PART,PRCNCT,S,S_SV,"2021-01-21 12:30:02",380,362,18,0,98,80,18,0,400,302,94,3,1,6,1,2,9,64,0,2,0,5,0,3,2
39,VASLUI,"CASA DE CULTURĂ",153,"ORAŞ NEGREŞTI",161856,1,PROV,PRCNCT,S,S_SV,"2021-01-21 12:30:02",1572,1555,17,0,421,404,17,0,1600,1179,415,6,0,33,19,43,129,134,3,5,1,45,0,2,1
39,VASLUI,"CASA DE CULTURĂ",154,"ORAŞ NEGREŞTI",161856,1,PROV,PRCNCT,S,S_SV,"2021-01-21 12:30:02",1495,1480,15,0,403,388,15,0,1600,1197,377,20,6,18,10,53,111,95,3,4,2,61,3,9,8
39,VASLUI,"SERVICIUL PUBLIC DE ASISTENȚĂ SOCIALĂ NEGREȘTI",155,"ORAŞ NEGREŞTI",161856,2,PART,PRCNCT,S,S_SV,"2021-01-21 12:30:02",1926,1906,19,1,495,475,19,1,2000,1505,462,13,20,24,23,39,139,146,4,9,3,65,3,6,1
39,VASLUI,"GRĂDINIȚA CU PROGRAM NORMAL NR.2 NEGREȘTI",156,"ORAŞ NEGREŞTI",161856,1,PROV,PRCNCT,S,S_SV,"2021-01-21 12:30:02",874,867,7,0,227,220,7,0,900,673,201,6,20,9,3,17,60,53,2,1,2,38,3,5,8
39,VASLUI,"ŞCOALA GIMNAZIALĂ SAT VALEA MARE",157,"ORAŞ NEGREŞTI",161856,2,PART,PRCNCT,S,S_SV,"2021-01-21 12:30:02",687,673,13,1,204,191,12,1,800,596,194,7,3,10,5,9,65,51,1,3,2,43,1,0,4
39,VASLUI,"ȘCOALA PRIMARĂ SAT POIANA",158,"ORAŞ NEGREŞTI",161856,3,PART,PRCNCT,S,S_SV,"2021-01-21 12:30:02",220,211,9,0,75,66,9,0,400,325,68,3,4,12,1,2,13,24,1,2,1,8,0,2,2
39,VASLUI,"ŞCOALA PRIMARĂ SAT CIOATELE",159,"ORAŞ NEGREŞTI",161856,2,PART,PRCNCT,S,S_SV,"2021-01-21 12:30:02",294,285,9,0,105,96,9,0,400,295,95,4,6,4,2,4,44,17,1,1,0,17,0,4,1
39,VASLUI,"GRĂDINIȚA CU PROGRAM NORMAL SAT PARPANIȚA",160,"ORAŞ NEGREŞTI",161856,1,PROV,PRCNCT,S,S_SV,"2021-01-21 12:30:02",477,467,10,0,113,103,10,0,500,387,105,2,6,5,2,6,25,36,2,3,1,21,0,1,3
39,VASLUI,"SCOALA PRIMARĂ SAT GLODENI",161,"ORAŞ NEGREŞTI",161856,1,PROV,PRCNCT,S,S_SV,"2021-01-21 12:30:02",235,225,10,0,74,64,10,0,400,326,70,1,3,14,1,5,15,7,3,3,0,17,0,3,2
39,VASLUI,"ŞCOALA PRIMARĂ SAT CĂZĂNEȘTI",162,"ORAŞ NEGREŞTI",161856,1,PROV,PRCNCT,S,S_SV,"2021-01-21 12:30:02",345,337,8,0,88,80,8,0,400,312,83,3,2,5,2,7,31,24,2,1,0,9,0,1,1
39,VASLUI,"ŞCOALA GIMNAZIALA NR. 1 ALBESTI",163,ALBEŞTI,162014,2,PART,PRCNCT,S,S_SV,"2021-01-21 12:30:02",831,812,19,0,215,196,19,0,900,685,206,5,4,8,8,24,29,94,0,2,2,22,3,10,4
39,VASLUI,"ŞCOALA GIMNAZIALA CORNI-ALBESTI",164,ALBEŞTI,162014,1,PROV,PRCNCT,S,S_SV,"2021-01-21 12:30:02",1015,999,16,0,253,237,16,0,1200,947,247,3,3,7,9,9,41,136,1,2,4,28,3,7,0
39,VASLUI,"ȘCOALA PRIMARĂ CRASNA",165,ALBEŞTI,162014,1,PROV,PRCNCT,S,S_SV,"2021-01-21 12:30:02",453,445,8,0,101,93,8,0,500,399,99,1,1,6,6,16,26,31,1,1,1,10,0,0,1
39,VASLUI,"ŞCOALA PRIMARA - GURA ALBEŞTI",166,ALBEŞTI,162014,2,PART,PRCNCT,S,S_SV,"2021-01-21 12:30:02",132,118,14,0,49,35,14,0,200,151,48,0,1,2,2,4,10,22,1,0,0,3,0,1,3
39,VASLUI,"ŞCOALA GIMNAZIALA, ALEXANDRU VLAHUŢĂ",167,"ALEXANDRU VLAHUŢĂ",162069,2,PART,PRCNCT,S,S_SV,"2021-01-21 12:30:02",658,645,11,2,226,213,11,2,800,574,212,2,12,4,7,19,81,69,0,2,1,14,2,11,2
39,VASLUI,"ŞCOALA PRIMARA, GHICANI",168,"ALEXANDRU VLAHUŢĂ",162069,2,PART,PRCNCT,S,S_SV,"2021-01-21 12:30:02",146,132,14,0,47,33,14,0,200,153,46,1,0,2,1,5,18,13,2,0,0,4,0,1,0
39,VASLUI,"DISPENSAR VETERINAR",169,"ALEXANDRU VLAHUŢĂ",162069,1,PROV,PRCNCT,S,S_SV,"2021-01-21 12:30:02",218,208,10,0,75,65,10,0,300,225,71,1,3,1,1,1,44,16,0,3,1,1,0,2,1
39,VASLUI,"PRĂZNICARUL BISERICII PENTICOSTALE MORĂRENI",170,"ALEXANDRU VLAHUŢĂ",162069,2,PART,PRCNCT,S,S_SV,"2021-01-21 12:30:02",192,184,8,0,65,57,8,0,200,135,62,1,2,1,1,1,33,16,0,1,1,6,2,0,0
39,VASLUI,"ŞCOALA PRIMARĂ ”NICOLAE GH. LUPU” ARSURA",171,ARSURA,162149,2,PART,PRCNCT,S,S_SV,"2021-01-21 12:30:02",532,509,19,4,207,184,19,4,600,393,199,5,3,13,3,13,38,117,1,2,1,8,1,1,1
39,VASLUI,"ŞCOALA PRIMARĂ ”ÎNV. ION BUSUIOC” FUNDĂTURA",172,ARSURA,162149,2,PART,PRCNCT,S,S_SV,"2021-01-21 12:30:02",322,313,9,0,129,120,9,0,400,271,122,4,3,4,2,2,73,27,1,0,3,7,0,2,1
39,VASLUI,"ŞCOALA PRIMARĂ PÎHNEŞTI",173,ARSURA,162149,2,PART,PRCNCT,S,S_SV,"2021-01-21 12:30:02",349,339,10,0,101,91,10,0,400,299,95,5,1,4,5,2,45,30,1,3,0,3,1,0,1
39,VASLUI,"ŞCOALA PRIMARĂ MIHAIL KOGĂLNICEANU",174,ARSURA,162149,2,PART,PRCNCT,S,S_SV,"2021-01-21 12:30:02",80,66,14,0,48,34,14,0,100,52,48,0,0,9,1,1,14,16,3,0,0,1,1,1,1
39,VASLUI,"ŞCOALA GIMNAZIALĂ NR. 1 GARA BANCA",175,BANCA,162194,1,PROV,PRCNCT,S,S_SV,"2021-01-21 12:30:02",1087,1080,7,0,350,343,7,0,1200,850,332,12,6,11,2,63,135,66,1,2,4,39,3,1,5
39,VASLUI,"ŞCOALA GIMNAZIALĂ BANCA",176,BANCA,162194,1,PROV,PRCNCT,S,S_SV,"2021-01-21 12:30:02",842,827,15,0,216,201,15,0,900,684,209,5,2,6,5,19,100,34,0,3,4,27,0,11,0
39,VASLUI,"ŞCOALA PRIMARĂ GHERMĂNEŞTI",177,BANCA,162194,1,PROV,PRCNCT,S,S_SV,"2021-01-21 12:30:02",394,380,14,0,133,119,14,0,400,267,126,4,3,4,8,10,57,21,1,1,4,15,1,3,1
39,VASLUI,"ŞCOALA PRIMARĂ STOIŞEŞTI",178,BANCA,162194,3,PART,PRCNCT,S,S_SV,"2021-01-21 12:30:02",493,474,19,0,156,137,19,0,500,344,149,5,2,2,7,5,58,39,1,1,2,19,2,12,1
39,VASLUI,"CĂMINUL CULTURAL DIN SAT ȚIFU",179,BANCA,162194,2,PART,PRCNCT,S,S_SV,"2021-01-21 12:30:02",318,306,12,0,101,89,12,0,400,299,95,2,4,2,3,6,54,14,3,0,1,7,1,2,2
39,VASLUI,"ŞCOALA PRIMARĂ 1 DECEMBRIE",180,BANCA,162194,1,PROV,PRCNCT,S,S_SV,"2021-01-21 12:30:02",349,332,17,0,142,125,17,0,400,258,132,5,5,10,4,19,47,27,1,2,3,5,1,7,6
39,VASLUI,"GRĂDINIȚA MITOC",181,BANCA,162194,1,PROV,PRCNCT,S,S_SV,"2021-01-21 12:30:02",313,304,9,0,84,75,9,0,400,316,81,2,1,5,1,8,34,22,1,0,0,6,0,4,0
39,VASLUI,"CAMINUL CULTURAL",182,BANCA,162194,3,PART,PRCNCT,S,S_SV,"2021-01-21 12:30:02",334,321,13,0,98,85,13,0,400,302,96,2,0,3,2,10,45,22,0,2,0,6,3,1,2
39,VASLUI,"GRĂDINIŢA STRÂMTURA-MITOC",183,BANCA,162194,1,PROV,PRCNCT,S,S_SV,"2021-01-21 12:30:02",186,169,17,0,59,42,17,0,200,141,57,1,1,4,1,7,27,9,1,0,1,5,0,0,2
39,VASLUI,"ŞCOALA PRIMARA MICLEȘTI",184,BANCA,162194,1,PROV,PRCNCT,S,S_SV,"2021-01-21 12:30:02",203,190,13,0,76,63,13,0,200,124,75,0,1,1,2,3,53,7,0,2,1,0,1,4,1
39,VASLUI,"ŞCOALA GIMNAZIALA NR. 1 SAT BĂCANI",185,BĂCANI,162327,1,PROV,PRCNCT,S,S_SV,"2021-01-21 12:30:02",1089,1077,11,1,274,262,11,1,1200,926,255,6,13,10,13,17,96,59,0,4,1,46,2,3,4
39,VASLUI,"ŞCOALA PRIMARĂ",186,BĂCANI,162327,2,PART,PRCNCT,S,S_SV,"2021-01-21 12:30:02",412,406,6,0,129,123,6,0,500,371,122,4,3,4,12,6,36,25,1,2,1,26,3,5,1
39,VASLUI,"ŞCOALA PRIMARA SAT DRUJEŞTI",187,BĂCANI,162327,2,PART,PRCNCT,S,S_SV,"2021-01-21 12:30:02",355,345,10,0,94,84,10,0,400,306,93,0,1,3,4,3,33,28,0,1,1,17,0,3,0
39,VASLUI,"ŞCOALA PRIMARA SAT SUSENI",188,BĂCANI,162327,2,PART,PRCNCT,S,S_SV,"2021-01-21 12:30:02",340,328,12,0,108,96,12,0,400,292,105,2,1,7,4,5,27,39,0,1,1,19,1,1,0
39,VASLUI,"FOSTA ŞCOALA CU CLASELE I-IV VULPĂȘENI",189,BĂCANI,162327,2,PART,PRCNCT,S,S_SV,"2021-01-21 12:30:02",180,161,19,0,76,57,19,0,200,124,72,4,0,6,1,4,25,21,0,2,0,8,1,2,2
39,VASLUI,"ŞCOALA GIMNAZIALĂ NR.1 SAT BĂCEŞTI",190,BĂCEŞTI,162381,1,PROV,PRCNCT,S,S_SV,"2021-01-21 12:30:02",1760,1732,4,24,402,374,4,24,2000,1598,330,48,24,10,4,14,61,174,5,3,2,44,0,7,6
39,VASLUI,"ŞCOALA PRIMARĂ SAT ARMĂŞENI",191,BĂCEŞTI,162381,1,PROV,PRCNCT,S,S_SV,"2021-01-21 12:30:02",316,311,5,0,100,95,5,0,400,300,95,3,2,1,1,8,15,60,0,0,0,4,1,5,0
39,VASLUI,"ŞCOALA PRIMARĂ SAT BĂBUŞA",192,BĂCEŞTI,162381,1,PROV,PRCNCT,S,S_SV,"2021-01-21 12:30:02",337,328,9,0,89,80,9,0,400,311,86,3,0,2,1,5,12,47,1,3,0,10,2,3,0
39,VASLUI,"ŞCOALA PRIMARĂ SAT PĂLTINIŞ",193,BĂCEŞTI,162381,2,PART,PRCNCT,S,S_SV,"2021-01-21 12:30:02",254,244,10,0,87,77,10,0,300,213,72,11,4,0,0,1,4,56,0,0,0,7,0,3,1
39,VASLUI,"ŞCOALA PRIMARĂ SAT ŢIBĂNEŞTII BUHLII",194,BĂCEŞTI,162381,1,PROV,PRCNCT,S,S_SV,"2021-01-21 12:30:02",173,164,9,0,62,53,9,0,200,138,60,1,1,1,1,3,7,41,0,0,0,6,0,1,0
39,VASLUI,"ŞCOALA PRIMARĂ SAT VOVRIEŞTI",195,BĂCEŞTI,162381,1,PROV,PRCNCT,S,S_SV,"2021-01-21 12:30:02",267,257,10,0,85,75,10,0,300,215,82,2,1,3,1,3,26,33,1,5,0,8,1,1,0
39,VASLUI,"CENTRUL CULTURAL BĂLTENI",196,BĂLTENI,162452,2,PART,PRCNCT,S,S_SV,"2021-01-21 12:30:02",813,795,18,0,273,255,18,0,800,527,266,3,4,7,8,29,28,166,1,5,0,18,0,2,2
39,VASLUI,"ȘCOALA PRIMARĂ BĂLTENI DEAL",197,BĂLTENI,162452,1,PROV,PRCNCT,S,S_SV,"2021-01-21 12:30:02",380,369,10,1,120,109,10,1,400,280,117,2,1,5,5,10,15,67,0,5,1,8,1,0,0
39,VASLUI,"ŞCOALA PRIMARA CHETREŞTI",198,BĂLTENI,162452,1,PROV,PRCNCT,S,S_SV,"2021-01-21 12:30:02",110,98,12,0,57,45,12,0,100,43,54,1,2,0,0,1,5,44,0,0,0,1,0,2,1
39,VASLUI,"ŞCOALA GIMNAZIALĂ ”ANASTASIE FĂTU” BEREZENI- CORP 1",199,BEREZENI,162498,1,PROV,PRCNCT,S,S_SV,"2021-01-21 12:30:02",1107,1088,19,0,245,226,19,0,1200,955,231,7,7,18,3,17,32,117,4,4,0,27,1,6,2
39,VASLUI,"ŞCOALA GIMNAZIALĂ ”ANASTASIE FĂTU” BEREZENI- CORP 3",200,BEREZENI,162498,2,PART,PRCNCT,S,S_SV,"2021-01-21 12:30:02",715,702,9,4,219,206,9,4,800,581,209,6,4,28,10,13,33,90,1,4,0,25,3,2,0
39,VASLUI,"ŞCOALA PRIMARĂ MUŞATA",201,BEREZENI,162498,2,PART,PRCNCT,S,S_SV,"2021-01-21 12:30:02",370,363,7,0,77,70,7,0,400,323,69,6,2,12,3,2,9,32,0,0,1,9,0,1,0
39,VASLUI,"ŞCOALA GIMNAZIALĂ RÎNCENI",202,BEREZENI,162498,2,PART,PRCNCT,S,S_SV,"2021-01-21 12:30:02",437,423,14,0,105,91,14,0,500,395,99,1,5,7,1,4,8,61,0,2,0,11,0,3,2
39,VASLUI,"ŞCOALA PRIMARĂ STUHULEŢ",203,BEREZENI,162498,3,PART,PRCNCT,S,S_SV,"2021-01-21 12:30:02",183,175,8,0,41,33,8,0,200,159,37,1,3,2,1,3,11,13,0,0,0,4,0,3,0
39,VASLUI,"ȘCOALA GIMNAZIALĂ ”ANASTASIE FĂTU” BEREZENI-CORP 2 SATU NOU",204,BEREZENI,162498,2,PART,PRCNCT,S,S_SV,"2021-01-21 12:30:02",1162,1155,7,0,246,239,7,0,1200,954,234,7,5,14,4,19,21,113,3,2,0,46,1,7,4
39,VASLUI,"CĂMINUL CULTURAL BLĂGEŞTI",205,BLĂGEŞTI,162559,2,PART,PRCNCT,S,S_SV,"2021-01-21 12:30:02",820,806,14,0,236,222,14,0,900,664,223,6,7,16,4,7,24,132,2,6,0,26,0,5,1
39,VASLUI,"ŞCOALA PRIMARA IGEŞTI",206,BLĂGEŞTI,162559,1,PROV,PRCNCT,S,S_SV,"2021-01-21 12:30:02",207,189,15,3,74,56,15,3,200,126,71,0,3,2,1,4,12,46,1,0,1,1,0,2,1
39,VASLUI,"ŞCOALA PRIMARA SIPENI",207,BLĂGEŞTI,162559,1,PROV,PRCNCT,S,S_SV,"2021-01-21 12:30:02",82,63,19,0,41,22,19,0,100,59,40,0,1,2,1,0,7,26,0,0,0,1,0,2,1
39,VASLUI,"ŞCOALA GIMNAZIALĂ NR. 1 BOGDANA",208,BOGDANA,162595,2,PART,PRCNCT,S,S_SV,"2021-01-21 12:30:02",459,451,8,0,120,112,8,0,500,380,116,4,0,7,6,7,56,20,2,0,0,11,0,4,3
39,VASLUI,"ŞCOALA SUCEVENI",209,BOGDANA,162595,2,PART,PRCNCT,S,S_SV,"2021-01-21 12:30:02",163,153,10,0,42,32,10,0,200,158,41,1,0,1,4,4,11,10,1,0,0,9,0,1,0
39,VASLUI,"ŞCOALA PRIMARĂ GĂVANU (CORPUL ALĂTURAT)",210,BOGDANA,162595,3,PART,PRCNCT,S,S_SV,"2021-01-21 12:30:02",108,93,15,0,41,26,15,0,100,59,41,0,0,1,1,4,15,15,0,1,0,1,0,3,0
39,VASLUI,"ŞCOALA VERDEŞ",211,BOGDANA,162595,2,PART,PRCNCT,S,S_SV,"2021-01-21 12:30:02",163,157,6,0,56,50,6,0,200,144,53,1,2,4,4,2,18,15,1,0,0,7,1,0,1
39,VASLUI,"ŞCOALA PRIMARĂ LACU BABEI",212,BOGDANA,162595,2,PART,PRCNCT,S,S_SV,"2021-01-21 12:30:02",349,344,5,0,78,73,5,0,400,322,75,2,1,3,5,5,25,23,1,0,2,9,0,0,2
39,VASLUI,"CĂMINUL CULTURAL BOGDĂNEŞTI",213,BOGDĂNEŞTI,162693,2,PART,PRCNCT,S,S_SV,"2021-01-21 12:30:02",819,792,24,3,214,187,24,3,800,586,205,2,7,13,5,20,35,98,0,3,0,22,3,3,3
39,VASLUI,"ŞCOALA PRIMARA, SAT BUDA",214,BOGDĂNEŞTI,162693,3,PART,PRCNCT,S,S_SV,"2021-01-21 12:30:02",311,287,19,5,160,136,19,5,400,240,159,0,1,2,4,5,5,135,0,1,0,6,0,1,0
39,VASLUI,"ŞCOALA PRIMARĂ, SAT VIȘINARI",215,BOGDĂNEŞTI,162693,1,PROV,PRCNCT,S,S_SV,"2021-01-21 12:30:02",171,158,13,0,80,67,13,0,200,120,78,2,0,1,3,3,4,55,0,0,1,8,0,3,0
39,VASLUI,"ŞCOALA PRIMARĂ, SAT ULEA",216,BOGDĂNEŞTI,162693,1,PROV,PRCNCT,S,S_SV,"2021-01-21 12:30:02",286,264,20,2,87,65,20,2,400,313,76,7,4,2,0,5,13,41,1,1,0,8,0,4,1
39,VASLUI,"ŞCOALA GIMNAZIALĂ, SAT UNȚEȘTI",217,BOGDĂNEŞTI,162693,2,PART,PRCNCT,S,S_SV,"2021-01-21 12:30:02",812,780,27,5,305,273,27,5,800,495,292,9,4,6,1,2,21,213,0,1,0,31,2,10,5
39,VASLUI,"ŞCOALA PRIMARĂ, SAT HOROIATA",218,BOGDĂNEŞTI,162693,2,PART,PRCNCT,S,S_SV,"2021-01-21 12:30:02",152,130,22,0,74,52,22,0,200,126,74,0,0,2,1,5,7,40,0,0,0,17,1,0,1
39,VASLUI,"SEDIUL PRIMARIEI",219,BOGDĂNIŢA,162791,2,PART,PRCNCT,S,S_SV,"2021-01-21 12:30:02",166,154,12,0,63,51,12,0,200,137,60,3,0,3,2,7,24,14,1,0,0,6,2,1,0
39,VASLUI,"ŞCOALA PRIMARA COROIEŞTI",220,BOGDĂNIŢA,162791,2,PART,PRCNCT,S,S_SV,"2021-01-21 12:30:02",365,356,9,0,80,71,9,0,400,320,79,0,1,8,2,3,16,36,3,0,0,8,1,1,1
39,VASLUI,"ŞCOALA PRIMARA TUNSEŞTI",221,BOGDĂNIŢA,162791,2,PART,PRCNCT,S,S_SV,"2021-01-21 12:30:02",221,217,4,0,57,53,4,0,300,243,55,2,0,5,6,2,13,21,1,1,1,5,0,0,0
39,VASLUI,"ŞCOALA GIMNAZIALA NR 1 CEPEŞTI",222,BOGDĂNIŢA,162791,2,PART,PRCNCT,S,S_SV,"2021-01-21 12:30:02",462,428,33,1,137,103,33,1,500,363,132,4,1,32,6,3,24,38,3,1,2,11,3,8,1
39,VASLUI,"ŞCOALA GIMNAZIALĂ NR.1 BOŢEŞTI",223,BOŢEŞTI,162871,1,PROV,PRCNCT,S,S_SV,"2021-01-21 12:30:02",789,772,17,0,284,267,17,0,800,516,273,9,2,49,9,11,107,49,1,6,6,28,0,3,4
39,VASLUI,"ŞCOALA GIMNAZIALĂ ”ALEXANDRU OBREJA” SAT GUGEŞTI",224,BOŢEŞTI,162871,1,PROV,PRCNCT,S,S_SV,"2021-01-21 12:30:02",799,784,15,0,297,282,15,0,800,503,282,10,5,32,1,8,104,50,0,2,1,73,3,6,2
39,VASLUI,"ŞCOALA GIMNAZIALA NR. 1 SAT AVEREŞTI",225,BUNEŞTI-AVEREŞTI,162924,2,PART,PRCNCT,S,S_SV,"2021-01-21 12:30:02",222,214,8,0,72,64,8,0,300,228,71,1,0,3,4,3,7,47,1,0,0,4,0,2,0
39,VASLUI,"ŞCOALA GIMNAZIALĂ I-IV BUNEŞTI",226,BUNEŞTI-AVEREŞTI,162924,2,PART,PRCNCT,S,S_SV,"2021-01-21 12:30:02",960,948,12,0,291,279,12,0,1000,709,276,9,6,2,9,11,43,158,5,3,0,34,3,6,2
39,VASLUI,"ŞCOALA PRIMARĂ PLOPI",227,BUNEŞTI-AVEREŞTI,162924,2,PART,PRCNCT,S,S_SV,"2021-01-21 12:30:02",363,352,11,0,82,71,11,0,400,318,76,6,0,3,5,8,12,32,5,1,0,5,2,1,2
39,VASLUI,"FOSTA ŞCOALA GENERALĂ ARMĂŞENI",228,BUNEŞTI-AVEREŞTI,162924,2,PART,PRCNCT,S,S_SV,"2021-01-21 12:30:02",277,269,8,0,72,64,8,0,400,328,70,0,2,3,4,7,9,35,1,0,0,9,0,1,1
39,VASLUI,"ŞCOALA PRIMARĂ PODU-OPRII",229,BUNEŞTI-AVEREŞTI,162924,3,PART,PRCNCT,S,S_SV,"2021-01-21 12:30:02",203,192,11,0,79,68,11,0,200,121,72,3,4,1,9,6,20,21,1,0,1,12,0,0,1
39,VASLUI,"CĂMINUL CULTURAL CIOCANI",230,CIOCANI,167268,2,PART,PRCNCT,S,S_SV,"2021-01-21 12:30:02",929,913,16,0,202,186,16,0,1000,798,195,4,3,16,4,2,30,103,3,3,5,17,2,7,3
39,VASLUI,"ȘCOALA PRIMARĂ CRÂNG",231,CIOCANI,167268,1,PROV,PRCNCT,S,S_SV,"2021-01-21 12:30:02",379,362,17,0,148,131,17,0,400,252,141,6,1,18,1,5,17,77,2,1,0,17,0,0,3
39,VASLUI,"ȘCOALA GIMNAZIALĂ CODĂEȘTI",232,CODĂEŞTI,163002,1,PROV,PRCNCT,S,S_SV,"2021-01-21 12:30:02",924,895,11,18,239,210,11,18,900,661,231,5,3,16,5,16,79,58,3,7,2,35,0,9,1
39,VASLUI,"ȘCOALA GIMNAZIALĂ CODĂEȘTI",233,CODĂEŞTI,163002,3,PART,PRCNCT,S,S_SV,"2021-01-21 12:30:02",803,792,11,0,194,183,11,0,800,606,179,7,8,2,5,21,57,62,2,3,2,21,1,0,3
39,VASLUI,"ȘCOALA GIMNAZIALĂ PRIBEȘTI",234,CODĂEŞTI,163002,1,PROV,PRCNCT,S,S_SV,"2021-01-21 12:30:02",991,969,22,0,152,130,22,0,1200,1048,147,0,5,2,5,23,27,49,1,4,1,32,0,3,0
39,VASLUI,"CĂMINUL CULTURAL REDIU-GALIAN",235,CODĂEŞTI,163002,1,PROV,PRCNCT,S,S_SV,"2021-01-21 12:30:02",468,461,7,0,120,113,7,0,500,380,114,3,3,9,1,4,58,18,2,0,0,12,2,4,4
39,VASLUI,"ȘCOALA GENERALĂ GHERGHELEU",236,CODĂEŞTI,163002,1,PROV,PRCNCT,S,S_SV,"2021-01-21 12:30:02",326,315,11,0,90,79,11,0,400,310,88,0,2,0,3,4,54,16,2,1,2,4,0,1,1
39,VASLUI,"SCOALA GIMNAZIALA GEORGE C DRAGU SAT COROIESTI",237,COROIEŞTI,163057,2,PART,PRCNCT,S,S_SV,"2021-01-21 12:30:02",701,696,5,0,127,122,5,0,800,673,121,4,2,10,4,9,7,67,0,0,2,11,1,5,5
39,VASLUI,"DISPENSAR UMAN, SAT CHILIENI",238,COROIEŞTI,163057,2,PART,PRCNCT,S,S_SV,"2021-01-21 12:30:02",208,196,12,0,66,54,12,0,200,134,66,0,0,2,1,4,4,39,1,4,1,4,1,4,1
39,VASLUI,"SCOALA GIMNAZIALA SAT MIRENI",239,COROIEŞTI,163057,2,PART,PRCNCT,S,S_SV,"2021-01-21 12:30:02",374,366,8,0,104,96,8,0,400,296,99,4,1,2,12,2,17,51,0,0,0,6,0,6,3
39,VASLUI,"SCOALA PRIMARA SAT HREASCA",240,COROIEŞTI,163057,2,PART,PRCNCT,S,S_SV,"2021-01-21 12:30:02",318,311,7,0,66,59,7,0,400,334,66,0,0,1,0,0,7,43,5,0,0,3,0,6,1
39,VASLUI,"ŞCOALA GIMNAZIALĂ SFÂNTUL IERARH LUCA COSTEȘTI",241,COSTEŞTI,163137,1,PROV,PRCNCT,S,S_SV,"2021-01-21 12:30:02",1457,1435,22,0,372,350,22,0,1600,1228,355,14,3,31,8,26,123,97,4,8,3,39,6,7,3
39,VASLUI,"ŞCOALA GIMNAZIALĂ PUNTIŞENI",242,COSTEŞTI,163137,1,PROV,PRCNCT,S,S_SV,"2021-01-21 12:30:02",236,223,13,0,69,56,13,0,300,231,66,0,3,5,4,2,16,20,0,0,1,10,0,4,4
39,VASLUI,"ŞCOALA PRIMARĂ CHIŢCANI",243,COSTEŞTI,163137,2,PART,PRCNCT,S,S_SV,"2021-01-21 12:30:02",272,260,12,0,59,47,12,0,300,241,56,2,1,3,0,5,16,24,0,1,1,3,0,2,1
39,VASLUI,"ŞCOALA PRIMARĂ DINGA",244,COSTEŞTI,163137,1,PROV,PRCNCT,S,S_SV,"2021-01-21 12:30:02",121,104,17,0,42,25,17,0,200,158,41,1,0,3,2,1,11,17,0,1,0,5,1,0,0
39,VASLUI,"ŞCOALA PRIMARĂ RĂDEŞTI",245,COSTEŞTI,163137,2,PART,PRCNCT,S,S_SV,"2021-01-21 12:30:02",123,110,13,0,43,30,13,0,200,157,42,0,1,3,1,8,6,16,0,0,0,5,0,3,0
39,VASLUI,"ŞCOALA PRIMARĂ PÎRVEŞTI",246,COSTEŞTI,163137,2,PART,PRCNCT,S,S_SV,"2021-01-21 12:30:02",85,73,12,0,35,23,12,0,100,65,33,1,1,6,0,2,10,13,0,0,0,1,0,0,1
39,VASLUI,"ŞCOALA PRIMARÃ BÃLEŞTI",247,COZMEŞTI,167277,1,PROV,PRCNCT,S,S_SV,"2021-01-21 12:30:02",584,576,8,0,142,134,8,0,600,458,135,4,3,13,13,6,25,49,2,2,0,20,0,4,1
39,VASLUI,"ŞCOALA GIMNAZIALÃ ” CEZAR BOTEZ ” FÂSTÂCI",248,COZMEŞTI,167277,2,PART,PRCNCT,S,S_SV,"2021-01-21 12:30:02",283,270,13,0,62,49,13,0,400,338,58,2,2,2,7,2,4,31,1,2,1,7,0,1,0
39,VASLUI,"CĂMIN CULTURAL COZMEȘTI",249,COZMEŞTI,167277,1,PROV,PRCNCT,S,S_SV,"2021-01-21 12:30:02",259,251,8,0,66,58,8,0,400,334,60,4,2,7,1,1,6,37,1,0,0,5,1,1,0
39,VASLUI,"ŞCOALA PRIMARÃ FÂSTÂCI",250,COZMEŞTI,167277,1,PROV,PRCNCT,S,S_SV,"2021-01-21 12:30:02",607,597,10,0,140,130,10,0,600,460,127,9,4,3,4,2,12,66,1,2,1,32,1,2,1
39,VASLUI,"CĂMINUL CULTURAL ” VASILE FOLESCU” CREŢEŞTI",251,CREŢEŞTI,163208,2,PART,PRCNCT,S,S_SV,"2021-01-21 12:30:02",492,472,11,9,141,121,11,9,500,359,135,1,5,2,9,4,49,43,5,0,2,9,2,6,4
39,VASLUI,"ŞCOALA GIMNAZIALA NR.1 CRETESTII DE SUS",252,CREŢEŞTI,163208,2,PART,PRCNCT,S,S_SV,"2021-01-21 12:30:02",518,482,21,15,153,117,21,15,500,347,145,5,3,12,5,5,59,48,2,0,2,10,0,2,0
39,VASLUI,"ŞCOALA NOUA SATU NOU",253,CREŢEŞTI,163208,1,PROV,PRCNCT,S,S_SV,"2021-01-21 12:30:02",263,249,14,0,106,92,14,0,400,294,99,5,2,5,4,12,26,24,1,4,1,12,0,4,6
39,VASLUI,"ŞCOALA DEZAFECTATA BUDEŞTI",254,CREŢEŞTI,163208,2,PART,PRCNCT,S,S_SV,"2021-01-21 12:30:02",174,154,20,0,73,53,20,0,200,127,64,2,7,3,2,1,11,32,0,2,0,10,1,0,2
39,VASLUI,"ȘCOALA GIMNAZIALĂ ”GRIGORE T POPA” DĂNEȘTI",255,DĂNEŞTI,163253,2,PART,PRCNCT,S,S_SV,"2021-01-21 12:30:02",455,448,5,2,104,97,5,2,500,396,102,1,1,6,10,4,17,51,1,0,0,5,0,7,1
39,VASLUI,"ŞCOALA GIMNAZIALA EMIL RACOVIŢĂ",256,DĂNEŞTI,163253,1,PROV,PRCNCT,S,S_SV,"2021-01-21 12:30:02",667,653,14,0,136,122,14,0,800,664,123,8,5,11,7,5,38,40,1,2,2,11,0,3,3
39,VASLUI,"ŞCOALA PRIMARA BEREASA",257,DĂNEŞTI,163253,2,PART,PRCNCT,S,S_SV,"2021-01-21 12:30:02",313,302,11,0,73,62,11,0,400,327,70,2,1,5,5,3,17,21,2,3,0,10,1,2,1
39,VASLUI,"ŞCOALA PRIMARA TĂTĂRĂNI",258,DĂNEŞTI,163253,1,PROV,PRCNCT,S,S_SV,"2021-01-21 12:30:02",175,155,20,0,59,39,20,0,200,141,54,1,4,2,2,4,3,32,1,1,1,5,0,2,1
39,VASLUI,"ŞCOALA GIMNAZIALA NR. 1 DELENI",259,DELENI,163324,1,PROV,PRCNCT,S,S_SV,"2021-01-21 12:30:02",1417,1380,37,0,395,358,37,0,1600,1205,377,13,5,9,33,22,123,123,3,3,2,43,5,9,2
39,VASLUI,"GRADINITA CU PROGRAM NORMAL, SAT BULBOACA",260,DELENI,163324,2,PART,PRCNCT,S,S_SV,"2021-01-21 12:30:02",499,485,14,0,156,142,14,0,500,344,152,1,3,9,14,13,58,36,0,3,0,14,0,2,3
39,VASLUI,"ŞCOALA GIMNAZIALĂ NR. 1, DELEŞTI",261,DELEŞTI,163379,1,PROV,PRCNCT,S,S_SV,"2021-01-21 12:30:02",610,594,16,0,154,138,16,0,600,446,152,0,2,7,15,9,37,53,2,2,1,20,2,2,2
39,VASLUI,"ŞCOALA PRIMARĂ, ALBEŞTI",262,DELEŞTI,163379,2,PART,PRCNCT,S,S_SV,"2021-01-21 12:30:02",160,147,13,0,46,33,13,0,200,154,43,2,1,1,1,2,12,15,2,1,0,5,1,1,2
39,VASLUI,"ŞCOALA PRIMARĂ, FUNDĂTURA",263,DELEŞTI,163379,2,PART,PRCNCT,S,S_SV,"2021-01-21 12:30:02",332,321,11,0,94,83,11,0,400,306,88,3,3,3,5,8,23,26,1,0,2,15,0,3,2
39,VASLUI,"FOSTUL SEDIU AL PRIMĂRIEI HÎRŞOVA",264,DELEŞTI,163379,2,PART,PRCNCT,S,S_SV,"2021-01-21 12:30:02",388,378,10,0,102,92,10,0,400,298,92,6,4,2,5,7,36,16,2,1,0,19,0,3,1
39,VASLUI,"ŞCOALA PRIMARĂ, MÎNĂSTIREA",265,DELEŞTI,163379,1,PROV,PRCNCT,S,S_SV,"2021-01-21 12:30:02",164,154,10,0,50,40,10,0,200,150,46,2,2,1,2,4,17,11,2,0,0,5,0,1,3
39,VASLUI,"ŞCOALA PRIMARĂ, RĂDUIEȘTI",266,DELEŞTI,163379,2,PART,PRCNCT,S,S_SV,"2021-01-21 12:30:02",178,167,11,0,63,52,11,0,200,137,61,2,0,2,2,15,14,17,3,2,0,4,0,2,0
39,VASLUI,"ŞCOALA GIMNAZIALĂ NR.1 HURDUGI",267,"DIMITRIE CANTEMIR",164277,2,PART,PRCNCT,S,S_SV,"2021-01-21 12:30:02",513,507,6,0,120,114,6,0,600,480,115,2,3,9,3,5,34,39,1,1,0,18,0,3,2
39,VASLUI,"FOSTUL SEDIU C.A.P. GRUMEZOAIA (GRĂDINIȚA)",268,"DIMITRIE CANTEMIR",164277,2,PART,PRCNCT,S,S_SV,"2021-01-21 12:30:02",329,313,16,0,96,80,16,0,400,304,92,1,3,9,1,3,36,24,0,1,2,7,1,7,1
39,VASLUI,"ŞCOALA VECHE DIN SAT GUȘIȚEI",269,"DIMITRIE CANTEMIR",164277,1,PROV,PRCNCT,S,S_SV,"2021-01-21 12:30:02",643,631,12,0,218,206,12,0,800,582,195,13,10,4,3,8,115,23,2,2,2,27,1,7,1
39,VASLUI,"ŞCOALA PRIMARĂ PLOTONEŞTI",270,"DIMITRIE CANTEMIR",164277,2,PART,PRCNCT,S,S_SV,"2021-01-21 12:30:02",273,263,10,0,88,78,10,0,300,212,87,0,1,1,3,4,36,15,0,3,1,21,0,2,1
39,VASLUI,"ŞCOALA PRIMARĂ URLAŢI",271,"DIMITRIE CANTEMIR",164277,2,PART,PRCNCT,S,S_SV,"2021-01-21 12:30:02",196,188,8,0,70,62,8,0,200,130,67,1,2,2,1,4,17,25,0,1,1,15,0,0,1
39,VASLUI,"ŞCOALA GIMNAZIALĂ ”V.I. POPA”",272,DODEŞTI,167286,1,PROV,PRCNCT,S,S_SV,"2021-01-21 12:30:02",1225,1145,24,56,515,435,24,56,1200,685,487,12,16,12,12,24,35,328,2,2,1,47,8,14,2
39,VASLUI,"ŞCOALA PRIMARĂ URDEŞTI",273,DODEŞTI,167286,1,PROV,PRCNCT,S,S_SV,"2021-01-21 12:30:02",219,195,16,8,100,76,16,8,202,102,92,8,0,4,5,8,6,60,0,2,1,5,0,0,1
39,VASLUI,"CĂMINUL CULTURAL DRAGOMIREŞTI",274,DRAGOMIREŞTI,163486,1,PROV,PRCNCT,S,S_SV,"2021-01-21 12:30:02",442,432,10,0,131,121,10,0,500,369,122,5,4,38,4,12,13,35,3,2,1,5,2,6,1
39,VASLUI,"LOCUINȚĂ PROPRIETATE PRIVATĂ VIERU MARIA",275,DRAGOMIREŞTI,163486,2,PART,PRCNCT,S,S_SV,"2021-01-21 12:30:02",237,229,8,0,78,70,8,0,300,222,72,6,0,20,7,6,14,18,0,0,2,1,2,2,0
39,VASLUI,"ŞCOALA GIMNAZIALĂ DOAGELE",276,DRAGOMIREŞTI,163486,2,PART,PRCNCT,S,S_SV,"2021-01-21 12:30:02",837,833,4,0,221,217,4,0,900,679,197,12,12,95,7,4,17,43,1,0,0,10,7,11,2
39,VASLUI,"LICEUL TEHNOLOGIC VLADIA",277,DRAGOMIREŞTI,163486,2,PART,PRCNCT,S,S_SV,"2021-01-21 12:30:02",387,375,12,0,93,81,12,0,400,307,89,2,2,8,7,4,19,33,1,0,0,10,3,3,1
39,VASLUI,"ŞCOALA PRIMARĂ BELZENI",278,DRAGOMIREŞTI,163486,3,PART,PRCNCT,S,S_SV,"2021-01-21 12:30:02",215,209,6,0,39,33,6,0,300,261,37,2,0,4,5,6,1,14,4,1,0,2,0,0,0
39,VASLUI,"ŞCOALA PRIMARĂ BĂBUŢA",279,DRAGOMIREŞTI,163486,1,PROV,PRCNCT,S,S_SV,"2021-01-21 12:30:02",143,133,10,0,45,35,10,0,200,155,42,1,2,11,1,3,4,17,2,0,0,0,1,3,0
39,VASLUI,"ŞCOALA GIMNAZIALĂ NR. 1 RĂDENI",280,DRAGOMIREŞTI,163486,2,PART,PRCNCT,S,S_SV,"2021-01-21 12:30:02",962,955,7,0,178,171,7,0,1000,822,169,6,3,12,2,4,8,107,0,0,0,29,1,5,1
39,VASLUI,"ŞCOALA PRIMARĂ TULEŞTI",281,DRAGOMIREŞTI,163486,2,PART,PRCNCT,S,S_SV,"2021-01-21 12:30:02",150,144,6,0,52,46,6,0,200,148,48,3,1,16,0,4,7,7,1,1,0,8,2,2,0
39,VASLUI,"CĂMIN CULTURAL POPEŞTI",282,DRAGOMIREŞTI,163486,2,PART,PRCNCT,S,S_SV,"2021-01-21 12:30:02",316,310,6,0,73,67,6,0,400,327,70,2,1,22,1,6,5,19,0,1,0,9,1,5,1
39,VASLUI,"SALA DE EDUCAŢIE FIZICĂ ŞCOLARĂ GHERMĂNEŞTI",283,DRÂNCENI,163618,1,PROV,PRCNCT,S,S_SV,"2021-01-21 12:30:02",1623,1609,12,2,444,430,12,2,1700,1256,432,8,4,49,30,39,113,115,6,4,3,51,3,14,5
39,VASLUI,"ŞCOALA PRIMARĂ, SAT DRÎNCENI",284,DRÂNCENI,163618,2,PART,PRCNCT,S,S_SV,"2021-01-21 12:30:02",615,489,126,0,269,143,126,0,500,231,262,7,0,122,4,9,54,36,2,2,1,23,2,6,1
39,VASLUI,"ŞCOALA GIMNAZIALĂ, SAT RÎŞEŞTI",285,DRÂNCENI,163618,2,PART,PRCNCT,S,S_SV,"2021-01-21 12:30:02",1697,1672,25,0,427,402,25,0,1700,1273,409,7,11,69,6,10,130,117,3,5,3,47,4,11,4
39,VASLUI,"ŞCOALA GIMNAZIALA CONSTANTIN ASIMINEI",286,DUDA-EPURENI,163681,2,PART,PRCNCT,S,S_SV,"2021-01-21 12:30:02",1174,1167,7,0,220,213,7,0,1200,980,212,3,5,31,3,29,28,77,1,2,4,31,0,1,5
39,VASLUI,"ŞCOALA GIMNAZIALA IOAN GHE. PRICOP",287,DUDA-EPURENI,163681,2,PART,PRCNCT,S,S_SV,"2021-01-21 12:30:02",953,939,13,1,229,215,13,1,1000,771,221,3,5,61,7,8,35,70,2,2,3,21,1,8,3
39,VASLUI,"ŞCOALA GIMNAZIALA NICOLAE POPA",288,DUDA-EPURENI,163681,3,PART,PRCNCT,S,S_SV,"2021-01-21 12:30:02",1316,1308,8,0,272,264,8,0,1600,1328,261,8,3,29,11,11,25,90,4,2,2,84,1,2,0
39,VASLUI,"FOSTA ŞCOALA CU CLASELE I-IV BOBEŞTI",289,DUDA-EPURENI,163681,2,PART,PRCNCT,S,S_SV,"2021-01-21 12:30:02",116,102,14,0,36,22,14,0,200,164,36,0,0,5,2,2,7,10,1,1,0,8,0,0,0
39,VASLUI,"ŞCOALA GIMNAZIALĂ ”MAREȘAL C-TIN PREZAN” DUMEŞTI",290,DUMEŞTI,163734,2,PART,PRCNCT,S,S_SV,"2021-01-21 12:30:02",1027,1015,12,0,215,203,12,0,1200,985,204,9,2,15,1,12,37,96,4,0,0,32,0,3,4
39,VASLUI,"GRĂDINIŢA NR. 1 DUMEŞTI",291,DUMEŞTI,163734,2,PART,PRCNCT,S,S_SV,"2021-01-21 12:30:02",726,721,5,0,197,192,5,0,800,603,190,3,4,7,11,20,28,80,1,1,1,34,1,3,3
39,VASLUI,"GRĂDINIȚA DUMEŞTII VECHI",292,DUMEŞTI,163734,2,PART,PRCNCT,S,S_SV,"2021-01-21 12:30:02",355,346,9,0,89,80,9,0,400,311,82,4,3,9,2,4,20,32,3,0,0,10,0,1,1
39,VASLUI,"ŞCOALA PRIMARĂ VALEA MARE",293,DUMEŞTI,163734,1,PROV,PRCNCT,S,S_SV,"2021-01-21 12:30:02",703,693,10,0,190,180,10,0,800,610,176,11,3,13,22,6,15,97,1,2,0,13,1,5,1
39,VASLUI,"SCOALA GIMNAZIALA ” MANOLACHE COSTACHE EPUREANU” SAT EPURENI",294,EPURENI,163789,2,PART,PRCNCT,S,S_SV,"2021-01-21 12:30:02",797,776,18,3,202,181,18,3,800,598,189,5,8,7,10,19,29,93,2,3,1,16,1,6,2
39,VASLUI,"ȘCOALA PRIMARĂ NR.2 BURSUCI",295,EPURENI,163789,2,PART,PRCNCT,S,S_SV,"2021-01-21 12:30:02",738,721,17,0,145,128,17,0,800,655,139,1,5,8,5,11,25,65,1,1,2,15,3,1,2
39,VASLUI,"SCOALA PRIMARA .SAT BIRLALESTI",296,EPURENI,163789,2,PART,PRCNCT,S,S_SV,"2021-01-21 12:30:02",584,564,20,0,186,166,20,0,600,414,169,8,9,1,26,4,25,90,0,1,0,12,0,7,3
39,VASLUI,"SCOALA PRIMARA ,SAT HORGA",297,EPURENI,163789,1,PROV,PRCNCT,S,S_SV,"2021-01-21 12:30:02",328,319,9,0,96,87,9,0,400,304,91,5,0,2,1,5,11,54,0,2,1,7,1,3,4
39,VASLUI,"LICEUL TEHNOLOGIC ”DIMITRIE CANTEMIR” SAT FĂLCIU",298,FĂLCIU,163832,1,PROV,PRCNCT,S,S_SV,"2021-01-21 12:30:02",1041,1026,14,1,215,200,14,1,1200,985,211,2,2,8,8,23,50,86,0,4,0,23,0,8,1
39,VASLUI,"CĂMINUL CULTURAL FĂLCIU",299,FĂLCIU,163832,1,PROV,PRCNCT,S,S_SV,"2021-01-21 12:30:02",1058,1040,18,0,217,199,18,0,1200,983,206,10,1,15,8,21,61,82,1,3,1,13,0,1,0
39,VASLUI,"ŞCOALA PRIMARĂ SAT BOGDĂNEŞTI",300,FĂLCIU,163832,2,PART,PRCNCT,S,S_SV,"2021-01-21 12:30:02",466,455,11,0,100,89,11,0,500,400,95,3,2,3,1,3,17,45,0,0,0,20,0,4,2
39,VASLUI,"ŞCOALA GIMNAZIALĂ SAT RÂNZEŞTI",301,FĂLCIU,163832,2,PART,PRCNCT,S,S_SV,"2021-01-21 12:30:02",843,832,11,0,179,168,11,0,900,721,172,2,5,5,4,11,28,77,0,3,2,32,2,5,3
39,VASLUI,"ŞCOALA PRIMARĂ SAT BOZIA",302,FĂLCIU,163832,2,PART,PRCNCT,S,S_SV,"2021-01-21 12:30:02",324,311,13,0,102,89,13,0,400,298,96,4,2,2,1,11,17,46,1,1,0,13,2,2,0
39,VASLUI,"ŞCOALA PRIMARĂ SAT COPĂCEANA",303,FĂLCIU,163832,2,PART,PRCNCT,S,S_SV,"2021-01-21 12:30:02",441,431,10,0,94,84,10,0,500,406,88,4,2,3,1,4,12,45,1,2,3,10,0,7,0
39,VASLUI,"ŞCOALA PRIMARĂ SAT ODAIA BOGDANA",304,FĂLCIU,163832,1,PROV,PRCNCT,S,S_SV,"2021-01-21 12:30:02",269,254,15,0,77,62,15,0,300,223,74,2,1,2,0,11,18,21,2,0,0,18,0,2,0
39,VASLUI,"CENTRUL CULTURAL ”SANDU TRIFAN”, FEREŞTI",305,FEREŞTI,167295,2,PART,PRCNCT,S,S_SV,"2021-01-21 12:30:02",1677,1659,18,0,366,348,18,0,1700,1334,342,12,12,18,6,14,46,197,2,4,2,41,2,7,3
39,VASLUI,"ŞCOALA GIMNAZIALĂ ”GENERAL AVIATOR INGINER GHEORGHE NEGRESCU” FRUNTIŞENI",306,FRUNTIŞENI,167231,2,PART,PRCNCT,S,S_SV,"2021-01-21 12:30:02",773,763,10,0,181,171,10,0,800,619,168,9,4,6,1,6,40,85,2,3,1,20,0,3,1
39,VASLUI,"ŞCOALA GIMNAZIALĂ GRĂJDENI",307,FRUNTIŞENI,167231,2,PART,PRCNCT,S,S_SV,"2021-01-21 12:30:02",655,639,16,0,181,165,16,0,800,619,170,7,4,8,2,5,19,99,0,1,0,28,2,6,0
39,VASLUI,"ŞCOALA GIMNAZIALA ”ION ARTENE” GĂGEŞTI",308,GĂGEŞTI,163903,1,PROV,PRCNCT,S,S_SV,"2021-01-21 12:30:02",388,377,11,0,117,106,11,0,400,283,112,4,1,16,3,10,15,46,0,1,2,14,1,4,0
39,VASLUI,"ȘCOALA GIMNAZIALĂ ”MIHAI IOAN BOTEZ” GIURCANI",309,GĂGEŞTI,163903,2,PART,PRCNCT,S,S_SV,"2021-01-21 12:30:02",482,456,15,11,142,116,15,11,500,358,139,2,1,31,8,8,29,39,0,0,2,19,0,3,0
39,VASLUI,"ŞCOALA PRIMARA ”DUMITRU MARIN” PEICANI",310,GĂGEŞTI,163903,1,PROV,PRCNCT,S,S_SV,"2021-01-21 12:30:02",440,420,18,2,136,116,18,2,500,364,131,5,0,16,4,9,21,58,0,2,0,17,1,2,1
39,VASLUI,"ŞCOALA PRIMARA TUPILATI",311,GĂGEŞTI,163903,2,PART,PRCNCT,S,S_SV,"2021-01-21 12:30:02",261,250,11,0,73,62,11,0,300,227,68,5,0,15,2,2,7,31,1,1,0,4,0,4,1
39,VASLUI,"CĂMINUL CULTURAL GÎRCENI",312,GÂRCENI,164062,1,PROV,PRCNCT,S,S_SV,"2021-01-21 12:30:02",721,697,20,4,270,246,20,4,800,530,244,13,13,9,34,7,21,145,1,1,1,18,1,6,0
39,VASLUI,"ŞCOALA PRIMARĂ, DUMBRĂVENI",313,GÂRCENI,164062,2,PART,PRCNCT,S,S_SV,"2021-01-21 12:30:02",188,170,18,0,87,69,18,0,200,113,87,0,0,0,5,9,15,53,0,0,0,1,1,3,0
39,VASLUI,"ŞCOALA PRIMARĂ, TROHAN",314,GÂRCENI,164062,2,PART,PRCNCT,S,S_SV,"2021-01-21 12:30:02",199,182,17,0,69,52,17,0,200,131,63,4,2,3,5,7,9,34,0,0,0,3,0,2,0
39,VASLUI,"ŞCOALA GIMNAZIALĂ, RACOVA",315,GÂRCENI,164062,2,PART,PRCNCT,S,S_SV,"2021-01-21 12:30:02",163,156,7,0,57,50,7,0,200,143,55,2,0,5,9,7,7,21,1,1,0,2,0,1,1
39,VASLUI,"ŞCOALA PRIMARĂ, RACOVIŢA",316,GÂRCENI,164062,1,PROV,PRCNCT,S,S_SV,"2021-01-21 12:30:02",189,181,8,0,78,70,8,0,200,122,67,6,5,2,3,2,5,48,0,1,0,4,0,1,1
39,VASLUI,"ŞCOALA PRIMARĂ, SLOBOZIA",317,GÂRCENI,164062,2,PART,PRCNCT,S,S_SV,"2021-01-21 12:30:02",371,360,11,0,163,152,11,0,400,237,150,6,7,1,7,2,10,113,1,3,0,9,0,4,0
39,VASLUI,"CĂMINUL CULTURAL, GHERGHEŞTI",318,GHERGHEŞTI,163967,2,PART,PRCNCT,S,S_SV,"2021-01-21 12:30:02",936,917,19,0,291,272,19,0,1200,909,278,6,7,6,19,9,31,175,0,2,5,15,5,10,1
39,VASLUI,"CONTAINER MODULAR",319,GHERGHEŞTI,163967,2,PART,PRCNCT,S,S_SV,"2021-01-21 12:30:02",400,396,4,0,105,101,4,0,400,295,93,4,8,1,8,2,6,68,2,0,0,5,1,0,0
39,VASLUI,"ŞCOALA PRIMARA SAT CORODESTI",320,GHERGHEŞTI,163967,2,PART,PRCNCT,S,S_SV,"2021-01-21 12:30:02",178,170,8,0,67,59,8,0,200,133,61,3,3,0,6,1,12,37,0,0,0,2,1,0,2
39,VASLUI,"ŞCOALA GIMNAZIALA SAT CHETROSU",321,GHERGHEŞTI,163967,1,PROV,PRCNCT,S,S_SV,"2021-01-21 12:30:02",392,383,9,0,161,152,9,0,400,239,152,6,3,2,4,1,5,127,1,1,0,6,1,2,2
39,VASLUI,"ŞCOALA PRIMARĂ SAT DRAXENI (CONTAINER MODULAR)",322,GHERGHEŞTI,163967,2,PART,PRCNCT,S,S_SV,"2021-01-21 12:30:02",133,123,10,0,50,40,10,0,200,150,49,1,0,0,4,0,4,37,0,0,0,2,0,1,1
39,VASLUI,"GRĂDINIŢA CU PROGRAM NORMAL GRIVIŢA",323,GRIVIŢA,164133,2,PART,PRCNCT,S,S_SV,"2021-01-21 12:30:02",1328,1314,14,0,315,301,14,0,1400,1085,300,9,6,8,9,20,126,91,0,5,4,31,0,4,2
39,VASLUI,"GRĂDINIŢA CU PROGRAM NORMAL",324,GRIVIŢA,164133,2,PART,PRCNCT,S,S_SV,"2021-01-21 12:30:02",1154,1129,25,0,314,289,25,0,1200,886,305,5,4,15,3,30,82,100,2,7,3,50,1,9,3
39,VASLUI,"ŞCOALĂ PRIMARĂ STROE BELLOESCU CUPLATĂ CU GRĂDINIŢĂ – PROGRAM NORMAL",325,GRIVIŢA,164133,2,PART,PRCNCT,S,S_SV,"2021-01-21 12:30:02",440,426,14,0,120,106,14,0,500,380,110,7,3,6,3,3,40,42,0,2,1,10,2,1,0
39,VASLUI,"ȘCOALA GIMNAZIALĂ NR. 1 HOCENI",326,HOCENI,164197,2,PART,PRCNCT,S,S_SV,"2021-01-21 12:30:02",430,422,8,0,188,180,8,0,500,312,180,4,4,1,4,4,18,131,1,4,3,12,0,2,0
39,VASLUI,"GRĂDINIŢA CU PROGRAM NORMAL BARBOŞI",327,HOCENI,164197,1,PROV,PRCNCT,S,S_SV,"2021-01-21 12:30:02",551,542,7,2,186,177,7,2,600,414,175,9,2,1,1,1,34,121,1,1,0,9,2,3,1
39,VASLUI,"ŞCOALA PRIMARĂ DELENI",328,HOCENI,164197,2,PART,PRCNCT,S,S_SV,"2021-01-21 12:30:02",372,352,20,0,150,130,20,0,400,250,142,5,3,1,8,2,18,98,0,0,1,11,1,0,2
39,VASLUI,"ŞCOALA PRIMARĂ OŢELENI",329,HOCENI,164197,1,PROV,PRCNCT,S,S_SV,"2021-01-21 12:30:02",413,393,20,0,176,156,20,0,400,224,167,3,6,2,8,3,25,109,0,2,0,16,0,2,0
39,VASLUI,"ŞCOALA PRIMARĂ ”MIHAI CIOFU” ȘIȘCANI",330,HOCENI,164197,1,PROV,PRCNCT,S,S_SV,"2021-01-21 12:30:02",264,246,18,0,95,77,18,0,300,205,87,4,4,1,5,1,9,60,1,0,0,6,1,3,0
39,VASLUI,"ŞCOALA PRIMARĂ TOMŞA",331,HOCENI,164197,1,PROV,PRCNCT,S,S_SV,"2021-01-21 12:30:02",106,97,9,0,58,49,9,0,100,42,57,0,1,0,8,2,11,29,2,0,0,5,0,0,0
39,VASLUI,"ŞCOALA GIMNAZIALA NR.1 IANA",332,IANA,164339,2,PART,PRCNCT,S,S_SV,"2021-01-21 12:30:02",976,955,21,0,322,301,21,0,1000,678,218,98,6,5,16,3,18,135,1,9,1,23,1,6,0
39,VASLUI,"ŞCOALA PRIMARA HĂLĂREŞTI",333,IANA,164339,2,PART,PRCNCT,S,S_SV,"2021-01-21 12:30:02",847,830,17,0,264,247,17,0,900,636,250,4,10,6,2,10,61,114,0,4,0,40,1,10,2
39,VASLUI,"CONTAINER MODULAR",334,IANA,164339,2,PART,PRCNCT,S,S_SV,"2021-01-21 12:30:02",787,777,10,0,285,275,10,0,800,515,264,10,11,6,3,2,29,188,2,3,0,17,2,8,4
39,VASLUI,"ŞCOALA GIMNAZIALA RECEA",335,IANA,164339,1,PROV,PRCNCT,S,S_SV,"2021-01-21 12:30:02",412,396,16,0,110,94,16,0,400,290,103,2,5,2,3,6,15,55,0,0,1,18,0,2,1
39,VASLUI,"GRĂDINIŢA VADURILE",336,IANA,164339,2,PART,PRCNCT,S,S_SV,"2021-01-21 12:30:02",273,260,13,0,94,81,13,0,300,206,90,2,2,4,7,2,10,54,2,0,0,6,0,4,1
39,VASLUI,"CĂMINUL CULTURAL IBĂNEŞTI",337,IBĂNEŞTI,167222,2,PART,PRCNCT,S,S_SV,"2021-01-21 12:30:02",559,528,22,9,235,204,22,9,600,365,222,7,6,8,4,7,26,135,0,1,2,28,2,6,3
39,VASLUI,"ŞCOALA PRIMARĂ SAT. MÎNZAŢI",338,IBĂNEŞTI,167222,2,PART,PRCNCT,S,S_SV,"2021-01-21 12:30:02",517,507,8,2,124,114,8,2,600,476,117,7,0,8,9,3,10,63,1,0,1,9,4,9,0
39,VASLUI,"FOSTA ŞCOALA CU CLASELE I-IV, PUŢU OLARULUI",339,IBĂNEŞTI,167222,2,PART,PRCNCT,S,S_SV,"2021-01-21 12:30:02",120,103,15,2,57,40,15,2,200,143,51,6,0,2,1,1,12,30,1,0,0,2,0,1,1
39,VASLUI,"ŞCOALA IVĂNEŞTI",340,IVĂNEŞTI,164393,2,PART,PRCNCT,S,S_SV,"2021-01-21 12:30:02",997,981,16,0,173,157,16,0,1000,827,162,7,4,8,7,15,33,65,3,2,2,22,2,3,0
39,VASLUI,"ŞCOALA BROŞTENI",341,IVĂNEŞTI,164393,1,PROV,PRCNCT,S,S_SV,"2021-01-21 12:30:02",480,468,12,0,97,85,12,0,500,403,89,7,1,2,2,8,6,39,0,1,2,26,0,2,1
39,VASLUI,"ŞCOALA COȘEȘTI",342,IVĂNEŞTI,164393,1,PROV,PRCNCT,S,S_SV,"2021-01-21 12:30:02",273,264,9,0,32,23,9,0,300,268,32,0,0,3,0,1,5,21,1,0,0,0,0,1,0
39,VASLUI,"ŞCOALA COŞEȘTI",343,IVĂNEŞTI,164393,1,PROV,PRCNCT,S,S_SV,"2021-01-21 12:30:02",296,290,6,0,59,53,6,0,400,341,57,2,0,3,3,4,8,25,0,1,0,11,0,2,0
39,VASLUI,"IMOBIL - LOCUINȚĂ - PROPRIETATE PRIVATĂ, PROPRIETAR CHIRIAC EUGEN, PERSOANĂ FIZICĂ",344,IVĂNEŞTI,164393,2,PART,PRCNCT,S,S_SV,"2021-01-21 12:30:02",422,414,8,0,67,59,8,0,500,433,61,2,4,8,0,3,0,37,0,1,0,6,0,4,2
39,VASLUI,"ŞCOALA VALEA OANEI",345,IVĂNEŞTI,164393,1,PROV,PRCNCT,S,S_SV,"2021-01-21 12:30:02",232,223,9,0,47,38,9,0,300,253,45,1,1,3,2,5,5,21,0,0,0,8,1,0,0
39,VASLUI,"GRĂDINIȚA CU PROGRAM NORMAL SAT URSOAIA",346,IVĂNEŞTI,164393,1,PROV,PRCNCT,S,S_SV,"2021-01-21 12:30:02",381,369,12,0,93,81,12,0,400,307,88,0,5,6,4,6,13,42,0,1,1,11,0,4,0
39,VASLUI,"GRADINITA CU PROGRAM NORMAL SAT.URSOAIA",347,IVĂNEŞTI,164393,1,PROV,PRCNCT,S,S_SV,"2021-01-21 12:30:02",377,369,8,0,75,67,8,0,400,325,73,1,1,1,1,10,17,27,1,1,0,13,1,0,1
39,VASLUI,"ŞCOALA GIMNAZIALĂ NR. 1 IVEŞTI - CORP A",348,IVEŞTI,164543,3,PART,PRCNCT,S,S_SV,"2021-01-21 12:30:02",1098,1098,0,0,276,276,0,0,1200,924,265,3,8,3,5,32,51,109,2,4,1,50,3,5,0
39,VASLUI,"ŞCOALA GIMNAZIALĂ NR. 1 IVEŞTI - CORP B",349,IVEŞTI,164543,2,PART,PRCNCT,S,S_SV,"2021-01-21 12:30:02",1110,1091,19,0,254,235,19,0,1200,946,240,6,8,14,6,27,29,131,2,4,0,23,3,0,1
39,VASLUI,"ŞCOALA GIMNAZIALĂ ”MIHAI EMINESCU” LAZA",350,LAZA,164598,2,PART,PRCNCT,S,S_SV,"2021-01-21 12:30:02",1482,1466,16,0,333,317,16,0,1600,1267,318,11,4,9,15,50,82,99,2,7,1,43,2,5,3
39,VASLUI,"ŞCOALA PRIMARA ,SAUCA",351,LAZA,164598,2,PART,PRCNCT,S,S_SV,"2021-01-21 12:30:02",900,887,13,0,226,213,13,0,900,674,215,8,3,8,3,50,21,86,0,7,1,32,0,4,3
39,VASLUI,"ŞCOALA PRIMARĂ, RÂŞNIŢA",352,LAZA,164598,2,PART,PRCNCT,S,S_SV,"2021-01-21 12:30:02",252,245,7,0,57,50,7,0,300,243,53,1,3,3,4,3,9,17,1,0,0,9,0,5,2
39,VASLUI,"CENTRUL CULTURAL ”ȘTEFAN CIOBOTĂRAȘU” SAT LIPOVAȚ",353,LIPOVĂŢ,164687,1,PROV,PRCNCT,S,S_SV,"2021-01-21 12:30:02",1296,1277,19,0,389,370,19,0,1300,911,371,11,7,11,12,17,49,195,2,4,1,66,1,12,1
39,VASLUI,"ŞCOALA PRIMARĂ SAT CORBU",354,LIPOVĂŢ,164687,2,PART,PRCNCT,S,S_SV,"2021-01-21 12:30:02",461,445,16,0,128,112,16,0,500,372,122,4,2,4,1,5,17,60,0,4,0,25,2,3,1
39,VASLUI,"ŞCOALA GIMNAZIALĂ ”SPĂTAR ŞTEFAN ANGHELUȚĂ” SAT CHIŢOC",355,LIPOVĂŢ,164687,2,PART,PRCNCT,S,S_SV,"2021-01-21 12:30:02",855,829,26,0,250,224,26,0,900,650,240,8,2,6,2,20,58,75,1,7,2,54,2,6,7
39,VASLUI,"ŞCOALA PRIMARĂ SAT CĂPUŞNENI",356,LIPOVĂŢ,164687,1,PROV,PRCNCT,S,S_SV,"2021-01-21 12:30:02",214,200,14,0,84,70,14,0,200,116,80,2,2,3,2,4,9,52,0,2,0,6,0,1,1
39,VASLUI,"ŞCOALA GIMNAZIALĂ SAT FUNDU - VĂII",357,LIPOVĂŢ,164687,1,PROV,PRCNCT,S,S_SV,"2021-01-21 12:30:02",488,477,11,0,157,146,11,0,500,343,143,2,12,3,3,1,2,101,0,1,0,24,1,5,2
39,VASLUI,"ŞCOALA GIMNAZIALĂ NR. 1 LUNCA BANULUI",358,"LUNCA BANULUI",164749,2,PART,PRCNCT,S,S_SV,"2021-01-21 12:30:02",1649,1628,19,2,428,407,19,2,1700,1272,402,15,11,22,4,23,61,160,2,4,2,106,3,11,4
39,VASLUI,"ŞCOALA PRIMARĂ SAT OŢETOAIA",359,"LUNCA BANULUI",164749,2,PART,PRCNCT,S,S_SV,"2021-01-21 12:30:02",662,650,12,0,201,189,12,0,800,599,191,2,8,5,2,3,46,74,3,0,2,51,2,2,1
39,VASLUI,"ŞCOALA PRIMARĂ SAT LUNCA VECHE",360,"LUNCA BANULUI",164749,1,PROV,PRCNCT,S,S_SV,"2021-01-21 12:30:02",86,75,11,0,37,26,11,0,100,63,35,2,0,7,0,3,3,11,1,0,1,7,0,0,2
39,VASLUI,"ŞCOALA PRIMARĂ SAT FOCŞA",361,"LUNCA BANULUI",164749,2,PART,PRCNCT,S,S_SV,"2021-01-21 12:30:02",164,152,12,0,69,57,12,0,200,131,64,3,2,3,1,4,20,17,0,0,1,17,0,1,0
39,VASLUI,"ŞCOALA PRIMARĂ SAT BROSCOŞEŞTI",362,"LUNCA BANULUI",164749,2,PART,PRCNCT,S,S_SV,"2021-01-21 12:30:02",392,379,13,0,130,117,13,0,400,270,124,3,3,10,2,12,31,38,3,1,0,27,0,0,0
39,VASLUI,"ŞCOALA GIMNAZIALĂ NR.1,SAT MĂLUȘTENI",363,MĂLUŞTENI,164829,2,PART,PRCNCT,S,S_SV,"2021-01-21 12:30:02",492,477,15,0,122,107,15,0,500,378,116,3,3,18,2,6,41,45,1,0,0,2,0,0,1
39,VASLUI,"ŞCOALA CENTRU ȚUȚCANI",364,MĂLUŞTENI,164829,1,PROV,PRCNCT,S,S_SV,"2021-01-21 12:30:02",434,416,18,0,128,110,18,0,500,372,125,1,2,8,4,7,17,77,1,2,1,2,0,4,2
39,VASLUI,"ŞCOALA MÎNĂSTIREA",365,MĂLUŞTENI,164829,3,PART,PRCNCT,S,S_SV,"2021-01-21 12:30:02",96,83,13,0,30,17,13,0,100,70,29,1,0,4,0,1,4,14,0,0,0,6,0,0,0
39,VASLUI,"ŞCOALA GHIREASCA",366,MĂLUŞTENI,164829,2,PART,PRCNCT,S,S_SV,"2021-01-21 12:30:02",165,150,15,0,52,37,15,0,200,148,49,2,1,3,1,1,18,19,1,0,0,1,0,4,1
39,VASLUI,"SALA FESTIVITĂȚI LUPEȘTI",367,MĂLUŞTENI,164829,2,PART,PRCNCT,S,S_SV,"2021-01-21 12:30:02",340,326,14,0,85,71,14,0,400,315,82,1,2,19,4,3,8,37,1,2,0,3,1,3,1
39,VASLUI,"SALA CULTURALĂ MÎNZĂTEȘTI",368,MĂLUŞTENI,164829,2,PART,PRCNCT,S,S_SV,"2021-01-21 12:30:02",280,266,14,0,106,92,14,0,300,194,104,0,2,11,0,1,5,73,0,1,1,8,2,1,1
39,VASLUI,"GRĂDINIȚA CU 3 SĂLI DE GRUPĂ",369,MICLEŞTI,164892,2,PART,PRCNCT,S,S_SV,"2021-01-21 12:30:02",774,764,10,0,197,187,10,0,800,603,190,5,2,28,10,17,38,64,1,4,2,23,0,1,2
39,VASLUI,"ŞCOALA GIMNAZIALĂ CHIRCEŞTI-DEAL",370,MICLEŞTI,164892,1,PROV,PRCNCT,S,S_SV,"2021-01-21 12:30:02",570,552,18,0,187,169,18,0,600,413,175,9,3,14,10,6,18,82,3,1,1,30,3,6,1
39,VASLUI,"ŞCOALA DEZAFECTATĂ CHIRCEŞTI -VALE",371,MICLEŞTI,164892,1,PROV,PRCNCT,S,S_SV,"2021-01-21 12:30:02",366,352,14,0,121,107,14,0,400,279,115,2,4,3,1,1,8,66,1,2,0,29,0,4,0
39,VASLUI,"ŞCOALA PRIMARĂ POPEŞTI",372,MICLEŞTI,164892,1,PROV,PRCNCT,S,S_SV,"2021-01-21 12:30:02",366,352,14,0,120,106,14,0,400,280,117,1,2,9,2,5,14,56,2,0,1,24,0,2,2
39,VASLUI,"SALA DE EDUCAŢIE FIZICĂ ŞCOLARĂ MUNTENII DE JOS",373,"MUNTENII DE JOS",164936,1,PROV,PRCNCT,S,S_SV,"2021-01-21 12:30:02",1856,1840,16,0,507,491,16,0,2000,1493,492,12,3,20,12,68,165,131,2,9,4,61,7,6,7
39,VASLUI,"ŞCOALA PRIMARĂ SAT MÎNJEŞTI",374,"MUNTENII DE JOS",164936,1,PROV,PRCNCT,S,S_SV,"2021-01-21 12:30:02",680,647,33,0,217,184,33,0,800,583,206,6,5,5,2,10,112,53,2,1,0,17,1,3,0
39,VASLUI,"ŞCOALA PRIMARĂ SAT BĂCĂOANI",375,"MUNTENII DE JOS",164936,2,PART,PRCNCT,S,S_SV,"2021-01-21 12:30:02",1122,1095,27,0,309,282,27,0,1200,891,301,5,3,12,5,25,120,71,4,5,2,50,2,1,4
39,VASLUI,"CĂMINUL CULTURAL MUNTENII DE SUS",376,"MUNTENII DE SUS",167302,1,PROV,PRCNCT,S,S_SV,"2021-01-21 12:30:02",1234,1215,19,0,277,258,19,0,1300,1023,266,6,5,14,5,19,40,122,0,6,1,48,2,5,4
39,VASLUI,"ŞCOALA PRIMARĂ, SATU-NOU",377,"MUNTENII DE SUS",167302,1,PROV,PRCNCT,S,S_SV,"2021-01-21 12:30:02",1193,1186,7,0,262,255,7,0,1200,938,250,5,7,6,1,23,41,100,0,2,0,64,2,8,3
39,VASLUI,"SCOALA PRIMARA, SATU NOU",378,"MUNTENII DE SUS",167302,2,PART,PRCNCT,S,S_SV,"2021-01-21 12:30:02",1017,1009,8,0,211,203,8,0,1200,989,198,6,7,15,2,13,29,89,0,6,0,30,2,10,2
39,VASLUI,"ŞCOALA PRIMARĂ OLTENEŞTI",379,OLTENEŞTI,165069,2,PART,PRCNCT,S,S_SV,"2021-01-21 12:30:02",368,361,7,0,79,72,7,0,400,321,77,0,2,10,2,5,12,19,2,0,1,20,2,2,2
39,VASLUI,"ŞCOALA PRIMARĂ ZGURA",380,OLTENEŞTI,165069,1,PROV,PRCNCT,S,S_SV,"2021-01-21 12:30:02",72,62,10,0,30,20,10,0,100,70,30,0,0,4,0,1,10,6,1,0,0,4,1,2,1
39,VASLUI,"ŞCOALA PRIMARĂ CURTENI",381,OLTENEŞTI,165069,2,PART,PRCNCT,S,S_SV,"2021-01-21 12:30:02",165,153,12,0,53,41,12,0,200,147,52,1,0,2,1,4,21,15,0,1,1,6,0,1,0
39,VASLUI,"ŞCOALA GIMNAZIALA GRIGORE ŞT. RĂILEANU VINEŢEŞTI",382,OLTENEŞTI,165069,1,PROV,PRCNCT,S,S_SV,"2021-01-21 12:30:02",522,507,15,0,145,130,15,0,600,455,140,2,3,8,3,4,48,44,1,2,0,21,3,2,4
39,VASLUI,"ŞCOALA GIMNAZIALĂ CONSTANTIN ROTARU TÎRZII",383,OLTENEŞTI,165069,2,PART,PRCNCT,S,S_SV,"2021-01-21 12:30:02",898,876,22,0,219,197,22,0,900,681,211,5,3,9,4,13,36,65,2,2,3,68,2,5,2
39,VASLUI,"ŞCOALA PRIMARĂ PÎHNA",384,OLTENEŞTI,165069,2,PART,PRCNCT,S,S_SV,"2021-01-21 12:30:02",123,108,15,0,51,36,15,0,200,149,46,3,2,2,4,3,11,19,1,0,0,4,0,0,2
39,VASLUI,"ŞCOALA GIMNAZIALĂ ”MIHAI EMINESCU” SAT OŞEŞTI",385,OŞEŞTI,165130,2,PART,PRCNCT,S,S_SV,"2021-01-21 12:30:02",1024,1006,17,1,264,246,17,1,1200,936,241,9,14,11,7,13,64,102,2,1,2,24,6,7,2
39,VASLUI,"ŞCOALA GIMNAZIALĂ ”LUIZA ZAVLOSCHI” SAT BUDA",386,OŞEŞTI,165130,2,PART,PRCNCT,S,S_SV,"2021-01-21 12:30:02",1105,1090,15,0,244,229,15,0,1200,956,220,15,9,5,9,3,59,58,4,2,5,65,1,6,3
39,VASLUI,"ŞCOALA PRIMARĂ SAT PĂDURENI",387,OŞEŞTI,165130,1,PROV,PRCNCT,S,S_SV,"2021-01-21 12:30:02",266,257,9,0,52,43,9,0,300,248,49,2,1,1,1,2,13,17,1,1,0,8,2,1,2
39,VASLUI,"ŞCOALA GIMNAZIALA NR.1 PĂDURENI",388,PĂDURENI,165185,1,PROV,PRCNCT,S,S_SV,"2021-01-21 12:30:02",1034,1020,14,0,232,218,14,0,1200,968,218,11,3,10,3,13,26,108,1,3,2,44,0,6,2
39,VASLUI,"ŞCOALA PRIMARA RUSCA",389,PĂDURENI,165185,3,PART,PRCNCT,S,S_SV,"2021-01-21 12:30:02",528,515,13,0,113,100,13,0,600,487,111,1,1,8,4,6,12,32,1,1,0,42,0,5,0
39,VASLUI,"ŞCOALA PRIMARA DAVIDEŞTI",390,PĂDURENI,165185,2,PART,PRCNCT,S,S_SV,"2021-01-21 12:30:02",416,407,9,0,112,103,9,0,500,388,109,3,0,3,1,5,13,49,3,2,0,30,1,1,1
39,VASLUI,"ŞCOALA PRIMARA IVĂNEŞTI",391,PĂDURENI,165185,1,PROV,PRCNCT,S,S_SV,"2021-01-21 12:30:02",343,334,9,0,95,86,9,0,400,305,93,1,1,6,3,0,6,36,2,1,2,32,0,3,2
39,VASLUI,"ŞCOALA PRIMARA VĂLENI",392,PĂDURENI,165185,1,PROV,PRCNCT,S,S_SV,"2021-01-21 12:30:02",857,845,12,0,229,217,12,0,900,671,214,9,6,8,6,2,32,100,1,2,0,55,1,5,2
39,VASLUI,"ŞCOALA GIMNAZIALĂ PERIENI - CENTRU",393,PERIENI,165274,1,PROV,PRCNCT,S,S_SV,"2021-01-21 12:30:02",1291,1279,12,0,308,296,12,0,1300,992,291,10,7,53,11,19,33,103,3,4,4,51,2,5,3
39,VASLUI,"ŞCOALA PRIMARĂ PERIENI - SATUL NOU",394,PERIENI,165274,2,PART,PRCNCT,S,S_SV,"2021-01-21 12:30:02",1270,1248,22,0,351,329,22,0,1300,949,330,19,2,82,13,37,51,88,4,4,2,33,3,9,4
39,VASLUI,"ŞCOALA PRIMARĂ PERIENI - VALE",395,PERIENI,165274,2,PART,PRCNCT,S,S_SV,"2021-01-21 12:30:02",490,478,12,0,119,107,12,0,500,381,108,8,3,20,5,4,13,35,3,2,1,18,0,6,1
39,VASLUI,"P.A.P.I. - ACCES INTERNET, BORODEŞTI",396,POCHIDIA,167311,2,PART,PRCNCT,S,S_SV,"2021-01-21 12:30:02",229,220,7,2,101,92,7,2,300,199,98,2,1,4,4,4,16,53,0,2,0,6,1,7,1
39,VASLUI,"ȘCOALA PRIMARĂ POCHIDIA",397,POCHIDIA,167311,2,PART,PRCNCT,S,S_SV,"2021-01-21 12:30:02",381,361,12,8,135,115,12,8,400,265,130,3,2,19,3,6,14,62,1,2,1,13,1,7,1
39,VASLUI,"ŞCOALA GIMNAZIALĂ NR.1 , SĂLCENI",398,POCHIDIA,167311,2,PART,PRCNCT,S,S_SV,"2021-01-21 12:30:02",827,804,9,14,322,299,9,14,900,578,295,18,9,5,6,13,37,168,6,7,0,42,0,8,3
39,VASLUI,"ŞCOALA GIMNAZIALA NR. 1 POGANA",399,POGANA,165416,3,PART,PRCNCT,S,S_SV,"2021-01-21 12:30:02",674,654,15,5,235,215,15,5,800,565,217,2,16,12,5,4,112,44,0,2,0,29,1,7,1
39,VASLUI,"ŞCOALA GIMNAZIALA SAT TOMEŞTI",400,POGANA,165416,2,PART,PRCNCT,S,S_SV,"2021-01-21 12:30:02",736,727,9,0,204,195,9,0,800,596,193,6,5,17,8,7,68,69,0,0,1,14,2,5,2
39,VASLUI,"ŞCOALA GIMNAZIALA SAT BOGEŞTI",401,POGANA,165416,2,PART,PRCNCT,S,S_SV,"2021-01-21 12:30:02",596,561,14,21,195,160,14,21,600,405,180,6,9,4,3,7,81,62,1,6,2,8,1,5,0
39,VASLUI,"ŞCOALA GIMNAZIALA SAT MĂSCUREI",402,POGANA,165416,2,PART,PRCNCT,S,S_SV,"2021-01-21 12:30:02",552,538,13,1,160,146,13,1,600,440,149,5,6,3,18,2,50,48,2,3,7,9,0,4,3
39,VASLUI,"SCOALA GIMNAZIALA ”DIMITRIE NEGRUTIU”",403,POGONEŞTI,167259,2,PART,PRCNCT,S,S_SV,"2021-01-21 12:30:02",1254,1225,26,3,438,409,26,3,1300,862,423,6,9,24,24,26,68,234,1,5,1,27,3,8,2
39,VASLUI,"”SALA TINERETULUI”",404,POGONEŞTI,167259,1,PROV,PRCNCT,S,S_SV,"2021-01-21 12:30:02",188,160,27,1,93,65,27,1,200,107,91,2,0,14,15,10,14,25,1,2,0,6,1,2,1
39,VASLUI,"ŞCOALA GIMNAZIALA, FLOREŞTI",405,POIENEŞTI,165336,1,PROV,PRCNCT,S,S_SV,"2021-01-21 12:30:02",435,410,25,0,160,135,25,0,500,340,151,2,7,4,1,6,10,109,1,2,0,6,3,7,2
39,VASLUI,"CĂMIN CULTURAL POIENEŞTI",406,POIENEŞTI,165336,2,PART,PRCNCT,S,S_SV,"2021-01-21 12:30:02",753,729,24,0,222,198,24,0,800,578,217,3,2,21,2,11,10,147,2,1,0,13,5,2,3
39,VASLUI,"ŞCOALA OPRIŞIŢA",407,POIENEŞTI,165336,1,PROV,PRCNCT,S,S_SV,"2021-01-21 12:30:02",702,692,10,0,156,146,10,0,800,644,147,6,3,11,3,21,22,51,0,2,0,28,0,4,5
39,VASLUI,"ŞCOALA FRASINU",408,POIENEŞTI,165336,2,PART,PRCNCT,S,S_SV,"2021-01-21 12:30:02",305,294,11,0,85,74,11,0,400,315,77,3,5,3,1,3,9,44,3,1,1,5,2,3,2
39,VASLUI,"ŞCOALA POIENEŞTI DEAL",409,POIENEŞTI,165336,1,PROV,PRCNCT,S,S_SV,"2021-01-21 12:30:02",105,91,14,0,43,29,14,0,100,57,42,1,0,2,1,1,7,25,1,0,0,4,0,0,1
39,VASLUI,"ŞCOALA FUNDU VĂII",410,POIENEŞTI,165336,2,PART,PRCNCT,S,S_SV,"2021-01-21 12:30:02",81,60,21,0,40,19,21,0,100,60,40,0,0,6,1,3,2,14,1,0,0,1,9,1,2
39,VASLUI,"LICEUL TEHNOLOGIC, SAT PUIEŞTI",411,PUIEŞTI,165470,1,PROV,PRCNCT,S,S_SV,"2021-01-21 12:30:02",1135,1124,11,0,234,223,11,0,1200,966,225,7,2,37,21,13,28,61,1,5,0,20,3,6,30
39,VASLUI,"ŞCOALA PRIMARĂ,SAT IEZER",412,PUIEŞTI,165470,1,PROV,PRCNCT,S,S_SV,"2021-01-21 12:30:02",249,232,17,0,68,51,17,0,300,232,63,1,4,9,7,8,8,19,0,2,1,5,0,1,3
39,VASLUI,"ŞCOALA PRIMARĂ,SAT GÎLŢEŞTI",413,PUIEŞTI,165470,1,PROV,PRCNCT,S,S_SV,"2021-01-21 12:30:02",125,112,13,0,53,40,13,0,200,147,49,3,1,14,4,2,10,10,0,0,0,4,0,2,3
39,VASLUI,"ŞCOALA PRIMARĂ,SAT RUŞI",414,PUIEŞTI,165470,2,PART,PRCNCT,S,S_SV,"2021-01-21 12:30:02",316,303,13,0,103,90,13,0,400,297,93,7,3,23,12,2,5,25,1,3,3,5,4,3,7
39,VASLUI,"ŞCOALA PRIMARĂ, SAT FÎNTÎNELE",415,PUIEŞTI,165470,2,PART,PRCNCT,S,S_SV,"2021-01-21 12:30:02",100,90,10,0,50,40,10,0,100,50,50,0,0,10,9,1,8,7,3,1,2,4,0,0,5
39,VASLUI,"ŞCOALA PRIMARĂ, SAT CĂLIMĂNEŞTI",416,PUIEŞTI,165470,1,PROV,PRCNCT,S,S_SV,"2021-01-21 12:30:02",297,288,9,0,94,85,9,0,300,206,86,3,5,9,12,6,31,15,1,3,1,1,0,4,3
39,VASLUI,"ŞCOALA PRIMARĂ, SAT FULGU",417,PUIEŞTI,165470,1,PROV,PRCNCT,S,S_SV,"2021-01-21 12:30:02",133,122,11,0,63,52,11,0,200,137,63,0,0,20,28,1,3,4,0,1,0,2,0,2,2
39,VASLUI,"ŞCOALA GIMNAZIALĂ, SAT LĂLEŞTI",418,PUIEŞTI,165470,4,PART,PRCNCT,S,S_SV,"2021-01-21 12:30:02",374,369,5,0,116,111,5,0,397,281,112,3,1,18,47,2,3,22,2,1,0,9,1,1,6
39,VASLUI,"ŞCOALA PRIMARĂ, SAT CRISTEŞTI",419,PUIEŞTI,165470,2,PART,PRCNCT,S,S_SV,"2021-01-21 12:30:02",365,361,4,0,86,82,4,0,400,314,81,5,0,15,24,2,7,15,1,0,0,11,0,2,4
39,VASLUI,"ŞCOALA PRIMARĂ, SAT CETĂŢUIA",420,PUIEŞTI,165470,1,PROV,PRCNCT,S,S_SV,"2021-01-21 12:30:02",318,311,7,0,128,121,7,0,400,272,119,6,3,39,38,2,7,10,1,1,1,4,2,10,4
39,VASLUI,"ŞCOALA PRIMARĂ, SAT ROTARI",421,PUIEŞTI,165470,2,PART,PRCNCT,S,S_SV,"2021-01-21 12:30:02",102,93,9,0,45,36,9,0,100,55,43,1,1,9,3,2,8,12,0,0,0,0,0,2,7
39,VASLUI,"ŞCOALA PRIMARĂ, SAT BĂRTĂLUŞ -MOCANI",422,PUIEŞTI,165470,1,PROV,PRCNCT,S,S_SV,"2021-01-21 12:30:02",213,196,17,0,72,55,17,0,200,128,65,1,6,14,12,7,4,11,2,4,0,2,0,8,1
39,VASLUI,"ŞCOALA GIMNAZIALA NR. 1 , SAT PUNGEŞTI",423,PUNGEŞTI,165611,2,PART,PRCNCT,S,S_SV,"2021-01-21 12:30:02",811,798,13,0,242,229,13,0,800,558,224,18,0,9,9,6,22,135,0,8,2,21,2,10,0
39,VASLUI,"ŞCOALA PRIMARA, SAT STEJARU",424,PUNGEŞTI,165611,2,PART,PRCNCT,S,S_SV,"2021-01-21 12:30:02",202,196,6,0,92,86,6,0,200,108,88,1,3,6,23,9,2,37,2,2,0,1,0,3,3
39,VASLUI,"ŞCOALA PRIMARA,SAT SILIŞTEA",425,PUNGEŞTI,165611,1,PROV,PRCNCT,S,S_SV,"2021-01-21 12:30:02",211,205,6,0,82,76,6,0,300,218,80,1,1,2,16,6,13,30,1,1,0,8,0,0,3
39,VASLUI,"ŞCOALA PRIMARA, SAT ARMÃŞOAIA",426,PUNGEŞTI,165611,1,PROV,PRCNCT,S,S_SV,"2021-01-21 12:30:02",435,428,7,0,107,100,7,0,500,393,101,4,2,1,4,9,21,39,2,1,1,19,0,0,4
39,VASLUI,"ŞCOALA PRIMARA, SAT TOPORĂŞTI",427,PUNGEŞTI,165611,1,PROV,PRCNCT,S,S_SV,"2021-01-21 12:30:02",530,522,8,0,132,124,8,0,600,468,120,8,4,16,19,7,31,21,1,1,1,15,2,4,2
39,VASLUI,"ŞCOALA PRIMARA,SAT CURSEŞTI DEAL",428,PUNGEŞTI,165611,1,PROV,PRCNCT,S,S_SV,"2021-01-21 12:30:02",174,168,6,0,59,53,6,0,200,141,55,0,4,6,29,1,2,10,2,0,0,2,0,2,1
39,VASLUI,"ŞCOALA PRIMARA, SAT CURSEŞTI VALE",429,PUNGEŞTI,165611,1,PROV,PRCNCT,S,S_SV,"2021-01-21 12:30:02",212,206,6,0,65,59,6,0,299,234,62,1,2,3,23,2,6,21,0,0,0,2,0,0,5
39,VASLUI,"ŞCOALA GIMNAZIALA NR. 1 PUŞCAŞI",430,PUŞCAŞI,167320,1,PROV,PRCNCT,S,S_SV,"2021-01-21 12:30:02",1192,1175,10,7,270,253,10,7,1200,930,256,9,5,11,11,22,38,104,1,5,0,56,2,3,3
39,VASLUI,"ŞCOALA GIMNAZIALA NR. 1 PUŞCAŞI",431,PUŞCAŞI,167320,2,PART,PRCNCT,S,S_SV,"2021-01-21 12:30:02",981,964,13,4,200,183,13,4,1000,800,192,4,4,7,6,22,34,73,1,10,0,20,11,6,2
39,VASLUI,"ŞCOALA PRIMARA POIANA LUI ALEXA",432,PUŞCAŞI,167320,1,PROV,PRCNCT,S,S_SV,"2021-01-21 12:30:02",281,257,20,4,82,58,20,4,400,318,76,5,1,3,2,4,16,45,0,0,0,1,2,3,0
39,VASLUI,"SCOALA PRIMARA TEIŞORU",433,PUŞCAŞI,167320,2,PART,PRCNCT,S,S_SV,"2021-01-21 12:30:02",432,422,10,0,118,108,10,0,500,382,110,8,0,2,2,2,31,41,2,1,1,21,1,4,2
39,VASLUI,"ŞCOALA PRIMARA VALEA TÂRGULUI",434,PUŞCAŞI,167320,1,PROV,PRCNCT,S,S_SV,"2021-01-21 12:30:02",155,120,28,7,112,77,28,7,200,88,108,3,1,4,3,5,9,74,1,2,2,4,1,1,2
39,VASLUI,"GRĂDINIŢA CU PROGRAM NORMAL, RAFAILA",435,RAFAILA,167240,1,PROV,PRCNCT,S,S_SV,"2021-01-21 12:30:02",1475,1466,9,0,361,352,9,0,1600,1239,347,6,8,8,11,10,23,197,2,6,2,76,1,10,1
39,VASLUI,"ŞCOALA GIMNAZIALĂ REBRICEA",436,REBRICEA,165719,1,PROV,PRCNCT,S,S_SV,"2021-01-21 12:30:02",500,446,54,0,121,67,54,0,500,379,118,2,1,4,7,40,16,38,0,0,0,11,0,2,0
39,VASLUI,"CĂMINUL CULTURAL, DRAXENI",437,REBRICEA,165719,1,PROV,PRCNCT,S,S_SV,"2021-01-21 12:30:02",678,664,14,0,184,170,14,0,800,616,162,16,6,3,6,2,27,102,0,2,0,16,1,3,0
39,VASLUI,"ŞCOALA PRIMARĂ SASOVA",438,REBRICEA,165719,1,PROV,PRCNCT,S,S_SV,"2021-01-21 12:30:02",241,237,4,0,54,50,4,0,300,246,53,0,1,3,2,2,9,20,1,2,0,12,0,2,0
39,VASLUI,"ŞCOALA PRIMARĂ TUFEŞTII DE JOS",439,REBRICEA,165719,1,PROV,PRCNCT,S,S_SV,"2021-01-21 12:30:02",322,317,5,0,64,59,5,0,400,336,63,1,0,1,1,3,13,30,1,2,1,9,1,1,0
39,VASLUI,"ŞCOALA PRIMARĂ BOLAŢI",440,REBRICEA,165719,1,PROV,PRCNCT,S,S_SV,"2021-01-21 12:30:02",161,152,9,0,46,37,9,0,200,154,44,2,0,1,1,1,6,22,0,1,2,4,1,3,2
39,VASLUI,"ŞCOALA PRIMARĂ CRĂCIUNEŞTI",441,REBRICEA,165719,1,PROV,PRCNCT,S,S_SV,"2021-01-21 12:30:02",254,244,10,0,93,83,10,0,300,207,88,4,1,5,2,1,13,52,0,1,0,9,2,2,1
39,VASLUI,"ŞCOALA PRIMARĂ TATOMIREŞTI",442,REBRICEA,165719,1,PROV,PRCNCT,S,S_SV,"2021-01-21 12:30:02",261,254,7,0,67,60,7,0,300,233,64,2,1,4,1,2,4,42,0,1,0,7,1,1,1
39,VASLUI,"ŞCOALA PRIMARĂ RATEŞU-CUZEI",443,REBRICEA,165719,2,PART,PRCNCT,S,S_SV,"2021-01-21 12:30:02",433,425,8,0,116,108,8,0,500,384,114,1,1,17,1,3,32,49,0,0,0,10,1,1,0
39,VASLUI,"ŞCOALA GIMNAZIALĂ ”VENIAMIN COSTACHI” , ROŞIEŞTI",444,ROŞIEŞTI,165817,2,PART,PRCNCT,S,S_SV,"2021-01-21 12:30:02",970,950,20,0,266,246,20,0,1000,734,250,7,9,13,9,17,44,98,0,10,3,37,1,13,5
39,VASLUI,"ŞCOALA PRIMARĂ VALEA LUI DARIE",445,ROŞIEŞTI,165817,1,PROV,PRCNCT,S,S_SV,"2021-01-21 12:30:02",468,460,8,0,128,120,8,0,500,372,121,4,3,9,12,6,11,56,1,1,1,15,1,5,3
39,VASLUI,"ŞCOALA PRIMARĂ IDRICI",446,ROŞIEŞTI,165817,2,PART,PRCNCT,S,S_SV,"2021-01-21 12:30:02",333,319,14,0,92,78,14,0,400,308,85,6,1,2,4,3,20,36,0,1,1,11,3,1,3
39,VASLUI,"ŞCOALA PRIMARĂ GURA IDRICI",447,ROŞIEŞTI,165817,1,PROV,PRCNCT,S,S_SV,"2021-01-21 12:30:02",362,351,11,0,98,87,11,0,400,302,94,3,1,0,10,17,11,38,1,3,1,9,0,4,0
39,VASLUI,"GRĂDINIȚA CU PROGRAM NORMAL GARA ROŞIEŞTI",448,ROŞIEŞTI,165817,1,PROV,PRCNCT,S,S_SV,"2021-01-21 12:30:02",320,313,7,0,95,88,7,0,400,305,91,3,1,6,9,15,11,27,0,1,1,17,0,3,1
39,VASLUI,"ŞCOALA PRIMARĂ REDIU",449,ROŞIEŞTI,165817,1,PROV,PRCNCT,S,S_SV,"2021-01-21 12:30:02",146,132,14,0,64,50,14,0,200,136,60,2,2,4,1,3,24,17,0,0,1,9,0,1,0
39,VASLUI,"BIBLIOTECA ”ELENA CUZA” DIN LOCALITATEA SOLEȘTI",450,SOLEŞTI,165899,1,PROV,PRCNCT,S,S_SV,"2021-01-21 12:30:02",938,932,6,0,196,190,6,0,1000,804,188,6,2,13,5,15,44,85,0,3,0,19,0,4,0
39,VASLUI,"FOSTA ŞCOALA CU CLASELE I-IV BOUȘORI",451,SOLEŞTI,165899,1,PROV,PRCNCT,S,S_SV,"2021-01-21 12:30:02",217,204,13,0,59,46,13,0,300,241,57,2,0,2,1,4,6,35,1,0,0,6,0,2,0
39,VASLUI,"GRĂDINIȚA CU PROGRAM NORMAL IAZ",452,SOLEŞTI,165899,1,PROV,PRCNCT,S,S_SV,"2021-01-21 12:30:02",304,297,7,0,107,100,7,0,400,293,101,1,5,1,1,0,8,80,1,1,1,7,0,0,1
39,VASLUI,"GRĂDINIȚA CU PROGRAM NORMAL SATU NOU",453,SOLEŞTI,165899,2,PART,PRCNCT,S,S_SV,"2021-01-21 12:30:02",329,322,7,0,100,93,7,0,400,300,93,2,5,3,3,16,11,47,0,3,0,7,0,1,2
39,VASLUI,"ŞCOALA GIMNAZIALĂ ȘERBOTEȘTI",454,SOLEŞTI,165899,2,PART,PRCNCT,S,S_SV,"2021-01-21 12:30:02",622,606,16,0,193,177,16,0,700,507,180,7,6,4,3,11,36,73,2,1,5,38,1,5,1
39,VASLUI,"GRĂDINIȚA CU PROGRAM NORMAL ȘTIOBORĂNI",455,SOLEŞTI,165899,1,PROV,PRCNCT,S,S_SV,"2021-01-21 12:30:02",309,291,18,0,81,63,18,0,300,219,74,2,5,1,2,3,24,26,1,1,0,7,1,4,4
39,VASLUI,"FOSTA ŞCOALA CU CLASELE I-IV VALEA SILIȘTEI",456,SOLEŞTI,165899,1,PROV,PRCNCT,S,S_SV,"2021-01-21 12:30:02",242,230,12,0,86,74,12,0,300,214,79,4,3,5,2,1,15,45,1,1,0,6,0,2,1
39,VASLUI,"ŞCOALA GIMNAZIALĂ NR. 1, CORP B",457,STĂNILEŞTI,165979,1,PROV,PRCNCT,S,S_SV,"2021-01-21 12:30:02",1380,1368,12,0,304,292,12,0,1600,1296,288,13,3,6,6,33,37,129,3,6,3,54,3,8,0
39,VASLUI,"ŞCOALA GIMNAZIALĂ NR. 1, CORP B",458,STĂNILEŞTI,165979,1,PROV,PRCNCT,S,S_SV,"2021-01-21 12:30:02",872,860,12,0,217,205,12,0,900,683,210,5,2,8,4,19,21,101,1,5,0,46,2,1,2
39,VASLUI,"ŞCOALA PRIMARĂ, BOGDANA - VOLOSENI",459,STĂNILEŞTI,165979,2,PART,PRCNCT,S,S_SV,"2021-01-21 12:30:02",136,122,14,0,54,40,14,0,200,146,51,3,0,2,3,2,5,34,1,0,0,3,0,1,0
39,VASLUI,"ŞCOALA PRIMARĂ, BUDU - CANTEMIR",460,STĂNILEŞTI,165979,1,PROV,PRCNCT,S,S_SV,"2021-01-21 12:30:02",230,221,9,0,66,57,9,0,300,234,63,2,1,2,2,2,5,42,1,1,1,6,0,0,1
39,VASLUI,"ŞCOALA PRIMARĂ, CHERSĂCOSU",461,STĂNILEŞTI,165979,3,PART,PRCNCT,S,S_SV,"2021-01-21 12:30:02",425,416,9,0,145,136,9,0,500,355,138,5,2,3,3,1,29,55,2,2,0,41,0,2,0
39,VASLUI,"GRĂDINIŢA CU PROGRAM NORMAL, GURA VĂII",462,STĂNILEŞTI,165979,1,PROV,PRCNCT,S,S_SV,"2021-01-21 12:30:02",374,361,13,0,111,98,13,0,400,289,108,3,0,2,7,19,13,41,2,0,0,20,0,3,1
39,VASLUI,"ŞCOALA GIMNAZIALĂ, POGĂNEŞTI",463,STĂNILEŞTI,165979,1,PROV,PRCNCT,S,S_SV,"2021-01-21 12:30:02",907,883,24,0,301,277,24,0,900,599,284,14,3,5,9,11,24,133,1,3,0,90,1,5,2
39,VASLUI,"CĂMINUL CULTURAL, ŞTEFAN CEL MARE",464,"ŞTEFAN CEL MARE",166057,1,PROV,PRCNCT,S,S_SV,"2021-01-21 12:30:02",625,594,31,0,286,255,31,0,600,314,271,6,9,6,3,16,26,183,0,9,0,22,1,5,0
39,VASLUI,"CĂMINUL CULTURAL BÎRZEŞTI",465,"ŞTEFAN CEL MARE",166057,1,PROV,PRCNCT,S,S_SV,"2021-01-21 12:30:02",1032,1009,21,2,325,302,21,2,1200,875,302,11,12,9,7,12,26,194,3,4,1,31,2,7,6
39,VASLUI,"ŞCOALA PRIMARA ”CONSTANTIN MANOILESCU” MARASENI",466,"ŞTEFAN CEL MARE",166057,1,PROV,PRCNCT,S,S_SV,"2021-01-21 12:30:02",757,736,21,0,318,297,21,0,800,482,315,1,2,1,3,8,18,260,2,0,0,19,1,3,0
39,VASLUI,"ŞCOALA PRIMARA, BRĂHĂŞOAIA",467,"ŞTEFAN CEL MARE",166057,1,PROV,PRCNCT,S,S_SV,"2021-01-21 12:30:02",459,427,26,6,184,152,26,6,500,316,180,1,3,4,0,12,12,128,2,1,0,19,1,0,1
39,VASLUI,"CĂMINUL CULTURAL ”VIRGIL CARAIVAN” ŞULETEA",468,ŞULETEA,166137,2,PART,PRCNCT,S,S_SV,"2021-01-21 12:30:02",971,933,20,18,285,247,20,18,1000,715,272,7,6,8,9,23,57,129,1,3,0,30,3,9,0
39,VASLUI,"CREȘA FEDEȘTI",469,ŞULETEA,166137,2,PART,PRCNCT,S,S_SV,"2021-01-21 12:30:02",506,479,12,15,176,149,12,15,500,324,170,4,2,10,12,6,29,87,1,2,1,11,1,7,3
39,VASLUI,"ŞCOALA PRIMARĂ ”DUMITRU BAHRIM”",470,ŞULETEA,166137,3,PART,PRCNCT,S,S_SV,"2021-01-21 12:30:02",209,187,16,6,74,52,16,6,200,126,72,0,2,3,2,11,10,36,0,1,1,3,1,3,1
39,VASLUI,"ANEXA LA BISERICA „NAȘTEREA MAICII DOMNULUI” RĂŞCANI",471,ŞULETEA,166137,1,PROV,PRCNCT,S,S_SV,"2021-01-21 12:30:02",233,200,21,12,106,73,21,12,300,194,102,2,2,3,2,5,12,71,0,1,0,4,0,2,2
39,VASLUI,"ŞCOALA GIMNAZIALĂ NR. 1 SAT. TANACU",472,TANACU,166182,2,PART,PRCNCT,S,S_SV,"2021-01-21 12:30:02",1306,1266,39,1,317,277,39,1,1300,983,306,4,7,19,12,29,56,139,0,3,2,31,2,9,4
39,VASLUI,"ŞCOALA PRIMARĂ SAT. BENEŞTI",473,TANACU,166182,1,PROV,PRCNCT,S,S_SV,"2021-01-21 12:30:02",286,267,19,0,90,71,19,0,300,210,85,3,2,5,3,5,15,39,2,0,0,9,3,4,0
39,VASLUI,"CĂMINUL CULTURAL TĂCUTA",474,TĂCUTA,166235,2,PART,PRCNCT,S,S_SV,"2021-01-21 12:30:02",687,675,12,0,199,187,12,0,800,601,192,4,3,7,8,21,47,57,0,5,4,35,0,6,2
39,VASLUI,"ŞCOALA PRIMARĂ DUMASCA",475,TĂCUTA,166235,1,PROV,PRCNCT,S,S_SV,"2021-01-21 12:30:02",243,233,10,0,68,58,10,0,300,232,61,4,3,1,1,2,17,24,1,4,1,6,1,2,1
39,VASLUI,"ŞCOALA PRIMARĂ MIRCEŞTI",476,TĂCUTA,166235,2,PART,PRCNCT,S,S_SV,"2021-01-21 12:30:02",236,221,15,0,102,87,15,0,300,198,99,2,1,2,3,9,52,21,0,3,0,7,0,2,0
39,VASLUI,"ŞCOALA GIMNAZIALĂ FOCŞEAŞCA",477,TĂCUTA,166235,1,PROV,PRCNCT,S,S_SV,"2021-01-21 12:30:02",646,636,10,0,197,187,10,0,800,603,183,6,8,3,9,9,24,64,0,3,1,59,2,8,1
39,VASLUI,"ŞCOALA GIMNAZIALĂ PROTOPOPEŞTI",478,TĂCUTA,166235,2,PART,PRCNCT,S,S_SV,"2021-01-21 12:30:02",672,661,11,0,168,157,11,0,800,632,155,8,5,4,7,9,40,31,1,3,0,51,3,4,2
39,VASLUI,"SCOALA PRIMARA - SAT.LEOSTI",479,TĂTĂRĂNI,166315,2,PART,PRCNCT,S,S_SV,"2021-01-21 12:30:02",254,247,7,0,58,51,7,0,300,242,57,0,1,1,2,5,6,32,1,0,0,7,0,2,1
39,VASLUI,"CĂMINUL CULTURAL TĂTĂRĂNI",480,TĂTĂRĂNI,166315,1,PROV,PRCNCT,S,S_SV,"2021-01-21 12:30:02",600,584,16,0,167,151,16,0,600,433,159,3,5,9,7,9,24,68,1,1,0,29,0,4,7
39,VASLUI,"ŞCOALA GIMNAZIALA ”ION ANGHELUTA” - SAT BALTATI",481,TĂTĂRĂNI,166315,2,PART,PRCNCT,S,S_SV,"2021-01-21 12:30:02",472,465,7,0,76,69,7,0,500,424,72,2,2,3,2,2,6,32,1,0,0,20,0,2,4
39,VASLUI,"SCOALA PRIMARA - SAT STROIESTI",482,TĂTĂRĂNI,166315,1,PROV,PRCNCT,S,S_SV,"2021-01-21 12:30:02",287,274,13,0,66,53,13,0,400,334,62,2,2,3,1,2,11,28,1,2,0,8,0,0,6
39,VASLUI,"ŞCOALA PRIMARA SAT SILIŞTEA",483,TODIREŞTI,166413,2,PART,PRCNCT,S,S_SV,"2021-01-21 12:30:02",315,303,12,0,96,84,12,0,400,304,89,6,1,5,5,8,13,35,2,0,0,20,0,0,1
39,VASLUI,"ŞCOALA GIMNAZIALA ”GH.CIOATĂ” TODIREŞTI",484,TODIREŞTI,166413,1,PROV,PRCNCT,S,S_SV,"2021-01-21 12:30:02",763,757,6,0,160,154,6,0,800,640,158,2,0,17,7,19,32,46,0,1,0,30,2,2,2
39,VASLUI,"ȘCOALA PRIMARĂ COTIC",485,TODIREŞTI,166413,1,PROV,PRCNCT,S,S_SV,"2021-01-21 12:30:02",257,242,15,0,70,55,15,0,300,230,69,1,0,1,4,7,6,26,0,1,1,19,1,3,0
39,VASLUI,"ŞCOALA PRIMARA SAT DRĂGEŞTI",486,TODIREŞTI,166413,1,PROV,PRCNCT,S,S_SV,"2021-01-21 12:30:02",319,308,11,0,78,67,11,0,400,322,70,5,3,2,2,5,7,42,0,0,0,9,0,2,1
39,VASLUI,"ŞCOALA PRIMARA SAT HUC",487,TODIREŞTI,166413,1,PROV,PRCNCT,S,S_SV,"2021-01-21 12:30:02",479,469,10,0,123,113,10,0,500,377,113,5,5,0,2,2,16,75,0,1,1,14,0,2,0
39,VASLUI,"ŞCOALA PRIMARA SAT PLOPOASA",488,TODIREŞTI,166413,1,PROV,PRCNCT,S,S_SV,"2021-01-21 12:30:02",206,197,9,0,107,98,9,0,200,93,104,1,2,17,1,2,2,57,0,0,1,18,1,3,2
39,VASLUI,"ŞCOALA PRIMARA SAT SOFRONEŞTI",489,TODIREŞTI,166413,1,PROV,PRCNCT,S,S_SV,"2021-01-21 12:30:02",128,116,12,0,47,35,12,0,200,153,46,1,0,10,4,4,15,8,1,0,1,3,0,0,0
39,VASLUI,"ŞCOALA PRIMARA SAT VALEA -POPII",490,TODIREŞTI,166413,1,PROV,PRCNCT,S,S_SV,"2021-01-21 12:30:02",103,92,11,0,57,46,11,0,100,43,55,0,2,3,2,5,4,27,1,0,0,10,1,2,0
39,VASLUI,"ŞCOALA PRIMARA SAT VIIŞOARA",491,TODIREŞTI,166413,1,PROV,PRCNCT,S,S_SV,"2021-01-21 12:30:02",112,100,12,0,55,43,12,0,200,145,51,3,1,1,3,2,13,14,0,1,1,13,0,3,0
39,VASLUI,"CĂMINUL CULTURAL TUTOVA",492,TUTOVA,166529,3,PART,PRCNCT,S,S_SV,"2021-01-21 12:30:02",1135,1111,24,0,389,365,24,0,1200,811,374,11,4,12,6,48,73,162,3,1,2,58,1,4,4
39,VASLUI,"ŞCOALA GIMNAZIALA BADEANA",493,TUTOVA,166529,1,PROV,PRCNCT,S,S_SV,"2021-01-21 12:30:02",1168,1150,17,1,315,297,17,1,1200,885,304,10,1,8,9,47,37,124,2,3,3,66,0,5,0
39,VASLUI,"CĂMINUL CULTURAL CRIVESTI",494,TUTOVA,166529,2,PART,PRCNCT,S,S_SV,"2021-01-21 12:30:02",366,356,10,0,118,108,10,0,400,282,112,2,4,1,4,6,12,63,0,2,1,15,0,6,2
39,VASLUI,"ŞCOALA CIORTOLOM",495,TUTOVA,166529,2,PART,PRCNCT,S,S_SV,"2021-01-21 12:30:02",156,143,13,0,64,51,13,0,200,136,61,2,1,1,3,9,7,25,0,1,0,12,1,2,0
39,VASLUI,"ŞCOALA COROIU",496,TUTOVA,166529,2,PART,PRCNCT,S,S_SV,"2021-01-21 12:30:02",175,162,13,0,59,46,13,0,200,141,58,0,1,1,2,4,13,23,0,0,0,13,0,0,2
39,VASLUI,"ŞCOALA VIZURENI",497,TUTOVA,166529,2,PART,PRCNCT,S,S_SV,"2021-01-21 12:30:02",148,136,12,0,59,47,12,0,200,141,55,3,1,2,4,5,11,19,0,0,1,11,0,2,0
39,VASLUI,"ŞCOALA GIMNAZIALĂ NR. 1 SAT VĂLENI COM VĂLENI",498,VĂLENI,166636,1,PROV,PRCNCT,S,S_SV,"2021-01-21 12:30:02",1468,1464,4,0,232,228,4,0,1600,1368,214,7,11,13,6,22,72,28,0,3,0,61,1,6,2
39,VASLUI,"ŞCOALA GIMNAZIALĂ NR. 1 SAT VĂLENI COM. VĂLENI",499,VĂLENI,166636,2,PART,PRCNCT,S,S_SV,"2021-01-21 12:30:02",1512,1507,5,0,238,233,5,0,1600,1362,223,8,7,10,6,16,69,44,0,4,4,58,2,7,3
39,VASLUI,"ŞCOALA PRIMARĂ SAT MOARA DOMNEASCĂ",500,VĂLENI,166636,1,PROV,PRCNCT,S,S_SV,"2021-01-21 12:30:02",1338,1328,10,0,305,295,10,0,1400,1095,290,12,3,53,4,30,51,60,0,5,1,69,5,10,2
39,VASLUI,"LICEUL TEHNOLOGIC ”PETRU RARES” - CENTRU",501,VETRIŞOAIA,166672,3,PART,PRCNCT,S,S_SV,"2021-01-21 12:30:02",1522,1471,5,46,435,384,5,46,1600,1165,425,7,3,8,4,9,211,127,6,6,5,41,2,3,3
39,VASLUI,"LICEUL TEHNOLOGIC ”PETRU RAREȘ” VETRIȘOAIA",502,VETRIŞOAIA,166672,2,PART,PRCNCT,S,S_SV,"2021-01-21 12:30:02",874,821,12,41,267,214,12,41,900,633,255,12,0,6,9,7,117,73,2,6,1,23,0,9,2
39,VASLUI,"ȘCOALA BUMBĂTA",503,VETRIŞOAIA,166672,2,PART,PRCNCT,S,S_SV,"2021-01-21 12:30:02",101,92,9,0,38,29,9,0,100,62,34,3,1,5,2,1,12,8,2,1,0,3,0,0,0
39,VASLUI,"CAMIN CULTURAL, SAT VIIȘOARA",504,VIIŞOARA,166707,2,PART,PRCNCT,S,S_SV,"2021-01-21 12:30:02",984,924,31,29,311,251,31,29,1000,689,300,5,6,27,6,14,37,157,1,5,3,36,1,10,3
39,VASLUI,"ȘCOALA PRIMARĂ HALTA DODEȘTI",505,VIIŞOARA,166707,2,PART,PRCNCT,S,S_SV,"2021-01-21 12:30:02",184,165,14,5,50,31,14,5,203,153,48,1,1,3,3,4,14,18,1,1,0,2,1,0,1
39,VASLUI,"ȘCOALA PRIMARĂ VĂLENI",506,VIIŞOARA,166707,2,PART,PRCNCT,S,S_SV,"2021-01-21 12:30:02",116,100,12,4,51,35,12,4,100,49,49,1,1,2,4,1,7,25,0,1,1,5,2,0,1
39,VASLUI,"ȘCOALA PRIMARĂ VILTOTEȘTI",507,VIIŞOARA,166707,3,PART,PRCNCT,S,S_SV,"2021-01-21 12:30:02",174,153,15,6,72,51,15,6,200,128,70,2,0,6,3,3,12,37,0,1,0,5,0,2,1
39,VASLUI,"ŞCOALA GIMNAZIALA NR.1, VINDEREI",508,VINDEREI,166770,2,PART,PRCNCT,S,S_SV,"2021-01-21 12:30:02",742,734,8,0,202,194,8,0,800,598,189,9,4,80,5,6,22,36,4,3,0,19,2,11,1
39,VASLUI,"ŞCOALA PRIMARA, BRADESTI",509,VINDEREI,166770,1,PROV,PRCNCT,S,S_SV,"2021-01-21 12:30:02",450,433,17,0,155,138,17,0,500,345,147,4,4,79,7,1,3,42,1,1,0,8,0,3,2
39,VASLUI,"ŞCOALA GIMNAZIALA, DOCANI",510,VINDEREI,166770,2,PART,PRCNCT,S,S_SV,"2021-01-21 12:30:02",486,479,7,0,115,108,7,0,500,385,109,1,5,55,1,2,4,18,0,1,1,16,4,4,3
39,VASLUI,"ŞCOALA PRIMARA DOCANEASA",511,VINDEREI,166770,3,PART,PRCNCT,S,S_SV,"2021-01-21 12:30:02",383,374,9,0,100,91,9,0,400,300,98,1,1,39,0,4,11,20,1,1,0,19,0,2,1
39,VASLUI,"ŞCOALA GIMNAZIALA OBIRSENI",512,VINDEREI,166770,1,PROV,PRCNCT,S,S_SV,"2021-01-21 12:30:02",721,700,21,0,182,161,21,0,800,618,169,8,5,65,2,9,16,44,1,0,0,22,1,8,1
39,VASLUI,"ŞCOALA PRIMARA VALEA LUNGĂ",513,VINDEREI,166770,1,PROV,PRCNCT,S,S_SV,"2021-01-21 12:30:02",398,394,4,0,109,105,4,0,400,291,102,2,5,50,6,2,6,16,0,0,1,15,0,6,0
39,VASLUI,"ȘCOALA GIMNAZIALĂ NR.1 VOINEȘTI",514,VOINEŞTI,166869,1,PROV,PRCNCT,S,S_SV,"2021-01-21 12:30:02",300,293,7,0,66,59,7,0,400,334,64,2,0,9,4,6,11,23,0,3,1,4,0,2,1
39,VASLUI,"ȘCOALA PRIMARĂ SAT AVRĂMEȘTI",515,VOINEŞTI,166869,2,PART,PRCNCT,S,S_SV,"2021-01-21 12:30:02",517,510,7,0,113,106,7,0,600,487,102,8,3,8,5,9,14,48,2,2,0,8,0,3,3
39,VASLUI,"ȘCOALA PRIMARĂ MĂRĂȘEȘTI",516,VOINEŞTI,166869,1,PROV,PRCNCT,S,S_SV,"2021-01-21 12:30:02",171,162,9,0,50,41,9,0,200,150,49,1,0,3,1,4,16,20,0,0,0,2,0,2,1
39,VASLUI,"ȘCOALA PRIMARĂ BĂNCEȘTI",517,VOINEŞTI,166869,1,PROV,PRCNCT,S,S_SV,"2021-01-21 12:30:02",164,158,6,0,55,49,6,0,200,145,54,1,0,8,8,1,6,21,2,2,0,3,1,2,0
39,VASLUI,"CONTAINER MODULAR",518,VOINEŞTI,166869,3,PART,PRCNCT,S,S_SV,"2021-01-21 12:30:02",160,151,9,0,49,40,9,0,200,151,46,1,2,4,2,1,3,30,2,0,0,1,0,2,1
39,VASLUI,"ȘCOALA GIMNAZIALĂ GÎRDEȘTI",519,VOINEŞTI,166869,2,PART,PRCNCT,S,S_SV,"2021-01-21 12:30:02",529,521,8,0,218,210,8,0,600,382,202,15,1,11,15,5,16,126,0,1,2,22,0,4,0
39,VASLUI,"ȘCOALA PRIMARĂ OBÎRȘENI",520,VOINEŞTI,166869,1,PROV,PRCNCT,S,S_SV,"2021-01-21 12:30:02",292,288,4,0,66,62,4,0,300,234,64,1,1,8,5,3,10,27,0,0,0,1,0,2,8
39,VASLUI,"ȘCOALA GIMNAZIALĂ OBÎRȘENII LINGURARI",521,VOINEŞTI,166869,2,PART,PRCNCT,S,S_SV,"2021-01-21 12:30:02",673,664,9,0,224,215,9,0,800,576,207,7,10,41,2,3,16,133,2,1,0,5,0,3,1
39,VASLUI,"CĂMIN CULTURAL VULTUREŞTI",522,VULTUREŞTI,166985,2,PART,PRCNCT,S,S_SV,"2021-01-21 12:30:02",854,840,14,0,265,251,14,0,900,635,258,3,4,6,3,22,21,149,0,8,1,39,0,4,5
39,VASLUI,"CENTRU DE ZI PENTRU COPII BUHĂIEŞTI",523,VULTUREŞTI,166985,2,PART,PRCNCT,S,S_SV,"2021-01-21 12:30:02",625,612,13,0,143,130,13,0,800,657,132,7,4,15,6,5,22,68,0,1,1,10,0,3,1
39,VASLUI,"GRADINITA CU PROGRAM NORMAL VOINEŞTI",524,VULTUREŞTI,166985,2,PART,PRCNCT,S,S_SV,"2021-01-21 12:30:02",320,308,12,0,114,102,12,0,400,286,110,3,1,19,4,11,14,36,1,1,0,19,3,1,1
39,VASLUI,"ŞCOALA GIMNAZIALĂ NR.1, VUTCANI",525,VUTCANI,167035,2,PART,PRCNCT,S,S_SV,"2021-01-21 12:30:02",1179,1083,32,64,410,314,32,64,1200,790,397,8,5,10,10,24,40,268,3,3,2,30,0,6,1
39,VASLUI,"ŞCOALA PRIMARĂ MĂLĂIEŞTI",526,VUTCANI,167035,2,PART,PRCNCT,S,S_SV,"2021-01-21 12:30:02",298,246,9,43,135,83,9,43,300,165,128,6,1,0,3,5,9,100,1,4,1,4,1,0,0
39,VASLUI,"ŞCOALA PRIMARĂ POŞTA-ELAN",527,VUTCANI,167035,1,PROV,PRCNCT,S,S_SV,"2021-01-21 12:30:02",146,129,10,7,67,50,10,7,200,133,62,3,2,1,12,0,5,37,0,1,0,6,0,0,0
39,VASLUI,"CĂMINUL CULTURAL ZĂPODENI",528,ZĂPODENI,167071,1,PROV,PRCNCT,S,S_SV,"2021-01-21 12:30:02",1187,1160,27,0,482,455,27,0,1200,718,461,9,12,12,6,28,92,256,4,2,4,38,3,11,5
39,VASLUI,"ȘCOALA PRIMARĂ,SAT CIOFENI",529,ZĂPODENI,167071,1,PROV,PRCNCT,S,S_SV,"2021-01-21 12:30:02",122,109,13,0,54,41,13,0,200,146,54,0,0,1,5,8,12,20,1,0,1,6,0,0,0
39,VASLUI,"ȘCOALA PRIMARĂ, SAT PORTARI",530,ZĂPODENI,167071,1,PROV,PRCNCT,S,S_SV,"2021-01-21 12:30:02",844,827,17,0,166,149,17,0,900,734,156,7,3,3,2,10,52,58,1,5,0,18,1,3,3
39,VASLUI,"ȘCOALA PRIMARĂ, SAT DELEA",531,ZĂPODENI,167071,1,PROV,PRCNCT,S,S_SV,"2021-01-21 12:30:02",189,163,18,8,86,60,18,8,200,114,82,2,2,5,3,6,27,35,0,1,0,1,0,3,1
39,VASLUI,"ȘCOALA PRIMARĂ, SAT TELEJNA",532,ZĂPODENI,167071,1,PROV,PRCNCT,S,S_SV,"2021-01-21 12:30:02",315,298,17,0,118,101,17,0,400,282,114,3,1,6,9,5,7,70,1,4,0,9,0,3,0
39,VASLUI,"ȘCOALA GIMNAZIALĂ, SAT BUTUCĂRIA",533,ZĂPODENI,167071,1,PROV,PRCNCT,S,S_SV,"2021-01-21 12:30:02",126,116,10,0,51,41,10,0,200,149,49,2,0,2,3,1,7,25,0,0,0,10,0,1,0
39,VASLUI,"ȘCOALA PRIMARĂ, SAT DOBROSLOVEȘTI",534,ZĂPODENI,167071,1,PROV,PRCNCT,S,S_SV,"2021-01-21 12:30:02",300,287,13,0,103,90,13,0,300,197,97,4,2,8,3,1,11,57,0,1,1,8,0,6,1
39,VASLUI,"ȘCOALA PRIMARĂ, SAT UNCEȘTI",535,ZĂPODENI,167071,1,PROV,PRCNCT,S,S_SV,"2021-01-21 12:30:02",293,281,12,0,101,89,12,0,300,199,98,2,1,6,8,2,8,56,0,3,0,10,1,3,1
39,VASLUI,"ŞCOALA GIMNAZIALĂ NR. 1 ZORLENI",536,ZORLENI,167179,2,PART,PRCNCT,S,S_SV,"2021-01-21 12:30:02",1383,1363,18,2,308,288,18,2,1400,1092,289,14,5,17,7,32,38,116,0,1,0,69,0,7,2
39,VASLUI,"ŞCOALA GIMNAZIALĂ NR.1 ZORLENI",537,ZORLENI,167179,2,PART,PRCNCT,S,S_SV,"2021-01-21 12:30:02",1330,1323,7,0,298,291,7,0,1400,1102,287,9,2,10,12,27,27,133,1,2,3,59,2,8,3
39,VASLUI,"GRĂDINIȚA NR. 2 ZORLENI",538,ZORLENI,167179,2,PART,PRCNCT,S,S_SV,"2021-01-21 12:30:02",1483,1475,8,0,351,343,8,0,1600,1249,324,18,9,10,2,20,29,193,0,2,1,54,2,8,3
39,VASLUI,"ȘCOALA PRIMARĂ SAT DEALU MARE",539,ZORLENI,167179,1,PROV,PRCNCT,S,S_SV,"2021-01-21 12:30:02",227,213,14,0,88,74,14,0,400,312,83,3,2,3,20,7,9,31,0,0,1,7,2,3,0
39,VASLUI,"ŞCOALA PRIMARĂ SAT SIMILA",540,ZORLENI,167179,2,PART,PRCNCT,S,S_SV,"2021-01-21 12:30:02",1083,1075,8,0,301,293,8,0,1200,899,289,7,5,6,17,35,59,110,1,5,3,39,5,6,3
39,VASLUI,"ŞCOALA GIMNAZIALĂ NR. 3 POPENI",541,ZORLENI,167179,1,PROV,PRCNCT,S,S_SV,"2021-01-21 12:30:02",1154,1145,9,0,242,233,9,0,1200,958,223,5,14,7,3,20,25,125,1,4,1,34,0,1,2
39,VASLUI,"ŞCOALA GIMNAZIALĂ NR. 3 POPENI",542,ZORLENI,167179,1,PROV,PRCNCT,S,S_SV,"2021-01-21 12:30:02",1073,1053,19,1,230,210,19,1,1200,970,211,9,10,6,2,20,19,113,0,7,0,40,1,3,0
