precinct_county_nce,precinct_county_name,precinct_name,precinct_nr,uat_name,uat_siruta,report_version,report_stage_code,report_type_scope_code,report_type_category_code,report_type_code,created_at,a,a1,a2,a3,b,b1,b2,b3,c,d,e,f,g,"PARTIDUL NAȚIONAL LIBERAL-voturi","PARTIDUL PRO ROMÂNIA-voturi","UNIUNEA DEMOCRATĂ MAGHIARĂ DIN ROMÂNIA-voturi","PARTIDUL MIȘCAREA POPULARĂ-voturi","PARTIDUL SOCIAL DEMOCRAT-voturi","ALIANȚA USR PLUS-voturi","PARTIDUL NOUA ROMÂNIE-voturi","PARTIDUL ECOLOGIST ROMÂN-voturi","ALIANȚA PENTRU UNIREA ROMÂNILOR-voturi","PARTIDUL VERDE-voturi","PARTIDUL PUTERII UMANISTE (SOCIAL-LIBERAL)-voturi","PARTIDUL ROMÂNIA MARE-voturi","UNIUNEA UCRAINENILOR DIN ROMÂNIA-voturi","ASOCIAȚIA ITALIENILOR DIN ROMÂNIA – RO.AS.IT.-voturi","COMUNITATEA RUȘILOR LIPOVENI DIN ROMÂNIA-voturi","UNIUNEA CROAȚILOR DIN ROMÂNIA-voturi","ASOCIAȚIA PARTIDA ROMILOR “PRO-EUROPA”-voturi","UNIUNEA BULGARĂ DIN BANAT-ROMÂNIA-voturi","UNIUNEA ELENĂ DIN ROMÂNIA-voturi","UNIUNEA ARMENILOR DIN ROMÂNIA-voturi","UNIUNEA DEMOCRATĂ TURCĂ DIN ROMÂNIA-voturi","UNIUNEA SÂRBILOR DIN ROMÂNIA-voturi","UNIUNEA DEMOCRATICĂ A SLOVACILOR ȘI CEHILOR DIN ROMÂNIA-voturi","ASOCIAȚIA MACEDONENILOR DIN ROMÂNIA-voturi","FEDERAȚIA COMUNITĂȚILOR EVREIEȘTI DIN ROMÂNIA-voturi","UNIUNEA CULTURALĂ A RUTENILOR DIN ROMÂNIA-voturi","ASOCIAȚIA LIGA ALBANEZILOR DIN ROMÂNIA-voturi","FORUMUL DEMOCRAT AL GERMANILOR DIN ROMÂNIA-voturi","UNIUNEA POLONEZILOR DIN ROMÂNIA-voturi"
7,BOTOŞANI,"LICEUL DE ARTĂ „ȘTEFAN LUCHIAN”",1,"MUNICIPIUL BOTOŞANI",35731,1,PROV,PRCNCT,CD,CD_SV,"2021-01-21 12:30:02",897,879,11,7,279,261,11,7,1627,1348,277,1,1,44,12,1,6,120,40,2,4,29,2,8,3,1,0,1,0,0,0,0,0,1,0,0,0,2,0,0,0,1
7,BOTOŞANI,"LICEUL DE ARTĂ „ȘTEFAN LUCHIAN”",2,"MUNICIPIUL BOTOŞANI",35731,1,PROV,PRCNCT,CD,CD_SV,"2021-01-21 12:30:02",1279,1262,17,0,398,381,17,0,1600,1202,385,10,3,67,17,0,13,168,67,2,6,30,1,4,1,3,2,2,0,0,0,0,0,0,0,0,0,0,0,0,1,1
7,BOTOŞANI,"GRĂDINIȚA CU PROGRAM NORMAL „FLOARE DE COLȚ”",3,"MUNICIPIUL BOTOŞANI",35731,1,PROV,PRCNCT,CD,CD_SV,"2021-01-21 12:30:02",1552,1525,23,4,425,398,23,4,1700,1275,417,6,2,83,34,3,17,172,66,3,3,23,5,4,3,1,0,0,0,0,0,0,0,0,0,0,0,0,0,0,0,0
7,BOTOŞANI,"GRĂDINIȚA CU PROGRAM NORMAL „FLOARE DE COLȚ”",4,"MUNICIPIUL BOTOŞANI",35731,1,PROV,PRCNCT,CD,CD_SV,"2021-01-21 12:30:02",1375,1363,12,0,445,433,12,0,1500,1055,434,8,3,100,22,2,11,176,45,2,11,48,2,3,6,0,0,0,0,0,0,0,0,2,0,0,1,3,0,0,0,0
7,BOTOŞANI,"ŞCOALA GIMNAZIALĂ NR. 7",5,"MUNICIPIUL BOTOŞANI",35731,1,PROV,PRCNCT,CD,CD_SV,"2021-01-21 12:30:02",1138,1115,23,0,316,293,23,0,1300,984,312,3,1,39,16,1,1,176,27,1,1,37,4,3,3,2,0,0,0,0,0,1,0,0,0,0,0,0,0,0,0,0
7,BOTOŞANI,"ŞCOALA GIMNAZIALĂ NR. 7",6,"MUNICIPIUL BOTOŞANI",35731,1,PROV,PRCNCT,CD,CD_SV,"2021-01-21 12:30:02",1084,1063,18,3,322,301,18,3,1200,878,318,4,0,57,24,1,7,110,66,0,7,35,3,4,2,2,0,0,0,0,0,0,0,0,0,0,0,0,0,0,0,0
7,BOTOŞANI,"GRĂDINIŢA CU PROGRAM PRELUNGIT NR. 19",7,"MUNICIPIUL BOTOŞANI",35731,2,PART,PRCNCT,CD,CD_SV,"2021-01-21 12:30:02",980,963,13,4,276,259,13,4,1100,824,273,3,0,51,26,0,8,103,36,2,3,28,5,6,4,0,1,0,0,0,0,0,0,0,0,0,0,0,0,0,0,0
7,BOTOŞANI,"GRĂDINIŢA CU PROGRAM PRELUNGIT NR. 19",8,"MUNICIPIUL BOTOŞANI",35731,1,PROV,PRCNCT,CD,CD_SV,"2021-01-21 12:30:02",1093,1083,9,1,268,258,9,1,1200,932,264,4,0,48,10,2,5,111,33,1,6,36,1,3,3,0,0,0,1,1,0,0,1,0,0,0,0,0,0,0,1,1
7,BOTOŞANI,"ŞCOALA GIMNAZIALĂ NR. 17",9,"MUNICIPIUL BOTOŞANI",35731,1,PROV,PRCNCT,CD,CD_SV,"2021-01-21 12:30:02",1479,1464,15,0,475,460,15,0,1700,1225,464,10,1,73,21,2,21,199,72,2,10,46,3,3,5,0,0,3,0,0,0,0,2,0,0,0,0,0,0,1,1,0
7,BOTOŞANI,"LICEUL TEORETIC „GRIGORE ANTIPA”",10,"MUNICIPIUL BOTOŞANI",35731,1,PROV,PRCNCT,CD,CD_SV,"2021-01-21 12:30:02",1632,1612,17,3,475,455,17,3,1800,1325,464,8,3,88,24,0,9,206,68,3,8,44,2,5,2,0,0,0,0,0,0,0,1,0,0,0,0,3,0,0,0,1
7,BOTOŞANI,"LICEUL TEORETIC „GRIGORE ANTIPA”",11,"MUNICIPIUL BOTOŞANI",35731,1,PROV,PRCNCT,CD,CD_SV,"2021-01-21 12:30:02",1438,1391,34,13,430,396,23,11,1500,1070,422,5,3,66,19,0,19,190,55,4,4,31,1,10,8,1,0,4,0,2,1,0,3,0,0,1,0,1,0,2,0,0
7,BOTOŞANI,"ŞCOALA GIMNAZIALĂ „SFÂNTA MARIA”",12,"MUNICIPIUL BOTOŞANI",35731,1,PROV,PRCNCT,CD,CD_SV,"2021-01-21 12:30:02",1414,1401,12,1,405,392,12,1,1496,1091,392,12,1,71,16,1,14,168,55,0,5,41,3,8,4,0,0,0,0,0,0,1,1,1,0,0,0,0,0,2,0,1
7,BOTOŞANI,"ŞCOALA GIMNAZIALĂ „SFÂNTA MARIA”",13,"MUNICIPIUL BOTOŞANI",35731,1,PROV,PRCNCT,CD,CD_SV,"2021-01-21 12:30:02",1384,1371,12,1,361,348,12,1,1500,1139,354,7,0,52,21,1,12,142,56,0,5,46,3,7,6,0,0,1,0,0,1,0,0,0,0,0,0,0,0,0,1,0
7,BOTOŞANI,"ŞCOALA GIMNAZIALĂ „SFÂNTA MARIA”",14,"MUNICIPIUL BOTOŞANI",35731,1,PROV,PRCNCT,CD,CD_SV,"2021-01-21 12:30:02",1272,1258,14,0,332,318,14,0,1400,1068,327,5,0,57,24,2,12,126,44,1,4,48,1,4,2,0,0,1,0,0,1,0,0,0,0,0,0,0,0,0,0,0
7,BOTOŞANI,"ŞCOALA GIMNAZIALĂ NR. 13",15,"MUNICIPIUL BOTOŞANI",35731,1,PROV,PRCNCT,CD,CD_SV,"2021-01-21 12:30:02",1370,1347,23,0,423,400,23,0,1500,1077,417,5,1,66,27,1,16,163,64,4,8,47,2,10,5,2,0,0,0,1,0,0,0,0,0,0,0,0,0,1,0,0
7,BOTOŞANI,"ŞCOALA GIMNAZIALĂ NR. 13",16,"MUNICIPIUL BOTOŞANI",35731,1,PROV,PRCNCT,CD,CD_SV,"2021-01-21 12:30:02",1481,1469,11,1,399,387,11,1,1600,1201,385,12,2,84,18,1,12,151,54,2,3,45,1,5,3,2,1,1,0,1,0,0,0,0,0,0,0,0,0,1,0,0
7,BOTOŞANI,"COLEGIUL NAŢIONAL „MIHAI EMINESCU”",17,"MUNICIPIUL BOTOŞANI",35731,1,PROV,PRCNCT,CD,CD_SV,"2021-01-21 12:30:02",1343,1329,14,0,381,367,14,0,1500,1119,373,7,1,56,24,1,14,159,51,1,7,48,1,3,4,0,0,0,1,0,0,0,1,0,0,0,0,0,0,1,0,1
7,BOTOŞANI,"COLEGIUL NAŢIONAL „MIHAI EMINESCU”",18,"MUNICIPIUL BOTOŞANI",35731,1,PROV,PRCNCT,CD,CD_SV,"2021-01-21 12:30:02",1106,1071,33,2,373,338,33,2,1204,831,366,5,2,60,22,2,12,168,60,1,3,24,2,10,1,0,0,0,0,0,0,0,0,0,0,0,0,0,0,0,1,0
7,BOTOŞANI,"COLEGIUL NAŢIONAL „MIHAI EMINESCU”",19,"MUNICIPIUL BOTOŞANI",35731,1,PROV,PRCNCT,CD,CD_SV,"2021-01-21 12:30:02",1511,1496,12,3,453,438,12,3,1600,1147,446,7,0,57,36,2,14,192,71,0,5,44,3,5,7,1,2,1,1,1,0,0,0,0,1,0,0,0,0,1,1,1
7,BOTOŞANI,"COLEGIUL NAŢIONAL „MIHAI EMINESCU”",20,"MUNICIPIUL BOTOŞANI",35731,1,PROV,PRCNCT,CD,CD_SV,"2021-01-21 12:30:02",1162,1149,13,0,343,330,13,0,1200,857,340,2,1,62,23,3,18,120,60,0,2,35,1,6,4,0,1,2,0,0,0,0,2,0,0,0,0,0,0,0,1,0
7,BOTOŞANI,"ŞCOALA GIMNAZIALĂ NR. 12",21,"MUNICIPIUL BOTOŞANI",35731,1,PROV,PRCNCT,CD,CD_SV,"2021-01-21 12:30:02",995,979,16,0,222,206,16,0,1100,878,217,3,2,26,16,1,5,99,31,2,1,25,1,6,1,1,0,1,0,1,0,0,0,0,0,0,0,0,0,0,0,0
7,BOTOŞANI,"ŞCOALA GIMNAZIALĂ NR. 12",22,"MUNICIPIUL BOTOŞANI",35731,1,PROV,PRCNCT,CD,CD_SV,"2021-01-21 12:30:02",866,850,16,0,239,223,16,0,1000,761,235,3,1,21,16,1,7,92,30,3,2,51,2,4,2,0,0,1,0,1,0,1,0,0,0,0,0,0,1,0,0,0
7,BOTOŞANI,"ŞCOALA GIMNAZIALĂ NR. 12",23,"MUNICIPIUL BOTOŞANI",35731,1,PROV,PRCNCT,CD,CD_SV,"2021-01-21 12:30:02",1319,1301,15,3,330,312,15,3,1400,1070,321,8,0,53,11,1,16,136,50,1,6,38,3,5,1,0,0,0,0,0,0,0,0,0,0,0,0,0,0,0,0,0
7,BOTOŞANI,"GRĂDINIŢA CU PROGRAM PRELUNGIT NR. 23",24,"MUNICIPIUL BOTOŞANI",35731,1,PROV,PRCNCT,CD,CD_SV,"2021-01-21 12:30:02",1229,1203,25,1,335,309,25,1,1300,965,328,6,1,27,21,1,8,156,52,1,2,45,3,6,4,0,0,1,0,0,0,0,0,0,0,0,0,0,0,0,1,0
7,BOTOŞANI,"COLEGIUL TEHNIC „GHEORGHE ASACHI”",25,"MUNICIPIUL BOTOŞANI",35731,1,PROV,PRCNCT,CD,CD_SV,"2021-01-21 12:30:02",708,681,24,3,179,152,24,3,750,571,177,2,0,33,11,1,3,73,26,3,2,22,1,0,2,0,0,0,0,0,0,0,0,0,0,0,0,0,0,0,0,0
7,BOTOŞANI,"COLEGIUL TEHNIC „GHEORGHE ASACHI”",26,"MUNICIPIUL BOTOŞANI",35731,1,PROV,PRCNCT,CD,CD_SV,"2021-01-21 12:30:02",974,959,15,0,276,261,15,0,1058,782,268,7,1,34,16,1,12,121,32,1,6,35,1,0,4,2,0,0,0,0,0,0,0,0,0,0,0,0,0,2,1,0
7,BOTOŞANI,"COLEGIUL TEHNIC „GHEORGHE ASACHI”",27,"MUNICIPIUL BOTOŞANI",35731,3,PART,PRCNCT,CD,CD_SV,"2021-01-21 12:30:02",1255,1242,13,0,252,239,13,0,1400,1148,245,4,3,42,26,2,12,62,37,0,1,39,3,7,4,0,2,3,1,0,1,0,0,0,0,0,0,0,0,3,0,0
7,BOTOŞANI,"COLEGIUL TEHNIC „GHEORGHE ASACHI”",28,"MUNICIPIUL BOTOŞANI",35731,1,PROV,PRCNCT,CD,CD_SV,"2021-01-21 12:30:02",1114,1102,12,0,301,289,12,0,1200,899,294,6,1,40,15,1,10,108,35,5,5,58,5,3,1,0,1,3,0,0,1,0,0,0,0,1,0,0,0,0,2,0
7,BOTOŞANI,"COLEGIUL TEHNIC „GHEORGHE ASACHI”",29,"MUNICIPIUL BOTOŞANI",35731,1,PROV,PRCNCT,CD,CD_SV,"2021-01-21 12:30:02",830,811,19,0,254,235,19,0,1000,746,249,5,0,41,15,1,13,92,35,0,0,42,2,4,2,0,0,1,0,0,0,0,0,0,0,0,0,0,0,0,1,0
7,BOTOŞANI,"LICEUL „ALEXANDRU CEL BUN”",30,"MUNICIPIUL BOTOŞANI",35731,1,PROV,PRCNCT,CD,CD_SV,"2021-01-21 12:30:02",1440,1401,25,14,376,337,25,14,1500,1124,368,8,0,47,21,1,14,145,46,1,10,62,2,6,3,0,0,4,0,0,0,1,2,0,0,0,1,0,0,1,1,0
7,BOTOŞANI,"LICEUL „ALEXANDRU CEL BUN”",31,"MUNICIPIUL BOTOŞANI",35731,1,PROV,PRCNCT,CD,CD_SV,"2021-01-21 12:30:02",814,779,13,22,254,219,13,22,900,646,249,3,2,35,19,1,11,63,59,1,5,43,4,3,2,1,0,0,0,1,0,0,0,0,0,0,0,1,0,0,0,0
7,BOTOŞANI,"LICEUL „ALEXANDRU CEL BUN”",32,"MUNICIPIUL BOTOŞANI",35731,1,PROV,PRCNCT,CD,CD_SV,"2021-01-21 12:30:02",854,831,8,15,227,204,8,15,900,673,223,4,0,28,11,0,12,84,23,1,3,51,0,5,1,0,0,1,0,0,0,1,1,0,0,0,0,0,0,0,0,1
7,BOTOŞANI,"ŞCOALA GIMNAZIALĂ „ȘTEFAN CEL MARE”",33,"MUNICIPIUL BOTOŞANI",35731,1,PROV,PRCNCT,CD,CD_SV,"2021-01-21 12:30:02",883,862,21,0,263,242,21,0,950,687,254,7,2,27,10,2,11,109,56,2,4,26,1,2,2,0,0,0,0,1,0,0,0,0,0,1,0,0,0,0,0,0
7,BOTOŞANI,"ŞCOALA GIMNAZIALĂ „ȘTEFAN CEL MARE”",34,"MUNICIPIUL BOTOŞANI",35731,1,PROV,PRCNCT,CD,CD_SV,"2021-01-21 12:30:02",1502,1486,16,0,409,393,16,0,1612,1203,402,7,0,53,23,1,12,186,58,1,10,39,2,8,4,0,0,0,0,1,1,1,1,0,0,0,1,0,0,0,0,0
7,BOTOŞANI,"ŞCOALA GIMNAZIALĂ „ȘTEFAN CEL MARE”",35,"MUNICIPIUL BOTOŞANI",35731,1,PROV,PRCNCT,CD,CD_SV,"2021-01-21 12:30:02",587,580,7,0,174,167,7,0,650,476,171,2,1,26,11,1,6,63,30,0,1,25,3,2,1,0,0,0,0,0,0,0,0,0,0,0,0,0,0,1,0,1
7,BOTOŞANI,"ŞCOALA GIMNAZIALĂ „ȘTEFAN CEL MARE”",36,"MUNICIPIUL BOTOŞANI",35731,1,PROV,PRCNCT,CD,CD_SV,"2021-01-21 12:30:02",1080,1070,9,1,309,299,9,1,1200,891,303,6,0,42,16,1,11,114,44,0,4,61,4,0,4,0,0,0,1,0,1,0,0,0,0,0,0,0,0,0,0,0
7,BOTOŞANI,"ŞCOALA GIMNAZIALĂ „ȘTEFAN CEL MARE”",37,"MUNICIPIUL BOTOŞANI",35731,1,PROV,PRCNCT,CD,CD_SV,"2021-01-21 12:30:02",1061,1054,7,0,243,236,7,0,1150,907,239,4,0,35,9,0,15,100,42,0,3,25,0,2,2,1,0,1,2,0,0,0,2,0,0,0,0,0,0,0,0,0
7,BOTOŞANI,"ŞCOALA GIMNAZIALĂ „ȘTEFAN CEL MARE”",38,"MUNICIPIUL BOTOŞANI",35731,1,PROV,PRCNCT,CD,CD_SV,"2021-01-21 12:30:02",1180,1167,12,1,254,241,12,1,1300,1046,248,3,3,28,16,1,12,103,32,1,7,37,1,6,3,0,0,1,0,0,0,0,0,0,0,0,0,0,0,0,0,0
7,BOTOŞANI,"GRĂDINIŢA CU PROGRAM PRELUNGIT NR. 22",39,"MUNICIPIUL BOTOŞANI",35731,1,PROV,PRCNCT,CD,CD_SV,"2021-01-21 12:30:02",1150,1139,8,3,273,262,8,3,1250,977,262,7,4,33,21,1,12,89,32,0,5,52,3,5,5,1,0,2,0,0,1,0,0,0,0,0,0,0,0,0,0,0
7,BOTOŞANI,"GRĂDINIŢA CU PROGRAM PRELUNGIT NR. 22",40,"MUNICIPIUL BOTOŞANI",35731,1,PROV,PRCNCT,CD,CD_SV,"2021-01-21 12:30:02",869,856,13,0,296,283,13,0,950,654,292,4,0,49,13,3,15,95,36,0,6,54,3,3,6,0,1,0,0,1,1,0,3,0,0,0,0,2,0,0,1,0
7,BOTOŞANI,"GRĂDINIŢA CU PROGRAM PRELUNGIT NR. 22",41,"MUNICIPIUL BOTOŞANI",35731,1,PROV,PRCNCT,CD,CD_SV,"2021-01-21 12:30:02",977,966,11,0,236,225,11,0,1050,814,232,4,0,48,15,1,10,77,32,0,3,34,2,5,2,0,0,1,0,0,0,0,0,0,0,0,0,1,0,0,1,0
7,BOTOŞANI,"GRĂDINIŢA CU PROGRAM PRELUNGIT NR. 22",42,"MUNICIPIUL BOTOŞANI",35731,2,PART,PRCNCT,CD,CD_SV,"2021-01-21 12:30:02",978,966,12,0,260,248,12,0,1050,790,256,1,3,38,16,3,16,81,35,1,5,48,1,6,3,0,0,1,0,0,0,1,0,0,0,0,0,1,0,0,0,0
7,BOTOŞANI,"ŞCOALA GIMNAZIALĂ „ELENA RAREȘ”",43,"MUNICIPIUL BOTOŞANI",35731,1,PROV,PRCNCT,CD,CD_SV,"2021-01-21 12:30:02",1270,1260,10,0,323,313,10,0,1400,1077,317,3,3,56,24,1,14,100,58,1,1,52,4,5,0,0,0,0,0,0,0,0,0,0,0,0,0,0,0,1,0,0
7,BOTOŞANI,"ŞCOALA GIMNAZIALĂ „ELENA RAREȘ”",44,"MUNICIPIUL BOTOŞANI",35731,1,PROV,PRCNCT,CD,CD_SV,"2021-01-21 12:30:02",1346,1334,12,0,365,353,12,0,1500,1135,361,4,0,50,29,1,22,132,51,0,1,56,2,9,5,0,1,1,0,0,1,0,0,0,0,0,0,0,0,0,0,0
7,BOTOŞANI,"ŞCOALA GIMNAZIALĂ „ELENA RAREȘ”",45,"MUNICIPIUL BOTOŞANI",35731,1,PROV,PRCNCT,CD,CD_SV,"2021-01-21 12:30:02",1062,1031,31,0,247,216,31,0,1100,853,243,4,0,31,20,1,5,101,41,0,1,34,1,2,2,0,0,2,0,1,1,0,0,0,0,0,0,0,0,0,0,0
7,BOTOŞANI,"ŞCOALA GIMNAZIALĂ „ELENA RAREȘ”",46,"MUNICIPIUL BOTOŞANI",35731,1,PROV,PRCNCT,CD,CD_SV,"2021-01-21 12:30:02",1311,1298,13,0,391,378,13,0,1396,1005,384,7,0,57,16,0,18,156,52,1,5,64,2,4,5,0,0,0,1,1,0,0,0,1,0,0,0,1,0,0,0,0
7,BOTOŞANI,"ŞCOALA GIMNAZIALĂ NR. 11",47,"MUNICIPIUL BOTOŞANI",35731,1,PROV,PRCNCT,CD,CD_SV,"2021-01-21 12:30:02",1100,1083,15,2,339,322,15,2,1196,857,332,6,1,62,14,2,11,152,61,0,1,18,1,4,1,0,0,2,1,0,1,0,0,0,0,0,0,0,0,0,1,0
7,BOTOŞANI,"ŞCOALA GIMNAZIALĂ NR. 11",48,"MUNICIPIUL BOTOŞANI",35731,2,PART,PRCNCT,CD,CD_SV,"2021-01-21 12:30:02",826,816,10,0,259,249,10,0,900,641,254,3,2,54,10,1,8,91,46,1,7,25,3,6,0,0,0,2,0,0,0,0,0,0,0,0,0,0,0,0,0,0
7,BOTOŞANI,"ŞCOALA GIMNAZIALĂ NR. 11",49,"MUNICIPIUL BOTOŞANI",35731,1,PROV,PRCNCT,CD,CD_SV,"2021-01-21 12:30:02",1223,1201,21,1,396,374,21,1,1299,903,386,10,0,67,19,2,28,151,60,1,2,43,2,5,2,0,0,0,0,0,0,1,1,0,0,0,0,2,0,0,0,0
7,BOTOŞANI,"ŞCOALA GIMNAZIALĂ NR. 11",50,"MUNICIPIUL BOTOŞANI",35731,1,PROV,PRCNCT,CD,CD_SV,"2021-01-21 12:30:02",984,971,12,1,228,215,12,1,1050,822,220,7,1,33,15,1,3,68,41,3,2,42,3,3,2,0,1,0,1,1,0,0,0,0,0,0,1,0,0,0,0,0
7,BOTOŞANI,"ŞCOALA GIMNAZIALĂ NR. 11",51,"MUNICIPIUL BOTOŞANI",35731,1,PROV,PRCNCT,CD,CD_SV,"2021-01-21 12:30:02",610,603,7,0,190,183,7,0,650,460,187,2,1,54,11,0,8,62,22,1,2,16,0,4,1,1,0,1,0,0,0,0,2,0,1,0,0,1,0,0,0,0
7,BOTOŞANI,"ŞCOALA GIMNAZIALĂ NR. 2",52,"MUNICIPIUL BOTOŞANI",35731,1,PROV,PRCNCT,CD,CD_SV,"2021-01-21 12:30:02",1136,1120,16,0,287,271,16,0,1200,913,272,13,2,48,13,3,8,99,27,3,3,57,1,6,0,0,0,1,0,1,0,0,0,0,0,0,0,0,0,1,1,0
7,BOTOŞANI,"ŞCOALA GIMNAZIALĂ NR. 2",53,"MUNICIPIUL BOTOŞANI",35731,1,PROV,PRCNCT,CD,CD_SV,"2021-01-21 12:30:02",613,601,12,0,188,176,12,0,650,462,183,5,0,16,14,0,8,82,28,0,4,23,2,5,0,0,0,0,0,0,0,0,0,0,0,0,0,0,0,0,1,0
7,BOTOŞANI,"ŞCOALA GIMNAZIALĂ NR. 2",54,"MUNICIPIUL BOTOŞANI",35731,1,PROV,PRCNCT,CD,CD_SV,"2021-01-21 12:30:02",1269,1258,11,0,301,290,11,0,1400,1099,292,8,1,57,14,1,14,105,25,3,3,55,1,4,2,0,0,5,2,0,1,0,0,0,0,0,0,0,0,0,0,0
7,BOTOŞANI,"ŞCOALA GIMNAZIALĂ NR. 2",55,"MUNICIPIUL BOTOŞANI",35731,2,PART,PRCNCT,CD,CD_SV,"2021-01-21 12:30:02",1291,1278,13,0,299,286,13,0,1400,1101,290,9,0,53,11,1,11,82,35,0,6,75,1,7,6,0,0,0,0,0,0,0,0,0,1,0,1,0,0,0,0,0
7,BOTOŞANI,"COLEGIUL ECONOMIC „OCTAV ONICESCU”",56,"MUNICIPIUL BOTOŞANI",35731,1,PROV,PRCNCT,CD,CD_SV,"2021-01-21 12:30:02",996,984,12,0,250,238,12,0,1100,850,240,9,1,30,11,0,15,108,33,2,4,22,4,6,3,0,1,0,0,0,0,0,0,1,0,0,0,0,0,0,0,0
7,BOTOŞANI,"COLEGIUL ECONOMIC „OCTAV ONICESCU”",57,"MUNICIPIUL BOTOŞANI",35731,1,PROV,PRCNCT,CD,CD_SV,"2021-01-21 12:30:02",1148,1130,18,0,386,368,18,0,1200,814,379,6,1,63,31,1,17,130,78,1,6,33,2,7,6,0,0,1,0,0,1,0,1,0,0,0,0,0,0,0,0,1
7,BOTOŞANI,"COLEGIUL ECONOMIC „OCTAV ONICESCU”",58,"MUNICIPIUL BOTOŞANI",35731,1,PROV,PRCNCT,CD,CD_SV,"2021-01-21 12:30:02",1468,1461,7,0,456,449,7,0,1600,1144,443,11,2,80,34,2,12,154,92,1,3,54,2,5,2,0,0,0,0,1,0,0,0,0,0,0,0,0,0,0,0,1
7,BOTOŞANI,"GRĂDINIȚA CU PROGRAM PRELUNGIT NR. 20",59,"MUNICIPIUL BOTOŞANI",35731,1,PROV,PRCNCT,CD,CD_SV,"2021-01-21 12:30:02",1438,1421,15,2,470,453,15,2,1550,1080,458,10,2,76,26,1,22,137,57,3,7,111,4,4,2,0,0,3,0,1,0,0,0,0,0,0,0,0,0,0,3,1
7,BOTOŞANI,"ŞCOALA GIMNAZIALĂ NR. 10",60,"MUNICIPIUL BOTOŞANI",35731,1,PROV,PRCNCT,CD,CD_SV,"2021-01-21 12:30:02",1335,1310,25,0,426,401,25,0,1450,1024,411,14,1,80,23,1,14,157,69,2,7,44,2,4,2,0,0,1,0,0,1,1,3,0,0,0,0,0,0,0,0,0
7,BOTOŞANI,"ŞCOALA GIMNAZIALĂ NR. 10",61,"MUNICIPIUL BOTOŞANI",35731,1,PROV,PRCNCT,CD,CD_SV,"2021-01-21 12:30:02",1404,1392,12,0,420,408,12,0,1500,1080,410,9,1,77,31,1,9,147,51,2,4,72,4,10,1,0,1,0,0,0,0,0,0,0,0,0,0,0,0,0,0,0
7,BOTOŞANI,"ŞCOALA GIMNAZIALĂ NR. 10",62,"MUNICIPIUL BOTOŞANI",35731,1,PROV,PRCNCT,CD,CD_SV,"2021-01-21 12:30:02",1323,1288,10,25,486,451,10,25,1400,914,485,0,1,127,20,1,21,162,70,2,10,59,1,4,5,1,0,0,0,0,0,0,0,1,0,0,0,1,0,0,0,0
7,BOTOŞANI,"COLEGIUL NAŢIONAL „A.T. LAURIAN”",63,"MUNICIPIUL BOTOŞANI",35731,1,PROV,PRCNCT,CD,CD_SV,"2021-01-21 12:30:02",1259,1244,14,1,417,402,14,1,1350,933,404,11,2,78,32,1,9,148,83,0,3,29,3,7,4,0,1,2,0,1,0,0,1,0,0,0,0,0,1,0,1,0
7,BOTOŞANI,"COLEGIUL NAŢIONAL „A.T. LAURIAN”",64,"MUNICIPIUL BOTOŞANI",35731,1,PROV,PRCNCT,CD,CD_SV,"2021-01-21 12:30:02",1342,1309,33,0,378,345,33,0,1400,1022,370,7,1,48,19,2,5,147,56,2,8,62,3,12,3,1,1,0,0,0,0,1,0,0,0,0,0,0,0,0,0,0
7,BOTOŞANI,"LOCAL CLUBUL PENSIONARILOR",65,"MUNICIPIUL BOTOŞANI",35731,1,PROV,PRCNCT,CD,CD_SV,"2021-01-21 12:30:02",1076,1050,26,0,319,293,26,0,1150,831,309,10,0,68,9,1,10,110,34,2,7,34,6,2,7,3,0,1,0,11,0,0,2,0,0,0,1,0,0,0,1,0
7,BOTOŞANI,"ŞCOALA GIMNAZIALĂ „SFÂNTUL NICOLAE”",66,"MUNICIPIUL BOTOŞANI",35731,1,PROV,PRCNCT,CD,CD_SV,"2021-01-21 12:30:02",1339,1320,17,2,383,364,17,2,1446,1063,375,7,1,83,23,2,21,144,52,2,6,30,1,4,2,0,0,0,1,0,1,0,0,0,0,0,0,1,0,0,2,0
7,BOTOŞANI,"ŞCOALA GIMNAZIALĂ „SFÂNTUL NICOLAE”",67,"MUNICIPIUL BOTOŞANI",35731,1,PROV,PRCNCT,CD,CD_SV,"2021-01-21 12:30:02",987,970,17,0,267,250,17,0,1100,833,265,1,1,52,12,0,8,102,42,0,2,32,1,3,2,2,1,0,0,0,0,1,5,0,0,0,0,0,0,0,0,0
7,BOTOŞANI,"ŞCOALA GIMNAZIALĂ „SFÂNTUL NICOLAE”",68,"MUNICIPIUL BOTOŞANI",35731,1,PROV,PRCNCT,CD,CD_SV,"2021-01-21 12:30:02",1329,1320,8,1,403,394,8,1,1450,1047,399,2,2,62,25,2,15,138,60,1,10,62,1,9,5,1,2,3,1,0,0,2,0,0,0,0,0,0,0,0,0,0
7,BOTOŞANI,"LICEUL „DIMITRIE NEGREANU”",69,"MUNICIPIUL BOTOŞANI",35731,1,PROV,PRCNCT,CD,CD_SV,"2021-01-21 12:30:02",1254,1243,11,0,380,369,11,0,1350,970,372,6,2,68,31,1,12,140,44,1,11,54,1,6,2,0,0,0,0,0,0,0,0,0,0,0,0,0,0,0,0,1
7,BOTOŞANI,"LICEUL „DIMITRIE NEGREANU”",70,"MUNICIPIUL BOTOŞANI",35731,1,PROV,PRCNCT,CD,CD_SV,"2021-01-21 12:30:02",1262,1251,11,0,359,348,11,0,1350,991,352,7,0,69,33,1,13,130,51,1,3,42,2,4,3,0,0,0,0,0,0,0,0,0,0,0,0,0,0,0,0,0
7,BOTOŞANI,"LICEUL „DIMITRIE NEGREANU”",71,"MUNICIPIUL BOTOŞANI",35731,1,PROV,PRCNCT,CD,CD_SV,"2021-01-21 12:30:02",1122,1107,15,0,322,307,15,0,1200,878,312,5,5,61,20,1,13,135,44,1,1,26,0,6,3,0,0,0,0,0,0,0,0,0,0,0,0,0,0,0,1,0
7,BOTOŞANI,"ŞCOALA GIMNAZIALĂ „GRIGORE ANTIPA”",72,"MUNICIPIUL BOTOŞANI",35731,1,PROV,PRCNCT,CD,CD_SV,"2021-01-21 12:30:02",994,974,14,6,274,254,14,6,1100,826,270,3,1,39,17,0,9,114,30,0,6,38,3,9,3,0,1,0,0,0,0,0,0,0,0,0,1,0,0,0,0,0
7,BOTOŞANI,"ŞCOALA GIMNAZIALĂ „GRIGORE ANTIPA”",73,"MUNICIPIUL BOTOŞANI",35731,1,PROV,PRCNCT,CD,CD_SV,"2021-01-21 12:30:02",818,804,14,0,242,228,14,0,900,658,239,2,1,52,20,0,2,76,44,1,2,36,0,3,2,0,0,0,0,0,0,0,0,1,0,0,0,0,0,0,0,0
7,BOTOŞANI,"ŞCOALA GIMNAZIALĂ „GRIGORE ANTIPA”",74,"MUNICIPIUL BOTOŞANI",35731,1,PROV,PRCNCT,CD,CD_SV,"2021-01-21 12:30:02",1223,1209,14,0,327,314,13,0,1300,973,321,5,1,39,19,1,7,159,46,1,2,34,2,2,2,2,0,1,0,0,1,0,2,0,0,0,0,1,0,0,0,0
7,BOTOŞANI,"ŞCOALA GIMNAZIALĂ „GRIGORE ANTIPA”",75,"MUNICIPIUL BOTOŞANI",35731,1,PROV,PRCNCT,CD,CD_SV,"2021-01-21 12:30:02",1141,1130,11,0,317,306,11,0,1200,883,306,9,2,45,20,1,12,128,52,0,7,27,0,5,6,0,0,0,1,0,0,0,0,0,0,0,0,0,0,1,1,0
7,BOTOŞANI,"ŞCOALA GIMNAZIALĂ „GRIGORE ANTIPA”",76,"MUNICIPIUL BOTOŞANI",35731,1,PROV,PRCNCT,CD,CD_SV,"2021-01-21 12:30:02",779,768,11,0,229,218,11,0,850,621,222,5,2,41,22,1,9,75,37,0,5,24,0,3,1,0,0,0,1,0,2,0,0,0,0,0,0,0,0,1,0,0
7,BOTOŞANI,"LICEUL TEHNOLOGIC „PETRU RAREȘ”",77,"MUNICIPIUL BOTOŞANI",35731,1,PROV,PRCNCT,CD,CD_SV,"2021-01-21 12:30:02",1443,1431,12,0,355,343,12,0,1600,1245,352,2,1,44,17,1,14,139,61,0,4,54,3,7,2,0,0,3,0,0,0,1,0,0,1,0,0,1,0,0,0,0
7,BOTOŞANI,"LICEUL TEHNOLOGIC „PETRU RAREȘ”",78,"MUNICIPIUL BOTOŞANI",35731,1,PROV,PRCNCT,CD,CD_SV,"2021-01-21 12:30:02",1048,1037,11,0,304,293,11,0,1200,896,298,6,0,52,21,0,18,113,37,0,7,40,1,4,4,0,0,0,0,0,0,0,0,0,0,0,1,0,0,0,0,0
7,BOTOŞANI,"LICEUL TEHNOLOGIC „PETRU RAREȘ”",79,"MUNICIPIUL BOTOŞANI",35731,1,PROV,PRCNCT,CD,CD_SV,"2021-01-21 12:30:02",1384,1371,11,2,384,371,11,2,1600,1216,377,7,0,52,48,1,13,153,57,0,6,38,1,2,3,0,0,0,0,1,1,0,0,0,0,0,0,0,1,0,0,0
7,BOTOŞANI,"GRĂDINIŢA CU PROGRAM NORMAL NR. 8",80,"MUNICIPIUL BOTOŞANI",35731,1,PROV,PRCNCT,CD,CD_SV,"2021-01-21 12:30:02",1571,1562,8,1,454,445,8,1,1700,1246,441,13,0,66,30,1,26,148,47,4,7,96,1,5,3,0,0,2,0,1,0,1,0,0,0,0,0,1,0,2,0,0
7,BOTOŞANI,"GRĂDINIȚA CU PROGRAM NORMAL NR. 16",81,"MUNICIPIUL BOTOŞANI",35731,1,PROV,PRCNCT,CD,CD_SV,"2021-01-21 12:30:02",952,940,12,0,298,286,12,0,1000,702,287,7,4,67,14,1,5,100,28,1,8,36,3,9,5,0,2,1,1,0,0,0,0,0,0,0,2,0,0,3,1,0
7,BOTOŞANI,"LICEUL PEDAGOGIC ”NICOLAE IORGA”",82,"MUNICIPIUL BOTOŞANI",35731,1,PROV,PRCNCT,CD,CD_SV,"2021-01-21 12:30:02",1324,1277,11,36,407,360,11,36,1596,1189,398,7,2,70,27,1,11,132,62,1,4,45,4,11,1,2,0,25,1,0,0,0,1,0,0,0,0,0,0,0,0,0
7,BOTOŞANI,"LICEUL PEDAGOGIC ”NICOLAE IORGA”",83,"MUNICIPIUL BOTOŞANI",35731,1,PROV,PRCNCT,CD,CD_SV,"2021-01-21 12:30:02",1667,1610,14,43,418,361,14,43,1800,1382,403,14,1,60,29,2,14,178,42,0,4,57,3,1,5,0,1,2,0,0,0,1,1,0,0,0,0,1,0,1,0,1
7,BOTOŞANI,"LICEUL PEDAGOGIC ”NICOLAE IORGA”",84,"MUNICIPIUL BOTOŞANI",35731,1,PROV,PRCNCT,CD,CD_SV,"2021-01-21 12:30:02",1177,1134,7,36,317,274,7,36,1300,983,303,10,4,63,17,0,10,119,42,1,1,29,0,3,4,0,0,10,0,2,0,0,2,0,0,0,0,0,0,0,0,0
7,BOTOŞANI,"LICEUL DE ARTĂ ŞTEFAN LUCHIAN",85,"MUNICIPIUL BOTOŞANI",35731,1,PROV,PRCNCT,CD,CD_SV,"2021-01-21 12:30:02",1340,1282,15,43,469,411,15,43,1450,981,461,8,0,104,36,1,17,189,62,3,5,26,2,6,1,3,1,0,0,0,0,0,0,1,0,0,0,1,0,1,1,1
7,BOTOŞANI,"COLEGIUL NAȚIONAL ”GRIGORE GHICA” DOROHOI",86,"MUNICIPIUL DOROHOI",36006,1,PROV,PRCNCT,CD,CD_SV,"2021-01-21 12:30:02",1345,1326,19,0,416,397,19,0,1400,984,406,9,1,62,24,0,10,213,37,0,1,44,1,7,4,0,0,0,0,0,0,0,0,0,0,0,0,2,0,1,0,0
7,BOTOŞANI,"COLEGIUL NAȚIONAL”GRIGORE GHICA”DOROHOI",87,"MUNICIPIUL DOROHOI",36006,1,PROV,PRCNCT,CD,CD_SV,"2021-01-21 12:30:02",1088,1076,11,1,318,306,11,1,1200,882,312,5,1,47,28,0,8,165,25,0,4,24,0,8,1,0,0,0,0,0,1,0,0,0,0,0,0,1,0,0,0,0
7,BOTOŞANI,"BIBLIOTECA MUNICIPALĂ DOROHOI",88,"MUNICIPIUL DOROHOI",36006,1,PROV,PRCNCT,CD,CD_SV,"2021-01-21 12:30:02",1650,1635,15,0,484,469,15,0,1800,1316,475,6,3,73,33,1,12,235,39,1,11,54,2,5,4,1,1,0,0,1,0,0,1,0,0,0,0,0,0,1,0,0
7,BOTOŞANI,"ȘCOALA GIMNAZIALĂ ”SPIRU HARET” DOROHOI",89,"MUNICIPIUL DOROHOI",36006,1,PROV,PRCNCT,CD,CD_SV,"2021-01-21 12:30:02",1391,1376,15,0,423,408,15,0,1500,1077,411,7,5,68,21,0,6,211,37,1,6,45,1,6,5,0,1,0,0,0,0,0,0,0,0,0,0,0,1,1,1,0
7,BOTOŞANI,"ȘCOALA GIMNAZIALĂ”SPIRU HARET” DOROHOI",90,"MUNICIPIUL DOROHOI",36006,1,PROV,PRCNCT,CD,CD_SV,"2021-01-21 12:30:02",970,956,12,2,297,283,12,2,1100,803,291,4,2,55,16,0,13,131,25,0,1,37,1,6,2,0,2,0,0,0,0,0,1,1,0,0,0,0,0,0,0,0
7,BOTOŞANI,"ȘCOALA GIMNAZIALĂ NR.1 DOROHOI",91,"MUNICIPIUL DOROHOI",36006,1,PROV,PRCNCT,CD,CD_SV,"2021-01-21 12:30:02",1237,1211,26,0,329,303,26,0,1300,971,325,4,0,51,12,0,10,175,20,1,2,42,0,5,3,0,1,0,0,0,0,1,0,0,0,0,0,1,0,0,1,0
7,BOTOŞANI,"CASA MUNICIPALĂ DE CULTURĂ DOROHOI",92,"MUNICIPIUL DOROHOI",36006,1,PROV,PRCNCT,CD,CD_SV,"2021-01-21 12:30:02",1166,1153,13,0,335,322,13,0,1300,965,328,3,4,54,14,2,20,143,25,2,4,54,2,5,0,1,1,1,0,0,0,0,0,0,0,0,0,0,0,0,0,0
7,BOTOŞANI,"ȘCOALA GIMNAZIALĂ ”ȘTEFAN CEL MARE” DOROHOI",93,"MUNICIPIUL DOROHOI",36006,1,PROV,PRCNCT,CD,CD_SV,"2021-01-21 12:30:02",1096,1084,12,0,323,311,12,0,1200,877,305,14,4,48,12,0,8,161,15,0,4,44,2,4,3,0,0,0,0,0,0,0,0,0,0,0,0,2,0,1,1,0
7,BOTOŞANI,"ȘCOALA GIMNAZIALĂ ” ȘTEFAN CEL MARE” DOROHOI",94,"MUNICIPIUL DOROHOI",36006,1,PROV,PRCNCT,CD,CD_SV,"2021-01-21 12:30:02",992,977,15,0,315,300,15,0,1100,785,310,4,1,38,18,0,11,144,28,1,4,50,1,6,3,0,2,0,0,0,0,1,0,0,0,0,0,0,0,2,1,0
7,BOTOŞANI,"ȘCOALA GIMNAZIALĂ ”ALEXANDRU IOAN CUZA” DOROHOI",95,"MUNICIPIUL DOROHOI",36006,1,PROV,PRCNCT,CD,CD_SV,"2021-01-21 12:30:02",1120,1108,12,0,237,225,12,0,1400,1163,233,2,2,32,11,0,4,127,15,0,1,36,1,1,3,0,0,0,0,0,1,0,0,0,1,0,0,0,0,0,0,0
7,BOTOŞANI,"ȘCOALA GIMNAZIALĂ ”ALEXANDRU IOAN CUZA” DOROHOI",96,"MUNICIPIUL DOROHOI",36006,1,PROV,PRCNCT,CD,CD_SV,"2021-01-21 12:30:02",1389,1374,13,2,309,294,13,2,1600,1291,301,6,2,28,7,0,13,141,18,0,9,77,1,3,1,0,0,0,0,1,0,0,0,0,1,0,0,0,0,0,0,1
7,BOTOŞANI,"LICEUL ”REGINA MARIA” DOROHOI",97,"MUNICIPIUL DOROHOI",36006,1,PROV,PRCNCT,CD,CD_SV,"2021-01-21 12:30:02",1329,1312,17,0,353,336,17,0,1400,1047,349,2,2,37,19,0,7,178,9,0,5,79,1,9,2,0,1,0,0,0,0,0,0,0,0,0,0,1,0,0,1,0
7,BOTOŞANI,"LICEUL ”REGINA MARIA” DOROHOI",98,"MUNICIPIUL DOROHOI",36006,1,PROV,PRCNCT,CD,CD_SV,"2021-01-21 12:30:02",1223,1217,6,0,341,335,6,0,1304,963,338,2,1,58,25,1,8,183,27,0,0,25,1,6,4,0,0,0,0,0,0,0,0,0,0,0,0,0,0,0,0,0
7,BOTOŞANI,"ȘCOALA GIMNAZIALĂ ”MIHAIL KOGĂLNICEANU” DOROHOI",99,"MUNICIPIUL DOROHOI",36006,1,PROV,PRCNCT,CD,CD_SV,"2021-01-21 12:30:02",1335,1318,13,4,361,344,13,4,1500,1139,351,7,3,32,11,2,14,171,31,1,3,78,1,3,2,0,0,0,1,0,0,1,0,0,0,0,0,0,0,0,0,0
7,BOTOŞANI,"ȘCOALA GIMNAZIALĂ ”MIHAIL KOGĂLNICEANU” DOROHOI",100,"MUNICIPIUL DOROHOI",36006,1,PROV,PRCNCT,CD,CD_SV,"2021-01-21 12:30:02",1249,1208,13,28,354,313,13,28,1300,946,344,3,7,57,17,2,6,163,22,0,5,57,1,5,6,1,0,0,0,0,0,1,0,0,0,0,0,1,0,0,0,0
7,BOTOŞANI,"GRĂDINIȚA CU PROGRAM PRELUNGIT ” ALBA CA ZĂPADA” DOROHOI",101,"MUNICIPIUL DOROHOI",36006,1,PROV,PRCNCT,CD,CD_SV,"2021-01-21 12:30:02",1091,1079,12,0,288,276,12,0,1200,912,283,3,2,29,13,1,4,147,13,2,0,57,2,7,2,1,0,0,0,0,1,0,0,0,0,0,0,3,0,0,1,0
7,BOTOŞANI,"GRĂDINIȚA CU PROGRAM PRELUNGIT”ALBA CA ZĂPADA” DOROHOI",102,"MUNICIPIUL DOROHOI",36006,1,PROV,PRCNCT,CD,CD_SV,"2021-01-21 12:30:02",1387,1378,9,0,403,394,9,0,1496,1093,394,6,3,35,15,2,10,201,34,1,4,80,2,4,5,0,0,0,0,0,0,0,0,0,1,0,0,0,0,0,0,0
7,BOTOŞANI,"SALA POLIVALENTĂ DOROHOI",103,"MUNICIPIUL DOROHOI",36006,1,PROV,PRCNCT,CD,CD_SV,"2021-01-21 12:30:02",804,793,11,0,267,256,11,0,900,633,261,5,1,43,18,0,9,140,23,2,1,19,0,3,2,1,0,0,0,0,0,0,0,0,0,0,0,0,0,0,0,0
7,BOTOŞANI,"ȘCOALA GIMNAZIALĂ ” DIMITRIE ROMANESCU” DOROHOI",104,"MUNICIPIUL DOROHOI",36006,1,PROV,PRCNCT,CD,CD_SV,"2021-01-21 12:30:02",974,963,11,0,334,323,11,0,1100,766,333,0,1,29,7,0,7,185,22,0,1,72,2,3,2,0,0,0,0,0,1,0,1,0,0,0,0,0,0,1,0,0
7,BOTOŞANI,"ȘCOALA GIMNAZIALĂ ”DIMITRIE ROMANESCU” DOROHOI",105,"MUNICIPIUL DOROHOI",36006,1,PROV,PRCNCT,CD,CD_SV,"2021-01-21 12:30:02",1099,1086,13,0,301,288,13,0,1196,895,299,1,1,40,7,1,2,156,24,1,1,58,2,4,3,0,0,0,0,0,0,0,0,0,0,0,0,0,0,0,0,0
7,BOTOŞANI,"CLĂDIRE ȘCOALĂ(GRĂDINIȚĂ) SATU NOU",106,"MUNICIPIUL DOROHOI",36006,1,PROV,PRCNCT,CD,CD_SV,"2021-01-21 12:30:02",727,715,12,0,218,206,12,0,800,582,208,3,7,24,6,0,8,112,13,1,4,30,0,2,5,0,1,0,1,1,0,0,0,0,0,0,0,0,0,0,0,0
7,BOTOŞANI,"CLĂDIRE ȘCOALĂ LOTURI ENESCU",107,"MUNICIPIUL DOROHOI",36006,1,PROV,PRCNCT,CD,CD_SV,"2021-01-21 12:30:02",357,344,11,2,138,125,11,2,400,262,135,1,2,46,2,0,4,54,4,1,0,20,0,1,2,1,0,0,0,0,0,0,0,0,0,0,0,0,0,0,0,0
7,BOTOŞANI,"SCOALA NR.1 BUCECEA",108,"ORAŞ BUCECEA",36453,1,PROV,PRCNCT,CD,CD_SV,"2021-01-21 12:30:02",746,724,21,1,225,203,21,1,800,575,222,2,1,46,11,0,6,105,10,0,0,40,0,1,1,1,0,0,0,0,0,0,0,0,0,0,0,0,0,0,1,0
7,BOTOŞANI,"CENTRUL CULTURAL BUCECEA",109,"ORAŞ BUCECEA",36453,1,PROV,PRCNCT,CD,CD_SV,"2021-01-21 12:30:02",1659,1633,26,0,520,494,26,0,1750,1230,504,12,4,79,14,0,17,284,33,4,3,51,1,9,3,2,0,1,0,0,0,0,1,0,0,0,0,0,0,0,1,1
7,BOTOŞANI,"SCOALA NR.2 BUCECEA",110,"ORAŞ BUCECEA",36453,1,PROV,PRCNCT,CD,CD_SV,"2021-01-21 12:30:02",1543,1528,13,2,378,363,13,2,1650,1272,368,9,1,22,7,1,16,218,13,1,0,73,1,8,3,1,1,0,1,1,0,0,0,1,0,0,0,0,0,0,0,0
7,BOTOŞANI,"SCOALA CALINESTI",111,"ORAŞ BUCECEA",36453,1,PROV,PRCNCT,CD,CD_SV,"2021-01-21 12:30:02",555,537,17,1,148,130,17,1,600,452,145,0,3,17,6,1,3,84,5,0,1,23,0,2,1,1,0,0,0,0,0,0,0,0,0,0,0,0,1,0,0,0
7,BOTOŞANI,"LICEUL”DIMITRIE CANTEMIR",112,"ORAŞ DARABANI",35946,1,PROV,PRCNCT,CD,CD_SV,"2021-01-21 12:30:02",1501,1486,12,3,365,350,12,3,1600,1235,353,6,6,65,16,2,7,141,49,0,4,57,2,5,3,1,1,0,0,0,0,0,0,0,0,0,0,0,0,0,0,0
7,BOTOŞANI,"ŞCOALA GIMNAZIALĂ”LEON DĂNĂILĂ”",113,"ORAŞ DARABANI",35946,1,PROV,PRCNCT,CD,CD_SV,"2021-01-21 12:30:02",1700,1688,12,0,320,308,12,0,1800,1480,308,7,5,55,10,1,16,142,35,1,1,35,0,8,1,0,1,0,0,0,0,0,0,0,0,0,0,1,0,0,1,0
7,BOTOŞANI,"ŞCOALA GIMNAZIALĂ ”LEON DĂNĂILĂ”",114,"ORAŞ DARABANI",35946,1,PROV,PRCNCT,CD,CD_SV,"2021-01-21 12:30:02",1697,1686,11,0,344,333,11,0,1796,1452,331,8,4,63,20,0,6,146,52,1,3,29,0,4,1,1,1,0,0,0,1,1,0,0,0,0,0,1,0,1,0,0
7,BOTOŞANI,"GRĂDINIŢA NR.2",115,"ORAŞ DARABANI",35946,1,PROV,PRCNCT,CD,CD_SV,"2021-01-21 12:30:02",1695,1672,23,0,341,318,23,0,1800,1459,323,6,12,53,22,0,15,147,32,0,6,37,2,1,1,2,1,0,1,0,1,0,0,0,0,0,0,0,1,1,0,0
7,BOTOŞANI,"ŞCOALA GIMNAZIALĂ CU CLASELE I-VIII LEON DĂNĂILĂ DARABANI, ȘCOALA CORNEŞTI, CORP A",116,"ORAŞ DARABANI",35946,1,PROV,PRCNCT,CD,CD_SV,"2021-01-21 12:30:02",1026,1012,14,0,235,221,14,0,1200,965,231,1,3,34,8,0,8,94,17,1,2,52,3,1,4,1,1,0,0,1,0,1,0,1,0,0,0,0,0,1,0,1
7,BOTOŞANI,"ŞCOALAL BAJURA",117,"ORAŞ DARABANI",35946,1,PROV,PRCNCT,CD,CD_SV,"2021-01-21 12:30:02",1560,1546,14,0,313,299,14,0,1704,1391,306,1,6,65,5,0,16,134,17,2,1,57,1,4,3,0,0,0,0,0,0,1,0,0,0,0,0,0,0,0,0,0
7,BOTOŞANI,"ŞCOALA TEIOASA",118,"ORAŞ DARABANI",35946,1,PROV,PRCNCT,CD,CD_SV,"2021-01-21 12:30:02",1152,1143,9,0,195,186,9,0,1300,1105,188,6,1,26,4,0,6,90,8,0,2,42,1,2,3,0,1,0,0,0,0,0,2,1,0,0,0,0,0,0,0,0
7,BOTOŞANI,"ŞCOALA LIŞMĂNIŢA",119,"ORAŞ DARABANI",35946,1,PROV,PRCNCT,CD,CD_SV,"2021-01-21 12:30:02",550,536,14,0,123,109,14,0,600,477,109,8,6,14,2,0,2,61,6,1,1,17,0,1,1,0,0,1,0,1,0,0,0,0,1,0,0,0,0,0,0,0
7,BOTOŞANI,"ŞCOALA EŞANCA",120,"ORAŞ DARABANI",35946,1,PROV,PRCNCT,CD,CD_SV,"2021-01-21 12:30:02",265,253,12,0,56,44,12,0,300,244,55,1,0,10,2,2,1,26,5,0,0,8,0,0,1,0,0,0,0,0,0,0,0,0,0,0,0,0,0,0,0,0
7,BOTOŞANI,"ȘCOALA GIMNAZIALĂ ”MIHAIL STURZA”",121,"ORAŞ FLĂMÂNZI",37280,1,PROV,PRCNCT,CD,CD_SV,"2021-01-21 12:30:02",638,630,8,0,149,141,8,0,700,551,146,3,0,44,11,1,1,36,16,0,1,23,0,7,1,0,2,0,0,0,1,0,0,0,0,1,0,0,0,1,0,0
7,BOTOŞANI,"ȘCOALA .GIMNAZIALĂ ”MIHAIL STURZA”",122,"ORAŞ FLĂMÂNZI",37280,1,PROV,PRCNCT,CD,CD_SV,"2021-01-21 12:30:02",878,868,10,0,191,181,10,0,1000,809,185,0,6,52,2,0,6,34,32,0,2,48,1,4,1,0,0,0,0,1,0,1,0,0,0,0,0,0,1,0,0,0
7,BOTOŞANI,"ȘCOALA.GIMNAZIALĂ ”ION BOJOI”",123,"ORAŞ FLĂMÂNZI",37280,1,PROV,PRCNCT,CD,CD_SV,"2021-01-21 12:30:02",1122,1103,19,0,278,259,19,0,1200,922,269,5,4,85,11,0,1,62,47,1,1,45,0,8,3,0,0,0,0,0,1,1,0,0,0,0,1,1,0,1,0,0
7,BOTOŞANI,"CASA DE CULTURA ”NICOLAE SEVEREANU”",124,"ORAŞ FLĂMÂNZI",37280,1,PROV,PRCNCT,CD,CD_SV,"2021-01-21 12:30:02",1162,1149,12,1,282,269,12,1,1200,918,269,10,3,138,4,0,2,42,31,2,2,38,0,2,1,0,1,1,0,2,1,0,1,0,0,0,0,1,0,0,0,0
7,BOTOŞANI,"ȘCOALA GIMNAZIALĂ ”CONSTANTIN COMICESCU”",125,"ORAŞ FLĂMÂNZI",37280,2,PART,PRCNCT,CD,CD_SV,"2021-01-21 12:30:02",1431,1419,12,0,399,387,12,0,1600,1201,384,4,11,206,6,2,5,85,3,1,1,55,1,6,5,4,0,2,0,0,0,0,1,0,0,0,1,0,0,0,0,0
7,BOTOŞANI,"LICEUL TEHNOLOGIC ”NICOLAE BĂLCESCU”",126,"ORAŞ FLĂMÂNZI",37280,1,PROV,PRCNCT,CD,CD_SV,"2021-01-21 12:30:02",1041,1016,23,2,263,238,23,2,1108,845,247,11,5,94,8,2,5,60,24,1,0,42,2,2,2,0,0,0,0,2,2,0,0,0,0,0,0,0,1,0,0,0
7,BOTOŞANI,"LICEUL TEHNOLOGIC ”NICOLAE BĂLCESCU”",127,"ORAŞ FLĂMÂNZI",37280,1,PROV,PRCNCT,CD,CD_SV,"2021-01-21 12:30:02",1227,1195,14,18,338,306,14,18,1300,962,330,4,4,150,12,0,3,75,30,2,0,45,1,2,6,0,0,1,0,1,1,0,0,0,0,0,0,0,0,1,0,0
7,BOTOŞANI,"ŞCOALA TAMBA",128,"ORAŞ FLĂMÂNZI",37280,1,PROV,PRCNCT,CD,CD_SV,"2021-01-21 12:30:02",1067,1039,17,11,381,353,17,11,1100,719,371,6,4,216,8,0,6,54,22,3,1,36,2,4,9,2,2,0,0,2,1,1,1,0,0,0,0,0,0,0,1,0
7,BOTOŞANI,"ȘCOALA PRIMARĂ ”GHEORGHE PRICOP”",129,"ORAŞ FLĂMÂNZI",37280,1,PROV,PRCNCT,CD,CD_SV,"2021-01-21 12:30:02",480,467,13,0,121,108,13,0,550,429,114,3,4,43,3,1,1,33,11,0,0,16,4,0,2,0,0,0,0,0,0,0,0,0,0,0,0,0,0,0,0,0
7,BOTOŞANI,"ȘCOALA GIMNAZIALĂ ”PETRU ZAMFIRESCU”",130,"ORAŞ FLĂMÂNZI",37280,1,PROV,PRCNCT,CD,CD_SV,"2021-01-21 12:30:02",518,510,8,0,177,169,8,0,600,423,170,1,6,67,1,1,3,28,19,0,0,38,3,3,0,0,1,2,0,1,1,2,0,0,0,0,0,0,0,0,0,0
7,BOTOŞANI,"LICEUL TEORETIC DR. M. CIUCA SAVENI",131,"ORAŞ SĂVENI",36060,1,PROV,PRCNCT,CD,CD_SV,"2021-01-21 12:30:02",1227,1188,34,5,412,373,34,5,1300,888,406,3,3,33,14,0,4,254,23,0,1,64,1,8,2,2,0,0,0,0,0,0,0,0,0,0,0,0,0,0,0,0
7,BOTOŞANI,"LICEUL TEORETIC DR. M.CIUCA SAVENI",132,"ORAŞ SĂVENI",36060,1,PROV,PRCNCT,CD,CD_SV,"2021-01-21 12:30:02",940,884,21,35,304,248,21,35,950,646,302,1,1,20,17,0,6,189,23,0,3,37,1,1,3,0,0,0,0,0,1,0,0,0,0,1,0,0,0,0,0,0
7,BOTOŞANI,"SCOALA GENERALA NR. 1 SAVENI",133,"ORAŞ SĂVENI",36060,1,PROV,PRCNCT,CD,CD_SV,"2021-01-21 12:30:02",1561,1520,31,10,492,451,31,10,1600,1108,476,10,6,70,16,0,8,268,27,3,2,60,0,4,12,2,1,0,1,0,0,1,0,0,0,0,0,0,0,0,1,0
7,BOTOŞANI,"SCOALA GENERALA NR. 2 SAVENI",134,"ORAŞ SĂVENI",36060,2,PART,PRCNCT,CD,CD_SV,"2021-01-21 12:30:02",1526,1478,20,28,463,415,20,28,1600,1137,451,10,2,36,9,0,9,279,29,0,5,76,0,3,4,0,0,0,0,0,1,0,0,0,0,0,0,0,0,0,0,0
7,BOTOŞANI,"SCOALA GENERALA PETRICANI",135,"ORAŞ SĂVENI",36060,2,PART,PRCNCT,CD,CD_SV,"2021-01-21 12:30:02",999,982,14,3,281,264,14,3,1104,823,270,5,6,28,8,0,5,174,13,0,3,26,2,3,2,0,2,2,0,0,0,0,1,0,0,0,0,0,0,1,0,0
7,BOTOŞANI,"SCOALA GENERALA BODEASA",136,"ORAŞ SĂVENI",36060,1,PROV,PRCNCT,CD,CD_SV,"2021-01-21 12:30:02",352,331,21,0,114,93,21,0,400,286,108,2,4,2,0,1,3,82,2,0,0,10,0,1,4,0,0,0,1,0,0,1,0,0,0,0,0,0,0,0,0,1
7,BOTOŞANI,"FOST MAGAZIN SĂTESC",137,"ORAŞ SĂVENI",36060,1,PROV,PRCNCT,CD,CD_SV,"2021-01-21 12:30:02",273,229,42,2,114,70,42,2,300,186,112,1,1,7,1,0,2,82,5,0,0,8,0,5,1,0,0,0,0,1,0,0,0,0,0,0,0,0,0,0,0,0
7,BOTOŞANI,"SCOALA GIMNAZIALA BOBULESTI",138,"ORAŞ ŞTEFĂNEŞTI",39168,1,PROV,PRCNCT,CD,CD_SV,"2021-01-21 12:30:02",1173,1153,18,2,241,221,18,2,1300,1059,232,5,4,81,3,0,2,84,11,2,0,39,1,5,2,0,1,0,0,1,0,0,0,0,0,0,0,0,0,0,0,0
7,BOTOŞANI,"SCOALA PRIMARA BADIUTI",139,"ORAŞ ŞTEFĂNEŞTI",39168,1,PROV,PRCNCT,CD,CD_SV,"2021-01-21 12:30:02",875,859,13,3,223,207,13,3,950,727,202,13,8,51,11,0,1,74,6,1,0,43,0,1,3,0,2,0,0,6,1,1,0,0,0,0,1,0,0,0,0,0
7,BOTOŞANI,"LICEUL TEORETIC ”STEFAN D. LUCHIAN”",140,"ORAŞ ŞTEFĂNEŞTI",39168,1,PROV,PRCNCT,CD,CD_SV,"2021-01-21 12:30:02",1272,1234,20,18,324,286,20,18,1300,976,315,3,6,91,16,2,11,99,11,2,4,64,3,4,3,0,1,0,1,0,1,0,0,0,0,0,0,1,0,0,1,0
7,BOTOŞANI,"LICEUL TEORETIC ”STEFAN D. LUCHIAN”",141,"ORAŞ ŞTEFĂNEŞTI",39168,1,PROV,PRCNCT,CD,CD_SV,"2021-01-21 12:30:02",963,940,21,2,222,199,21,2,1000,778,213,7,2,65,9,0,4,79,5,2,1,37,0,3,2,1,0,0,1,0,0,1,0,0,0,1,0,1,0,1,0,0
7,BOTOŞANI,"SCOALA PRIMARA STANCA",142,"ORAŞ ŞTEFĂNEŞTI",39168,1,PROV,PRCNCT,CD,CD_SV,"2021-01-21 12:30:02",811,785,25,1,240,214,25,1,900,660,227,7,6,101,6,0,4,72,7,0,0,30,0,4,2,0,1,0,0,0,0,0,0,0,0,0,0,0,0,0,0,0
7,BOTOŞANI,"ȘCOALA GIMNAZIALĂ NR. 1 ADĂȘENI",143,ADĂŞENI,40035,1,PROV,PRCNCT,CD,CD_SV,"2021-01-21 12:30:02",816,784,9,23,241,209,9,23,850,609,223,10,8,15,10,0,7,148,7,0,0,27,0,2,1,1,2,0,0,2,0,0,0,1,0,0,0,0,0,0,0,0
7,BOTOŞANI,"SCOALA ZOITANI",144,ADĂŞENI,40035,1,PROV,PRCNCT,CD,CD_SV,"2021-01-21 12:30:02",329,311,18,0,112,94,18,0,350,238,109,1,2,32,7,1,1,36,2,1,1,11,0,2,13,0,0,0,0,0,0,0,0,0,1,0,0,0,0,1,0,0
7,BOTOŞANI,"CAMIN CULTURAL ALBESTI",145,ALBEŞTI,36131,1,PROV,PRCNCT,CD,CD_SV,"2021-01-21 12:30:02",940,922,15,3,300,282,15,3,1000,700,291,3,6,93,13,1,4,92,50,0,2,26,0,0,3,0,0,2,0,0,1,1,0,0,0,0,1,0,1,1,0,0
7,BOTOŞANI,"SCOALA PRIMARA NR.1 ALBESTI",146,ALBEŞTI,36131,1,PROV,PRCNCT,CD,CD_SV,"2021-01-21 12:30:02",633,623,10,0,169,159,10,0,700,531,158,5,6,28,5,2,6,52,32,0,1,24,0,1,5,0,1,0,0,0,1,0,0,0,0,0,0,0,0,0,0,0
7,BOTOŞANI,"SCOALA PRIMARA NR.2 BUIMACENI",147,ALBEŞTI,36131,1,PROV,PRCNCT,CD,CD_SV,"2021-01-21 12:30:02",618,609,9,0,138,129,9,0,700,562,129,6,3,34,7,2,1,42,11,2,1,18,0,2,3,0,0,0,0,2,0,0,0,1,0,0,0,0,1,0,1,1
7,BOTOŞANI,"SCOALA PRIMARA NR.3 COSTIUGENI",148,ALBEŞTI,36131,1,PROV,PRCNCT,CD,CD_SV,"2021-01-21 12:30:02",449,434,15,0,112,97,15,0,500,388,109,1,2,28,10,0,2,41,6,1,1,15,0,2,3,0,0,0,0,0,0,0,0,0,0,0,0,0,0,0,0,0
7,BOTOŞANI,"SCOALA PRIMARA NR.4 JIJIA",149,ALBEŞTI,36131,1,PROV,PRCNCT,CD,CD_SV,"2021-01-21 12:30:02",499,495,4,0,121,117,4,0,550,429,115,3,3,31,6,2,1,32,10,2,1,25,0,1,1,1,0,0,0,1,0,0,0,0,0,0,0,0,1,0,0,0
7,BOTOŞANI,"SCOALA PRIMARA NR.5 MASCATENI",150,ALBEŞTI,36131,1,PROV,PRCNCT,CD,CD_SV,"2021-01-21 12:30:02",324,313,11,0,111,100,11,0,350,239,105,4,2,23,13,1,1,45,8,0,0,5,2,0,2,0,1,0,1,2,0,0,0,0,0,0,0,0,0,1,0,0
7,BOTOŞANI,"SCOALA GIMNAZIALA NR.2 TUDOR VLADIMIRESCU",151,ALBEŞTI,36131,1,PROV,PRCNCT,CD,CD_SV,"2021-01-21 12:30:02",697,692,5,0,143,138,5,0,750,607,136,4,3,18,5,0,8,26,15,0,2,58,1,0,0,0,0,0,1,0,0,1,0,0,0,0,1,0,0,0,0,0
7,BOTOŞANI,"SCOALA GIMNAZIALA NR.2 TUDOR VLADIMIRESCU",152,ALBEŞTI,36131,1,PROV,PRCNCT,CD,CD_SV,"2021-01-21 12:30:02",770,757,13,0,189,176,13,0,800,611,182,5,2,40,2,0,21,34,7,1,1,69,2,1,2,0,0,0,0,0,0,1,0,0,0,0,0,0,0,1,0,0
7,BOTOŞANI,"ȘCOALA GIMNAZIALĂ NR.1 AVRĂMENI",153,AVRĂMENI,36202,1,PROV,PRCNCT,CD,CD_SV,"2021-01-21 12:30:02",1262,1250,12,0,346,334,12,0,1350,1004,335,5,6,51,26,1,9,171,10,2,1,47,4,5,5,1,1,0,0,1,0,0,0,0,0,0,0,0,0,0,0,0
7,BOTOŞANI,"SCOALA PRIMARĂ NR.1 TIMUȘ SAT TIMUȘ",154,AVRĂMENI,36202,1,PROV,PRCNCT,CD,CD_SV,"2021-01-21 12:30:02",553,536,17,0,208,191,17,0,600,392,199,1,8,21,4,0,3,128,2,1,0,27,0,4,4,1,1,1,0,0,0,1,0,0,0,0,0,0,0,1,0,0
7,BOTOŞANI,"ȘCOALA GIMNAZIALĂ NR.3 TUDOR VLADIMIRESCU",155,AVRĂMENI,36202,1,PROV,PRCNCT,CD,CD_SV,"2021-01-21 12:30:02",593,588,5,0,193,188,5,0,650,457,186,5,2,32,5,1,4,97,6,0,0,26,2,4,3,3,0,1,0,0,0,1,0,0,0,0,0,1,0,0,0,0
7,BOTOŞANI,"ȘCOALA PRIMARĂ NR.4 AUREL VLAICU",156,AVRĂMENI,36202,1,PROV,PRCNCT,CD,CD_SV,"2021-01-21 12:30:02",483,470,13,0,147,134,13,0,500,353,141,3,3,34,6,0,7,63,6,0,3,17,0,3,1,1,0,0,0,0,0,0,0,0,0,0,0,0,0,0,0,0
7,BOTOŞANI,"SCOALA CU CLASELE 1-4 ICHIMENI",157,AVRĂMENI,36202,1,PROV,PRCNCT,CD,CD_SV,"2021-01-21 12:30:02",110,100,10,0,40,30,10,0,150,110,40,0,0,12,1,0,1,16,2,0,0,7,0,0,0,1,0,0,0,0,0,0,0,0,0,0,0,0,0,0,0,0
7,BOTOŞANI,"SCOALA BALUSENI",158,BĂLUŞENI,36300,1,PROV,PRCNCT,CD,CD_SV,"2021-01-21 12:30:02",1177,1112,26,39,389,324,26,39,1200,811,365,12,12,33,24,1,12,213,9,0,2,49,1,10,3,0,0,0,1,0,2,2,0,0,0,0,1,1,0,0,1,0
7,BOTOŞANI,"SCOALA BALUSENII NOI",159,BĂLUŞENI,36300,1,PROV,PRCNCT,CD,CD_SV,"2021-01-21 12:30:02",270,260,10,0,126,116,10,0,300,174,119,3,4,16,7,1,1,56,5,2,0,27,0,1,0,0,0,0,0,3,0,0,0,0,0,0,0,0,0,0,0,0
7,BOTOŞANI,"SCOALA BUZENI",160,BĂLUŞENI,36300,1,PROV,PRCNCT,CD,CD_SV,"2021-01-21 12:30:02",570,545,15,10,221,196,15,10,600,379,214,2,5,106,3,1,1,71,3,2,1,24,0,0,2,0,0,0,0,0,0,0,0,0,0,0,0,0,0,0,0,0
7,BOTOŞANI,"SCOALA DRAXINI",161,BĂLUŞENI,36300,3,PART,PRCNCT,CD,CD_SV,"2021-01-21 12:30:02",1583,1513,24,46,550,480,24,46,1650,1100,512,14,24,61,25,3,10,276,34,2,2,72,1,13,5,0,0,1,0,1,1,1,1,0,0,0,1,0,0,1,1,0
7,BOTOŞANI,"SCOALA ZAICESTI",162,BĂLUŞENI,36300,1,PROV,PRCNCT,CD,CD_SV,"2021-01-21 12:30:02",611,587,22,2,207,183,22,2,650,443,197,7,3,79,9,1,3,57,8,0,2,28,1,5,4,0,0,0,0,0,0,0,0,0,0,0,0,0,0,0,0,0
7,BOTOŞANI,"SCOALA GIMNAZIALA NR. 1",163,BLÂNDEŞTI,39983,2,PART,PRCNCT,CD,CD_SV,"2021-01-21 12:30:02",646,627,19,0,246,227,19,0,650,404,233,2,11,70,9,1,3,123,4,0,0,14,1,2,1,0,1,0,0,1,0,0,1,0,0,0,1,0,0,0,1,0
7,BOTOŞANI,"SCOALA PRIMARA NR.2 CERCHEJENI",164,BLÂNDEŞTI,39983,1,PROV,PRCNCT,CD,CD_SV,"2021-01-21 12:30:02",686,668,18,0,253,235,18,0,700,447,240,5,8,87,12,1,10,90,6,0,1,19,0,4,5,0,0,1,0,0,1,1,1,0,0,1,0,0,0,0,0,0
7,BOTOŞANI,"SCOLA PRIMARA NR. 3",165,BLÂNDEŞTI,39983,2,PART,PRCNCT,CD,CD_SV,"2021-01-21 12:30:02",361,340,21,0,165,144,21,0,400,235,150,4,11,75,5,1,8,39,2,1,0,13,0,1,2,0,0,1,1,0,0,0,0,1,0,0,0,0,0,0,0,0
7,BOTOŞANI,"CĂMIN CULTURAL BRĂEŞTI",166,BRĂEŞTI,36373,1,PROV,PRCNCT,CD,CD_SV,"2021-01-21 12:30:02",1125,1113,12,0,365,353,12,0,1210,845,344,12,9,40,101,0,28,102,14,1,5,36,2,0,7,2,0,0,0,2,0,2,0,0,0,0,0,0,1,1,0,0
7,BOTOŞANI,"SCOALA POIANA 2",167,BRĂEŞTI,36373,1,PROV,PRCNCT,CD,CD_SV,"2021-01-21 12:30:02",360,344,16,0,146,130,16,0,400,254,136,5,5,9,65,0,2,31,6,0,1,10,2,2,3,1,0,0,1,0,0,0,0,0,1,1,1,0,0,0,0,0
7,BOTOŞANI,"ŞCOALA POPENI",168,BRĂEŞTI,36373,1,PROV,PRCNCT,CD,CD_SV,"2021-01-21 12:30:02",217,207,10,0,96,86,10,0,250,154,95,1,0,13,32,0,1,23,1,0,0,17,1,4,2,0,0,0,0,0,0,1,0,0,0,0,0,0,0,0,0,0
7,BOTOŞANI,"SCOALA DIMITRIE POMPEIU BROSCAUTI",169,BROSCĂUŢI,36426,1,PROV,PRCNCT,CD,CD_SV,"2021-01-21 12:30:02",1507,1487,20,0,456,436,20,0,1600,1144,447,6,3,35,25,0,6,283,12,0,3,62,1,8,5,1,0,1,0,0,1,3,0,0,0,0,0,0,0,0,1,0
7,BOTOŞANI,"ȘCOALA GIMNAZIALĂ ”DIMITRIE POMPEIU”",170,BROSCĂUŢI,36426,1,PROV,PRCNCT,CD,CD_SV,"2021-01-21 12:30:02",1305,1282,23,0,349,326,23,0,1400,1051,343,3,3,29,20,0,3,192,12,0,2,66,1,7,3,0,0,0,1,1,0,1,0,0,0,1,2,1,0,1,0,0
7,BOTOŞANI,"CAMIN CULTURAL CALARASI",171,CĂLĂRAŞI,36499,1,PROV,PRCNCT,CD,CD_SV,"2021-01-21 12:30:02",941,927,14,0,330,316,14,0,1000,670,317,11,2,132,26,0,7,92,14,0,2,31,4,4,2,0,1,0,0,1,0,1,0,0,0,0,0,0,0,0,0,0
7,BOTOŞANI,"SCOALA CALARASI",172,CĂLĂRAŞI,36499,1,PROV,PRCNCT,CD,CD_SV,"2021-01-21 12:30:02",910,905,5,0,306,301,5,0,996,690,297,9,0,150,27,0,2,75,9,1,1,23,1,0,3,0,1,1,1,1,0,0,0,0,1,0,0,0,0,0,0,0
7,BOTOŞANI,"SCOALA PLESANI",173,CĂLĂRAŞI,36499,1,PROV,PRCNCT,CD,CD_SV,"2021-01-21 12:30:02",497,482,15,0,172,157,15,0,546,374,166,4,2,99,8,0,3,28,2,2,3,14,0,4,0,0,1,0,0,0,0,0,1,0,0,0,0,0,1,0,0,0
7,BOTOŞANI,"SCOALA LIBERTATEA",174,CĂLĂRAŞI,36499,1,PROV,PRCNCT,CD,CD_SV,"2021-01-21 12:30:02",368,360,8,0,147,139,8,0,399,252,134,6,7,60,14,0,1,34,2,4,1,13,0,2,2,0,0,1,0,0,0,0,0,0,0,0,0,0,0,0,0,0
7,BOTOŞANI,"ŞCOALA GIMNAZIALÃ, CÂNDEȘTI",175,CÂNDEŞTI,39967,1,PROV,PRCNCT,CD,CD_SV,"2021-01-21 12:30:02",885,865,20,0,264,244,20,0,902,638,257,4,3,95,9,0,5,95,6,0,0,19,1,1,4,20,0,0,1,0,0,1,0,0,0,0,0,0,0,0,0,0
7,BOTOŞANI,"ŞCOALA PRIMARĂ TALPA",176,CÂNDEŞTI,39967,1,PROV,PRCNCT,CD,CD_SV,"2021-01-21 12:30:02",536,530,6,0,122,116,6,0,600,478,119,1,2,16,13,0,2,53,3,0,1,25,0,2,0,3,0,0,0,0,1,0,0,0,0,0,0,0,0,0,0,0
7,BOTOŞANI,"ŞCOLA PRIMARĂ VIŢCANI",177,CÂNDEŞTI,39967,1,PROV,PRCNCT,CD,CD_SV,"2021-01-21 12:30:02",268,260,8,0,100,92,8,0,300,200,97,2,1,36,2,0,3,35,1,2,2,12,1,0,0,2,0,0,0,0,1,0,0,0,0,0,0,0,0,0,0,0
7,BOTOŞANI,"CĂMINUL CULTURAL CONCEȘTI",178,CONCEŞTI,36532,1,PROV,PRCNCT,CD,CD_SV,"2021-01-21 12:30:02",1223,1213,6,4,346,336,6,4,1300,954,322,13,11,45,51,1,5,140,7,4,2,51,2,3,5,0,2,0,1,0,0,1,0,0,0,1,1,0,0,0,0,0
7,BOTOŞANI,"CAMINUL CULTURAL MOVILENI",179,CONCEŞTI,36532,1,PROV,PRCNCT,CD,CD_SV,"2021-01-21 12:30:02",256,248,8,0,84,76,8,0,300,216,79,4,1,5,6,0,8,41,3,2,0,6,1,3,1,0,2,0,0,0,0,0,0,1,0,0,0,0,0,0,0,0
7,BOTOŞANI,"ŞCOALA GIMNAZIALĂ NR.1 COPĂLĂU",180,COPĂLĂU,36569,1,PROV,PRCNCT,CD,CD_SV,"2021-01-21 12:30:02",1220,1195,18,7,385,360,18,7,1300,915,358,16,11,81,9,2,5,125,13,2,3,86,4,14,4,2,2,0,2,0,1,2,0,0,1,0,0,0,0,0,0,0
7,BOTOŞANI,"ŞCOALA GIMNAZIALĂ NR. 1 COPĂLĂU",181,COPĂLĂU,36569,1,PROV,PRCNCT,CD,CD_SV,"2021-01-21 12:30:02",1060,1044,7,9,290,274,7,9,1100,810,274,11,5,74,13,1,1,71,15,6,2,70,0,10,5,1,1,1,0,0,0,0,0,0,0,1,0,0,0,1,1,0
7,BOTOŞANI,"ŞCOALA PRIMARĂ NR. 2 COTU",182,COPĂLĂU,36569,1,PROV,PRCNCT,CD,CD_SV,"2021-01-21 12:30:02",523,489,16,18,158,125,16,17,600,442,154,2,2,34,6,1,2,64,16,0,0,18,1,4,6,0,1,1,0,0,0,0,0,0,0,0,0,0,0,0,0,0
7,BOTOŞANI,"ŞCOALA PRIMARĂ NR.3 CERBU",183,COPĂLĂU,36569,1,PROV,PRCNCT,CD,CD_SV,"2021-01-21 12:30:02",674,660,13,1,214,200,13,1,700,486,208,5,1,43,10,0,3,62,6,0,0,73,0,7,1,1,0,0,1,0,0,1,0,0,0,0,0,0,0,0,0,0
7,BOTOŞANI,"CAMINUL CULTURAL CORDARENI",184,CORDĂRENI,36649,1,PROV,PRCNCT,CD,CD_SV,"2021-01-21 12:30:02",823,747,50,26,450,375,49,26,800,350,435,7,8,23,13,1,5,329,13,1,2,28,2,6,6,0,2,0,0,0,0,0,0,0,0,1,1,0,0,1,1,0
7,BOTOŞANI,"SCOALA GRIVITA",185,CORDĂRENI,36649,1,PROV,PRCNCT,CD,CD_SV,"2021-01-21 12:30:02",412,382,21,9,187,157,21,9,450,263,186,0,1,28,4,1,2,115,4,0,0,24,1,1,1,0,0,2,0,1,0,0,0,1,0,0,0,0,0,0,1,0
7,BOTOŞANI,"SCOALA SLOBOZIA",186,CORDĂRENI,36649,1,PROV,PRCNCT,CD,CD_SV,"2021-01-21 12:30:02",301,274,16,11,132,105,16,11,300,168,121,6,5,7,5,0,4,89,2,1,0,2,0,2,2,0,1,1,0,0,1,1,0,0,0,0,1,1,0,0,1,0
7,BOTOŞANI,"PRIMARIA CORLATENI",187,CORLĂTENI,36676,1,PROV,PRCNCT,CD,CD_SV,"2021-01-21 12:30:02",529,506,19,4,214,191,19,4,547,333,211,1,2,88,5,1,3,83,4,1,0,23,1,0,0,0,0,0,0,1,0,0,0,0,0,0,0,0,0,0,0,1
7,BOTOŞANI,"GRADINITA CARASA",188,CORLĂTENI,36676,1,PROV,PRCNCT,CD,CD_SV,"2021-01-21 12:30:02",443,418,25,0,158,133,25,0,450,292,151,2,5,49,2,0,3,64,8,0,0,23,0,0,2,0,0,0,0,0,0,0,0,0,0,0,0,0,0,0,0,0
7,BOTOŞANI,"SCOALA VLADENI",189,CORLĂTENI,36676,1,PROV,PRCNCT,CD,CD_SV,"2021-01-21 12:30:02",371,349,19,3,145,123,19,3,400,255,137,1,7,52,2,0,1,61,1,0,0,18,0,2,0,0,0,0,0,0,0,0,0,0,0,0,0,0,0,0,0,0
7,BOTOŞANI,"SCOALA PODENI",190,CORLĂTENI,36676,1,PROV,PRCNCT,CD,CD_SV,"2021-01-21 12:30:02",343,328,15,0,143,128,15,0,400,257,138,3,2,52,4,0,1,65,2,0,1,11,0,0,2,0,0,0,0,0,0,0,0,0,0,0,0,0,0,0,0,0
7,BOTOŞANI,"SCOALA O. BANCILA",191,CORNI,36756,1,PROV,PRCNCT,CD,CD_SV,"2021-01-21 12:30:02",1329,1311,18,0,298,280,18,0,1400,1102,284,8,6,21,6,1,4,134,11,0,0,95,0,4,4,0,0,1,0,1,2,0,0,0,0,0,0,0,0,0,0,0
7,BOTOŞANI,"SCOALA O. BANCILA",192,CORNI,36756,1,PROV,PRCNCT,CD,CD_SV,"2021-01-21 12:30:02",889,881,8,0,216,208,8,0,900,684,209,3,4,38,10,1,2,73,11,0,1,63,2,3,2,1,0,0,0,0,0,0,0,0,0,0,1,0,0,1,0,0
7,BOTOŞANI,"CENTRUL CULTURAL CORNI",193,CORNI,36756,1,PROV,PRCNCT,CD,CD_SV,"2021-01-21 12:30:02",1083,1076,7,0,274,267,7,0,1200,926,264,7,3,28,10,1,2,116,8,2,2,83,0,2,2,1,0,0,0,1,2,1,1,0,0,0,1,1,0,0,0,0
7,BOTOŞANI,"SCOALA CU CL I-VIII SARAFINESTI",194,CORNI,36756,1,PROV,PRCNCT,CD,CD_SV,"2021-01-21 12:30:02",1188,1177,11,0,309,298,11,0,1300,991,295,6,8,18,7,2,4,110,18,1,1,116,3,3,8,0,0,1,0,0,1,0,0,0,1,0,0,0,0,0,1,0
7,BOTOŞANI,"SCOALA CU CL I-IV MESTEACAN",195,CORNI,36756,1,PROV,PRCNCT,CD,CD_SV,"2021-01-21 12:30:02",366,352,14,0,109,95,14,0,400,291,100,2,7,9,1,1,3,27,7,0,1,45,1,2,1,0,0,0,0,0,0,0,0,0,0,0,0,1,0,1,0,0
7,BOTOŞANI,"SCOALA CU CL I-IV BALTA ARSA",196,CORNI,36756,1,PROV,PRCNCT,CD,CD_SV,"2021-01-21 12:30:02",357,344,13,0,102,89,13,0,400,298,98,1,3,10,1,2,5,72,1,0,0,4,0,1,0,0,0,1,0,0,1,0,0,0,0,0,0,0,0,0,0,0
7,BOTOŞANI,"GRĂDINIȚA *PRICHINDEL* COȘULA",197,COŞULA,39975,1,PROV,PRCNCT,CD,CD_SV,"2021-01-21 12:30:02",1072,1054,18,0,302,284,18,0,1150,848,284,8,10,22,7,2,4,163,14,2,2,47,1,1,5,1,0,0,0,5,4,0,1,0,0,2,0,0,0,0,1,0
7,BOTOŞANI,"ȘCOALA CU CLASELE I-IV BUDA",198,COŞULA,39975,1,PROV,PRCNCT,CD,CD_SV,"2021-01-21 12:30:02",269,257,12,0,65,53,12,0,300,235,62,0,3,2,3,1,2,27,4,2,1,9,0,3,3,0,0,1,0,3,0,0,0,0,0,0,0,0,0,1,0,0
7,BOTOŞANI,"ȘCOALA CU CLASELE I-IV PĂDURENI",199,COŞULA,39975,1,PROV,PRCNCT,CD,CD_SV,"2021-01-21 12:30:02",475,459,13,3,158,142,13,3,500,342,150,4,4,11,5,2,9,83,3,1,0,22,0,3,5,0,0,1,0,1,2,0,0,1,0,0,1,0,0,0,0,0
7,BOTOŞANI,"ȘCOALA CU CLASELE I-IV ȘUPITCA",200,COŞULA,39975,1,PROV,PRCNCT,CD,CD_SV,"2021-01-21 12:30:02",677,665,12,0,225,213,12,0,700,475,206,8,11,18,3,1,0,118,4,0,1,40,0,6,1,0,2,0,1,6,0,1,0,0,0,1,0,0,0,0,3,0
7,BOTOŞANI,"LICEUL TEHNOLOGIC COȚUȘCA -CORP A",201,COŢUŞCA,36809,1,PROV,PRCNCT,CD,CD_SV,"2021-01-21 12:30:02",1803,1787,16,0,313,297,16,0,1900,1587,302,5,6,127,26,0,5,84,11,0,2,31,1,1,8,0,1,0,1,0,0,2,0,0,0,0,0,0,0,1,1,0
7,BOTOŞANI,"CĂMINUL CULTURAL GHIRENI",202,COŢUŞCA,36809,1,PROV,PRCNCT,CD,CD_SV,"2021-01-21 12:30:02",555,543,12,0,159,147,12,0,600,441,156,2,1,75,7,0,3,48,1,0,0,15,0,0,3,0,0,0,0,1,0,1,0,0,0,1,1,0,0,0,0,0
7,BOTOŞANI,"CĂMIN CULTURAL",203,COŢUŞCA,36809,1,PROV,PRCNCT,CD,CD_SV,"2021-01-21 12:30:02",331,323,8,0,93,85,8,0,400,307,91,2,0,21,3,0,8,46,1,1,0,5,0,2,3,0,0,0,0,0,0,0,0,0,0,0,0,0,0,0,1,0
7,BOTOŞANI,"GRĂDINIȚA CU PROGRAM NORMAL NR. 2 CRASNALEUCA",204,COŢUŞCA,36809,1,PROV,PRCNCT,CD,CD_SV,"2021-01-21 12:30:02",481,462,19,0,144,125,19,0,500,356,140,2,2,34,6,1,10,38,5,1,1,33,1,3,3,0,1,1,0,0,1,0,0,0,0,0,0,0,0,1,0,0
7,BOTOŞANI,"ŞCOALA PRIMARĂ NR.5",205,COŢUŞCA,36809,1,PROV,PRCNCT,CD,CD_SV,"2021-01-21 12:30:02",443,432,11,0,96,85,11,0,500,404,93,1,2,33,2,0,2,35,3,1,0,11,0,1,0,0,1,0,1,0,1,1,1,0,0,0,0,0,0,0,0,0
7,BOTOŞANI,"GRĂDINIȚA CU PROGRAM NORMAL NR. 3 NICHITENI",206,COŢUŞCA,36809,1,PROV,PRCNCT,CD,CD_SV,"2021-01-21 12:30:02",756,744,12,0,218,206,12,0,800,582,211,2,5,78,12,1,4,64,5,1,1,36,1,0,3,0,0,0,2,0,0,0,0,0,0,0,0,1,0,1,1,0
7,BOTOŞANI,"SCOALA GIMNAZIALA NR. 1 CRISTESTI CORPUL II",207,CRISTEŞTI,36907,1,PROV,PRCNCT,CD,CD_SV,"2021-01-21 12:30:02",1546,1444,61,41,434,333,61,40,1600,1166,423,5,6,160,28,1,4,134,17,1,1,62,0,4,5,1,1,1,0,0,0,2,0,0,0,0,0,0,0,1,0,0
7,BOTOŞANI,"SCOALA PRIMARA NR. 1 SAT CRISTESTI , DENUMIRE UZUALA SCOALA DIN GHILANESTI",208,CRISTEŞTI,36907,1,PROV,PRCNCT,CD,CD_SV,"2021-01-21 12:30:02",535,484,21,30,171,120,21,30,550,379,167,2,2,74,3,1,3,38,4,1,0,33,0,2,3,0,0,0,0,0,1,0,1,1,1,0,0,1,0,0,0,0
7,BOTOŞANI,"SCOALA GIMNAZIALA NR. 2 SAT ONEAGA",209,CRISTEŞTI,36907,1,PROV,PRCNCT,CD,CD_SV,"2021-01-21 12:30:02",1198,1143,23,32,394,339,23,32,1200,806,367,13,14,124,15,1,4,100,12,0,1,93,0,5,5,1,1,0,0,0,0,2,0,1,0,0,0,0,0,0,1,1
7,BOTOŞANI,"ȘCOALA PRIMARĂ NR.3 SCHIT-ORĂȘENI",210,CRISTEŞTI,36907,1,PROV,PRCNCT,CD,CD_SV,"2021-01-21 12:30:02",485,467,16,2,146,128,16,2,500,354,141,4,1,30,2,1,6,43,5,0,1,45,1,3,1,0,0,0,0,0,0,1,0,0,0,0,0,1,1,0,0,0
7,BOTOŞANI,"SCOALA PRIMARA NR. 4 UNGUROAIA",211,CRISTEŞTI,36907,1,PROV,PRCNCT,CD,CD_SV,"2021-01-21 12:30:02",177,162,15,0,102,87,15,0,200,98,95,3,4,44,1,0,1,39,2,0,0,6,0,1,1,0,0,0,0,0,0,0,0,0,0,0,0,0,0,0,0,0
7,BOTOŞANI,"CAMINUL CULTURAL CRISTINESTI",212,CRISTINEŞTI,36952,1,PROV,PRCNCT,CD,CD_SV,"2021-01-21 12:30:02",1211,1197,14,0,315,301,14,0,1300,985,305,5,5,104,20,0,6,109,6,0,1,36,3,7,2,1,2,1,0,0,2,0,0,2,0,0,1,0,0,1,1,0
7,BOTOŞANI,"SCOALA DRAGALINA",213,CRISTINEŞTI,36952,1,PROV,PRCNCT,CD,CD_SV,"2021-01-21 12:30:02",557,516,41,0,205,164,41,0,600,395,201,3,1,64,11,0,4,83,7,0,0,26,0,3,1,1,0,0,0,0,0,0,0,0,1,0,0,0,0,0,0,0
7,BOTOŞANI,"SCOALA FUNDU HERTII",214,CRISTINEŞTI,36952,1,PROV,PRCNCT,CD,CD_SV,"2021-01-21 12:30:02",625,616,9,0,162,153,9,0,650,488,156,5,1,44,30,0,4,52,2,0,1,15,0,1,5,0,0,0,0,0,0,1,0,0,0,0,0,0,0,0,1,0
7,BOTOŞANI,"SCOALA BARANCA",215,CRISTINEŞTI,36952,1,PROV,PRCNCT,CD,CD_SV,"2021-01-21 12:30:02",507,501,6,0,115,109,6,0,600,485,108,2,5,13,7,0,1,57,2,1,1,22,0,0,3,0,1,0,0,0,0,0,0,0,0,0,0,0,0,0,0,0
7,BOTOŞANI,"GRADINITA CURTESTI",216,CURTEŞTI,35759,1,PROV,PRCNCT,CD,CD_SV,"2021-01-21 12:30:02",1193,1165,26,2,358,330,26,2,1300,942,355,0,3,44,11,1,24,178,44,0,1,46,3,2,0,0,0,0,0,0,0,0,0,0,0,1,0,0,0,0,0,0
7,BOTOŞANI,"SPATIU SCOALA AGAFTON",217,CURTEŞTI,35759,1,PROV,PRCNCT,CD,CD_SV,"2021-01-21 12:30:02",237,218,16,3,96,77,16,3,250,154,96,0,0,8,2,0,1,62,2,0,0,15,0,4,1,0,0,0,0,1,0,0,0,0,0,0,0,0,0,0,0,0
7,BOTOŞANI,"SCOALA GENERALA.BAICENI",218,CURTEŞTI,35759,1,PROV,PRCNCT,CD,CD_SV,"2021-01-21 12:30:02",761,736,25,0,228,203,25,0,800,572,216,1,11,19,7,1,8,122,1,0,0,48,0,3,1,0,0,1,1,2,0,0,0,0,0,0,0,0,0,1,0,1
7,BOTOŞANI,"SCOALA GENERALA MANASTIREA DOAMNEI",219,CURTEŞTI,35759,1,PROV,PRCNCT,CD,CD_SV,"2021-01-21 12:30:02",1059,1042,17,0,326,309,17,0,1100,774,315,8,3,70,24,1,12,124,49,1,9,20,0,2,2,0,0,0,0,0,1,0,0,0,0,0,0,0,0,0,0,0
7,BOTOŞANI,"ȘCOALA GIMNAZIALĂ NR. 1 ORĂȘENI- DEAL, CORP B",220,CURTEŞTI,35759,1,PROV,PRCNCT,CD,CD_SV,"2021-01-21 12:30:02",986,958,28,0,292,264,28,0,1050,758,282,4,6,53,14,1,5,122,19,1,4,51,0,4,4,0,1,1,0,1,0,1,0,0,0,0,0,0,0,0,0,0
7,BOTOŞANI,"SCOALA GENERALA ORASENI VALE",221,CURTEŞTI,35759,1,PROV,PRCNCT,CD,CD_SV,"2021-01-21 12:30:02",570,553,17,0,201,184,17,0,600,399,191,4,6,24,2,1,3,111,3,4,1,37,0,0,2,0,1,0,1,0,0,1,0,0,0,0,0,0,0,0,0,0
7,BOTOŞANI,"CĂMINUL CULTURAL DÎNGENI",222,DÂNGENI,37057,1,PROV,PRCNCT,CD,CD_SV,"2021-01-21 12:30:02",754,733,16,5,177,156,16,5,800,623,177,0,0,19,56,0,4,49,9,1,1,24,2,4,3,0,3,0,0,0,1,0,0,0,1,0,0,0,0,0,0,0
7,BOTOŞANI,"CĂMINUL CULTURAL HULUB",223,DÂNGENI,37057,1,PROV,PRCNCT,CD,CD_SV,"2021-01-21 12:30:02",488,464,18,6,154,130,18,6,500,346,147,0,7,19,62,1,2,26,5,0,0,22,1,3,4,0,0,1,0,1,0,0,0,0,0,0,0,0,0,0,0,0
7,BOTOŞANI,"SCOALA GIMNAZIALA NR.2 IACOBENI",224,DÂNGENI,37057,1,PROV,PRCNCT,CD,CD_SV,"2021-01-21 12:30:02",938,919,19,0,233,214,19,0,1000,767,220,6,7,22,98,1,1,45,5,0,1,27,2,4,6,1,2,0,1,2,1,0,0,0,0,0,0,0,0,1,0,0
7,BOTOŞANI,"SCOALA PRIMARA NR.2 STRAHOTIN",225,DÂNGENI,37057,1,PROV,PRCNCT,CD,CD_SV,"2021-01-21 12:30:02",452,439,13,0,130,117,13,0,492,362,126,1,3,17,62,0,2,30,4,0,0,9,0,0,0,0,2,0,0,0,0,0,0,0,0,0,0,0,0,0,0,0
7,BOTOŞANI,"CĂMIN CULTURAL DERSCA",226,DERSCA,37011,1,PROV,PRCNCT,CD,CD_SV,"2021-01-21 12:30:02",1380,1352,20,8,445,417,20,8,1500,1055,427,12,6,56,36,2,13,242,15,2,3,47,1,2,3,0,0,1,0,1,1,1,0,0,0,0,0,1,0,0,0,0
7,BOTOŞANI,"GRĂDINIȚA CU PROGRAM NORMAL, COMUNA DERSCA",227,DERSCA,37011,1,PROV,PRCNCT,CD,CD_SV,"2021-01-21 12:30:02",1138,1127,11,0,329,318,11,0,1200,871,312,8,9,48,40,2,13,163,5,2,0,27,0,5,6,0,0,1,0,0,0,0,0,0,0,0,0,0,0,0,0,0
7,BOTOŞANI,"CAMIN CULTURAL",228,DIMĂCHENI,39959,1,PROV,PRCNCT,CD,CD_SV,"2021-01-21 12:30:02",200,189,11,0,75,64,11,0,250,175,70,3,2,9,4,0,1,26,13,0,0,9,0,2,1,1,0,0,1,0,0,1,0,0,0,1,0,0,1,0,0,0
7,BOTOŞANI,PRIMARIA,229,DIMĂCHENI,39959,1,PROV,PRCNCT,CD,CD_SV,"2021-01-21 12:30:02",866,832,29,5,358,324,29,5,900,542,345,5,8,19,25,0,15,89,143,0,0,34,0,4,5,0,2,0,1,0,0,1,1,1,2,0,0,1,1,0,0,1
7,BOTOŞANI,"ȘCOALA DOBIRCENI",230,DOBÂRCENI,37100,1,PROV,PRCNCT,CD,CD_SV,"2021-01-21 12:30:02",669,659,10,0,167,157,10,0,700,533,164,3,0,30,13,2,2,86,15,0,0,12,0,0,3,0,0,1,0,0,0,0,0,0,0,0,0,0,0,0,0,0
7,BOTOŞANI,"SCOALA BIVOLARI",231,DOBÂRCENI,37100,1,PROV,PRCNCT,CD,CD_SV,"2021-01-21 12:30:02",144,134,10,0,49,39,10,0,150,101,49,0,0,11,4,0,2,21,4,0,0,3,0,1,1,0,0,0,0,0,0,0,0,0,0,0,0,1,0,0,1,0
7,BOTOŞANI,"ȘCOALA BRATENI",232,DOBÂRCENI,37100,1,PROV,PRCNCT,CD,CD_SV,"2021-01-21 12:30:02",498,491,7,0,135,128,7,0,550,415,129,6,0,27,21,0,1,27,10,0,2,26,1,6,3,1,1,0,0,0,1,1,0,0,0,0,0,0,0,1,0,0
7,BOTOŞANI,"SCOALA CISMANESTI",233,DOBÂRCENI,37100,1,PROV,PRCNCT,CD,CD_SV,"2021-01-21 12:30:02",333,321,12,0,113,101,12,0,350,237,108,2,3,8,7,1,2,64,9,1,0,9,1,3,2,0,0,1,0,0,0,0,0,0,0,0,0,0,0,0,0,0
7,BOTOŞANI,"SCOALA MURGUTA",234,DOBÂRCENI,37100,1,PROV,PRCNCT,CD,CD_SV,"2021-01-21 12:30:02",408,400,8,0,114,106,8,0,446,332,114,0,0,22,5,0,4,38,9,0,0,30,2,2,1,0,0,0,0,0,0,0,0,1,0,0,0,0,0,0,0,0
7,BOTOŞANI,"CĂMINUL CULTURAL ”PROF. IOAN COBÂLĂ ” DRĂGUȘENI",235,DRĂGUŞENI,37173,1,PROV,PRCNCT,CD,CD_SV,"2021-01-21 12:30:02",1880,1871,9,0,304,295,9,0,2050,1746,292,5,7,26,21,0,2,168,15,1,0,52,1,2,3,0,0,0,0,0,1,0,0,0,0,0,0,0,0,0,0,0
7,BOTOŞANI,"SCOALA CU CLASELE I-IV PODRIGA",236,DRĂGUŞENI,37173,1,PROV,PRCNCT,CD,CD_SV,"2021-01-21 12:30:02",2010,1996,14,0,241,227,14,0,2100,1859,229,6,6,17,8,0,6,138,10,1,0,40,0,3,0,0,2,2,0,0,0,0,1,0,0,0,0,0,1,0,0,0
7,BOTOŞANI,"SCOALA CU CLASELE I-IV SARATA",237,DRĂGUŞENI,37173,1,PROV,PRCNCT,CD,CD_SV,"2021-01-21 12:30:02",162,148,14,0,52,38,14,0,200,148,52,0,0,2,1,0,1,36,1,1,0,6,1,2,0,0,0,1,0,0,0,0,0,0,0,0,0,0,0,0,0,0
7,BOTOŞANI,"CĂMINUL CULTURAL DIN SATUL DURNEȘTI",238,DURNEŞTI,37217,1,PROV,PRCNCT,CD,CD_SV,"2021-01-21 12:30:02",925,915,10,0,275,265,10,0,1000,725,268,2,5,103,13,0,3,109,7,0,0,27,0,3,2,0,1,0,0,0,0,0,0,0,0,0,0,0,0,0,0,0
7,BOTOŞANI,"ȘCOALA PRIMARĂ NR. 1 CUCUTENI",239,DURNEŞTI,37217,1,PROV,PRCNCT,CD,CD_SV,"2021-01-21 12:30:02",665,649,16,0,225,209,16,0,700,475,219,3,3,106,7,1,3,52,10,2,0,28,1,2,3,0,1,0,0,1,0,0,1,0,0,0,0,0,0,0,1,0
7,BOTOŞANI,"ȘCOALA GIMNAZIALĂ NR. 2 GURANDA",240,DURNEŞTI,37217,1,PROV,PRCNCT,CD,CD_SV,"2021-01-21 12:30:02",910,896,14,0,219,205,14,0,950,731,204,11,4,54,3,0,20,79,3,0,0,37,0,2,2,0,0,0,0,0,0,2,1,0,0,0,0,0,0,1,0,0
7,BOTOŞANI,"GRĂDINIȚA CU PROGRAM NORMAL NR. 3 BĂBICENI",241,DURNEŞTI,37217,1,PROV,PRCNCT,CD,CD_SV,"2021-01-21 12:30:02",585,575,10,0,152,142,10,0,650,498,137,12,3,45,2,0,4,42,11,2,1,21,0,1,1,0,0,0,0,1,2,0,0,0,1,0,0,1,1,1,0,0
7,BOTOŞANI,"SCOALA GIMNAZIALA NR. 2 FRUMUSICA",242,FRUMUŞICA,37324,1,PROV,PRCNCT,CD,CD_SV,"2021-01-21 12:30:02",660,645,15,0,200,185,15,0,700,500,197,2,1,29,15,1,10,80,13,0,4,35,1,3,2,0,1,0,0,2,0,0,0,0,1,0,0,0,0,0,0,0
7,BOTOŞANI,"SCOALA GIMNAZIALA NR.4 STORESTI",243,FRUMUŞICA,37324,1,PROV,PRCNCT,CD,CD_SV,"2021-01-21 12:30:02",867,859,8,0,190,182,8,0,950,760,181,3,6,48,18,2,4,48,9,0,0,36,3,3,4,0,0,0,0,0,0,0,1,0,0,0,1,0,1,2,1,0
7,BOTOŞANI,"SCOALA GIMNAZIALA NR.5 SENDRENI",244,FRUMUŞICA,37324,1,PROV,PRCNCT,CD,CD_SV,"2021-01-21 12:30:02",589,577,12,0,114,102,12,0,650,536,106,6,2,40,9,1,2,25,3,0,0,17,0,2,4,0,0,0,1,0,1,1,0,0,0,0,0,0,0,0,0,0
7,BOTOŞANI,"SCOALA GIMNAZIALA NR.1 VLADENI DEAL",245,FRUMUŞICA,37324,1,PROV,PRCNCT,CD,CD_SV,"2021-01-21 12:30:02",1300,1291,9,0,236,227,9,0,1400,1164,222,6,8,44,16,0,11,69,9,3,0,49,0,6,5,0,1,1,0,1,2,0,0,1,1,0,0,0,0,2,1,0
7,BOTOŞANI,"GRĂDINIȚA CU PROGRAM NORMAL NR. 6 BOSCOTENI",246,FRUMUŞICA,37324,1,PROV,PRCNCT,CD,CD_SV,"2021-01-21 12:30:02",527,512,15,0,164,149,15,0,600,436,156,2,6,59,17,1,2,29,4,1,1,33,1,1,1,1,1,0,1,0,1,0,0,0,0,0,1,0,0,0,1,0
7,BOTOŞANI,"SCOALA GIMNAZIALA NR.3 RADENI",247,FRUMUŞICA,37324,1,PROV,PRCNCT,CD,CD_SV,"2021-01-21 12:30:02",787,775,12,0,172,160,12,0,850,678,155,9,8,35,4,0,7,41,7,2,0,53,2,2,2,0,0,0,0,0,0,0,0,0,0,0,0,0,0,0,0,0
7,BOTOŞANI,"SEDIUL PRIMARIEI COMUNEI GEORGE ENESCU",248,"GEORGE ENESCU",37397,1,PROV,PRCNCT,CD,CD_SV,"2021-01-21 12:30:02",561,544,17,0,200,183,17,0,600,400,194,3,3,24,8,0,10,115,11,0,1,16,1,3,2,2,1,0,0,0,0,0,0,0,0,0,0,0,0,0,0,0
7,BOTOŞANI,"SCOALA GENERALA NR.2 DUMENI",249,"GEORGE ENESCU",37397,1,PROV,PRCNCT,CD,CD_SV,"2021-01-21 12:30:02",876,857,19,0,341,322,19,0,900,559,329,6,6,41,22,0,17,176,10,2,2,30,3,7,5,1,1,2,1,1,1,4,0,0,0,0,0,0,0,3,0,0
7,BOTOŞANI,"CAMINUL CULTURAL ARBOREA",250,"GEORGE ENESCU",37397,1,PROV,PRCNCT,CD,CD_SV,"2021-01-21 12:30:02",352,342,10,0,110,100,10,0,399,289,106,4,0,11,15,0,3,52,3,0,0,14,1,4,1,0,1,0,1,0,0,0,0,0,0,0,0,0,0,0,0,0
7,BOTOŞANI,"SCOALA GENERALA POPENI",251,"GEORGE ENESCU",37397,1,PROV,PRCNCT,CD,CD_SV,"2021-01-21 12:30:02",445,416,29,0,176,147,29,0,450,274,170,3,3,12,9,0,2,106,7,0,0,28,0,4,1,0,0,0,1,0,0,0,0,0,0,0,0,0,0,0,0,0
7,BOTOŞANI,"SCOALA GENERALA STINCA",252,"GEORGE ENESCU",37397,1,PROV,PRCNCT,CD,CD_SV,"2021-01-21 12:30:02",299,286,13,0,108,95,13,0,350,242,102,5,1,26,5,0,4,46,3,0,0,15,1,1,0,0,0,0,0,1,0,0,0,0,0,0,0,0,0,0,0,0
7,BOTOŞANI,"SCOALA GORBANESTI",253,GORBĂNEŞTI,37459,1,PROV,PRCNCT,CD,CD_SV,"2021-01-21 12:30:02",802,784,18,0,272,254,18,0,850,578,263,5,4,27,14,2,14,163,7,1,1,22,3,3,3,0,2,0,0,0,0,0,0,0,0,0,0,0,0,0,1,0
7,BOTOŞANI,"ŞCOALA GENERALA BATRANESTI",254,GORBĂNEŞTI,37459,1,PROV,PRCNCT,CD,CD_SV,"2021-01-21 12:30:02",219,209,7,3,72,62,7,3,250,178,69,3,0,4,3,0,1,41,7,0,0,11,0,1,1,0,0,0,0,0,0,0,0,0,0,0,0,0,0,0,0,0
7,BOTOŞANI,"ŞCOALA GENERALĂ GEORGE COSBUC",255,GORBĂNEŞTI,37459,1,PROV,PRCNCT,CD,CD_SV,"2021-01-21 12:30:02",200,191,9,0,70,61,9,0,250,180,65,2,3,10,19,1,1,28,1,0,0,2,0,3,0,0,0,0,0,0,0,0,0,0,0,0,0,0,0,0,0,0
7,BOTOŞANI,"SCOALA GENERALA SOCRUJENI",256,GORBĂNEŞTI,37459,1,PROV,PRCNCT,CD,CD_SV,"2021-01-21 12:30:02",654,632,16,6,165,143,16,6,700,535,160,5,0,20,14,1,1,96,7,0,2,17,1,0,1,0,0,0,0,0,0,0,0,0,0,0,0,0,0,0,0,0
7,BOTOŞANI,"CAMIN CULTURAL VANATORI",257,GORBĂNEŞTI,37459,1,PROV,PRCNCT,CD,CD_SV,"2021-01-21 12:30:02",529,502,27,0,256,229,27,0,550,294,247,6,3,12,7,1,3,203,2,2,1,13,0,1,1,1,0,0,0,0,0,0,0,0,0,0,0,0,0,0,0,0
7,BOTOŞANI,"SCOALA GENERALA SILISCANI",258,GORBĂNEŞTI,37459,1,PROV,PRCNCT,CD,CD_SV,"2021-01-21 12:30:02",294,272,22,0,120,98,22,0,300,180,114,2,4,12,5,1,2,67,6,0,1,11,0,5,2,0,0,1,0,0,0,0,0,0,0,1,0,0,0,0,0,0
7,BOTOŞANI,"ȘCOALA GIMNAZIALĂ ” IOAN CERNAT” HAVÂRNA -CORPUL 2",259,HAVÂRNA,37547,2,PART,PRCNCT,CD,CD_SV,"2021-01-21 12:30:02",904,892,12,0,212,200,12,0,950,738,202,8,2,15,18,1,8,112,11,0,0,22,0,6,3,1,1,0,1,1,1,0,0,1,0,0,0,0,0,0,0,0
7,BOTOŞANI,"GRADINITA CU PROGRAM NORMAL NR.2 HAVIRNA(CATUN BASEU)",260,HAVÂRNA,37547,1,PROV,PRCNCT,CD,CD_SV,"2021-01-21 12:30:02",682,670,12,0,164,152,12,0,700,536,156,5,3,14,18,0,9,69,4,2,0,33,0,1,0,0,3,1,0,0,1,0,0,1,0,0,0,0,0,0,0,0
7,BOTOŞANI,"SCOALA GIMNAZIALA ” IOAN CERNAT” HAVIRNA -CORPUL NR.2",261,HAVÂRNA,37547,1,PROV,PRCNCT,CD,CD_SV,"2021-01-21 12:30:02",1038,1024,14,0,223,209,14,0,1100,877,212,4,7,30,15,1,14,110,6,2,0,31,0,0,1,0,0,0,0,0,2,0,0,0,0,0,0,0,0,0,0,0
7,BOTOŞANI,"SCOALA PRIMARA ”DUMITRU POMPAS” BALINTI",262,HAVÂRNA,37547,1,PROV,PRCNCT,CD,CD_SV,"2021-01-21 12:30:02",397,383,14,0,68,54,14,0,450,382,64,3,1,5,9,1,5,33,3,0,0,7,0,0,1,0,0,0,0,0,0,0,0,0,0,0,0,0,0,0,0,0
7,BOTOŞANI,"SCOALA GIMNAZIALA ” IANCU MUNTEANU” TATARASENI",263,HAVÂRNA,37547,1,PROV,PRCNCT,CD,CD_SV,"2021-01-21 12:30:02",614,608,6,0,156,150,6,0,650,494,150,2,4,15,4,1,14,72,7,0,1,31,0,1,2,0,0,0,0,0,0,0,0,0,0,0,1,0,0,0,1,0
7,BOTOŞANI,"CAMIN CULTURAL HANESTI",264,HĂNEŞTI,37618,1,PROV,PRCNCT,CD,CD_SV,"2021-01-21 12:30:02",1021,1007,14,0,261,247,14,0,1100,839,248,3,10,104,8,0,8,67,12,2,2,36,1,4,2,0,0,0,0,0,0,1,0,0,0,0,0,0,0,1,0,0
7,BOTOŞANI,"ȘCOALA CU CLASELE I-IV SĂRATA BASARAB",265,HĂNEŞTI,37618,1,PROV,PRCNCT,CD,CD_SV,"2021-01-21 12:30:02",337,326,11,0,97,86,11,0,350,253,95,2,0,39,2,0,4,32,2,0,2,4,0,1,6,0,0,1,0,2,0,0,0,0,0,0,0,0,0,0,0,0
7,BOTOŞANI,"SCOALA CU CL I-IV BOROLEA",266,HĂNEŞTI,37618,1,PROV,PRCNCT,CD,CD_SV,"2021-01-21 12:30:02",308,295,13,0,96,83,13,0,350,254,94,2,0,44,2,0,3,19,2,0,1,14,1,3,2,0,0,0,2,0,0,0,0,0,1,0,0,0,0,0,0,0
7,BOTOŞANI,"SCOALA GIMNAZIALA NR. 1 HILISEU HORIA",267,HILIŞEU-HORIA,37672,1,PROV,PRCNCT,CD,CD_SV,"2021-01-21 12:30:02",595,578,16,1,155,138,16,1,650,495,153,1,1,13,9,0,3,101,8,0,1,14,1,0,1,0,0,0,0,1,0,0,1,0,0,0,0,0,0,0,0,0
7,BOTOŞANI,"SCOALA GIMNAZIALA NR. 2 HILISEU CRISAN",268,HILIŞEU-HORIA,37672,1,PROV,PRCNCT,CD,CD_SV,"2021-01-21 12:30:02",1113,1101,12,0,261,249,12,0,1200,939,250,6,5,23,14,1,4,159,3,0,0,31,2,2,0,0,0,0,1,1,3,3,0,0,0,0,0,1,0,1,1,0
7,BOTOŞANI,"SCOALA PRIMARA NR. 4 HILISEU CLOSCA",269,HILIŞEU-HORIA,37672,1,PROV,PRCNCT,CD,CD_SV,"2021-01-21 12:30:02",518,507,11,0,162,151,11,0,550,388,161,1,0,19,2,1,4,79,9,0,0,36,1,2,0,2,0,1,0,0,1,1,0,0,0,0,2,1,0,0,0,0
7,BOTOŞANI,"SCOALA GIMNAZIALA NR. 3 IEZER",270,HILIŞEU-HORIA,37672,1,PROV,PRCNCT,CD,CD_SV,"2021-01-21 12:30:02",481,465,16,0,171,155,16,0,500,329,164,4,3,10,10,0,3,103,8,0,0,20,0,6,1,0,1,0,1,0,0,0,0,0,0,0,0,1,0,0,0,0
7,BOTOŞANI,"SCOALA CU CL.I-VIII HLIPICENI",271,HLIPICENI,37734,1,PROV,PRCNCT,CD,CD_SV,"2021-01-21 12:30:02",1363,1343,20,0,297,277,20,0,1396,1099,289,4,4,62,35,0,15,105,26,3,4,23,1,5,5,0,2,1,0,0,0,0,0,0,0,0,1,1,0,0,0,0
7,BOTOŞANI,"SCOALA CU CL .I-IV DRAGALINA",272,HLIPICENI,37734,1,PROV,PRCNCT,CD,CD_SV,"2021-01-21 12:30:02",315,304,11,0,123,112,11,0,400,277,117,3,3,27,9,1,3,27,5,1,2,37,0,0,0,0,0,1,1,0,0,0,0,0,1,0,0,0,0,0,1,1
7,BOTOŞANI,"SCOALA CU CL.I-VIII VICTORIA",273,HLIPICENI,37734,1,PROV,PRCNCT,CD,CD_SV,"2021-01-21 12:30:02",1123,1110,13,0,289,276,13,0,1200,911,276,4,9,51,11,1,8,107,16,4,4,56,0,9,4,1,0,0,2,1,0,0,0,0,0,0,0,0,1,0,0,0
7,BOTOŞANI,"CĂMIN CULTURAL",274,HUDEŞTI,37770,1,PROV,PRCNCT,CD,CD_SV,"2021-01-21 12:30:02",929,916,12,1,245,232,12,1,1000,755,234,7,4,43,18,0,12,117,10,1,2,27,0,0,3,0,0,0,0,0,0,0,0,0,0,0,0,1,0,0,0,0
7,BOTOŞANI,"ȘCOALA GIMNAZIALĂ NR.2 VATRA",275,HUDEŞTI,37770,1,PROV,PRCNCT,CD,CD_SV,"2021-01-21 12:30:02",876,863,12,1,300,287,12,1,950,650,278,9,13,21,14,5,9,175,10,1,1,29,1,5,2,0,0,2,0,1,0,0,0,0,0,0,1,0,0,0,1,0
7,BOTOŞANI,GRĂDINIȚA,276,HUDEŞTI,37770,1,PROV,PRCNCT,CD,CD_SV,"2021-01-21 12:30:02",1152,1134,13,5,359,341,13,5,1250,891,338,5,16,33,14,0,18,196,17,0,3,32,1,9,7,0,0,1,0,1,1,1,0,0,0,1,1,1,0,1,0,0
7,BOTOŞANI,"ȘCOALA MLENĂUȚI",277,HUDEŞTI,37770,1,PROV,PRCNCT,CD,CD_SV,"2021-01-21 12:30:02",599,586,13,0,215,202,13,0,650,435,196,7,12,20,9,1,45,69,6,2,1,35,1,2,3,0,2,0,0,0,0,0,0,0,0,0,0,0,0,0,0,0
7,BOTOŞANI,"ȘCOALĂ BAȘEU",278,HUDEŞTI,37770,1,PROV,PRCNCT,CD,CD_SV,"2021-01-21 12:30:02",409,399,10,0,122,112,10,0,450,328,117,1,4,12,9,1,5,51,5,0,0,27,0,4,2,0,0,0,0,0,0,0,0,0,0,0,0,0,0,0,1,0
7,BOTOŞANI,"ȘCOALA BARANCA",279,HUDEŞTI,37770,1,PROV,PRCNCT,CD,CD_SV,"2021-01-21 12:30:02",898,881,7,10,340,323,7,10,950,610,328,1,11,28,2,0,61,151,3,2,0,65,0,5,5,1,0,1,1,2,0,0,0,0,0,0,0,0,0,0,1,0
7,BOTOŞANI,"SCOALA ”MIHAIL SADOVEANU”, CORP B",280,IBĂNEŞTI,37823,1,PROV,PRCNCT,CD,CD_SV,"2021-01-21 12:30:02",746,721,25,0,283,258,25,0,800,517,269,3,11,79,4,0,6,111,12,1,2,43,2,3,3,0,0,0,0,0,0,0,1,1,0,0,0,1,0,0,0,0
7,BOTOŞANI,"SCOALA ”MIHAIL SADOVEANU”, CORP B",281,IBĂNEŞTI,37823,1,PROV,PRCNCT,CD,CD_SV,"2021-01-21 12:30:02",743,721,22,0,242,220,22,0,800,558,231,6,5,56,6,0,2,99,11,1,3,42,0,2,6,0,0,0,0,1,0,0,0,1,0,0,0,0,0,1,0,0
7,BOTOŞANI,"GRADINITA CU 4 GRUPE IBANESTI",282,IBĂNEŞTI,37823,1,PROV,PRCNCT,CD,CD_SV,"2021-01-21 12:30:02",810,789,20,1,264,243,20,1,858,594,245,12,7,89,5,0,4,78,2,1,1,53,0,4,0,0,2,0,0,1,1,0,0,0,1,1,0,0,0,2,0,0
7,BOTOŞANI,"GRADINITA CU 4 GRUPE IBANESTI",283,IBĂNEŞTI,37823,2,PART,PRCNCT,CD,CD_SV,"2021-01-21 12:30:02",875,861,14,0,241,227,14,0,950,709,235,4,2,85,8,1,8,89,5,1,1,29,2,2,2,0,0,0,1,0,0,0,0,1,0,0,0,0,0,0,0,0
7,BOTOŞANI,"SCOALA GENERALA NR. 1 LEORDA",284,LEORDA,37850,1,PROV,PRCNCT,CD,CD_SV,"2021-01-21 12:30:02",1225,1136,73,16,523,434,73,16,1200,677,501,14,8,174,15,0,13,193,12,1,2,75,0,3,4,0,1,0,0,1,0,2,0,1,1,0,0,0,0,1,1,1
7,BOTOŞANI,"SCOALA GENERALA CU CLASELE I-IV COSTINESTI",285,LEORDA,37850,1,PROV,PRCNCT,CD,CD_SV,"2021-01-21 12:30:02",181,168,13,0,108,95,13,0,199,91,106,1,1,36,5,1,1,39,9,1,0,11,1,0,1,0,0,0,0,0,0,0,0,0,0,0,0,1,0,0,0,0
7,BOTOŞANI,"ȘCOALA PRIMARĂ NR. 3, DOLINA",286,LEORDA,37850,1,PROV,PRCNCT,CD,CD_SV,"2021-01-21 12:30:02",882,859,23,0,318,295,23,0,946,628,308,9,1,120,10,1,4,66,4,2,1,87,0,4,1,1,1,1,3,0,0,0,0,0,0,0,1,1,0,0,0,0
7,BOTOŞANI,"CAMIN CULTURAL",287,LOZNA,39942,1,PROV,PRCNCT,CD,CD_SV,"2021-01-21 12:30:02",840,818,18,4,280,258,18,4,900,620,270,6,4,32,22,1,15,141,6,2,0,39,1,1,4,0,0,0,1,2,0,0,0,0,0,0,1,0,1,0,1,0
7,BOTOŞANI,"CAMIN CULTURAL",288,LOZNA,39942,1,PROV,PRCNCT,CD,CD_SV,"2021-01-21 12:30:02",735,721,14,0,230,216,14,0,800,570,213,7,10,20,23,0,2,99,14,2,0,39,2,6,2,0,1,0,0,1,0,0,1,0,0,0,0,0,1,0,0,0
7,BOTOŞANI,"CAMINUL CULTURAL LUNCA",289,LUNCA,37912,1,PROV,PRCNCT,CD,CD_SV,"2021-01-21 12:30:02",686,674,12,0,169,157,12,0,750,581,166,0,3,22,5,0,3,87,7,0,1,30,2,4,1,0,1,0,0,0,1,0,0,0,0,0,0,0,0,2,0,0
7,BOTOŞANI,"CAMINUL CULTURAL BIZNOASA",290,LUNCA,37912,1,PROV,PRCNCT,CD,CD_SV,"2021-01-21 12:30:02",593,577,16,0,177,161,16,0,600,423,166,7,4,17,7,0,5,108,2,1,0,13,1,3,3,0,2,0,2,1,0,0,0,1,0,0,0,0,0,0,0,0
7,BOTOŞANI,"CAMINUL CULTURAL STROIESTI",291,LUNCA,37912,1,PROV,PRCNCT,CD,CD_SV,"2021-01-21 12:30:02",668,660,8,0,169,161,8,0,700,531,159,4,6,25,14,0,5,72,8,2,0,17,1,1,6,1,0,0,0,1,1,1,1,0,0,1,0,1,0,1,0,0
7,BOTOŞANI,"CĂMINUL CULTURAL ZLĂTUNOAIA",292,LUNCA,37912,1,PROV,PRCNCT,CD,CD_SV,"2021-01-21 12:30:02",1303,1286,17,0,286,269,17,0,1400,1114,266,14,6,93,9,1,7,89,11,1,1,40,1,3,2,2,0,0,0,1,1,0,1,1,0,0,1,0,1,0,0,0
7,BOTOŞANI,"SCOALA GENERALA STANESTI",293,LUNCA,37912,1,PROV,PRCNCT,CD,CD_SV,"2021-01-21 12:30:02",140,119,21,0,52,31,21,0,150,98,44,3,5,18,2,0,1,13,2,0,0,6,0,0,0,0,0,0,0,0,1,0,0,0,0,0,0,0,0,0,1,0
7,BOTOŞANI,"SCOALA MANOLEASA",294,MANOLEASA,37958,1,PROV,PRCNCT,CD,CD_SV,"2021-01-21 12:30:02",503,493,10,0,165,155,10,0,550,385,160,3,2,13,10,1,2,103,3,0,0,21,1,3,2,0,0,0,0,0,0,0,0,0,0,0,0,0,0,1,0,0
7,BOTOŞANI,"SCOALA FLONDORA",295,MANOLEASA,37958,1,PROV,PRCNCT,CD,CD_SV,"2021-01-21 12:30:02",433,426,7,0,111,104,7,0,450,339,107,1,3,5,7,1,4,58,5,0,1,23,1,1,1,0,0,0,0,0,0,0,0,0,0,0,0,0,0,0,0,0
7,BOTOŞANI,"SCOALA SADOVENI",296,MANOLEASA,37958,2,PART,PRCNCT,CD,CD_SV,"2021-01-21 12:30:02",370,356,14,0,170,156,14,0,400,230,157,6,2,6,3,0,1,141,2,0,0,0,0,2,2,0,0,0,0,0,0,0,0,0,0,0,0,0,0,0,0,0
7,BOTOŞANI,"SCOALA ZAHORENI",297,MANOLEASA,37958,1,PROV,PRCNCT,CD,CD_SV,"2021-01-21 12:30:02",464,453,11,0,144,133,11,0,500,356,132,6,6,13,6,1,5,86,4,0,0,12,0,1,4,0,0,0,0,0,0,0,0,0,0,0,0,0,0,0,0,0
7,BOTOŞANI,"SCOALA LIVENI",298,MANOLEASA,37958,1,PROV,PRCNCT,CD,CD_SV,"2021-01-21 12:30:02",554,534,19,1,141,121,19,1,600,459,138,2,1,17,9,1,6,70,8,1,3,18,0,2,2,0,0,0,0,0,1,0,0,0,0,0,0,0,0,0,0,0
7,BOTOŞANI,"SCOALA LOTURI",299,MANOLEASA,37958,1,PROV,PRCNCT,CD,CD_SV,"2021-01-21 12:30:02",158,141,17,0,47,30,17,0,150,103,46,1,0,6,1,0,3,26,1,0,0,8,0,0,1,0,0,0,0,0,0,0,0,0,0,0,0,0,0,0,0,0
7,BOTOŞANI,"FOSTA SCOALA MANOLEASA PRUT",300,MANOLEASA,37958,1,PROV,PRCNCT,CD,CD_SV,"2021-01-21 12:30:02",160,144,16,0,51,35,16,0,150,99,51,0,0,7,3,0,2,31,1,0,0,5,0,0,1,0,0,0,0,0,1,0,0,0,0,0,0,0,0,0,0,0
7,BOTOŞANI,"SCOALA IPOTEȘTI",301,"MIHAI EMINESCU",38063,1,PROV,PRCNCT,CD,CD_SV,"2021-01-21 12:30:02",524,510,14,0,242,228,14,0,546,304,238,3,1,125,6,1,7,47,9,1,6,20,4,2,6,0,1,0,1,0,0,1,1,0,0,0,0,0,0,0,0,0
7,BOTOŞANI,"SCOALA CUCORĂNI",302,"MIHAI EMINESCU",38063,1,PROV,PRCNCT,CD,CD_SV,"2021-01-21 12:30:02",682,669,13,0,218,205,13,0,700,482,211,3,4,68,12,1,5,58,10,0,2,44,0,3,5,0,0,1,0,0,0,1,0,0,0,0,0,0,0,1,0,0
7,BOTOŞANI,"SCOALA CERVICEȘTI",303,"MIHAI EMINESCU",38063,1,PROV,PRCNCT,CD,CD_SV,"2021-01-21 12:30:02",720,707,13,0,274,261,13,0,800,526,256,12,6,79,5,1,14,89,4,2,0,53,0,3,0,0,0,0,0,1,0,1,0,1,0,0,1,0,0,2,0,0
7,BOTOŞANI,"SCOALA CĂTĂMĂREȘTI DEAL",304,"MIHAI EMINESCU",38063,1,PROV,PRCNCT,CD,CD_SV,"2021-01-21 12:30:02",1523,1484,39,0,505,466,39,0,1600,1095,486,15,4,92,25,2,41,141,52,5,8,106,2,4,8,0,0,0,0,0,0,0,0,0,0,0,0,0,0,0,0,0
7,BOTOŞANI,"SCOALA CĂTĂMĂREȘTI DEAL",305,"MIHAI EMINESCU",38063,1,PROV,PRCNCT,CD,CD_SV,"2021-01-21 12:30:02",1481,1455,26,0,449,423,26,0,1600,1151,442,2,5,90,27,1,40,138,68,0,5,56,1,9,6,0,0,0,1,0,0,0,0,0,0,0,0,0,0,0,0,0
7,BOTOŞANI,"ȘCOALA STÎNCEȘTI",306,"MIHAI EMINESCU",38063,1,PROV,PRCNCT,CD,CD_SV,"2021-01-21 12:30:02",1374,1355,19,0,412,393,19,0,1500,1088,403,7,2,120,17,1,17,117,34,0,4,72,4,6,2,1,1,2,1,1,1,0,1,0,0,0,0,0,0,0,1,0
7,BOTOŞANI,"ȘCOALA CĂTĂMĂREȘTI",307,"MIHAI EMINESCU",38063,2,PART,PRCNCT,CD,CD_SV,"2021-01-21 12:30:02",539,526,13,0,191,178,13,0,600,409,179,6,6,57,7,1,4,48,8,1,0,46,1,0,3,1,0,0,2,0,0,0,0,0,0,0,0,0,0,0,0,0
7,BOTOŞANI,"SCOALA CL I-IV MIHAILENI",308,MIHĂILENI,38161,1,PROV,PRCNCT,CD,CD_SV,"2021-01-21 12:30:02",1256,1223,26,7,363,330,26,7,1296,933,348,7,8,62,20,0,13,180,13,1,2,38,0,8,5,2,1,0,0,0,1,0,0,0,0,0,1,0,0,1,0,0
7,BOTOŞANI,"ŞCOALA GENERALĂ ROGOJESTI",309,MIHĂILENI,38161,1,PROV,PRCNCT,CD,CD_SV,"2021-01-21 12:30:02",461,452,8,1,124,115,8,1,500,376,122,2,0,27,10,0,9,32,7,0,2,10,0,0,0,23,0,0,0,0,0,0,1,0,0,0,0,0,0,0,1,0
7,BOTOŞANI,"ŞCOALAGENERALĂ PARAU NEGRU",310,MIHĂILENI,38161,1,PROV,PRCNCT,CD,CD_SV,"2021-01-21 12:30:02",412,402,10,0,85,75,10,0,450,365,84,1,0,13,1,1,1,39,6,1,1,19,0,1,0,1,0,0,0,0,0,0,0,0,0,0,0,0,0,0,0,0
7,BOTOŞANI,"SCOALA MIHALASENI",311,MIHĂLĂŞENI,38241,1,PROV,PRCNCT,CD,CD_SV,"2021-01-21 12:30:02",866,856,10,0,203,193,10,0,900,697,197,5,1,39,9,0,2,120,8,1,1,9,0,5,0,0,0,0,1,2,0,0,0,0,0,0,0,0,0,0,0,0
7,BOTOŞANI,"SCOALA SARATA",312,MIHĂLĂŞENI,38241,1,PROV,PRCNCT,CD,CD_SV,"2021-01-21 12:30:02",439,423,12,4,149,133,12,4,500,351,147,0,2,13,1,0,1,116,5,0,0,3,0,2,3,0,1,0,0,1,0,0,0,0,0,0,0,0,0,0,1,0
7,BOTOŞANI,"SCOALA NEGRESTI",313,MIHĂLĂŞENI,38241,1,PROV,PRCNCT,CD,CD_SV,"2021-01-21 12:30:02",396,373,12,11,158,135,12,11,400,242,152,5,1,6,1,1,0,116,4,0,2,13,0,3,4,0,0,0,0,0,0,0,0,0,0,0,0,0,0,2,0,0
7,BOTOŞANI,"SCOALA NASTASE",314,MIHĂLĂŞENI,38241,1,PROV,PRCNCT,CD,CD_SV,"2021-01-21 12:30:02",378,350,25,3,143,115,25,3,400,257,137,3,3,28,4,0,0,86,6,1,0,6,0,2,2,0,0,0,0,0,1,0,0,0,0,0,0,1,0,0,0,0
7,BOTOŞANI,"SCOALA GIMNAZIALA NR.1 MILEANCA, CORP B, PARTER",315,MILEANCA,38321,1,PROV,PRCNCT,CD,CD_SV,"2021-01-21 12:30:02",1288,1261,21,6,360,333,21,6,1300,940,342,8,10,39,23,1,43,157,16,2,0,38,1,8,7,0,0,0,0,1,1,0,2,1,1,0,0,1,0,0,0,0
7,BOTOŞANI,"SCOALA GIMNAZIALA NR.2 CODRENI",316,MILEANCA,38321,1,PROV,PRCNCT,CD,CD_SV,"2021-01-21 12:30:02",272,263,9,0,78,69,9,0,300,222,74,3,1,7,1,1,9,35,2,0,0,15,0,1,2,1,0,0,0,0,0,0,0,0,0,0,0,0,0,0,0,0
7,BOTOŞANI,"SCOALA CU CLASELE I-IV SCUTARI",317,MILEANCA,38321,1,PROV,PRCNCT,CD,CD_SV,"2021-01-21 12:30:02",240,228,12,0,78,66,12,0,300,222,73,3,2,4,3,0,12,36,0,0,0,16,1,1,0,0,0,0,0,0,0,0,0,0,0,0,0,0,0,0,0,0
7,BOTOŞANI,"SCOALA CU CLASELE I-IV SELIŞTEA",318,MILEANCA,38321,1,PROV,PRCNCT,CD,CD_SV,"2021-01-21 12:30:02",340,324,16,0,101,85,16,0,400,299,97,2,2,7,2,1,4,55,4,1,1,16,0,2,3,0,1,0,0,0,0,0,0,0,0,0,0,0,0,0,0,0
7,BOTOŞANI,"ŞCOALA GIMNAZIALĂ ”FLORICĂ MURARIU” MITOC",319,MITOC,38376,1,PROV,PRCNCT,CD,CD_SV,"2021-01-21 12:30:02",969,953,16,0,262,246,16,0,1050,788,255,1,6,24,12,1,4,169,5,0,0,31,0,7,1,0,0,0,0,0,1,0,0,0,0,0,0,0,0,0,0,0
7,BOTOŞANI,"ŞCOALA PRIMARĂ NR. 1 HORIA",320,MITOC,38376,1,PROV,PRCNCT,CD,CD_SV,"2021-01-21 12:30:02",391,380,11,0,107,96,11,0,400,293,105,0,2,29,3,0,2,56,1,1,0,8,1,1,3,0,0,0,0,0,0,0,0,0,0,0,0,0,0,0,0,0
7,BOTOŞANI,CAMINCULTURALNICŞENI,321,NICŞENI,38456,1,PROV,PRCNCT,CD,CD_SV,"2021-01-21 12:30:02",749,734,12,3,223,208,12,3,800,577,216,5,2,44,8,1,3,87,11,1,2,47,1,5,2,0,1,0,0,1,0,0,0,0,0,0,0,0,0,1,0,1
7,BOTOŞANI,"ȘCOALA GIMNAZIALĂ ”MIHAI CONSTANTINEANU” DOROBANȚI",322,NICŞENI,38456,1,PROV,PRCNCT,CD,CD_SV,"2021-01-21 12:30:02",1270,1238,32,0,361,329,32,0,1350,989,349,6,6,98,11,0,11,127,9,1,8,71,0,4,6,0,0,0,1,0,0,2,0,0,0,0,0,0,0,0,0,0
7,BOTOŞANI,"ŞCOALA DACIA",323,NICŞENI,38456,1,PROV,PRCNCT,CD,CD_SV,"2021-01-21 12:30:02",139,128,11,0,40,29,11,0,150,110,40,0,0,12,2,0,3,12,3,0,1,5,0,0,1,0,0,0,0,0,1,0,0,0,0,0,0,0,0,0,0,0
7,BOTOŞANI,"CAMIN CULTURAL PALTINIS",324,PĂLTINIŞ,38492,1,PROV,PRCNCT,CD,CD_SV,"2021-01-21 12:30:02",1356,1302,43,11,387,333,43,11,1400,1013,365,13,9,152,18,2,8,97,10,2,0,58,1,5,4,0,1,0,0,0,1,1,0,1,0,0,0,0,0,1,3,0
7,BOTOŞANI,"ȘCOALA GRIVIȚA",325,PĂLTINIŞ,38492,1,PROV,PRCNCT,CD,CD_SV,"2021-01-21 12:30:02",865,822,40,3,122,79,40,3,850,728,113,6,3,60,3,0,4,34,1,0,0,5,0,3,2,1,0,0,0,0,0,0,0,0,0,0,0,0,0,0,0,0
7,BOTOŞANI,"CĂMIN CULTURAL IVANCĂUȚI",326,PĂLTINIŞ,38492,1,PROV,PRCNCT,CD,CD_SV,"2021-01-21 12:30:02",538,509,24,5,201,172,24,5,550,349,192,4,5,73,9,0,7,50,4,1,4,36,0,3,1,0,1,0,0,0,0,1,1,0,0,0,0,0,0,1,0,0
7,BOTOŞANI,"ȘCOALA CUZLĂU",327,PĂLTINIŞ,38492,1,PROV,PRCNCT,CD,CD_SV,"2021-01-21 12:30:02",438,417,18,3,156,135,18,3,450,294,151,3,2,72,12,0,4,35,2,1,0,16,0,5,0,0,0,0,2,1,0,0,0,0,0,1,0,0,0,0,0,0
7,BOTOŞANI,"ȘCOALA CU CL I-VIII HORODIȘTEA",328,PĂLTINIŞ,38492,1,PROV,PRCNCT,CD,CD_SV,"2021-01-21 12:30:02",678,635,39,4,229,186,39,4,650,421,222,4,3,102,9,0,1,70,6,0,1,28,0,1,3,0,0,0,0,0,0,1,0,0,0,0,0,0,0,0,0,0
7,BOTOŞANI,"LICEUL TEORETIC „ANASTASIE BAȘOTĂ„ POMÂRLA - CLĂDIREA CU CLASELE I-IV",329,POMÂRLA,38544,1,PROV,PRCNCT,CD,CD_SV,"2021-01-21 12:30:02",1071,946,65,60,479,354,65,60,1050,571,469,8,2,188,7,1,3,203,6,1,1,47,1,2,2,0,0,0,1,2,2,1,0,0,0,0,0,1,0,0,0,0
7,BOTOŞANI,"GRĂDINIȚA CU PROGRAM NORMAL NR.2 POMÂRLA, SAT POMÂRLA, COMUNA POMÂRLA",330,POMÂRLA,38544,1,PROV,PRCNCT,CD,CD_SV,"2021-01-21 12:30:02",914,840,49,25,384,310,49,25,900,516,369,9,6,132,5,1,7,153,8,1,1,52,0,2,3,0,1,0,0,0,1,1,0,0,0,0,0,0,0,0,0,1
7,BOTOŞANI,"SOALA PRIMARA NR. 2 RACOVĂŢ",331,POMÂRLA,38544,1,PROV,PRCNCT,CD,CD_SV,"2021-01-21 12:30:02",306,275,26,5,158,127,26,5,300,142,154,1,3,74,5,0,1,52,1,1,0,13,1,3,0,1,0,0,1,0,0,0,0,0,0,0,0,0,0,1,0,0
7,BOTOŞANI,"ŞCOALA CU CLASELE I-IV SALA I",332,PRĂJENI,38580,1,PROV,PRCNCT,CD,CD_SV,"2021-01-21 12:30:02",1010,981,27,2,301,272,27,2,1050,749,290,1,10,27,15,0,7,142,16,0,0,68,2,5,3,0,2,0,0,1,0,0,0,1,0,0,0,0,0,1,0,0
7,BOTOŞANI,"ŞCOALA CU CLASELE I-IV",333,PRĂJENI,38580,1,PROV,PRCNCT,CD,CD_SV,"2021-01-21 12:30:02",536,512,24,0,171,147,24,0,600,429,163,6,2,15,4,0,1,94,4,0,0,35,0,7,0,0,1,0,0,0,0,0,0,0,0,0,1,1,0,0,0,0
7,BOTOŞANI,"ȘCOALA PRIMARĂ NR. 4 LUPĂRIA",334,PRĂJENI,38580,1,PROV,PRCNCT,CD,CD_SV,"2021-01-21 12:30:02",603,589,14,0,213,199,14,0,650,437,201,3,9,23,9,0,3,104,13,0,1,40,0,3,1,0,0,1,0,0,0,0,0,0,0,0,0,0,1,1,1,0
7,BOTOŞANI,"ŞCOALA GIMNAZIALA NR.2 MILETIN",335,PRĂJENI,38580,1,PROV,PRCNCT,CD,CD_SV,"2021-01-21 12:30:02",479,473,6,0,160,154,6,0,500,340,151,6,3,36,2,0,1,74,2,0,0,30,0,1,2,0,1,0,0,0,0,0,1,0,0,0,0,0,1,0,0,0
7,BOTOŞANI,"CĂMIN CULTURAL RĂCHIŢI",336,RĂCHIŢI,35839,1,PROV,PRCNCT,CD,CD_SV,"2021-01-21 12:30:02",1116,1045,71,0,417,346,71,0,1150,733,395,15,7,88,46,0,17,104,22,1,6,81,6,5,10,1,3,0,1,0,0,0,0,1,0,0,0,0,0,3,0,0
7,BOTOŞANI,"ŞCOALA GIMNAZIALĂ ”PETRE ŞUŞTER”",337,RĂCHIŢI,35839,1,PROV,PRCNCT,CD,CD_SV,"2021-01-21 12:30:02",1326,1285,41,0,437,396,41,0,1400,963,416,13,8,138,38,1,10,99,9,3,2,97,1,7,5,0,1,0,1,1,1,0,0,0,0,0,1,0,0,1,0,0
7,BOTOŞANI,"CĂMIN CULTURAL ROŞIORI",338,RĂCHIŢI,35839,1,PROV,PRCNCT,CD,CD_SV,"2021-01-21 12:30:02",1209,1185,22,2,384,360,22,2,1300,916,359,13,12,123,31,2,2,97,12,0,3,71,1,5,5,1,0,0,0,1,1,2,0,0,0,0,0,2,0,0,0,0
7,BOTOŞANI,"ȘCOALA GIMNAZIALĂ NR. 1 RĂCHIȚI",339,RĂCHIŢI,35839,1,PROV,PRCNCT,CD,CD_SV,"2021-01-21 12:30:02",517,487,30,0,183,153,30,0,550,367,176,5,2,44,18,1,7,55,17,2,3,23,1,1,1,1,0,0,0,0,0,1,0,0,0,0,0,0,0,1,0,0
7,BOTOŞANI,"CAMIN CULTURAL RADAUTI-PRUT",340,RĂDĂUŢI-PRUT,38633,1,PROV,PRCNCT,CD,CD_SV,"2021-01-21 12:30:02",781,755,24,2,205,179,24,2,800,595,198,5,2,35,36,0,4,85,6,0,0,17,1,4,7,1,1,0,0,0,0,0,0,0,0,0,0,0,1,0,0,0
7,BOTOŞANI,"CAMINUL CULTURAL SAT REDIU",341,RĂDĂUŢI-PRUT,38633,1,PROV,PRCNCT,CD,CD_SV,"2021-01-21 12:30:02",727,715,12,0,196,184,12,0,800,604,183,3,10,28,27,1,8,72,4,2,0,30,0,3,5,0,0,0,0,0,1,0,0,0,0,0,0,0,0,1,1,0
7,BOTOŞANI,"CAMINUL CULTURAL SAT MIORCANI",342,RĂDĂUŢI-PRUT,38633,1,PROV,PRCNCT,CD,CD_SV,"2021-01-21 12:30:02",730,725,4,1,165,160,4,1,800,635,156,4,5,40,6,0,10,59,6,1,1,19,1,7,0,0,2,0,1,1,1,0,0,0,0,0,0,1,0,0,0,0
7,BOTOŞANI,"CAMINUL CULTURAL SAT MIORCANI",343,RĂDĂUŢI-PRUT,38633,1,PROV,PRCNCT,CD,CD_SV,"2021-01-21 12:30:02",670,667,3,0,139,136,3,0,800,661,133,3,3,47,7,1,6,48,3,1,0,15,0,2,2,1,0,0,0,0,0,0,0,0,0,0,0,0,0,0,0,0
7,BOTOŞANI,"CAMIN CULTURAL RAUSENI",344,RĂUSENI,38679,1,PROV,PRCNCT,CD,CD_SV,"2021-01-21 12:30:02",1055,1039,14,2,279,263,14,2,1100,821,270,6,3,38,19,0,7,140,12,1,0,40,1,4,3,0,0,0,0,3,1,0,0,0,0,0,0,0,0,0,1,0
7,BOTOŞANI,"ŞCOALA GENERALA DOINA",345,RĂUSENI,38679,1,PROV,PRCNCT,CD,CD_SV,"2021-01-21 12:30:02",432,419,8,5,112,99,8,5,450,338,106,3,3,8,15,0,3,64,6,3,0,4,0,1,2,0,0,0,0,0,0,0,0,0,0,0,0,0,0,0,0,0
7,BOTOŞANI,"GRADINITA REDIU",346,RĂUSENI,38679,1,PROV,PRCNCT,CD,CD_SV,"2021-01-21 12:30:02",433,423,10,0,102,92,10,0,500,398,96,3,3,6,3,1,2,69,2,1,0,10,0,1,0,0,0,0,0,0,0,1,0,0,0,0,0,0,0,0,0,0
7,BOTOŞANI,"ȘCOALA GENERALĂ STOLNICENI",347,RĂUSENI,38679,1,PROV,PRCNCT,CD,CD_SV,"2021-01-21 12:30:02",160,150,10,0,42,32,10,0,200,158,41,0,1,3,4,0,1,27,1,0,0,3,0,1,0,0,1,0,0,0,0,0,0,0,0,0,0,0,0,0,0,0
7,BOTOŞANI,"CĂMINUL CULTURAL",348,RIPICENI,38731,2,PART,PRCNCT,CD,CD_SV,"2021-01-21 12:30:02",1387,1385,1,1,102,100,1,1,1500,1398,93,6,3,17,1,0,0,55,3,0,0,7,0,3,2,1,1,0,0,0,0,2,0,0,0,1,0,0,0,0,0,0
7,BOTOŞANI,"CĂMINUL CULTURAL",349,RIPICENI,38731,2,PART,PRCNCT,CD,CD_SV,"2021-01-21 12:30:02",1080,1061,12,7,153,134,12,7,1200,1047,147,6,0,30,16,0,2,74,8,1,0,13,0,2,0,0,0,0,0,1,0,0,0,0,0,0,0,0,0,0,0,0
7,BOTOŞANI,"GRĂDINIŢA DE COPII",350,RIPICENI,38731,2,PART,PRCNCT,CD,CD_SV,"2021-01-21 12:30:02",1614,1604,10,0,227,217,10,0,1750,1523,215,6,6,65,44,0,7,61,3,0,2,20,0,3,5,0,1,0,0,0,1,1,0,0,0,0,0,0,1,1,0,0
7,BOTOŞANI,"SCOALA NR. 1 ROMA",351,ROMA,38811,1,PROV,PRCNCT,CD,CD_SV,"2021-01-21 12:30:02",1456,1436,17,3,314,294,17,3,1550,1236,301,3,10,39,17,3,24,124,7,2,4,61,1,10,4,0,0,0,0,0,1,1,1,0,1,0,1,0,0,0,0,0
7,BOTOŞANI,"SCOALA NR.2 ROMA",352,ROMA,38811,1,PROV,PRCNCT,CD,CD_SV,"2021-01-21 12:30:02",981,957,24,0,268,244,24,0,1050,782,259,4,5,32,20,2,12,107,18,0,6,50,0,4,6,0,0,0,0,0,0,0,0,0,0,0,1,0,0,1,0,0
7,BOTOŞANI,"SCOALA NR. 4 COTIRGACI",353,ROMA,38811,1,PROV,PRCNCT,CD,CD_SV,"2021-01-21 12:30:02",724,707,15,2,127,110,15,2,800,673,126,1,0,20,16,0,0,59,9,0,1,18,0,1,2,0,0,0,0,0,0,0,0,0,0,0,0,0,0,0,0,0
7,BOTOŞANI,"CĂMINUL CULTURAL",354,ROMÂNEŞTI,38848,1,PROV,PRCNCT,CD,CD_SV,"2021-01-21 12:30:02",1146,1109,15,22,421,384,15,22,1200,779,401,10,10,53,74,4,6,161,7,0,4,70,9,4,2,2,0,0,0,1,0,0,0,1,0,1,0,0,1,1,0,0
7,BOTOŞANI,"SCOALA PRIMARĂ NR 1",355,ROMÂNEŞTI,38848,1,PROV,PRCNCT,CD,CD_SV,"2021-01-21 12:30:02",478,466,11,1,120,108,11,1,500,380,115,4,1,19,15,1,1,52,8,1,0,11,3,2,2,0,0,0,0,0,0,0,0,0,0,0,0,0,0,0,0,0
7,BOTOŞANI,"CAMINUL CULTURAL SANTA MARE",356,"SANTA MARE",38893,1,PROV,PRCNCT,CD,CD_SV,"2021-01-21 12:30:02",1022,975,45,2,311,264,45,2,1050,739,300,10,1,38,24,0,5,157,36,1,1,29,0,2,3,0,0,0,0,0,0,1,0,1,0,0,0,0,0,1,0,1
7,BOTOŞANI,"SCOALA GENERALA BERZA",357,"SANTA MARE",38893,1,PROV,PRCNCT,CD,CD_SV,"2021-01-21 12:30:02",180,168,12,0,74,62,12,0,200,126,69,2,3,10,3,1,1,42,2,0,0,1,0,3,6,0,0,0,0,0,0,0,0,0,0,0,0,0,0,0,0,0
7,BOTOŞANI,"SCOALA GENERALA BOGDANESTI",358,"SANTA MARE",38893,1,PROV,PRCNCT,CD,CD_SV,"2021-01-21 12:30:02",322,313,9,0,91,82,9,0,350,259,87,4,0,13,3,2,1,42,4,0,0,19,1,1,1,0,0,0,0,0,0,0,0,0,0,0,0,0,0,0,0,0
7,BOTOŞANI,"SCOALA GENERALA RINGHILESTI",359,"SANTA MARE",38893,1,PROV,PRCNCT,CD,CD_SV,"2021-01-21 12:30:02",304,293,11,0,116,105,11,0,350,234,110,5,1,14,8,0,0,63,4,0,0,16,0,2,2,0,0,0,0,0,0,0,0,0,0,0,0,0,0,0,0,1
7,BOTOŞANI,"SCOALA GENERALA ILISENI",360,"SANTA MARE",38893,1,PROV,PRCNCT,CD,CD_SV,"2021-01-21 12:30:02",344,333,11,0,123,112,11,0,350,227,121,1,1,13,8,0,1,93,2,0,0,4,0,0,0,0,0,0,0,0,0,0,0,0,0,0,0,0,0,0,0,0
7,BOTOŞANI,"CAMIN CULTURAL",361,STĂUCENI,35884,1,PROV,PRCNCT,CD,CD_SV,"2021-01-21 12:30:02",1150,1114,36,0,347,311,36,0,1200,853,335,6,6,101,15,3,11,115,27,2,2,40,3,3,6,1,1,0,0,1,1,0,0,0,1,0,1,0,0,0,1,0
7,BOTOŞANI,"SCOALA GENERALA CU CLASELE I-IV",362,STĂUCENI,35884,1,PROV,PRCNCT,CD,CD_SV,"2021-01-21 12:30:02",444,431,13,0,152,139,13,0,500,348,149,2,1,43,1,1,5,69,4,0,1,19,2,1,0,1,1,0,0,0,0,1,0,0,0,0,0,0,0,0,0,0
7,BOTOŞANI,"SCOALA GENERALA CU CLASELE I-IV",363,STĂUCENI,35884,1,PROV,PRCNCT,CD,CD_SV,"2021-01-21 12:30:02",564,547,17,0,163,146,17,0,600,437,156,4,3,58,6,1,7,52,3,1,3,19,0,3,1,0,0,0,0,0,0,0,0,1,0,0,0,0,1,0,0,0
7,BOTOŞANI,"SCOALA GENERALA CU CLASELE I-VIII PATRIARH TEOCTIST ARAPASU",364,STĂUCENI,35884,1,PROV,PRCNCT,CD,CD_SV,"2021-01-21 12:30:02",898,881,17,0,255,238,17,0,950,695,240,6,9,70,9,1,6,102,7,3,0,26,1,6,6,0,1,0,0,1,0,0,0,0,0,0,1,0,0,0,0,0
7,BOTOŞANI,"SCOALA PRIMARA NR. 3 SUHARAU",365,SUHARĂU,38982,1,PROV,PRCNCT,CD,CD_SV,"2021-01-21 12:30:02",969,949,18,2,270,250,18,2,1050,780,258,4,8,13,4,1,5,167,13,1,3,36,1,7,3,1,1,0,0,0,1,0,0,1,0,0,0,0,0,0,0,0
7,BOTOŞANI,"SCOALA GIMNAZIALA NR. 2 SUHARAU",366,SUHARĂU,38982,2,PART,PRCNCT,CD,CD_SV,"2021-01-21 12:30:02",569,556,13,0,179,166,13,0,600,421,174,1,4,33,14,1,8,59,3,2,9,24,2,6,8,2,1,0,1,0,0,0,0,1,0,0,0,0,0,0,0,0
7,BOTOŞANI,"ȘCOALA GIMNAZIALĂ CONSTATIN TINCU LIȘNA",367,SUHARĂU,38982,2,PART,PRCNCT,CD,CD_SV,"2021-01-21 12:30:02",724,714,10,0,222,212,10,0,800,578,216,4,2,32,19,0,6,85,28,2,5,33,2,2,2,0,0,0,0,0,0,0,0,0,0,0,0,0,0,0,0,0
7,BOTOŞANI,"SCOALA GENERALA NR. 4 OROFTIANA",368,SUHARĂU,38982,1,PROV,PRCNCT,CD,CD_SV,"2021-01-21 12:30:02",752,740,12,0,179,167,12,0,800,621,173,4,2,9,18,3,24,67,13,0,5,26,2,3,3,0,0,0,0,0,0,0,0,0,0,0,0,0,0,0,0,0
7,BOTOŞANI,"GRADINITA SMARDAN",369,SUHARĂU,38982,1,PROV,PRCNCT,CD,CD_SV,"2021-01-21 12:30:02",617,603,14,0,169,155,14,0,650,481,161,8,0,34,5,1,6,75,11,2,1,17,1,2,2,0,1,1,1,0,0,0,0,1,0,0,0,0,0,0,0,0
7,BOTOŞANI,"SCOALA CU CL I-VIII SULITA",370,SULIŢA,39051,2,PART,PRCNCT,CD,CD_SV,"2021-01-21 12:30:02",1332,1310,16,6,404,382,16,6,1450,1046,393,6,5,39,46,1,119,130,11,2,1,26,3,6,6,0,0,0,1,1,0,0,0,0,0,0,1,0,0,0,0,0
7,BOTOŞANI,"SCOALA CU CL. I - VIII DRACSANI",371,SULIŢA,39051,1,PROV,PRCNCT,CD,CD_SV,"2021-01-21 12:30:02",1160,1142,14,4,348,330,14,4,1250,902,337,6,5,35,37,1,77,136,11,3,3,17,1,4,6,0,1,0,1,2,0,1,0,0,0,0,1,0,0,0,0,0
7,BOTOŞANI,"ȘCOALA GIMNAZIALĂ ”ALECU IVAN GHILEA”",372,ŞENDRICENI,39122,1,PROV,PRCNCT,CD,CD_SV,"2021-01-21 12:30:02",1172,1158,14,0,356,342,14,0,1250,894,352,1,3,31,27,1,3,224,11,2,1,47,0,1,2,0,0,0,0,0,0,1,1,0,0,0,0,0,0,0,0,0
7,BOTOŞANI,"ŞCOALA GENERALĂ COBÎLA",373,ŞENDRICENI,39122,1,PROV,PRCNCT,CD,CD_SV,"2021-01-21 12:30:02",766,751,15,0,207,192,15,0,800,593,204,3,0,16,8,0,4,124,6,1,2,32,1,2,2,0,0,0,0,0,0,0,0,0,1,0,0,2,0,3,0,0
7,BOTOŞANI,"ŞCOALA GENERALĂ",374,ŞENDRICENI,39122,1,PROV,PRCNCT,CD,CD_SV,"2021-01-21 12:30:02",493,482,11,0,174,163,11,0,550,376,172,0,2,13,9,0,13,80,1,0,0,44,3,2,2,0,0,1,0,1,1,0,1,0,0,0,0,0,1,0,0,0
7,BOTOŞANI,"ŞCOALA PRIMARĂ VICTOR ISĂCEANU,CORP I",375,ŞENDRICENI,39122,1,PROV,PRCNCT,CD,CD_SV,"2021-01-21 12:30:02",862,854,8,0,187,179,8,0,950,763,181,2,4,10,2,0,8,111,10,0,1,31,0,2,4,0,0,0,1,0,0,0,0,0,0,0,0,0,0,1,0,0
7,BOTOŞANI,"CAMINUL CULTURAL ȘTIUBIENI",376,ŞTIUBIENI,39220,2,PART,PRCNCT,CD,CD_SV,"2021-01-21 12:30:02",1506,1456,21,29,470,420,21,29,1600,1130,457,8,5,55,15,2,9,293,12,1,0,43,3,9,5,1,1,0,0,0,0,0,1,0,0,0,0,4,0,1,2,0
7,BOTOŞANI,"CAMINUL CULTURAL NEGRENI",377,ŞTIUBIENI,39220,1,PROV,PRCNCT,CD,CD_SV,"2021-01-21 12:30:02",694,660,12,22,287,253,12,22,700,413,277,4,6,19,18,5,5,184,6,3,1,20,1,5,4,0,1,0,0,1,1,0,0,1,0,0,1,0,0,0,1,0
7,BOTOŞANI,"LICEU TEHNOLOGIC TODIRENI, SALA P2, PARTER",378,TODIRENI,39266,1,PROV,PRCNCT,CD,CD_SV,"2021-01-21 12:30:02",1210,1181,15,14,315,286,15,14,1300,985,304,5,6,48,11,1,4,164,14,3,2,37,0,8,5,0,1,0,0,2,0,0,0,0,0,1,0,0,0,3,0,0
7,BOTOŞANI,"ŞCOALA CU CLASELE I-IV NR.2 TODIRENI",379,TODIRENI,39266,1,PROV,PRCNCT,CD,CD_SV,"2021-01-21 12:30:02",525,512,13,0,107,94,13,0,550,443,104,2,1,15,7,1,4,36,11,0,0,24,1,2,3,0,0,0,0,0,0,0,0,0,0,0,0,0,0,0,0,0
7,BOTOŞANI,"ŞCOALA CU CLASELE I-VIII CERNEŞTI",380,TODIRENI,39266,1,PROV,PRCNCT,CD,CD_SV,"2021-01-21 12:30:02",669,654,14,1,167,152,14,1,700,533,165,2,0,19,8,2,12,77,7,2,0,24,1,3,8,0,1,0,0,0,1,0,0,0,0,0,0,0,0,0,0,0
7,BOTOŞANI,"ŞCOALA CU CLASELE I-IV IUREŞTI",381,TODIRENI,39266,1,PROV,PRCNCT,CD,CD_SV,"2021-01-21 12:30:02",442,432,9,1,103,93,9,1,500,397,99,3,1,12,5,0,2,53,3,1,2,15,0,0,5,0,1,0,0,0,0,0,0,0,0,0,0,0,0,0,0,0
7,BOTOŞANI,"GRĂDINIŢA DE COPII TRUSESTI",382,TRUŞEŞTI,39328,1,PROV,PRCNCT,CD,CD_SV,"2021-01-21 12:30:02",1148,1074,45,29,371,312,45,14,1200,829,362,5,4,73,22,0,14,148,29,1,4,56,1,5,1,0,1,1,1,1,0,0,1,1,0,0,1,0,0,0,0,1
7,BOTOŞANI,"GRĂDINIŢA DE COPII TRUSESTI",383,TRUŞEŞTI,39328,1,PROV,PRCNCT,CD,CD_SV,"2021-01-21 12:30:02",1099,1095,0,4,268,264,0,4,1200,932,258,8,2,28,20,0,13,133,13,1,3,36,1,5,3,0,0,0,0,0,0,0,1,0,0,0,0,0,0,0,1,0
7,BOTOŞANI,"ŞCOALA GENERALĂ NR. 4 BUHĂCENI",384,TRUŞEŞTI,39328,1,PROV,PRCNCT,CD,CD_SV,"2021-01-21 12:30:02",635,624,11,0,237,226,11,0,700,463,229,1,7,32,5,0,6,144,10,1,0,22,2,0,2,0,1,1,1,0,0,0,1,0,0,0,0,1,0,0,0,0
7,BOTOŞANI,"GRĂDINIŢA DRISLEA",385,TRUŞEŞTI,39328,1,PROV,PRCNCT,CD,CD_SV,"2021-01-21 12:30:02",865,846,15,4,276,257,15,4,900,624,264,5,7,47,8,0,12,135,23,0,1,34,0,2,0,0,1,1,0,0,0,0,0,0,0,0,0,0,0,0,0,0
7,BOTOŞANI,"ŞCOALA GENERALĂ NR. 2 IONĂŞENI",386,TRUŞEŞTI,39328,1,PROV,PRCNCT,CD,CD_SV,"2021-01-21 12:30:02",786,765,21,0,202,181,21,0,850,648,193,7,2,44,6,0,7,94,5,0,2,17,0,4,4,1,0,0,0,6,1,1,0,0,0,0,1,0,0,0,0,0
7,BOTOŞANI,"CĂMIN CULTURAL",387,TUDORA,39391,2,PART,PRCNCT,CD,CD_SV,"2021-01-21 12:30:02",1419,1368,28,23,377,326,28,23,1500,1123,365,6,6,158,3,1,11,124,9,1,1,46,0,2,3,0,1,1,0,0,0,0,0,3,1,0,0,0,0,0,0,0
7,BOTOŞANI,"ȘCOALA TIBERIU CRUDU CORP A",388,TUDORA,39391,2,PART,PRCNCT,CD,CD_SV,"2021-01-21 12:30:02",1402,1379,17,6,311,288,17,6,1500,1189,301,8,2,121,7,1,13,96,11,1,1,42,0,7,0,0,0,0,0,0,0,0,0,0,0,0,0,0,0,0,1,0
7,BOTOŞANI,"SCOALA CU CLASELE I-VIII ARINI",389,TUDORA,39391,2,PART,PRCNCT,CD,CD_SV,"2021-01-21 12:30:02",1270,1236,21,13,317,283,21,13,1350,1033,307,6,4,117,10,1,19,96,8,3,1,34,0,7,5,0,1,0,0,0,2,1,0,0,0,0,0,1,0,0,1,0
7,BOTOŞANI,"ŞCOALA GIMNAZIALĂ NR. 1 UNGURENI",390,UNGURENI,39417,1,PROV,PRCNCT,CD,CD_SV,"2021-01-21 12:30:02",1176,1150,26,0,256,230,26,0,1250,994,249,5,2,52,26,0,4,88,21,1,1,47,1,2,3,0,0,1,0,0,1,1,0,0,0,0,0,0,0,0,0,0
7,BOTOŞANI,"ȘCOALA GIMNAZIALĂ NR. 2 UNGURENI",391,UNGURENI,39417,1,PROV,PRCNCT,CD,CD_SV,"2021-01-21 12:30:02",1093,1080,13,0,225,212,13,0,1200,975,220,1,4,39,27,0,6,50,9,1,1,79,1,3,2,0,2,0,0,0,0,0,0,0,0,0,0,0,0,0,0,0
7,BOTOŞANI,"ŞCOALA PRIMARĂ NR. 5 MIHAI VITEAZU",392,UNGURENI,39417,2,PART,PRCNCT,CD,CD_SV,"2021-01-21 12:30:02",398,387,11,0,145,134,11,0,450,305,136,4,5,49,5,0,4,43,5,0,3,22,1,0,3,0,1,0,0,0,0,0,0,0,0,0,0,0,0,0,0,0
7,BOTOŞANI,"ŞCOALA GIMNAZIALĂ NR. 3 BORZEŞTI",393,UNGURENI,39417,1,PROV,PRCNCT,CD,CD_SV,"2021-01-21 12:30:02",1112,1094,18,0,249,231,18,0,1200,951,235,9,5,48,7,1,6,144,2,0,3,20,0,3,0,0,0,0,0,0,1,0,0,0,0,0,0,0,0,0,0,0
7,BOTOŞANI,"LICEUL TEHNOLOGIC PLOPENII MARI",394,UNGURENI,39417,1,PROV,PRCNCT,CD,CD_SV,"2021-01-21 12:30:02",814,798,13,3,162,146,13,3,850,688,160,1,1,32,9,2,4,74,11,1,1,20,0,1,2,0,0,0,0,0,0,1,1,0,0,0,0,0,0,1,0,0
7,BOTOŞANI,"ŞCOALA GIMNAZIALĂ NR. 8 CĂLUGĂRENII VECHI",395,UNGURENI,39417,1,PROV,PRCNCT,CD,CD_SV,"2021-01-21 12:30:02",583,577,6,0,123,117,6,0,650,527,117,4,2,15,4,1,7,55,4,0,0,22,0,3,5,0,0,0,0,0,0,1,0,0,0,0,0,0,0,0,0,0
7,BOTOŞANI,"ŞCOALA GIMNAZIALĂ NR.1 UNŢENI",396,UNŢENI,39532,1,PROV,PRCNCT,CD,CD_SV,"2021-01-21 12:30:02",1000,976,24,0,271,247,24,0,1050,779,258,8,5,47,10,1,9,116,6,1,2,56,2,5,0,0,0,0,0,0,0,1,0,0,0,0,0,0,0,1,0,1
7,BOTOŞANI,"ŞCOALA PRIMARĂ NR.2 MÂNĂSTIRENI",397,UNŢENI,39532,1,PROV,PRCNCT,CD,CD_SV,"2021-01-21 12:30:02",656,638,18,0,213,195,18,0,700,487,204,5,4,57,20,0,10,73,13,0,2,23,0,0,4,1,0,0,0,0,0,0,1,0,0,0,0,0,0,0,0,0
7,BOTOŞANI,"GRĂDINIȚA CU PROGRAM NORMAL NR. 1 BURLEȘTI",398,UNŢENI,39532,1,PROV,PRCNCT,CD,CD_SV,"2021-01-21 12:30:02",560,535,25,0,207,182,25,0,600,393,191,11,5,30,25,1,3,90,14,0,4,17,0,3,2,0,1,0,0,0,0,0,0,0,0,0,0,0,1,0,0,0
7,BOTOŞANI,"SCOALA VACULESTI, CORP A",399,VĂCULEŞTI,39612,2,PART,PRCNCT,CD,CD_SV,"2021-01-21 12:30:02",928,884,22,22,375,334,22,19,1001,626,365,3,7,42,24,0,49,192,26,0,2,22,1,1,1,0,0,0,0,0,1,0,0,1,1,0,0,0,0,2,0,0
7,BOTOŞANI,"BAZA SPORTIVĂ",400,VĂCULEŞTI,39612,1,PROV,PRCNCT,CD,CD_SV,"2021-01-21 12:30:02",802,775,20,7,261,234,20,7,850,589,253,4,4,31,25,0,9,109,15,1,1,56,0,2,0,0,0,0,0,0,0,0,0,1,0,0,1,0,0,1,1,0
7,BOTOŞANI,"SCOALA GOROVEI",401,VĂCULEŞTI,39612,2,PART,PRCNCT,CD,CD_SV,"2021-01-21 12:30:02",46,29,17,0,32,15,17,0,41,9,31,0,1,2,3,0,1,21,2,0,0,1,0,0,1,0,0,0,0,0,0,0,0,0,0,0,0,0,0,0,0,0
7,BOTOŞANI,"ŞC.CU CLASELE I-VIII NR.1",402,"VÂRFU CÂMPULUI",39694,1,PROV,PRCNCT,CD,CD_SV,"2021-01-21 12:30:02",701,682,15,4,235,216,15,4,750,515,230,3,2,44,15,0,7,120,15,1,2,14,1,1,4,1,0,0,0,1,1,0,0,0,0,0,1,0,0,0,1,1
7,BOTOŞANI,"ȘC.CU CLASELE I-VIII GEORGE HAZGAN",403,"VÂRFU CÂMPULUI",39694,1,PROV,PRCNCT,CD,CD_SV,"2021-01-21 12:30:02",1935,1921,11,3,162,148,11,3,1800,1638,153,5,4,21,3,0,3,106,2,1,0,10,0,3,3,0,0,0,0,0,0,0,0,0,0,0,0,0,0,0,0,1
7,BOTOŞANI,"ŞC.CU CLASELE I-VIII GEORGE HAZGAN",404,"VÂRFU CÂMPULUI",39694,1,PROV,PRCNCT,CD,CD_SV,"2021-01-21 12:30:02",1990,1961,24,5,263,234,24,5,2000,1737,253,9,1,28,3,1,2,184,4,1,2,20,0,2,3,1,1,0,0,0,0,0,0,0,0,0,0,0,0,1,0,0
7,BOTOŞANI,"ŞC.CU CLASELE I-VIII IONĂŞENI",405,"VÂRFU CÂMPULUI",39694,1,PROV,PRCNCT,CD,CD_SV,"2021-01-21 12:30:02",733,708,25,0,272,247,25,0,800,528,266,5,1,44,6,0,4,159,12,2,1,33,0,1,1,0,0,0,0,1,0,0,0,0,0,0,1,0,0,0,0,1
7,BOTOŞANI,"IMOBIL APARȚINÂND DOMNULUI RIZAC SERGIU",406,"VÂRFU CÂMPULUI",39694,1,PROV,PRCNCT,CD,CD_SV,"2021-01-21 12:30:02",570,535,31,4,230,195,31,4,604,374,228,2,0,35,7,3,2,120,7,2,2,40,1,3,0,0,0,2,0,1,0,0,0,1,0,0,0,0,0,1,0,1
7,BOTOŞANI,"CĂMINUL CULTURAL VIIŞOARA",407,VIIŞOARA,39658,1,PROV,PRCNCT,CD,CD_SV,"2021-01-21 12:30:02",697,679,18,0,200,182,18,0,746,546,196,1,3,15,6,1,5,128,11,0,1,24,0,2,1,0,1,0,0,0,0,0,0,0,0,0,0,0,0,1,0,0
7,BOTOŞANI,"ŞCOLA CU CLASELE I-IV CUZA VODĂ",408,VIIŞOARA,39658,1,PROV,PRCNCT,CD,CD_SV,"2021-01-21 12:30:02",445,429,16,0,113,97,16,0,500,387,111,2,0,13,8,1,11,64,1,3,0,5,1,1,0,0,0,0,0,0,1,0,0,0,1,0,0,0,0,1,0,0
7,BOTOŞANI,"ŞCOLA CU CLASELE I-IV VIIŞOARA MICĂ",409,VIIŞOARA,39658,1,PROV,PRCNCT,CD,CD_SV,"2021-01-21 12:30:02",391,380,11,0,125,114,11,0,400,275,118,4,3,13,8,1,3,72,6,0,0,7,0,1,5,0,0,0,0,0,0,1,0,0,0,0,0,0,1,0,0,0
7,BOTOŞANI,"SCOALA CU CLASELE I-VIII VLADENI(CORP NOU)",410,VLĂDENI,39738,1,PROV,PRCNCT,CD,CD_SV,"2021-01-21 12:30:02",1507,1466,41,0,461,420,41,0,1600,1139,447,7,7,38,34,0,19,218,22,0,3,93,0,3,10,0,1,1,0,0,1,1,1,2,0,0,0,0,0,0,0,0
7,BOTOŞANI,"SCOALA CU CLASELE I-VIII BREHUIESTI(CORPUL B)",411,VLĂDENI,39738,1,PROV,PRCNCT,CD,CD_SV,"2021-01-21 12:30:02",1384,1370,14,0,322,308,14,0,1500,1178,314,5,3,27,30,0,10,128,17,1,3,82,2,7,3,1,1,0,0,0,0,0,0,0,0,0,0,0,1,0,1,0
7,BOTOŞANI,"SCOALA CU CLASELE I-VIII MANDRESTI",412,VLĂDENI,39738,1,PROV,PRCNCT,CD,CD_SV,"2021-01-21 12:30:02",1115,1098,17,0,300,283,17,0,1196,896,289,6,5,33,9,0,40,129,10,0,2,51,0,6,5,0,0,1,0,0,1,1,0,0,1,0,0,0,0,0,0,0
7,BOTOŞANI,"ŞCOALA CU CLASELE I-VIII GHEORGHE BURAC",413,VLĂSINEŞTI,39792,1,PROV,PRCNCT,CD,CD_SV,"2021-01-21 12:30:02",1332,1272,21,39,515,455,21,39,1400,885,504,7,4,51,8,3,17,311,19,0,4,59,1,15,6,1,1,0,0,1,1,0,3,0,0,0,0,1,0,0,2,0
7,BOTOŞANI,"ŞCOALA CU CLASELE I-IV",414,VLĂSINEŞTI,39792,1,PROV,PRCNCT,CD,CD_SV,"2021-01-21 12:30:02",848,800,24,24,355,307,24,24,850,495,340,9,6,32,13,1,6,219,8,0,3,41,3,2,4,0,0,1,0,1,0,1,0,0,0,0,1,0,1,2,1,0
7,BOTOŞANI,"ŞCOALA CU CLASELE I-IV",415,VLĂSINEŞTI,39792,1,PROV,PRCNCT,CD,CD_SV,"2021-01-21 12:30:02",348,330,13,5,124,106,13,5,400,276,120,2,2,17,15,1,1,63,4,0,0,16,0,0,1,0,0,0,0,0,0,0,0,0,0,1,0,0,0,0,1,0
7,BOTOŞANI,"ȘCOALA GIMNAZIALĂ PROF. OCTAVIAN IONESCU VORNICENI",416,VORNICENI,39836,1,PROV,PRCNCT,CD,CD_SV,"2021-01-21 12:30:02",1306,1291,15,0,363,348,15,0,1400,1037,353,6,4,123,15,0,21,144,11,1,0,27,0,5,1,0,1,0,0,0,0,1,1,1,1,0,0,0,0,0,0,0
7,BOTOŞANI,"GRĂDINIȚA NR. 2 VORNICENI",417,VORNICENI,39836,1,PROV,PRCNCT,CD,CD_SV,"2021-01-21 12:30:02",976,965,11,0,166,155,11,0,1050,884,163,1,2,43,2,1,1,79,7,0,0,24,1,2,1,0,1,0,0,1,0,0,0,0,0,0,0,0,0,0,0,0
7,BOTOŞANI,"ȘCOALA GIMNAZIALĂ NR.1 VORNICENI",418,VORNICENI,39836,1,PROV,PRCNCT,CD,CD_SV,"2021-01-21 12:30:02",927,904,22,1,234,211,22,1,1000,766,223,5,6,106,5,0,3,75,3,0,1,20,0,5,3,0,0,0,0,0,0,0,0,0,0,0,0,1,1,0,0,0
7,BOTOŞANI,"ȘCOALA PRIMARĂ NR. 2 DEALU CRUCII",419,VORNICENI,39836,1,PROV,PRCNCT,CD,CD_SV,"2021-01-21 12:30:02",308,295,13,0,93,80,13,0,350,257,91,0,2,20,3,1,2,34,2,0,0,26,0,2,0,0,0,1,0,0,0,0,0,0,0,0,0,0,0,0,0,0
7,BOTOŞANI,"ŞCOALA GIMNAZIALĂ ” AL. I. CUZA” VORONA",420,VORONA,39872,1,PROV,PRCNCT,CD,CD_SV,"2021-01-21 12:30:02",783,770,13,0,188,175,13,0,850,662,181,5,2,17,17,1,4,75,9,0,0,45,1,6,3,0,1,0,0,1,0,1,0,0,0,0,0,0,0,0,0,0
7,BOTOŞANI,"LICEUL TEHNOLOGIC STEFAN CEL MARE VORONA",421,VORONA,39872,1,PROV,PRCNCT,CD,CD_SV,"2021-01-21 12:30:02",850,820,27,3,244,214,27,3,900,656,233,6,4,29,12,1,4,106,9,0,1,61,1,2,4,0,1,0,0,0,1,0,0,1,0,0,0,0,0,0,0,0
7,BOTOŞANI,"SCOALA CU CLASELE I-VIII IONITA PANCUL VORONA",422,VORONA,39872,1,PROV,PRCNCT,CD,CD_SV,"2021-01-21 12:30:02",522,503,13,6,132,113,13,6,550,418,125,5,2,19,3,1,1,46,11,0,0,35,0,4,1,0,0,1,1,0,0,1,0,0,0,0,1,0,0,0,0,0
7,BOTOŞANI,"SCOALA CU CLASELE I-VIII LUCA ARBORE VORONA MARE",423,VORONA,39872,1,PROV,PRCNCT,CD,CD_SV,"2021-01-21 12:30:02",1040,1009,18,13,269,238,18,13,1100,831,261,1,7,20,5,1,12,159,7,0,2,48,2,1,1,0,0,0,0,0,1,1,0,0,0,0,0,1,0,0,0,0
7,BOTOŞANI,"SCOALA CU CLASELE I-VIII RALUCA IURASCU JOLDESTI",424,VORONA,39872,1,PROV,PRCNCT,CD,CD_SV,"2021-01-21 12:30:02",1051,1031,14,6,227,207,14,6,1100,873,217,2,8,37,6,1,7,95,13,1,0,45,1,7,1,0,1,0,0,0,0,0,0,1,0,0,0,0,1,0,0,0
7,BOTOŞANI,"GRADINITA NUMARUL 2 ICUSENI",425,VORONA,39872,1,PROV,PRCNCT,CD,CD_SV,"2021-01-21 12:30:02",247,237,10,0,56,46,10,0,250,194,53,1,2,7,6,1,1,27,2,0,0,9,0,0,0,0,0,0,0,0,0,0,0,0,0,0,0,0,0,0,0,0
7,BOTOŞANI,"SCOALA CU CLASELE I-VIII ALEXANDRU CEL BUN ICUSENI",426,VORONA,39872,2,PART,PRCNCT,CD,CD_SV,"2021-01-21 12:30:02",824,804,17,3,174,154,17,3,900,726,169,4,1,23,17,2,2,60,9,2,0,42,1,5,4,0,2,0,0,0,0,0,0,0,0,0,0,0,0,0,0,0
7,BOTOŞANI,"SCOALA CU CLASELE I-VIII NICOLAE IORGA POIANA",427,VORONA,39872,1,PROV,PRCNCT,CD,CD_SV,"2021-01-21 12:30:02",991,982,7,2,254,245,7,2,1100,846,246,3,5,19,3,2,1,126,11,0,1,74,0,0,3,0,2,0,2,0,1,0,1,0,0,0,0,0,0,0,0,0
