precinct_county_nce,precinct_county_name,precinct_name,precinct_nr,uat_name,uat_siruta,report_version,report_stage_code,report_type_scope_code,report_type_category_code,report_type_code,created_at,a,a1,a2,a3,b,b1,b2,b3,c,d,e,f,g,"ALIANȚA USR PLUS-voturi","PARTIDUL SOCIAL DEMOCRAT-voturi","PARTIDUL MIȘCAREA POPULARĂ-voturi","PARTIDUL PRO ROMÂNIA-voturi","UNIUNEA DEMOCRATĂ MAGHIARĂ DIN ROMÂNIA-voturi","PARTIDUL NAȚIONAL LIBERAL-voturi","PARTIDUL PUTERII UMANISTE (SOCIAL-LIBERAL)-voturi","PARTIDUL SOCIALIST ROMÂN-voturi","PARTIDUL ROMÂNIA MARE-voturi","ALIANȚA PENTRU UNIREA ROMÂNILOR-voturi","PARTIDUL ECOLOGIST ROMÂN-voturi"
36,TELEORMAN,"ȘCOALA AJUTĂTOARE ALEXANDRIA",1,"MUNICIPIUL ALEXANDRIA",151790,1,PROV,PRCNCT,S,S_SV,"2021-01-21 12:30:02",1574,1476,51,47,495,397,51,47,1626,1131,482,11,2,50,236,14,20,6,126,5,4,5,15,1
36,TELEORMAN,"ȘCOALA GIMNAZIALĂ NR.7",2,"MUNICIPIUL ALEXANDRIA",151790,1,PROV,PRCNCT,S,S_SV,"2021-01-21 12:30:02",1211,1193,18,0,338,320,18,0,1320,982,330,8,0,60,148,13,25,0,61,4,1,3,13,2
36,TELEORMAN,"ȘCOALA GIMNAZIALĂ NR.7",3,"MUNICIPIUL ALEXANDRIA",151790,1,PROV,PRCNCT,S,S_SV,"2021-01-21 12:30:02",1240,1231,9,0,285,276,9,0,1360,1075,276,9,0,30,157,6,5,2,57,3,2,3,10,1
36,TELEORMAN,"ȘCOALA GIMNAZIALĂ NR.7",4,"MUNICIPIUL ALEXANDRIA",151790,2,PART,PRCNCT,S,S_SV,"2021-01-21 12:30:02",1345,1335,10,0,318,308,10,0,1470,1152,309,9,0,29,161,9,17,1,70,2,3,3,13,1
36,TELEORMAN,"ȘCOALA GIMNAZIALĂ NR.7",5,"MUNICIPIUL ALEXANDRIA",151790,1,PROV,PRCNCT,S,S_SV,"2021-01-21 12:30:02",1295,1283,12,0,410,398,12,0,1420,1010,404,5,1,65,189,14,21,0,97,2,2,1,10,3
36,TELEORMAN,"LICEUL TEHNOLOGIC ”NICOLAE BĂLCESCU”",6,"MUNICIPIUL ALEXANDRIA",151790,1,PROV,PRCNCT,S,S_SV,"2021-01-21 12:30:02",1432,1422,10,0,416,406,10,0,1570,1154,409,7,0,38,216,7,23,0,84,9,2,2,22,6
36,TELEORMAN,"LICEUL TEHNOLOGIC ”NICOLAE BĂLCESCU”",7,"MUNICIPIUL ALEXANDRIA",151790,1,PROV,PRCNCT,S,S_SV,"2021-01-21 12:30:02",1109,1100,9,0,308,299,9,0,1220,912,306,2,0,48,147,8,18,0,67,2,3,0,8,5
36,TELEORMAN,"COLEGIUL NAȚIONAL ”AL. D. GHICA”",8,"MUNICIPIUL ALEXANDRIA",151790,1,PROV,PRCNCT,S,S_SV,"2021-01-21 12:30:02",1510,1496,10,4,437,423,10,4,1650,1213,427,9,1,42,208,17,24,0,98,6,7,4,20,1
36,TELEORMAN,"COLEGIUL NAȚIONAL ”AL. D. GHICA”",9,"MUNICIPIUL ALEXANDRIA",151790,1,PROV,PRCNCT,S,S_SV,"2021-01-21 12:30:02",1269,1260,9,0,410,401,9,0,1380,970,397,13,0,59,186,16,18,0,88,5,0,3,17,5
36,TELEORMAN,"LICEUL TEORETIC ”C. NOICA”",10,"MUNICIPIUL ALEXANDRIA",151790,1,PROV,PRCNCT,S,S_SV,"2021-01-21 12:30:02",1349,1327,22,0,392,370,22,0,1460,1068,385,7,0,67,174,20,17,1,84,2,2,1,14,3
36,TELEORMAN,"LICEUL TEORETIC ”C. NOICA”",11,"MUNICIPIUL ALEXANDRIA",151790,1,PROV,PRCNCT,S,S_SV,"2021-01-21 12:30:02",1035,1021,14,0,345,331,14,0,1130,785,337,7,1,48,165,10,13,1,75,7,0,4,11,3
36,TELEORMAN,"LICEUL PEDAGOGIC ”MIRCEA SCARLAT”",12,"MUNICIPIUL ALEXANDRIA",151790,1,PROV,PRCNCT,S,S_SV,"2021-01-21 12:30:02",1255,1211,44,0,403,359,44,0,1340,937,392,7,4,56,151,17,20,2,123,3,1,2,17,0
36,TELEORMAN,"ȘCOALA GIMNAZIALĂ NR.5",13,"MUNICIPIUL ALEXANDRIA",151790,1,PROV,PRCNCT,S,S_SV,"2021-01-21 12:30:02",982,945,32,5,333,296,32,5,1040,707,322,10,1,31,159,8,11,1,89,3,4,5,9,2
36,TELEORMAN,"GRĂDINIȚA CU PROGRAM PRELUNGIT NR.7",14,"MUNICIPIUL ALEXANDRIA",151790,1,PROV,PRCNCT,S,S_SV,"2021-01-21 12:30:02",1114,1101,13,0,328,315,13,0,1210,882,321,6,1,45,151,17,19,1,71,4,1,2,8,2
36,TELEORMAN,"GRĂDINIȚA CU PROGRAM PRELUNGIT NR.7",15,"MUNICIPIUL ALEXANDRIA",151790,1,PROV,PRCNCT,S,S_SV,"2021-01-21 12:30:02",1032,1013,19,0,354,335,19,0,1120,766,344,10,0,40,148,11,19,0,95,6,3,3,16,3
36,TELEORMAN,"SALA POLIVALENTĂ",16,"MUNICIPIUL ALEXANDRIA",151790,1,PROV,PRCNCT,S,S_SV,"2021-01-21 12:30:02",1483,1451,32,0,399,367,32,0,1600,1201,388,9,2,29,211,20,14,1,77,5,1,7,22,1
36,TELEORMAN,"SALA POLIVALENTĂ",17,"MUNICIPIUL ALEXANDRIA",151790,2,PART,PRCNCT,S,S_SV,"2021-01-21 12:30:02",1191,1151,40,0,333,293,40,0,1270,937,324,7,2,26,172,6,12,0,85,5,1,2,10,5
36,TELEORMAN,"ȘCOALA GIMNAZIALĂ ”ȘTEFAN CEL MARE”",18,"MUNICIPIUL ALEXANDRIA",151790,1,PROV,PRCNCT,S,S_SV,"2021-01-21 12:30:02",855,840,15,0,227,212,15,0,930,703,224,3,0,27,102,12,8,1,55,3,0,3,11,2
36,TELEORMAN,"ȘCOALA GIMNAZIALĂ ”ȘTEFAN CEL MARE”",19,"MUNICIPIUL ALEXANDRIA",151790,1,PROV,PRCNCT,S,S_SV,"2021-01-21 12:30:02",986,973,13,0,324,311,13,0,1070,746,317,5,2,35,153,12,18,0,86,4,0,4,3,2
36,TELEORMAN,"ȘCOALA GIMNAZIALĂ ”MIHAI VITEAZUL”",20,"MUNICIPIUL ALEXANDRIA",151790,1,PROV,PRCNCT,S,S_SV,"2021-01-21 12:30:02",1372,1346,26,0,372,346,26,0,1490,1118,366,6,0,61,152,13,20,0,101,3,2,1,11,2
36,TELEORMAN,"ȘCOALA GIMNAZIALĂ ”MIHAI VITEAZUL”",21,"MUNICIPIUL ALEXANDRIA",151790,1,PROV,PRCNCT,S,S_SV,"2021-01-21 12:30:02",1084,1072,12,0,318,306,12,0,1170,852,310,8,0,40,140,21,10,1,81,0,2,0,12,3
36,TELEORMAN,"ȘCOALA GIMNAZIALĂ NR.6",22,"MUNICIPIUL ALEXANDRIA",151790,1,PROV,PRCNCT,S,S_SV,"2021-01-21 12:30:02",964,945,19,0,220,201,19,0,1040,820,218,2,0,22,112,8,14,0,44,6,2,1,9,0
36,TELEORMAN,"ȘCOALA GIMNAZIALĂ NR.6",23,"MUNICIPIUL ALEXANDRIA",151790,1,PROV,PRCNCT,S,S_SV,"2021-01-21 12:30:02",1030,1016,14,0,237,223,14,0,1120,883,232,5,0,32,104,12,14,1,51,2,1,3,12,0
36,TELEORMAN,"COLEGIUL NAȚIONAL ”AL. I. CUZA”",24,"MUNICIPIUL ALEXANDRIA",151790,1,PROV,PRCNCT,S,S_SV,"2021-01-21 12:30:02",1064,1049,15,0,268,253,15,0,1150,882,265,3,0,29,119,11,19,0,68,3,1,0,14,1
36,TELEORMAN,"COLEGIUL NAȚIONAL ”AL. I. CUZA”",25,"MUNICIPIUL ALEXANDRIA",151790,1,PROV,PRCNCT,S,S_SV,"2021-01-21 12:30:02",1078,1066,12,0,326,314,12,0,1170,844,317,9,0,40,136,19,12,1,79,4,2,5,16,3
36,TELEORMAN,"COLEGIUL NAȚIONAL ”AL. I. CUZA”",26,"MUNICIPIUL ALEXANDRIA",151790,1,PROV,PRCNCT,S,S_SV,"2021-01-21 12:30:02",1004,989,15,0,269,254,15,0,1090,821,266,3,0,33,118,9,19,0,71,0,1,2,11,2
36,TELEORMAN,"ȘCOALA GIMNAZIALĂ ”ALEXANDRU COLFESCU”",27,"MUNICIPIUL ALEXANDRIA",151790,1,PROV,PRCNCT,S,S_SV,"2021-01-21 12:30:02",1368,1350,18,0,352,334,18,0,1490,1138,341,8,3,39,155,18,20,0,92,1,1,2,13,0
36,TELEORMAN,"ȘCOALA GIMNAZIALĂ ”ALEXANDRU COLFESCU”",28,"MUNICIPIUL ALEXANDRIA",151790,2,PART,PRCNCT,S,S_SV,"2021-01-21 12:30:02",1419,1399,20,0,312,292,20,0,1540,1228,303,9,0,29,156,8,21,0,62,5,1,8,9,4
36,TELEORMAN,"ȘCOALA GIMNAZIALĂ ”ALEXANDRU COLFESCU”",29,"MUNICIPIUL ALEXANDRIA",151790,1,PROV,PRCNCT,S,S_SV,"2021-01-21 12:30:02",1362,1347,14,1,355,340,14,1,1490,1135,347,8,0,43,173,16,28,1,71,1,0,3,8,3
36,TELEORMAN,"ȘCOALA GIMNAZIALĂ ”ALEXANDRU COLFESCU”",30,"MUNICIPIUL ALEXANDRIA",151790,1,PROV,PRCNCT,S,S_SV,"2021-01-21 12:30:02",1432,1424,8,0,331,323,8,0,1570,1239,325,6,0,45,139,12,29,1,85,1,2,0,9,2
36,TELEORMAN,"GRĂDINIȚA CU PROGRAM PRELUNGIT NR.4",31,"MUNICIPIUL ALEXANDRIA",151790,1,PROV,PRCNCT,S,S_SV,"2021-01-21 12:30:02",1343,1328,15,0,270,255,15,0,1470,1200,263,7,0,26,130,13,13,0,47,4,2,5,21,2
36,TELEORMAN,"GRĂDINIȚA CU PROGRAM PRELUNGIT NR.4",32,"MUNICIPIUL ALEXANDRIA",151790,1,PROV,PRCNCT,S,S_SV,"2021-01-21 12:30:02",1497,1482,15,0,289,274,15,0,1630,1341,279,7,3,22,134,11,14,2,56,4,3,4,28,1
36,TELEORMAN,"ȘCOALA DE ȘOFERI AMATORI",33,"MUNICIPIUL ALEXANDRIA",151790,1,PROV,PRCNCT,S,S_SV,"2021-01-21 12:30:02",1460,1447,13,0,342,329,13,0,1600,1258,329,8,5,20,204,13,16,4,50,9,2,1,7,3
36,TELEORMAN,"GRĂDINIȚA CU PROGRAM PRELUNGIT NR.8",34,"MUNICIPIUL ALEXANDRIA",151790,1,PROV,PRCNCT,S,S_SV,"2021-01-21 12:30:02",1247,1230,17,0,173,156,17,0,1349,1176,154,14,5,9,85,6,10,2,25,4,2,2,8,1
36,TELEORMAN,"ŞCOALA GIMNAZIALĂ ”ZAHARIA STANCU”",35,"MUNICIPIUL ROŞIORI DE VEDE",151870,1,PROV,PRCNCT,S,S_SV,"2021-01-21 12:30:02",1215,1167,14,34,324,276,14,34,1280,956,315,7,2,36,172,12,8,1,57,6,2,1,17,3
36,TELEORMAN,"ŞCOALA GIMNAZIALĂ ”ZAHARIA STANCU”",36,"MUNICIPIUL ROŞIORI DE VEDE",151870,1,PROV,PRCNCT,S,S_SV,"2021-01-21 12:30:02",1095,1087,8,0,238,230,8,0,1200,962,233,5,0,29,145,3,5,1,34,2,1,0,13,0
36,TELEORMAN,"ȘCOALA GIMNAZIALĂ ”DAN BERINDEI”",37,"MUNICIPIUL ROŞIORI DE VEDE",151870,1,PROV,PRCNCT,S,S_SV,"2021-01-21 12:30:02",1155,1145,10,0,235,225,10,0,1270,1035,231,4,0,28,120,4,6,0,31,4,4,2,29,3
36,TELEORMAN,"COLEGIUL TEHNIC ”ANGHEL SALIGNY”",38,"MUNICIPIUL ROŞIORI DE VEDE",151870,1,PROV,PRCNCT,S,S_SV,"2021-01-21 12:30:02",1077,1064,11,2,326,313,11,2,1170,844,321,3,2,51,153,16,8,2,72,5,2,1,7,4
36,TELEORMAN,"GRĂDINIŢA CU PROGRAM PRELUNGIT NR.1",39,"MUNICIPIUL ROŞIORI DE VEDE",151870,1,PROV,PRCNCT,S,S_SV,"2021-01-21 12:30:02",1067,1054,13,0,273,260,13,0,1160,887,262,6,5,35,123,10,10,3,46,2,6,1,19,7
36,TELEORMAN,"CENTRUL CULTURAL",40,"MUNICIPIUL ROŞIORI DE VEDE",151870,1,PROV,PRCNCT,S,S_SV,"2021-01-21 12:30:02",1164,1073,89,2,380,289,89,2,1180,800,368,8,4,53,148,10,12,2,112,5,6,4,14,2
36,TELEORMAN,"ŞCOALA GIMNAZIALĂ ”GALA GALACTION”",41,"MUNICIPIUL ROŞIORI DE VEDE",151870,1,PROV,PRCNCT,S,S_SV,"2021-01-21 12:30:02",1093,1078,15,0,257,242,15,0,1180,923,255,2,0,35,130,5,13,0,36,6,2,1,24,3
36,TELEORMAN,"ŞCOALA GIMNAZIALĂ ”GALA GALACTION”",42,"MUNICIPIUL ROŞIORI DE VEDE",151870,1,PROV,PRCNCT,S,S_SV,"2021-01-21 12:30:02",1149,1137,10,2,210,198,10,2,1260,1050,203,7,0,27,110,4,7,0,42,6,1,2,2,2
36,TELEORMAN,"MUZEUL DE ISTORIE",43,"MUNICIPIUL ROŞIORI DE VEDE",151870,1,PROV,PRCNCT,S,S_SV,"2021-01-21 12:30:02",1078,1062,15,1,292,276,15,1,1170,878,286,5,1,57,132,12,9,1,57,3,2,1,9,3
36,TELEORMAN,"CLUBUL COPIILOR",44,"MUNICIPIUL ROŞIORI DE VEDE",151870,1,PROV,PRCNCT,S,S_SV,"2021-01-21 12:30:02",1400,1346,16,38,418,364,16,38,1490,1072,408,7,3,60,205,11,17,8,73,5,3,3,16,7
36,TELEORMAN,"ŞCOALA GIMNAZIALĂ ”ALEXANDRU DEPĂRĂŢEANU”",45,"MUNICIPIUL ROŞIORI DE VEDE",151870,1,PROV,PRCNCT,S,S_SV,"2021-01-21 12:30:02",1361,1331,6,24,311,281,6,24,1470,1159,303,6,2,32,185,11,6,3,42,3,3,1,14,3
36,TELEORMAN,"ŞCOALA GIMNAZIALĂ ”ALEXANDRU DEPĂRĂŢEANU”",46,"MUNICIPIUL ROŞIORI DE VEDE",151870,1,PROV,PRCNCT,S,S_SV,"2021-01-21 12:30:02",1387,1375,12,0,261,249,12,0,1520,1259,252,5,4,20,154,8,10,0,39,3,5,2,10,1
36,TELEORMAN,"ŞCOALA GIMNAZIALĂ ”ALEXANDRU DEPĂRĂŢEANU”",47,"MUNICIPIUL ROŞIORI DE VEDE",151870,2,PART,PRCNCT,S,S_SV,"2021-01-21 12:30:02",1089,1078,9,2,296,285,9,2,1190,894,292,4,0,43,132,14,4,4,74,7,3,0,8,3
36,TELEORMAN,"GRĂDINITA CU PROGRAM NORMAL NR.5",48,"MUNICIPIUL ROŞIORI DE VEDE",151870,1,PROV,PRCNCT,S,S_SV,"2021-01-21 12:30:02",1457,1442,13,2,289,274,13,2,1580,1291,282,5,2,40,149,10,10,1,46,6,2,1,11,6
36,TELEORMAN,"GRĂDINIȚA CU PROGRAM NORMAL NR.5",49,"MUNICIPIUL ROŞIORI DE VEDE",151870,1,PROV,PRCNCT,S,S_SV,"2021-01-21 12:30:02",1105,1092,8,5,299,286,8,5,1200,901,294,3,2,38,167,7,11,2,43,3,1,0,22,0
36,TELEORMAN,"LICEUL TEHNOLOGIC ”EMIL RACOVIŢĂ”",50,"MUNICIPIUL ROŞIORI DE VEDE",151870,1,PROV,PRCNCT,S,S_SV,"2021-01-21 12:30:02",1345,1304,28,13,362,321,28,13,1430,1068,351,9,2,62,141,13,22,2,85,0,3,2,14,7
36,TELEORMAN,"CASA DE CULTURĂ",51,"MUNICIPIUL ROŞIORI DE VEDE",151870,2,PART,PRCNCT,S,S_SV,"2021-01-21 12:30:02",1076,1056,19,1,294,274,19,1,1170,876,287,7,0,47,137,12,13,1,48,5,0,5,11,8
36,TELEORMAN,"COLEGIUL NAŢIONAL ”ANASTASESCU”",52,"MUNICIPIUL ROŞIORI DE VEDE",151870,1,PROV,PRCNCT,S,S_SV,"2021-01-21 12:30:02",1384,1367,15,2,332,315,15,2,1500,1168,327,3,2,52,162,12,13,2,59,2,1,3,15,6
36,TELEORMAN,"GRĂDINIŢA CU PROGRAM NORMAL NR. 3",53,"MUNICIPIUL ROŞIORI DE VEDE",151870,1,PROV,PRCNCT,S,S_SV,"2021-01-21 12:30:02",1292,1278,13,1,296,282,13,1,1410,1114,292,3,1,38,156,10,8,0,39,2,5,1,29,4
36,TELEORMAN,"LICEUL TEHNOLOGIC ”VIRGIL MADGEARU”",54,"MUNICIPIUL ROŞIORI DE VEDE",151870,1,PROV,PRCNCT,S,S_SV,"2021-01-21 12:30:02",1188,1172,16,0,277,261,16,0,1300,1023,272,0,5,36,130,5,15,3,47,2,2,1,23,8
36,TELEORMAN,"GRĂDINIŢA CU PROGRAM NORMAL NR. 6",55,"MUNICIPIUL ROŞIORI DE VEDE",151870,1,PROV,PRCNCT,S,S_SV,"2021-01-21 12:30:02",1082,1060,17,5,259,237,17,5,1170,911,255,4,0,43,132,4,9,0,41,2,2,2,14,6
36,TELEORMAN,"GRĂDINIŢA CU PROGRAM NORMAL NR.3",56,"MUNICIPIUL TURNU MĂGURELE",151683,1,PROV,PRCNCT,S,S_SV,"2021-01-21 12:30:02",1323,1301,20,2,365,343,20,2,1440,1075,351,8,6,20,142,12,18,2,114,9,2,6,25,1
36,TELEORMAN,"ŞCOALA GENERALĂ NR.3",57,"MUNICIPIUL TURNU MĂGURELE",151683,1,PROV,PRCNCT,S,S_SV,"2021-01-21 12:30:02",1071,1050,19,2,302,281,19,2,1160,858,295,5,2,19,135,10,18,1,76,1,3,8,21,3
36,TELEORMAN,"ŞCOALA GIMNAZIALĂ NR.4",58,"MUNICIPIUL TURNU MĂGURELE",151683,1,PROV,PRCNCT,S,S_SV,"2021-01-21 12:30:02",1827,1790,37,0,451,414,37,0,1980,1529,441,10,0,29,207,11,33,0,117,4,2,4,31,3
36,TELEORMAN,"GRĂDINIŢA CU PROGRAM PRELUNGIT NR.7",59,"MUNICIPIUL TURNU MĂGURELE",151683,1,PROV,PRCNCT,S,S_SV,"2021-01-21 12:30:02",1728,1708,20,0,401,381,20,0,1870,1469,398,2,1,22,182,6,24,3,113,4,1,5,34,4
36,TELEORMAN,"LICEUL TEHNOLOGIC ”GENERAL DAVID PRAPORGESCU”",60,"MUNICIPIUL TURNU MĂGURELE",151683,1,PROV,PRCNCT,S,S_SV,"2021-01-21 12:30:02",1401,1391,10,0,349,339,10,0,1540,1191,346,2,1,34,174,9,23,2,70,3,2,4,19,6
36,TELEORMAN,"LICEUL TEHNOLOGIC ”GENERAL DAVID PRAPORGESCU”",61,"MUNICIPIUL TURNU MĂGURELE",151683,1,PROV,PRCNCT,S,S_SV,"2021-01-21 12:30:02",1052,1043,9,0,210,201,9,0,1160,950,204,4,2,20,106,2,9,1,50,1,3,3,8,1
36,TELEORMAN,"GRĂDINIŢA CU PROGRAM PRELUNGIT NR.1",62,"MUNICIPIUL TURNU MĂGURELE",151683,1,PROV,PRCNCT,S,S_SV,"2021-01-21 12:30:02",861,853,8,0,194,186,8,0,940,746,184,6,4,8,100,1,16,1,38,1,4,5,9,1
36,TELEORMAN,"GRĂDINIȚA CU PROGRAM PRELUNGIT NR.1",63,"MUNICIPIUL TURNU MĂGURELE",151683,1,PROV,PRCNCT,S,S_SV,"2021-01-21 12:30:02",1182,1171,11,0,229,218,11,0,1290,1061,205,13,11,14,81,3,14,1,59,9,3,4,16,1
36,TELEORMAN,"COLEGIUL NAŢIONAL ”UNIREA”",64,"MUNICIPIUL TURNU MĂGURELE",151683,1,PROV,PRCNCT,S,S_SV,"2021-01-21 12:30:02",1119,1095,13,11,317,293,13,11,1210,893,307,6,4,34,137,15,18,2,87,3,2,2,6,1
36,TELEORMAN,"COLEGIUL NAŢIONAL ”UNIREA”",65,"MUNICIPIUL TURNU MĂGURELE",151683,1,PROV,PRCNCT,S,S_SV,"2021-01-21 12:30:02",1221,1190,14,17,396,366,14,16,1310,914,387,8,1,46,187,9,27,2,86,6,2,3,15,4
36,TELEORMAN,"ŞCOALA GIMNAZIALĂ ”MIRCEA CEL BĂTRÂN”",66,"MUNICIPIUL TURNU MĂGURELE",151683,1,PROV,PRCNCT,S,S_SV,"2021-01-21 12:30:02",1155,1135,20,0,324,304,20,0,1240,916,312,11,1,33,136,16,25,4,83,2,3,3,6,1
36,TELEORMAN,"ŞCOALA GIMNAZIALĂ ”MIRCEA CEL BĂTRÂN”",67,"MUNICIPIUL TURNU MĂGURELE",151683,2,PART,PRCNCT,S,S_SV,"2021-01-21 12:30:02",1544,1531,11,2,429,416,11,2,1690,1261,422,5,2,61,208,13,21,0,97,1,2,2,16,1
36,TELEORMAN,"LICEUL TEHNOLOGIC ”SF. HARALAMBIE”",68,"MUNICIPIUL TURNU MĂGURELE",151683,1,PROV,PRCNCT,S,S_SV,"2021-01-21 12:30:02",1640,1626,14,0,486,472,14,0,1800,1314,476,9,1,46,193,23,39,1,147,6,2,7,10,2
36,TELEORMAN,"LICEUL TEORETIC ”MARIN PREDA”",69,"MUNICIPIUL TURNU MĂGURELE",151683,1,PROV,PRCNCT,S,S_SV,"2021-01-21 12:30:02",1196,1180,13,3,316,300,13,3,1300,984,312,3,1,32,164,11,30,0,60,0,3,1,10,1
36,TELEORMAN,"GRĂDINIŢA CU PROGRAM PRELUNGIT NR.5",70,"MUNICIPIUL TURNU MĂGURELE",151683,1,PROV,PRCNCT,S,S_SV,"2021-01-21 12:30:02",1052,1036,16,0,306,290,16,0,1150,844,301,3,2,25,141,9,24,0,83,4,1,1,13,0
36,TELEORMAN,"ȘCOALA GIMNAZIALĂ NR.2",71,"MUNICIPIUL TURNU MĂGURELE",151683,2,PART,PRCNCT,S,S_SV,"2021-01-21 12:30:02",1312,1289,20,3,312,289,20,3,1420,1108,302,8,2,19,154,5,12,0,91,3,4,1,10,3
36,TELEORMAN,"ŞCOALA GIMNAZIALĂ NR.2",72,"MUNICIPIUL TURNU MĂGURELE",151683,1,PROV,PRCNCT,S,S_SV,"2021-01-21 12:30:02",1400,1386,14,0,313,299,14,0,1530,1217,297,9,7,14,154,7,17,3,64,6,1,7,21,3
36,TELEORMAN,"DISPENSARUL UMAN MĂGURELE",73,"MUNICIPIUL TURNU MĂGURELE",151683,1,PROV,PRCNCT,S,S_SV,"2021-01-21 12:30:02",1323,1289,23,11,357,323,23,11,1320,963,340,10,7,16,133,4,13,0,144,5,1,5,19,0
36,TELEORMAN,"ȘCOALA GIMNAZIALĂ CU CLASELE I-VIII, NR. 2",74,"ORAŞ VIDELE",151905,1,PROV,PRCNCT,S,S_SV,"2021-01-21 12:30:02",1777,1726,49,2,686,635,49,2,1900,1214,677,8,1,84,294,23,23,5,195,8,6,3,35,1
36,TELEORMAN,"LICEUL TEORETIC",75,"ORAŞ VIDELE",151905,2,PART,PRCNCT,S,S_SV,"2021-01-21 12:30:02",1526,1459,65,2,572,505,65,2,1610,1038,563,9,0,73,230,18,22,0,164,5,2,3,42,4
36,TELEORMAN,"ȘCOALA GIMNAZIALĂ NUMĂRUL 1 VIDELE",76,"ORAŞ VIDELE",151905,2,PART,PRCNCT,S,S_SV,"2021-01-21 12:30:02",1498,1467,27,4,579,548,27,4,1620,1041,560,16,3,64,237,11,7,0,195,1,1,6,35,3
36,TELEORMAN,"GRĂDINIȚA CU PROGRAM NORMAL NR. 4, FOTĂCHEȘTI",77,"ORAŞ VIDELE",151905,1,PROV,PRCNCT,S,S_SV,"2021-01-21 12:30:02",942,907,28,7,293,258,28,7,1000,707,277,12,4,27,130,3,20,3,64,7,1,1,19,2
36,TELEORMAN,"GRĂDINIȚA CU PROGRAM NORMAL NR. 3, FURCULEȘTI",78,"ORAŞ VIDELE",151905,1,PROV,PRCNCT,S,S_SV,"2021-01-21 12:30:02",1362,1326,36,0,465,429,36,0,1460,995,444,16,5,40,194,15,9,1,121,3,5,4,46,6
36,TELEORMAN,"GRĂDINIȚA CU PROGRAM NORMAL NR. 5, CARTOJANCA",79,"ORAŞ VIDELE",151905,1,PROV,PRCNCT,S,S_SV,"2021-01-21 12:30:02",673,667,6,0,241,235,6,0,730,489,236,3,2,14,128,6,7,0,51,1,1,1,26,1
36,TELEORMAN,"GRĂDINIȚA CU PROGRAM NORMAL NR. 2, TĂMĂȘEȘTI",80,"ORAŞ VIDELE",151905,2,PART,PRCNCT,S,S_SV,"2021-01-21 12:30:02",710,699,11,0,267,256,11,0,770,503,263,2,2,16,151,4,6,1,59,1,4,0,19,2
36,TELEORMAN,"GRĂDINIȚA CU PROGRAM NORMAL NR. 6, PARISEȘTI",81,"ORAŞ VIDELE",151905,1,PROV,PRCNCT,S,S_SV,"2021-01-21 12:30:02",476,462,14,0,216,202,14,0,510,294,213,0,3,5,101,7,9,1,69,2,1,3,15,0
36,TELEORMAN,"GRĂDINIȚA CU PROGRAM NORMAL NR. 7, COȘOAIA",82,"ORAŞ VIDELE",151905,1,PROV,PRCNCT,S,S_SV,"2021-01-21 12:30:02",291,271,20,0,113,93,20,0,300,187,112,0,1,3,41,1,4,1,51,3,0,0,6,2
36,TELEORMAN,"ȘCOALA PRIMARĂ NR.4",83,"ORAŞ ZIMNICEA",151978,2,PART,PRCNCT,S,S_SV,"2021-01-21 12:30:02",1364,1345,15,4,417,398,15,4,1480,1063,404,9,4,38,229,5,19,0,78,5,4,5,21,0
36,TELEORMAN,"ȘCOALA PRIMARĂ NR.4",84,"ORAŞ ZIMNICEA",151978,1,PROV,PRCNCT,S,S_SV,"2021-01-21 12:30:02",1463,1451,12,0,495,483,12,0,1600,1105,465,16,14,33,257,10,16,3,75,6,1,6,54,4
36,TELEORMAN,"S.C. URBANA SERV S.R.L.",85,"ORAŞ ZIMNICEA",151978,1,PROV,PRCNCT,S,S_SV,"2021-01-21 12:30:02",1453,1434,16,3,504,485,16,3,1580,1076,480,12,12,22,275,13,11,4,69,6,4,2,71,3
36,TELEORMAN,"ȘCOALA GIMNAZIALĂ NR.3",86,"ORAŞ ZIMNICEA",151978,1,PROV,PRCNCT,S,S_SV,"2021-01-21 12:30:02",1512,1491,20,1,384,363,20,1,1650,1266,372,10,2,47,198,13,16,2,67,3,2,3,20,1
36,TELEORMAN,"ȘCOALA GIMNAZIALĂ ”MIRON RADU PARASCHIVESCU”",87,"ORAŞ ZIMNICEA",151978,1,PROV,PRCNCT,S,S_SV,"2021-01-21 12:30:02",1512,1495,16,1,372,355,16,1,1650,1278,369,3,0,45,187,12,13,1,81,3,1,4,19,3
36,TELEORMAN,"GRĂDINIȚA CU PROGRAM PRELUNGIT NR.5, NIVEL ȘCOLARIZARE PRE PP",88,"ORAŞ ZIMNICEA",151978,1,PROV,PRCNCT,S,S_SV,"2021-01-21 12:30:02",1330,1288,22,20,390,348,22,20,1420,1030,379,8,3,38,173,13,15,3,100,5,2,3,27,0
36,TELEORMAN,"GRĂDINIȚA CU PROGRAM PRELUNGIT NR.5, NIVEL ȘCOLARIZARE PRE PP",89,"ORAŞ ZIMNICEA",151978,1,PROV,PRCNCT,S,S_SV,"2021-01-21 12:30:02",1151,1134,13,4,336,319,13,4,1250,914,330,6,0,32,170,5,17,0,77,6,4,5,10,4
36,TELEORMAN,"ȘCOALA GIMNAZIALĂ NR.2",90,"ORAŞ ZIMNICEA",151978,1,PROV,PRCNCT,S,S_SV,"2021-01-21 12:30:02",1270,1256,11,3,357,343,11,3,1380,1023,345,4,8,27,210,7,9,1,65,3,2,4,15,2
36,TELEORMAN,"ȘCOALA GIMNAZIALĂ NR.2",91,"ORAŞ ZIMNICEA",151978,1,PROV,PRCNCT,S,S_SV,"2021-01-21 12:30:02",1272,1255,11,6,385,368,11,6,1380,995,373,6,6,22,201,11,16,1,102,2,0,1,14,3
36,TELEORMAN,"CĂMINUL CULTURAL BALCI",92,BALACI,151996,2,PART,PRCNCT,S,S_SV,"2021-01-21 12:30:02",855,754,52,49,448,347,52,49,830,382,434,6,8,8,132,11,25,0,220,3,4,3,20,8
36,TELEORMAN,"CĂMINUL CULTURAL TECUCI",93,BALACI,151996,2,PART,PRCNCT,S,S_SV,"2021-01-21 12:30:02",618,532,43,43,330,244,43,43,590,260,322,5,3,4,140,0,7,1,137,1,4,5,15,8
36,TELEORMAN,"ŞCOALA GIMNAZIALĂ BĂBĂIŢA",94,BĂBĂIŢA,152038,1,PROV,PRCNCT,S,S_SV,"2021-01-21 12:30:02",1514,1473,15,26,459,418,15,26,1630,1171,438,6,15,4,159,9,11,1,214,5,5,3,27,0
36,TELEORMAN,"ŞCOALA GIMNAZIALĂ MERIŞANI",95,BĂBĂIŢA,152038,1,PROV,PRCNCT,S,S_SV,"2021-01-21 12:30:02",903,852,21,30,333,282,21,30,940,607,326,5,2,4,124,10,6,0,159,2,2,5,14,0
36,TELEORMAN,"GRĂDINIŢA DE COPII CU PROGRAM NORMAL NR. 1 BECIU",96,BECIU,155083,1,PROV,PRCNCT,S,S_SV,"2021-01-21 12:30:02",774,763,11,0,249,238,11,0,840,591,239,1,9,13,127,27,4,0,35,4,5,1,21,2
36,TELEORMAN,"GRĂDINIŢA DE COPII CU PROGRAM NORMAL NR.2 SMÂRDAN",97,BECIU,155083,1,PROV,PRCNCT,S,S_SV,"2021-01-21 12:30:02",448,443,5,0,158,153,5,0,490,332,148,4,6,4,72,4,1,0,28,3,2,3,31,0
36,TELEORMAN,"CĂMINUL CULTURAL BEUCA",98,BEUCA,155092,1,PROV,PRCNCT,S,S_SV,"2021-01-21 12:30:02",1025,873,55,97,525,377,55,93,960,435,516,5,4,6,304,8,15,1,164,1,2,3,6,6
36,TELEORMAN,"CĂMINUL CULTURAL PLOPI",99,BEUCA,155092,1,PROV,PRCNCT,S,S_SV,"2021-01-21 12:30:02",194,154,25,15,106,66,25,15,170,64,106,0,0,2,28,1,1,0,66,1,0,1,5,1
36,TELEORMAN,"ŞCOALA GIMNAZIALA NR.1 BLEJEŞTI",100,BLEJEŞTI,152083,1,PROV,PRCNCT,S,S_SV,"2021-01-21 12:30:02",1034,997,33,4,387,350,33,4,1100,713,380,6,1,16,262,4,5,1,44,1,3,4,38,2
36,TELEORMAN,"GRĂDINIŢA CU PROGRAM NORMAL NR.2 BLEJEŞTI",101,BLEJEŞTI,152083,2,PART,PRCNCT,S,S_SV,"2021-01-21 12:30:02",877,836,32,9,407,366,32,9,920,513,402,0,5,7,311,8,8,0,37,2,1,1,25,2
36,TELEORMAN,"ŞCOALA GIMNAZIALĂ NR.2 BACIU COMUNA BLEJEŞTI",102,BLEJEŞTI,152083,1,PROV,PRCNCT,S,S_SV,"2021-01-21 12:30:02",862,834,22,6,319,291,22,6,920,601,309,7,3,15,224,6,5,1,24,1,3,3,23,4
36,TELEORMAN,"GRĂDINIŢA DE COPII CU PROGRAM NORMAL SERICU COMUNA BLEJEŞTI",103,BLEJEŞTI,152083,2,PART,PRCNCT,S,S_SV,"2021-01-21 12:30:02",343,324,19,0,176,157,19,0,360,184,173,2,1,2,130,2,4,1,19,2,2,0,11,0
36,TELEORMAN,"ŞCOALA GIMNAZIALĂ BOGDANA",104,BOGDANA,152127,1,PROV,PRCNCT,S,S_SV,"2021-01-21 12:30:02",781,707,45,29,383,309,45,29,780,397,368,8,7,7,278,8,17,2,35,4,0,2,13,2
36,TELEORMAN,"GRĂDINIŢA DE COPII CU PROGRAM NORMAL NR.2 ULMENI",105,BOGDANA,152127,1,PROV,PRCNCT,S,S_SV,"2021-01-21 12:30:02",578,534,29,15,244,200,29,15,590,346,234,7,3,5,149,1,6,1,42,11,1,4,14,0
36,TELEORMAN,"DISPENSAR UMAN (HOL)",106,BOGDANA,152127,1,PROV,PRCNCT,S,S_SV,"2021-01-21 12:30:02",615,487,86,42,375,247,86,42,540,165,362,10,3,8,296,8,6,0,26,5,0,4,8,1
36,TELEORMAN,"LICEUL TEHNOLOGIC ”ANDREI ŞAGUNA”",107,BOTOROAGA,152172,1,PROV,PRCNCT,S,S_SV,"2021-01-21 12:30:02",1122,1008,44,70,406,292,44,70,1110,704,398,4,4,6,151,0,7,0,214,3,2,1,12,2
36,TELEORMAN,"ŞCOALA GIMNAZIALĂ NR. 1 CĂLUGĂRU",108,BOTOROAGA,152172,1,PROV,PRCNCT,S,S_SV,"2021-01-21 12:30:02",720,662,19,39,290,232,19,39,730,440,284,1,5,7,86,2,1,0,188,0,0,0,0,0
36,TELEORMAN,"GRĂDINIŢA CU PROGRAM NORMAL NR.2",109,BOTOROAGA,152172,1,PROV,PRCNCT,S,S_SV,"2021-01-21 12:30:02",1115,985,52,78,521,391,52,78,1080,559,508,8,5,5,189,2,3,0,293,2,3,0,11,0
36,TELEORMAN,"ŞCOALA CU CLASELE I-IV TUNARI",110,BOTOROAGA,152172,1,PROV,PRCNCT,S,S_SV,"2021-01-21 12:30:02",160,146,7,7,74,60,7,7,160,86,73,1,0,3,22,2,1,0,44,1,0,0,0,0
36,TELEORMAN,"ŞCOALA GIMNAZIALĂ NR. 2",111,BOTOROAGA,152172,1,PROV,PRCNCT,S,S_SV,"2021-01-21 12:30:02",1299,1127,62,110,619,448,62,109,1250,631,617,1,1,5,162,0,0,0,450,0,0,0,0,0
36,TELEORMAN,"PRIMĂRIA VECHE",112,BRAGADIRU,152234,1,PROV,PRCNCT,S,S_SV,"2021-01-21 12:30:02",1094,1021,34,39,444,371,34,39,1130,686,440,2,2,0,87,3,4,0,333,4,0,1,7,1
36,TELEORMAN,"CĂMINUL CULTURAL",113,BRAGADIRU,152234,1,PROV,PRCNCT,S,S_SV,"2021-01-21 12:30:02",1037,946,53,38,479,388,53,38,1050,571,473,1,5,9,106,6,9,2,327,2,0,3,6,3
36,TELEORMAN,"GRĂDINIŢA CU PROGRAM NORMAL BRAGADIRU",114,BRAGADIRU,152234,1,PROV,PRCNCT,S,S_SV,"2021-01-21 12:30:02",1159,1087,32,40,460,388,32,40,1200,740,454,3,3,7,82,10,4,0,338,1,4,0,7,1
36,TELEORMAN,"ȘCOALA GIMNAZIALĂ BRÎNCENI",115,BRÂNCENI,152252,2,PART,PRCNCT,S,S_SV,"2021-01-21 12:30:02",668,581,49,38,346,259,49,38,640,294,334,6,6,7,121,7,7,3,173,7,2,1,3,3
36,TELEORMAN,"CLĂDIRE ADMINISTRATIVĂ BRÎNCENI",116,BRÂNCENI,152252,2,PART,PRCNCT,S,S_SV,"2021-01-21 12:30:02",1741,1665,38,38,741,665,38,38,1830,1089,722,14,5,28,211,24,17,4,381,5,11,3,22,16
36,TELEORMAN,"CĂMINUL CULTURAL BUJORENI",117,BUJORENI,152270,1,PROV,PRCNCT,S,S_SV,"2021-01-21 12:30:02",446,412,32,2,162,128,32,2,450,288,160,1,1,13,93,6,4,0,33,1,2,1,7,0
36,TELEORMAN,"ŞCOALA CU CLASELE I-IV PRUNARU",118,BUJORENI,152270,3,PART,PRCNCT,S,S_SV,"2021-01-21 12:30:02",419,341,76,2,153,75,76,2,380,227,150,1,2,27,65,2,4,0,37,0,1,1,12,1
36,TELEORMAN,"GRĂDINIȚA CU PROGRAM NORMAL",119,BUJORU,152314,1,PROV,PRCNCT,S,S_SV,"2021-01-21 12:30:02",833,793,15,25,337,299,15,23,880,543,328,3,6,24,91,7,11,2,170,2,4,4,12,1
36,TELEORMAN,"CĂMINUL CULTURAL",120,BUJORU,152314,1,PROV,PRCNCT,S,S_SV,"2021-01-21 12:30:02",706,652,23,31,312,259,23,30,720,408,299,7,6,16,100,5,17,5,142,5,0,0,8,1
36,TELEORMAN,"CĂMIN CULTURAL",121,BUZESCU,152332,1,PROV,PRCNCT,S,S_SV,"2021-01-21 12:30:02",1252,1148,39,65,521,417,39,65,1270,749,507,7,7,10,106,5,12,6,339,3,8,4,13,1
36,TELEORMAN,"GRĂDINIŢA CU PROGRAM NORMAL",122,BUZESCU,152332,1,PROV,PRCNCT,S,S_SV,"2021-01-21 12:30:02",1282,1177,70,35,484,379,70,35,1290,806,469,11,4,5,92,6,6,2,338,2,2,5,9,2
36,TELEORMAN,"ŞCOALA GIMNAZIALĂ BUZESCU",123,BUZESCU,152332,1,PROV,PRCNCT,S,S_SV,"2021-01-21 12:30:02",1206,1123,30,53,531,448,30,53,1240,709,498,19,14,8,162,9,17,3,267,4,2,2,24,0
36,TELEORMAN,"ȘCOALA GIMNAZIALĂ CĂLINEȘTI",124,CĂLINEŞTI,152350,2,PART,PRCNCT,S,S_SV,"2021-01-21 12:30:02",1341,1129,94,118,789,578,94,117,1250,461,763,18,8,6,186,2,12,1,521,6,4,3,18,4
36,TELEORMAN,"ȘCOALA GIMNAZIALĂ LICURICIU",125,CĂLINEŞTI,152350,2,PART,PRCNCT,S,S_SV,"2021-01-21 12:30:02",442,371,36,35,232,161,36,35,410,178,224,4,4,2,67,1,0,1,142,2,3,2,2,2
36,TELEORMAN,"ȘCOALA GIMNAZIALĂ COPĂCEANCA",126,CĂLINEŞTI,152350,1,PROV,PRCNCT,S,S_SV,"2021-01-21 12:30:02",931,707,133,91,486,262,133,91,780,294,467,11,8,6,142,2,11,2,285,5,4,1,6,3
36,TELEORMAN,"ȘCOALA GIMNAZIALĂ ANTONEŞTI",127,CĂLINEŞTI,152350,1,PROV,PRCNCT,S,S_SV,"2021-01-21 12:30:02",282,229,27,26,155,102,27,26,260,105,152,1,2,1,60,1,3,0,80,0,0,0,5,2
36,TELEORMAN,"ŞCOALA GIMNAZIALĂ CĂLMĂŢUIU (FOST LOCAL AL ȘCOLII CU CLASELE I-IV)",128,CĂLMĂŢUIU,152412,1,PROV,PRCNCT,S,S_SV,"2021-01-21 12:30:02",594,532,62,0,302,240,62,0,590,288,291,4,7,6,54,11,27,0,179,2,0,0,7,5
36,TELEORMAN,"ŞCOLALA GIMNAZIALĂ CĂLMĂȚUIU (FOST LOCAL AL ȘCOLII CU CLASELE I-IV)",129,CĂLMĂŢUIU,152412,1,PROV,PRCNCT,S,S_SV,"2021-01-21 12:30:02",235,195,40,0,106,66,40,0,220,114,106,0,0,1,30,2,21,0,40,0,2,3,3,4
36,TELEORMAN,"ŞCOALA GIMNAZIALĂ CĂLMĂȚUIU ( FOST LOCAL AL ȘCOLII CU CLASELE I-IV )",130,CĂLMĂŢUIU,152412,1,PROV,PRCNCT,S,S_SV,"2021-01-21 12:30:02",243,213,30,0,126,96,30,0,240,114,125,0,1,3,32,2,6,0,75,0,3,0,4,0
36,TELEORMAN,"ŞCOALA GIMNAZIALĂ CĂLMĂȚUIU ( FOST LOCAL AL ȘCOLII NICOLAE BĂLCESCU )",131,CĂLMĂŢUIU,152412,1,PROV,PRCNCT,S,S_SV,"2021-01-21 12:30:02",552,505,47,0,229,182,47,0,560,331,225,2,2,2,39,11,20,0,138,4,0,1,8,2
36,TELEORMAN,"GRĂDINIȚA DE COPII CU PROGRAM NORMAL NR.1 CĂLMĂȚUIU DE SUS",132,"CĂLMĂŢUIU DE SUS",152467,1,PROV,PRCNCT,S,S_SV,"2021-01-21 12:30:02",669,619,43,7,254,204,43,7,680,426,243,8,3,8,59,3,3,0,164,0,2,0,4,0
36,TELEORMAN,"GRĂDINIȚA DE COPII CU PROGRAM NORMAL NR. 3 IONAȘCU",133,"CĂLMĂŢUIU DE SUS",152467,1,PROV,PRCNCT,S,S_SV,"2021-01-21 12:30:02",299,275,19,5,109,85,19,5,300,191,103,4,2,4,30,2,6,0,55,1,0,4,1,0
36,TELEORMAN,"CLĂDIRE PRIMĂRIE -FOST SEDIU CAP BĂCĂLEȘTI",134,"CĂLMĂŢUIU DE SUS",152467,1,PROV,PRCNCT,S,S_SV,"2021-01-21 12:30:02",832,750,46,36,347,265,46,36,830,483,336,6,5,5,111,4,0,2,196,0,2,0,15,1
36,TELEORMAN,"ȘCOALA GIMNAZIALĂ CERVENIA",135,CERVENIA,152500,1,PROV,PRCNCT,S,S_SV,"2021-01-21 12:30:02",1337,1302,35,0,322,287,35,0,1440,1118,312,8,2,12,131,2,18,3,114,1,3,4,22,2
36,TELEORMAN,"ȘCOALA GIMNAZIALĂ CERVENIA",136,CERVENIA,152500,1,PROV,PRCNCT,S,S_SV,"2021-01-21 12:30:02",1111,1095,16,0,294,278,16,0,1210,916,284,5,5,5,97,3,3,0,138,2,3,1,31,1
36,TELEORMAN,"ŞCOALA GIMNAZIALĂ NR. 1 CIOLĂNEŞTII DIN DEAL",137,CIOLĂNEŞTI,152528,2,PART,PRCNCT,S,S_SV,"2021-01-21 12:30:02",795,744,17,34,241,190,17,34,820,579,232,4,5,6,90,2,20,0,100,1,3,2,8,0
36,TELEORMAN,"ŞCOALA GIMNAZIALĂ NR. 2 CIOLĂNEŞTII DIN DEAL",138,CIOLĂNEŞTI,152528,2,PART,PRCNCT,S,S_SV,"2021-01-21 12:30:02",563,519,21,23,187,143,21,23,570,383,181,2,4,4,75,8,19,1,53,0,1,1,14,5
36,TELEORMAN,"ŞCOALA GENERALA NR. 3 CIOLĂNEŞTII DIN VALE",139,CIOLĂNEŞTI,152528,1,PROV,PRCNCT,S,S_SV,"2021-01-21 12:30:02",476,451,6,19,167,143,6,18,400,233,163,0,4,5,90,2,13,1,38,2,1,1,8,2
36,TELEORMAN,"ŞCOALA BALDOVINEŞTI",140,CIOLĂNEŞTI,152528,1,PROV,PRCNCT,S,S_SV,"2021-01-21 12:30:02",343,328,8,7,120,105,8,7,370,250,120,0,0,2,47,4,19,0,41,1,2,0,3,1
36,TELEORMAN,"ȘCOALA GIMNAZIALĂ CIUPERCENI",141,CIUPERCENI,151709,2,PART,PRCNCT,S,S_SV,"2021-01-21 12:30:02",868,791,55,22,419,342,55,22,870,451,409,4,6,15,166,13,7,0,177,4,4,1,13,9
36,TELEORMAN,"ȘCOALA GENERALĂ POIANA",142,CIUPERCENI,151709,2,PART,PRCNCT,S,S_SV,"2021-01-21 12:30:02",555,479,46,30,319,243,46,30,530,211,313,3,3,9,99,5,9,1,152,5,1,5,0,27
36,TELEORMAN,"GRĂDINIŢA CU PROGRAM NORMAL CONŢEŞTI",143,CONŢEŞTI,152564,1,PROV,PRCNCT,S,S_SV,"2021-01-21 12:30:02",1491,1381,27,83,630,520,27,83,1530,900,612,7,11,23,187,8,26,4,301,3,4,8,26,22
36,TELEORMAN,"CĂMIN CULTURAL CONŢEŞTI",144,CONŢEŞTI,152564,1,PROV,PRCNCT,S,S_SV,"2021-01-21 12:30:02",1358,1245,26,87,609,496,26,87,1380,771,584,9,16,10,180,16,72,2,270,2,3,4,10,15
36,TELEORMAN,"ȘCOALA GIMNAZIALĂ NR.2 COSMEȘTI",145,COSMEŞTI,152582,1,PROV,PRCNCT,S,S_SV,"2021-01-21 12:30:02",938,842,47,49,602,507,47,48,930,328,594,4,4,6,90,13,8,0,447,1,1,4,22,2
36,TELEORMAN,"ŞCOLA GIMNAZIALĂ NR. 1 CIUPERCENI",146,COSMEŞTI,152582,1,PROV,PRCNCT,S,S_SV,"2021-01-21 12:30:02",1212,1149,27,36,552,489,27,36,1270,718,533,14,5,12,89,33,4,2,381,1,0,1,10,0
36,TELEORMAN,"ȘCOALA GIMNAZIALĂ",147,CRÂNGENI,152617,2,PART,PRCNCT,S,S_SV,"2021-01-21 12:30:02",1174,1144,10,20,329,299,10,20,1260,931,317,8,4,8,116,15,11,1,141,2,3,0,19,1
36,TELEORMAN,"CLĂDIRE PRIMĂRIE -FOSTA ŞCOALĂ CU CLASELE I-VIII BALTA SĂRATĂ",148,CRÂNGENI,152617,1,PROV,PRCNCT,S,S_SV,"2021-01-21 12:30:02",618,589,14,15,173,144,14,15,650,477,165,1,7,1,74,3,2,0,74,2,2,3,3,1
36,TELEORMAN,"CLĂDIRE PRIMĂRIE FOSTA ŞCOALĂ CU CLASELE I-IV DOROBANŢU",149,CRÂNGENI,152617,1,PROV,PRCNCT,S,S_SV,"2021-01-21 12:30:02",224,213,11,0,77,66,11,0,230,153,68,9,0,1,23,4,19,0,21,0,0,0,0,0
36,TELEORMAN,"CLĂDIRE PRIMĂRIE FOSTA ŞCOALĂ CU CLASELE I-IV STEJARU",150,CRÂNGENI,152617,1,PROV,PRCNCT,S,S_SV,"2021-01-21 12:30:02",192,158,34,0,86,52,34,0,170,84,83,1,2,1,25,2,3,2,42,0,0,0,8,0
36,TELEORMAN,"CĂMINUL CULTURAL DIN SATUL CRÂNGU",151,CRÂNGU,152662,1,PROV,PRCNCT,S,S_SV,"2021-01-21 12:30:02",1340,842,421,77,840,342,421,77,920,80,820,15,5,9,713,5,11,0,57,4,4,1,13,3
36,TELEORMAN,"SEDIUL ADMINISTRATIV DIN SATUL SECARA",152,CRÂNGU,152662,1,PROV,PRCNCT,S,S_SV,"2021-01-21 12:30:02",411,275,104,32,270,134,104,32,300,30,261,3,6,5,170,2,2,1,61,2,2,3,12,1
36,TELEORMAN,"GRĂDINIŢA CU PROGRAM NORMAL NR. 1 CREVENICU",153,CREVENICU,151932,2,PART,PRCNCT,S,S_SV,"2021-01-21 12:30:02",798,687,66,45,407,297,65,45,760,353,398,5,4,22,96,12,9,0,231,1,0,2,24,1
36,TELEORMAN,"CĂMINUL CULTURAL RĂDULEŞTI",154,CREVENICU,151932,1,PROV,PRCNCT,S,S_SV,"2021-01-21 12:30:02",460,420,30,10,196,156,30,10,460,264,191,3,2,8,76,2,4,1,88,1,1,1,9,0
36,TELEORMAN,"CĂMINUL CULTURAL DIDEȘTI",155,DIDEŞTI,152724,1,PROV,PRCNCT,S,S_SV,"2021-01-21 12:30:02",994,927,50,17,483,416,50,17,1020,537,461,12,10,4,128,21,4,1,249,5,0,3,23,23
36,TELEORMAN,"ȘCOALA GIMNAZIALĂ NR.1",156,DOBROTEŞTI,152760,1,PROV,PRCNCT,S,S_SV,"2021-01-21 12:30:02",1308,1281,27,0,403,376,27,0,1410,1007,382,11,10,22,104,7,3,2,219,8,2,2,12,1
36,TELEORMAN,"CENTRUL DE ÎNGRIJIRE DE ZI PENTRU COPIII ÎN SITUAȚII DE RISC ÎN COMUNA DOBROTEȘTI",157,DOBROTEŞTI,152760,1,PROV,PRCNCT,S,S_SV,"2021-01-21 12:30:02",1309,1288,21,0,326,305,21,0,1420,1094,314,7,5,35,96,10,16,0,137,1,3,5,11,0
36,TELEORMAN,"ȘCOALA GIMNAZIALĂ NR. 2",158,DOBROTEŞTI,152760,1,PROV,PRCNCT,S,S_SV,"2021-01-21 12:30:02",938,922,8,8,256,240,8,8,1020,764,245,3,8,8,109,5,9,2,70,2,4,3,30,3
36,TELEORMAN,"GRĂDINIŢA CU PROGRAM NORMAL DRACEA",159,DRACEA,155109,1,PROV,PRCNCT,S,S_SV,"2021-01-21 12:30:02",1170,1021,93,56,478,329,93,56,1130,652,460,10,8,5,124,5,8,2,292,2,4,5,11,2
36,TELEORMAN,"ŞCOALA GENERALĂ ZLATA",160,DRACEA,155109,1,PROV,PRCNCT,S,S_SV,"2021-01-21 12:30:02",78,57,18,3,50,29,18,3,60,10,49,1,0,1,15,1,4,0,23,2,0,0,2,1
36,TELEORMAN,"CĂMINUL CULTURAL FLORICA",161,DRACEA,155109,1,PROV,PRCNCT,S,S_SV,"2021-01-21 12:30:02",226,162,46,18,146,82,46,18,180,34,143,3,0,3,40,1,5,0,86,1,1,0,6,0
36,TELEORMAN,"ŞCOALA CU CLASELE I-IV DRĂCŞENEI",162,DRĂCŞENEI,152797,1,PROV,PRCNCT,S,S_SV,"2021-01-21 12:30:02",595,581,7,7,167,153,7,7,640,473,155,6,6,14,88,2,7,1,29,1,1,0,10,2
36,TELEORMAN,"ŞCOALA GIMNAZIALĂ DRĂCŞANI",163,DRĂCŞENEI,152797,2,PART,PRCNCT,S,S_SV,"2021-01-21 12:30:02",335,309,20,6,128,102,20,6,340,212,121,4,3,9,63,1,1,1,37,0,1,2,3,3
36,TELEORMAN,"ŞCOALA CU CLASELE I-IV ODOBEASCA",164,DRĂCŞENEI,152797,2,PART,PRCNCT,S,S_SV,"2021-01-21 12:30:02",439,420,10,9,161,142,10,9,460,299,157,1,3,6,103,1,5,1,35,0,1,0,4,1
36,TELEORMAN,"ŞCOALA GİMNAZİALĂ DRĂGĂNEŞTİ DE VEDE",165,"DRĂGĂNEŞTI DE VEDE",152868,1,PROV,PRCNCT,S,S_SV,"2021-01-21 12:30:02",1318,1144,148,26,597,423,148,26,1260,663,578,10,9,27,167,8,8,5,333,5,4,2,16,3
36,TELEORMAN,"GRĂDİNİŢA CU PROGRAM NORMAL NR.2",166,"DRĂGĂNEŞTI DE VEDE",152868,1,PROV,PRCNCT,S,S_SV,"2021-01-21 12:30:02",598,542,45,11,270,214,45,11,600,330,260,4,6,11,58,3,3,0,164,1,8,3,9,0
36,TELEORMAN,"LICEUL TEHNOLOGIC DRĂGĂNEŞTI VLAŞCA",167,DRĂGĂNEŞTI-VLAŞCA,152902,1,PROV,PRCNCT,S,S_SV,"2021-01-21 12:30:02",1898,1664,140,94,884,650,140,94,1840,956,881,1,2,1,102,5,1,2,748,3,2,16,1,0
36,TELEORMAN,"ŞCOALA GIMNAZIALĂ DRĂGĂNEŞTI VLAŞCA",168,DRĂGĂNEŞTI-VLAŞCA,152902,1,PROV,PRCNCT,S,S_SV,"2021-01-21 12:30:02",1341,1031,267,43,633,323,267,43,1130,497,618,11,4,11,87,5,10,3,474,3,5,3,12,5
36,TELEORMAN,"ȘCOALA CU CLASELE I - IV VĂCENI",169,DRĂGĂNEŞTI-VLAŞCA,152902,1,PROV,PRCNCT,S,S_SV,"2021-01-21 12:30:02",255,192,62,1,125,62,62,1,210,85,125,0,0,2,23,2,1,1,93,0,0,0,3,0
36,TELEORMAN,"ȘCOALA CU CLASELE I-IV COMOARA",170,DRĂGĂNEŞTI-VLAŞCA,152902,1,PROV,PRCNCT,S,S_SV,"2021-01-21 12:30:02",422,332,85,5,234,144,85,5,370,136,229,3,2,2,32,2,3,1,183,2,0,1,3,0
36,TELEORMAN,"ŞCOALA GIMNAZIALĂ FÂNTÂNELE",171,FÂNTÂNELE,155118,1,PROV,PRCNCT,S,S_SV,"2021-01-21 12:30:02",1344,1268,60,16,532,456,60,16,1400,868,519,8,5,10,355,9,14,3,115,2,4,3,4,0
36,TELEORMAN,"LOCALUL ŞCOLII GIMNAZIALE FRĂSINET",172,FRĂSINET,155127,1,PROV,PRCNCT,S,S_SV,"2021-01-21 12:30:02",1553,1450,61,42,567,464,61,42,1600,1033,546,10,11,13,146,26,50,0,268,4,4,3,30,2
36,TELEORMAN,"LOCALUL GRĂDINIŢEI CLĂNIŢA",173,FRĂSINET,155127,1,PROV,PRCNCT,S,S_SV,"2021-01-21 12:30:02",580,537,15,28,257,214,15,28,590,333,257,0,0,5,63,24,17,0,144,0,0,4,0,0
36,TELEORMAN,"CĂMINUL CULTURAL FRUMOASA",174,FRUMOASA,152993,1,PROV,PRCNCT,S,S_SV,"2021-01-21 12:30:02",800,742,38,20,342,284,38,20,820,478,330,9,3,5,209,6,21,2,62,5,3,1,14,2
36,TELEORMAN,"GRĂDINIȚA CU PROGRAM NORMAL NR. 2 FRUMOASA",175,FRUMOASA,152993,1,PROV,PRCNCT,S,S_SV,"2021-01-21 12:30:02",507,461,36,10,234,188,36,10,510,276,230,0,4,3,164,4,14,1,27,4,2,1,10,0
36,TELEORMAN,"GRĂDINIȚA CU PROGRAM NORMAL NR. 2 PĂULEASCA",176,FRUMOASA,152993,1,PROV,PRCNCT,S,S_SV,"2021-01-21 12:30:02",444,402,40,2,210,168,40,2,440,230,206,2,2,5,91,2,15,2,69,0,2,2,17,1
36,TELEORMAN,"ŞCOALA GIMNAZIALĂ FURCULEŞTI",177,FURCULEŞTI,152948,1,PROV,PRCNCT,S,S_SV,"2021-01-21 12:30:02",1457,1396,61,0,470,409,61,0,1540,1070,446,8,16,7,159,7,12,2,241,4,4,3,7,0
36,TELEORMAN,"ŞCOALA CU CLASELE I - VIII SPĂTĂREI",178,FURCULEŞTI,152948,1,PROV,PRCNCT,S,S_SV,"2021-01-21 12:30:02",838,803,35,0,290,255,35,0,890,600,284,3,3,14,138,3,5,1,109,3,4,0,5,2
36,TELEORMAN,"GRĂDINIŢA CU PROGRAM NORMAL VOIEVODA",179,FURCULEŞTI,152948,1,PROV,PRCNCT,S,S_SV,"2021-01-21 12:30:02",529,506,23,0,188,165,23,0,560,372,184,3,1,7,78,4,7,1,77,4,2,0,4,0
36,TELEORMAN,"ŞCOALA PRIMARĂ GĂLĂTENI",180,GĂLĂTENI,153026,1,PROV,PRCNCT,S,S_SV,"2021-01-21 12:30:02",1317,1208,75,34,637,528,75,34,1330,693,623,14,0,6,196,5,14,8,350,2,8,3,30,1
36,TELEORMAN,"ŞCOALA GIMNAZIALĂ GĂLĂTENI",181,GĂLĂTENI,153026,1,PROV,PRCNCT,S,S_SV,"2021-01-21 12:30:02",875,795,48,32,435,355,48,32,880,445,417,18,0,2,123,8,13,0,257,0,0,2,12,0
36,TELEORMAN,"GRĂDINIȚA CU PROGRAM NORMAL NR. 1",182,GRATIA,153062,3,PART,PRCNCT,S,S_SV,"2021-01-21 12:30:02",976,939,24,13,359,322,24,13,1040,681,351,6,2,15,272,1,7,1,21,4,4,1,23,2
36,TELEORMAN,"ȘCOALA GIMNAZIALĂ GRATIA",183,GRATIA,153062,2,PART,PRCNCT,S,S_SV,"2021-01-21 12:30:02",1170,1120,44,6,400,350,44,6,1240,840,388,6,6,19,280,10,5,2,33,4,4,4,25,2
36,TELEORMAN,"CĂMINUL CULTURAL",184,ISLAZ,151736,2,PART,PRCNCT,S,S_SV,"2021-01-21 12:30:02",1172,1128,30,14,385,341,30,14,1250,865,369,10,6,16,204,4,22,1,84,8,1,8,19,2
36,TELEORMAN,"GRĂDINIȚA CU PROGRAM NORMAL NR. 2",185,ISLAZ,151736,1,PROV,PRCNCT,S,S_SV,"2021-01-21 12:30:02",1582,1535,36,11,519,472,36,11,1690,1171,489,14,16,15,267,9,21,4,121,4,2,7,37,2
36,TELEORMAN,"ŞCOALA GIMNAZIALĂ NR. 1 ISLAZ",186,ISLAZ,151736,1,PROV,PRCNCT,S,S_SV,"2021-01-21 12:30:02",724,698,19,7,217,191,19,7,770,553,208,8,1,8,127,4,10,1,39,5,1,2,9,2
36,TELEORMAN,"ŞCOALA GENERALĂ MOLDOVENI",187,ISLAZ,151736,1,PROV,PRCNCT,S,S_SV,"2021-01-21 12:30:02",769,744,23,2,240,215,23,2,820,580,228,9,3,11,145,9,7,0,44,0,4,2,6,0
36,TELEORMAN,"GRĂDINIŢA DE COPII IZVOARELE",188,IZVOARELE,153106,1,PROV,PRCNCT,S,S_SV,"2021-01-21 12:30:02",1123,1089,22,12,323,289,22,12,1200,877,317,4,2,15,172,12,22,0,71,2,3,4,15,1
36,TELEORMAN,"GRĂDINIŢA DE COPII IZVOARELE",189,IZVOARELE,153106,1,PROV,PRCNCT,S,S_SV,"2021-01-21 12:30:02",943,916,26,1,290,263,26,1,1010,720,285,2,3,8,150,6,12,2,78,4,0,2,15,8
36,TELEORMAN,"PRIMĂRIA LISA",190,LISA,153124,1,PROV,PRCNCT,S,S_SV,"2021-01-21 12:30:02",1349,1238,41,70,539,428,41,70,1370,831,531,3,5,8,119,1,9,1,376,1,3,5,8,0
36,TELEORMAN,"GRĂDINIŢA VÂNĂTORI",191,LISA,153124,2,PART,PRCNCT,S,S_SV,"2021-01-21 12:30:02",580,503,30,47,287,210,30,47,550,263,283,2,2,1,58,3,2,0,207,1,0,3,8,0
36,TELEORMAN,"ȘCOALA GIMNAZIALĂ LIȚA",192,LIŢA,151763,2,PART,PRCNCT,S,S_SV,"2021-01-21 12:30:02",1112,1054,52,6,435,377,52,6,1160,725,429,5,1,19,126,20,9,1,213,5,3,7,24,2
36,TELEORMAN,"GRĂDINIȚA CU PROGRAM NORMAL NR. 2",193,LIŢA,151763,2,PART,PRCNCT,S,S_SV,"2021-01-21 12:30:02",1105,1072,31,2,322,289,31,2,1180,858,306,9,7,9,129,14,16,0,109,5,3,3,18,0
36,TELEORMAN,"ȘCOALA GIMNAZIALĂ NUMĂRUL 1 LUNCA",194,LUNCA,153151,1,PROV,PRCNCT,S,S_SV,"2021-01-21 12:30:02",1026,905,91,30,417,296,91,30,1000,583,398,8,11,11,115,17,32,1,197,4,3,3,15,0
36,TELEORMAN,"GRĂDINIȚA CU PROGRAM NORMAL NUMĂRUL 1 LUNCA",195,LUNCA,153151,2,PART,PRCNCT,S,S_SV,"2021-01-21 12:30:02",628,563,41,24,283,218,41,24,620,337,273,2,8,6,100,10,29,3,112,4,1,4,3,1
36,TELEORMAN,"ȘCOALA GIMNAZIALĂ NUMĂRUL 2 PRUNDU",196,LUNCA,153151,1,PROV,PRCNCT,S,S_SV,"2021-01-21 12:30:02",1200,1192,8,0,379,371,8,0,1310,931,352,27,0,0,133,1,3,1,194,1,1,6,10,2
36,TELEORMAN,"ŞCOALA GIMNAZIALĂ MAVRODIN",197,MAVRODIN,153204,1,PROV,PRCNCT,S,S_SV,"2021-01-21 12:30:02",1122,1029,82,11,487,394,82,11,1140,653,468,9,10,5,124,11,22,2,275,3,2,8,13,3
36,TELEORMAN,"ŞCOALA GIMNAZIALĂ MAVRODIN",198,MAVRODIN,153204,1,PROV,PRCNCT,S,S_SV,"2021-01-21 12:30:02",1043,923,112,8,467,347,112,8,1020,553,456,6,5,10,124,7,23,2,260,5,4,2,14,5
36,TELEORMAN,"CĂMINUL CULTURAL MĂGURA",199,MĂGURA,153240,1,PROV,PRCNCT,S,S_SV,"2021-01-21 12:30:02",1494,1391,50,53,583,480,50,53,1540,957,566,12,5,12,302,22,27,1,153,10,6,7,21,5
36,TELEORMAN,"CĂMINUL CULTURAL GURUIENI",200,MĂGURA,153240,1,PROV,PRCNCT,S,S_SV,"2021-01-21 12:30:02",811,759,23,29,342,290,23,29,840,498,333,4,5,7,209,6,6,0,83,7,1,2,9,3
36,TELEORMAN,"SCOALA GIMNAZIALA NR.1",201,MĂLDĂENI,153277,1,PROV,PRCNCT,S,S_SV,"2021-01-21 12:30:02",1194,1163,26,5,340,309,26,5,1280,940,333,2,5,10,216,5,13,0,38,7,4,6,30,4
36,TELEORMAN,"GRADINITA CU PROGRAM NORMAL NR.1",202,MĂLDĂENI,153277,1,PROV,PRCNCT,S,S_SV,"2021-01-21 12:30:02",942,930,9,3,292,280,9,3,1030,738,281,11,0,11,182,5,6,1,46,2,6,2,17,3
36,TELEORMAN,"GRADINITA CU PROGRAM NORMAL NR.2",203,MĂLDĂENI,153277,1,PROV,PRCNCT,S,S_SV,"2021-01-21 12:30:02",1287,1266,15,6,400,379,15,6,1400,1000,393,2,5,13,234,7,4,2,90,5,1,3,31,3
36,TELEORMAN,"ŞCOALA GIMNAZIALĂ NR. 2, CERNETU",204,MÂRZĂNEŞTI,153339,2,PART,PRCNCT,S,S_SV,"2021-01-21 12:30:02",1188,1065,84,39,571,448,84,39,1170,599,554,7,10,13,172,35,8,3,297,3,0,3,20,0
36,TELEORMAN,"GRĂDINIŢA CU PROGRAM NORMAL NR.3 VALEA PĂRULUI",205,MÂRZĂNEŞTI,153339,2,PART,PRCNCT,S,S_SV,"2021-01-21 12:30:02",703,633,55,15,269,199,55,15,700,431,259,4,6,7,86,11,10,1,120,4,1,2,14,3
36,TELEORMAN,"ŞCOALA GIMNAZIALĂ NR.1 MÎRZĂNEŞTI",206,MÂRZĂNEŞTI,153339,1,PROV,PRCNCT,S,S_SV,"2021-01-21 12:30:02",564,500,50,14,266,202,50,14,550,284,261,2,3,10,55,9,7,0,166,0,1,3,10,0
36,TELEORMAN,"ŞCOALA GIMNAZIALĂ TELEORMANU",207,MÂRZĂNEŞTI,153339,1,PROV,PRCNCT,S,S_SV,"2021-01-21 12:30:02",788,715,41,32,290,217,41,32,790,500,281,7,2,10,95,6,13,1,129,1,1,0,23,2
36,TELEORMAN,"SCOALA GIMNAZIALĂ CU CLASELE I-VIII MERENII DE JOS",208,MERENI,153295,2,PART,PRCNCT,S,S_SV,"2021-01-21 12:30:02",1279,1242,21,16,552,515,21,16,1370,818,536,13,3,12,53,5,5,2,424,1,1,4,29,0
36,TELEORMAN,"SCOALA GENERALĂ CU CLASELE I-VIII",209,MERENI,153295,1,PROV,PRCNCT,S,S_SV,"2021-01-21 12:30:02",805,785,10,10,225,205,10,10,860,635,216,5,4,2,55,2,4,0,138,0,3,1,11,0
36,TELEORMAN,"ȘCOALA GIMNAZIALĂ MOȘTENI",210,MOŞTENI,153384,2,PART,PRCNCT,S,S_SV,"2021-01-21 12:30:02",720,619,38,63,366,265,38,63,680,314,360,5,1,2,33,2,4,4,303,2,0,2,8,0
36,TELEORMAN,"ŞCOALA GIMNAZIALĂ MOŞTENI",211,MOŞTENI,153384,2,PART,PRCNCT,S,S_SV,"2021-01-21 12:30:02",646,522,58,66,344,220,58,66,580,236,341,1,2,4,23,1,1,0,297,0,1,2,11,1
36,TELEORMAN,"ȘCOALA GIMNAZIALĂ NANOV",212,NANOV,151816,1,PROV,PRCNCT,S,S_SV,"2021-01-21 12:30:02",1725,1667,58,0,585,527,58,0,1820,1235,569,10,6,30,257,9,16,5,212,8,4,3,20,5
36,TELEORMAN,"GRĂDINIŢA CU PROGRAM NORMAL NR. 2 NANOV",213,NANOV,151816,2,PART,PRCNCT,S,S_SV,"2021-01-21 12:30:02",1418,1380,38,0,456,418,38,0,1520,1064,445,6,5,14,153,16,15,0,202,3,4,11,24,3
36,TELEORMAN,"ȘCOALA GIMNAZIALĂ NĂSTURELU",214,NĂSTURELU,153400,1,PROV,PRCNCT,S,S_SV,"2021-01-21 12:30:02",1253,1231,17,5,466,444,17,5,1360,894,449,11,6,10,215,3,3,2,156,3,2,1,52,2
36,TELEORMAN,"ȘCOALA GIMNAZIALĂ ZIMNICELE",215,NĂSTURELU,153400,1,PROV,PRCNCT,S,S_SV,"2021-01-21 12:30:02",799,780,19,0,277,258,19,0,860,583,267,7,3,10,199,3,4,0,28,2,6,1,14,0
36,TELEORMAN,"LOCALUL ŞCOLII CU CLASELE I-IV NECŞEŞTI",216,NECŞEŞTI,153437,2,PART,PRCNCT,S,S_SV,"2021-01-21 12:30:02",492,434,42,16,238,182,42,14,480,242,226,11,1,6,175,3,1,2,35,3,1,0,0,0
36,TELEORMAN,"LOCALUL ŞCOLII CU CLASELE I-VIII GÂRDEŞTI",217,NECŞEŞTI,153437,1,PROV,PRCNCT,S,S_SV,"2021-01-21 12:30:02",432,411,14,7,150,129,14,7,450,300,143,2,5,3,89,2,17,0,17,1,1,4,9,0
36,TELEORMAN,"ȘCOALA GIMNAZIALĂ NENCIULEȘTI",218,NENCIULEŞTI,154996,1,PROV,PRCNCT,S,S_SV,"2021-01-21 12:30:02",726,679,46,1,265,218,46,1,750,485,253,10,2,5,78,3,11,0,137,5,2,4,5,3
36,TELEORMAN,"GRĂDINIȚA CU PROGRAM NORMAL NR. 1 NENCIULEȘTI",219,NENCIULEŞTI,154996,1,PROV,PRCNCT,S,S_SV,"2021-01-21 12:30:02",784,760,19,5,331,307,19,5,840,509,320,3,8,3,123,4,6,4,158,6,2,2,9,3
36,TELEORMAN,"GRĂDINIȚA CU PROGRAM NORMAL NR. 2 PĂRU ROTUND",220,NENCIULEŞTI,154996,1,PROV,PRCNCT,S,S_SV,"2021-01-21 12:30:02",494,466,24,4,227,199,24,4,510,283,221,2,4,2,78,4,1,1,123,1,0,2,9,0
36,TELEORMAN,"ŞCOALA GIMNAZIALĂ NR.1 OLTENI",221,OLTENI,153473,2,PART,PRCNCT,S,S_SV,"2021-01-21 12:30:02",1498,1466,32,0,547,515,32,0,1610,1063,541,6,0,29,143,5,9,1,348,0,0,2,4,0
36,TELEORMAN,"ŞCOALA GIMNAZIALĂ NR.2 PERII-BROŞTENI",222,OLTENI,153473,1,PROV,PRCNCT,S,S_SV,"2021-01-21 12:30:02",873,857,16,0,330,314,16,0,950,620,320,7,3,8,61,10,8,2,218,0,0,1,12,0
36,TELEORMAN,"ŞCOALA GIMNAZIALÃ NR. 2 ORBEASCA DE JOS ( CORP A)",223,ORBEASCA,153507,1,PROV,PRCNCT,S,S_SV,"2021-01-21 12:30:02",938,919,11,8,244,225,11,8,1020,776,240,3,1,7,162,11,4,0,29,1,1,2,21,2
36,TELEORMAN,"ŞCOALA GIMNAZIALÃ NR. 2 ORBEASCA DE JOS (CORP A)",224,ORBEASCA,153507,1,PROV,PRCNCT,S,S_SV,"2021-01-21 12:30:02",865,829,19,17,248,212,19,17,910,662,243,4,1,11,152,17,5,1,38,4,2,2,10,1
36,TELEORMAN,"ŞCOALA GIMNAZIALÃ NR. 1 ORBEASCA DE SUS (CORP B)",225,ORBEASCA,153507,2,PART,PRCNCT,S,S_SV,"2021-01-21 12:30:02",1110,1069,23,18,319,278,23,18,1170,851,307,7,5,19,206,26,5,1,32,3,3,1,11,0
36,TELEORMAN,"ŞCOALA GIMNAZIALÃ NR. 1 ORBEASCA DE SUS (CORP B)",226,ORBEASCA,153507,2,PART,PRCNCT,S,S_SV,"2021-01-21 12:30:02",1311,1271,19,21,422,382,19,21,1400,978,404,12,6,23,287,5,15,5,44,5,3,3,14,0
36,TELEORMAN,"ŞCOALA GIMNAZIALÃ NR.3 LACENI (CORP A)",227,ORBEASCA,153507,2,PART,PRCNCT,S,S_SV,"2021-01-21 12:30:02",883,865,11,7,219,201,11,7,950,731,211,5,3,10,132,6,3,1,48,3,0,1,6,1
36,TELEORMAN,"ŞCOALA GIMNAZIALÃ NR.3 LACENI (CORP A)",228,ORBEASCA,153507,2,PART,PRCNCT,S,S_SV,"2021-01-21 12:30:02",1069,1045,14,10,251,227,14,10,1150,899,246,1,4,19,153,3,13,3,43,0,1,0,10,1
36,TELEORMAN,"ŞCOALA GIMNAZIALĂ ”GRIGORE DIMITRIE GHICA” PERETU",229,PERETU,153543,1,PROV,PRCNCT,S,S_SV,"2021-01-21 12:30:02",999,987,12,0,264,252,12,0,1090,826,258,5,1,6,122,21,3,0,90,3,0,1,10,2
36,TELEORMAN,"ŞCOALA GIMNAZIALĂ ”GRIGORE DIMITRIE GHICA” PERETU",230,PERETU,153543,1,PROV,PRCNCT,S,S_SV,"2021-01-21 12:30:02",1159,1149,10,0,299,289,10,0,1270,971,297,2,0,12,197,9,10,0,50,2,0,2,13,2
36,TELEORMAN,"CĂMINUL CULTURAL PERETU",231,PERETU,153543,1,PROV,PRCNCT,S,S_SV,"2021-01-21 12:30:02",1315,1310,5,0,341,336,5,0,1440,1099,328,6,7,5,180,19,10,0,89,0,0,2,20,3
36,TELEORMAN,"GRĂDINIŢA CU PROGRAM NORMAL PERETU",232,PERETU,153543,1,PROV,PRCNCT,S,S_SV,"2021-01-21 12:30:02",1352,1337,15,0,323,308,15,0,1470,1147,311,6,6,10,205,9,8,0,60,2,2,0,15,0
36,TELEORMAN,"GRĂDINIŢA CU PROGRAM NORMAL PERETU",233,PERETU,153543,2,PART,PRCNCT,S,S_SV,"2021-01-21 12:30:02",1057,1054,3,0,273,270,3,0,1160,887,266,5,2,15,168,12,8,0,51,2,0,3,5,2
36,TELEORMAN,"ȘCOALA GIMNAZIALĂ PIATRA",234,PIATRA,153561,1,PROV,PRCNCT,S,S_SV,"2021-01-21 12:30:02",943,879,64,0,454,390,64,0,970,516,438,3,13,23,125,20,17,0,239,3,2,3,6,0
36,TELEORMAN,"GRĂDINIȚA CU PROGRAM NORMAL PIATRA",235,PIATRA,153561,2,PART,PRCNCT,S,S_SV,"2021-01-21 12:30:02",803,737,66,0,341,275,66,0,810,469,331,6,4,10,117,6,15,2,159,1,5,1,8,7
36,TELEORMAN,"SALA DE PROTOCOL PRIMĂRIA COMUNEI PIATRA",236,PIATRA,153561,1,PROV,PRCNCT,S,S_SV,"2021-01-21 12:30:02",887,858,29,0,336,307,29,0,940,604,323,7,6,11,97,8,14,1,159,10,4,4,13,2
36,TELEORMAN,"ŞCOALA GIMNAZIALĂ(ŞCOALA VECHE)",237,PIETROŞANI,153589,1,PROV,PRCNCT,S,S_SV,"2021-01-21 12:30:02",975,934,15,26,331,290,15,26,1030,699,321,2,8,7,49,17,3,0,220,13,0,0,11,1
36,TELEORMAN,"ŞCOALA GIMNAZIALĂ(ŞCOALA NOUĂ)",238,PIETROŞANI,153589,1,PROV,PRCNCT,S,S_SV,"2021-01-21 12:30:02",1157,1102,26,29,415,360,26,29,1220,805,407,3,5,8,88,22,2,0,270,8,1,0,7,1
36,TELEORMAN,"ŞCOALA GIMNAZIALĂ PLOPII SLĂVITEŞTI",239,PLOPII-SLĂVITEŞTI,153623,1,PROV,PRCNCT,S,S_SV,"2021-01-21 12:30:02",607,537,40,30,351,283,38,30,590,239,341,5,5,5,87,7,7,3,199,5,1,2,25,0
36,TELEORMAN,"GRĂDINIŢA CU PROGRAM NORMAL NR.3",240,PLOPII-SLĂVITEŞTI,153623,1,PROV,PRCNCT,S,S_SV,"2021-01-21 12:30:02",861,787,37,37,360,286,37,37,870,510,348,8,4,2,92,6,5,0,187,3,6,5,42,0
36,TELEORMAN,"GRĂDINIŢA CU PROGRAM NORMAL NR.2",241,PLOPII-SLĂVITEŞTI,153623,2,PART,PRCNCT,S,S_SV,"2021-01-21 12:30:02",657,605,28,24,302,250,28,24,670,368,296,4,2,5,101,8,0,3,138,0,1,4,36,0
36,TELEORMAN,"CĂMINUL CULTURAL",242,PLOSCA,153605,1,PROV,PRCNCT,S,S_SV,"2021-01-21 12:30:02",1277,1250,27,0,375,348,27,0,1380,1005,363,8,4,10,186,10,16,1,114,5,5,1,9,6
36,TELEORMAN,"ŞCOALA RĂSFIRAŢI",243,PLOSCA,153605,1,PROV,PRCNCT,S,S_SV,"2021-01-21 12:30:02",1409,1383,24,2,479,453,24,2,1520,1041,465,10,4,14,194,5,16,4,206,6,4,2,14,0
36,TELEORMAN,"ŞCOALA GIMNAZIALĂ PLOSCA",244,PLOSCA,153605,2,PART,PRCNCT,S,S_SV,"2021-01-21 12:30:02",804,782,22,0,232,210,22,0,860,628,213,19,0,14,117,3,6,0,73,0,0,0,0,0
36,TELEORMAN,"ŞCOALA MICĂ",245,PLOSCA,153605,1,PROV,PRCNCT,S,S_SV,"2021-01-21 12:30:02",1225,1209,15,1,317,301,15,1,1330,1013,309,7,1,14,154,7,17,1,101,3,2,1,3,6
36,TELEORMAN,"ȘCOALA GENERALĂ POENI",246,POENI,153696,1,PROV,PRCNCT,S,S_SV,"2021-01-21 12:30:02",1155,1131,24,0,275,251,24,0,1250,975,269,2,4,13,165,8,18,1,48,3,3,3,7,0
36,TELEORMAN,"ȘCOALA GENERALĂ PREAJBA",247,POENI,153696,2,PART,PRCNCT,S,S_SV,"2021-01-21 12:30:02",331,321,10,0,112,102,10,0,350,238,109,1,2,2,38,6,13,1,35,1,0,1,10,2
36,TELEORMAN,"ȘCOALA GENERALĂ VĂTAȘI",248,POENI,153696,1,PROV,PRCNCT,S,S_SV,"2021-01-21 12:30:02",472,465,7,0,135,128,7,0,510,375,135,0,0,5,34,4,6,0,78,0,0,0,8,0
36,TELEORMAN,"ȘCOALA PRIMARĂ CĂTUNU",249,POENI,153696,1,PROV,PRCNCT,S,S_SV,"2021-01-21 12:30:02",370,354,16,0,98,82,16,0,390,292,98,0,0,2,57,9,13,3,12,1,0,1,0,0
36,TELEORMAN,"ŞCOALA GIMNAZIALĂ POROSCHIA",250,POROSCHIA,151834,1,PROV,PRCNCT,S,S_SV,"2021-01-21 12:30:02",1581,1437,144,0,532,388,144,0,1590,1058,526,5,1,18,273,4,16,4,173,7,5,4,18,4
36,TELEORMAN,"ȘCOALA GENERALĂ POROSCHIA",251,POROSCHIA,151834,2,PART,PRCNCT,S,S_SV,"2021-01-21 12:30:02",1622,1397,225,0,771,546,225,0,1540,769,758,13,0,50,398,11,41,0,203,5,7,3,36,4
36,TELEORMAN,"GRĂDINIȚA CU PROGRAM NORMAL CALOMFIREȘTI",252,POROSCHIA,151834,1,PROV,PRCNCT,S,S_SV,"2021-01-21 12:30:02",877,809,68,0,417,349,68,0,890,473,407,8,2,15,261,3,18,0,88,3,4,4,9,2
36,TELEORMAN,"ŞCOALA GIMNAZIALĂ PURANII DE SUS",253,PURANI,155136,2,PART,PRCNCT,S,S_SV,"2021-01-21 12:30:02",1244,1126,101,17,674,556,101,17,1240,566,663,2,9,12,109,2,7,0,499,1,4,2,24,3
36,TELEORMAN,"GRĂDINIȚA CU PROGRAM NORMAL NR.1 PUTINEIU",254,PUTINEIU,153829,1,PROV,PRCNCT,S,S_SV,"2021-01-21 12:30:02",1089,1025,64,0,515,451,64,0,1130,615,487,9,19,9,188,4,4,9,251,5,4,1,10,2
36,TELEORMAN,"GRĂDINIȚA CU PROGRAM NORMAL NR.2 BĂDULEASA",255,PUTINEIU,153829,2,PART,PRCNCT,S,S_SV,"2021-01-21 12:30:02",585,546,38,1,281,242,38,1,600,319,270,4,7,2,81,8,7,0,166,1,2,2,0,1
36,TELEORMAN,"CĂMIN CULTURAL",256,RĂDOIEŞTI,153865,1,PROV,PRCNCT,S,S_SV,"2021-01-21 12:30:02",528,494,34,0,197,163,34,0,550,353,193,1,3,16,51,0,6,2,111,6,0,1,0,0
36,TELEORMAN,"ȘCOALA GIMNAZIALĂ RĂDOIEȘTI",257,RĂDOIEŞTI,153865,1,PROV,PRCNCT,S,S_SV,"2021-01-21 12:30:02",836,808,28,0,292,264,28,0,890,598,288,1,3,42,95,1,7,0,136,0,0,0,7,0
36,TELEORMAN,"ȘCOALA GENERALĂ RĂDOIEȘTI CETATEA",258,RĂDOIEŞTI,153865,3,PART,PRCNCT,S,S_SV,"2021-01-21 12:30:02",319,299,20,0,134,114,20,0,330,196,132,2,0,9,65,0,5,1,51,0,0,0,0,1
36,TELEORMAN,"CĂMINUL CULTURAL RĂSMIREŞTI",259,RĂSMIREŞTI,153909,2,PART,PRCNCT,S,S_SV,"2021-01-21 12:30:02",728,619,93,16,384,275,93,16,680,296,370,4,10,3,78,18,6,0,247,1,1,2,13,1
36,TELEORMAN,"ŞCOALA GIMNAZIALĂ SAELELE",260,SAELELE,155145,2,PART,PRCNCT,S,S_SV,"2021-01-21 12:30:02",1266,1208,31,27,545,487,31,27,1330,785,525,8,12,18,385,11,8,3,71,2,7,4,12,4
36,TELEORMAN,"GRĂDINIŢA PLEAŞOV",261,SAELELE,155145,2,PART,PRCNCT,S,S_SV,"2021-01-21 12:30:02",717,658,32,27,340,281,32,27,720,380,332,0,8,6,263,4,6,4,32,2,6,4,5,0
36,TELEORMAN,"LOCALUL CĂMINULUI CULTURAL SALCIA",262,SALCIA,153936,2,PART,PRCNCT,S,S_SV,"2021-01-21 12:30:02",817,747,44,26,270,200,44,26,830,560,265,2,3,10,191,4,5,0,37,1,1,1,10,5
36,TELEORMAN,"LOCALUL CĂMINULUI CULTURAL DIN SATUL BĂNEASA",263,SALCIA,153936,3,PART,PRCNCT,S,S_SV,"2021-01-21 12:30:02",758,687,46,25,343,272,46,25,760,417,337,3,3,8,289,3,7,0,12,2,0,3,7,6
36,TELEORMAN,"LOCALUL CĂMINULUI CULTURAL DIN SATUL TUDOR VLADIMIRESCU",264,SALCIA,153936,2,PART,PRCNCT,S,S_SV,"2021-01-21 12:30:02",634,571,36,27,288,225,36,27,630,342,276,9,3,2,160,3,15,2,72,1,3,1,8,9
36,TELEORMAN,"ȘCOALA GIMNAZIALĂ SĂCENI",265,SĂCENI,153972,2,PART,PRCNCT,S,S_SV,"2021-01-21 12:30:02",585,551,19,15,256,222,19,15,610,354,247,4,5,4,182,6,18,0,21,4,1,1,5,5
36,TELEORMAN,"CLĂDIREA FOSTA ȘCOALĂ GIMNAZIALĂ CIURARI",266,SĂCENI,153972,1,PROV,PRCNCT,S,S_SV,"2021-01-21 12:30:02",367,340,22,5,163,136,22,5,380,217,152,5,6,4,74,2,13,0,49,3,0,2,2,3
36,TELEORMAN,"GRĂDINIŢA CU PROGRAM NORMAL NR. 3",267,SÂRBENI,154308,1,PROV,PRCNCT,S,S_SV,"2021-01-21 12:30:02",402,349,44,9,231,178,44,9,390,159,223,2,6,4,70,3,3,0,120,3,2,1,17,0
36,TELEORMAN,"GRĂDINIŢA CU PROGRAM NORMAL NR. 2",268,SÂRBENI,154308,1,PROV,PRCNCT,S,S_SV,"2021-01-21 12:30:02",577,531,45,1,354,308,45,1,590,236,340,5,9,5,86,2,8,0,223,5,2,1,8,0
36,TELEORMAN,"LOCALUL ŞCOLII GIMNAZIALE SÂRBENII DE JOS",269,SÂRBENI,154308,3,PART,PRCNCT,S,S_SV,"2021-01-21 12:30:02",222,192,26,4,133,103,26,4,208,75,130,1,2,11,45,3,2,0,60,1,0,1,6,1
36,TELEORMAN,"CĂMIN CULTURAL SCRIOAȘTEA",270,SCRIOAŞTEA,154013,1,PROV,PRCNCT,S,S_SV,"2021-01-21 12:30:02",2100,1807,271,22,1153,860,271,22,1989,836,1126,22,5,29,201,10,23,3,811,4,5,6,31,3
36,TELEORMAN,"GRĂDINIŢA DE COPII",271,SCRIOAŞTEA,154013,2,PART,PRCNCT,S,S_SV,"2021-01-21 12:30:02",671,603,60,8,335,267,60,8,670,335,328,3,4,16,82,3,3,0,209,3,3,2,6,1
36,TELEORMAN,"CĂMIN CULTURAL CUCUEŢI",272,SCRIOAŞTEA,154013,1,PROV,PRCNCT,S,S_SV,"2021-01-21 12:30:02",737,674,50,13,420,357,50,13,740,320,418,1,1,11,79,2,7,3,293,4,4,3,11,1
36,TELEORMAN,"LOCALUL ŞCOLII GENERALE CU CLASELE I – VIII SCURTU MARE",273,"SCURTU MARE",154068,1,PROV,PRCNCT,S,S_SV,"2021-01-21 12:30:02",889,831,16,42,334,276,16,42,920,586,323,9,2,16,183,14,9,0,77,3,4,4,9,4
36,TELEORMAN,"LOCALUL ŞCOLII CU CLASELE I-IV DRACESTI",274,"SCURTU MARE",154068,1,PROV,PRCNCT,S,S_SV,"2021-01-21 12:30:02",275,266,9,0,121,112,9,0,290,169,116,3,2,3,78,3,4,1,14,1,1,2,2,7
36,TELEORMAN,"LOCALUL ŞCOLII CU CLASELE I-IV ALBENI",275,"SCURTU MARE",154068,1,PROV,PRCNCT,S,S_SV,"2021-01-21 12:30:02",157,144,8,5,54,41,8,5,160,106,49,3,2,4,25,2,4,1,11,1,0,0,1,0
36,TELEORMAN,"GRADINITA CU PROGRAM NORMAL ,NR.1 SEACA , SAT SEACA , JUDETUL TELEORMAN , STRADA VICTORIEI , NR.75",276,SEACA,154139,2,PART,PRCNCT,S,S_SV,"2021-01-21 12:30:02",1308,1208,46,54,510,410,46,54,1330,820,495,8,7,5,152,6,10,4,285,7,7,4,14,1
36,TELEORMAN,"GRADINITA CU PROGRAM NORMAL NR.2 NAVODARI , SAT NAVODARI, COMUNA SEACA , JUDETUL TELEORMAN, STRADA DUNARII, NR.107",277,SEACA,154139,2,PART,PRCNCT,S,S_SV,"2021-01-21 12:30:02",737,684,27,26,337,284,27,26,750,413,329,1,7,10,91,4,9,1,185,2,3,6,16,2
36,TELEORMAN,"GRĂDINIŢA DE COPII CU PROGRAM NORMAL NR.1 SEGARCEA-VALE",278,SEGARCEA-VALE,154184,1,PROV,PRCNCT,S,S_SV,"2021-01-21 12:30:02",838,789,49,0,275,226,49,0,870,595,271,3,1,14,130,4,11,2,75,5,3,3,8,16
36,TELEORMAN,"GRĂDINIŢA DE COPII CU PROGRAM NORMAL NR.3 OLTEANCA",279,SEGARCEA-VALE,154184,1,PROV,PRCNCT,S,S_SV,"2021-01-21 12:30:02",725,694,31,0,247,216,31,0,760,513,235,2,10,33,85,4,19,2,61,2,3,0,23,3
36,TELEORMAN,"LOCALUL ŞCOLII CU CLASELE I-VIII SEGARCEA DEAL",280,SEGARCEA-VALE,154184,1,PROV,PRCNCT,S,S_SV,"2021-01-21 12:30:02",909,888,21,0,253,232,21,0,980,727,228,15,10,16,89,3,21,0,78,1,2,4,13,1
36,TELEORMAN,"LOCALUL CĂMINULUI CULTURAL SFINŢEŞTI",281,SFINŢEŞTI,154166,2,PART,PRCNCT,S,S_SV,"2021-01-21 12:30:02",974,880,71,23,470,376,71,23,970,500,460,7,3,72,320,8,20,0,19,5,2,6,8,0
36,TELEORMAN,"CĂMINUL CULTURAL SILIŞTEA",282,SILIŞTEA,154228,1,PROV,PRCNCT,S,S_SV,"2021-01-21 12:30:02",1083,1058,24,1,381,356,24,1,1160,779,376,1,4,12,226,4,12,0,81,8,1,5,24,3
36,TELEORMAN,"GRĂDINIȚA CU PROGRAM NORMAL NR. 2 BUTEȘTI (FOST LOCAL AL ȘCOLII CU CLASELE I-IV BUTEȘTI)",283,SILIŞTEA,154228,1,PROV,PRCNCT,S,S_SV,"2021-01-21 12:30:02",484,473,11,0,130,119,11,0,520,390,123,1,6,5,54,6,11,0,25,0,1,0,20,1
36,TELEORMAN,"GRĂDINIȚA CU PROGRAM NORMAL NR. 3 SILIȘTEA MICĂ (FOST LOCAL AL ȘCOLII CU CLASELE I-IV SILIȘTEA MICĂ)",284,SILIŞTEA,154228,2,PART,PRCNCT,S,S_SV,"2021-01-21 12:30:02",267,255,12,0,68,56,12,0,280,212,68,0,0,4,39,1,1,0,17,2,1,0,3,0
36,TELEORMAN,"CENTRUL MEMORIAL ”MARIN PREDA”",285,SILIŞTEA-GUMEŞTI,154282,1,PROV,PRCNCT,S,S_SV,"2021-01-21 12:30:02",1177,1122,14,41,451,396,14,41,1240,789,444,3,4,6,107,8,54,2,192,2,3,6,23,41
36,TELEORMAN,"ȘCOALA CU CLASELE I-IV ”MĂGURA”",286,SILIŞTEA-GUMEŞTI,154282,2,PART,PRCNCT,S,S_SV,"2021-01-21 12:30:02",857,806,16,35,279,228,16,35,890,611,274,4,1,8,108,6,29,1,83,0,1,3,9,26
36,TELEORMAN,"ȘCOALA GIMNAZIALĂ SLOBOZIA MÂNDRA",287,"SLOBOZIA MÂNDRA",154344,2,PART,PRCNCT,S,S_SV,"2021-01-21 12:30:02",623,580,30,13,249,206,30,13,640,391,235,5,9,6,146,2,4,1,59,3,0,1,11,2
36,TELEORMAN,"ȘCOALA GIMNAZIALĂ SLOBOZIA MÂNDRA",288,"SLOBOZIA MÂNDRA",154344,1,PROV,PRCNCT,S,S_SV,"2021-01-21 12:30:02",746,707,26,13,229,190,26,13,790,561,217,9,3,9,128,9,9,1,44,3,6,3,4,1
36,TELEORMAN,"ŞCOALA GIMNAZIALĂ SMÎRDIOASA",289,SMÂRDIOASA,154380,1,PROV,PRCNCT,S,S_SV,"2021-01-21 12:30:02",1543,1494,49,0,589,540,49,0,1650,1061,569,10,10,7,152,18,11,2,340,8,5,5,20,1
36,TELEORMAN,"ŞCOALA PRIMARĂ ŞOIMU",290,SMÂRDIOASA,154380,1,PROV,PRCNCT,S,S_SV,"2021-01-21 12:30:02",371,338,33,0,182,149,33,0,370,188,178,3,1,2,62,7,5,1,83,2,5,1,10,0
36,TELEORMAN,"CĂMIN CULTURAL STEJARU",291,STEJARU,154415,1,PROV,PRCNCT,S,S_SV,"2021-01-21 12:30:02",650,586,32,32,302,238,32,32,640,338,302,0,0,5,134,5,1,0,143,4,1,0,3,6
36,TELEORMAN,"CLĂDIREA ŞCOLII GENERALE SOCETU",292,STEJARU,154415,1,PROV,PRCNCT,S,S_SV,"2021-01-21 12:30:02",716,621,41,54,354,260,41,53,680,326,344,10,0,6,142,5,4,1,169,1,3,2,3,8
36,TELEORMAN,"SEDIUL FOSTEI PRIMĂRII COMUNALE BRATCOV",293,STEJARU,154415,2,PART,PRCNCT,S,S_SV,"2021-01-21 12:30:02",124,101,16,7,68,45,16,7,110,42,67,1,0,6,39,2,3,1,15,0,0,0,1,0
36,TELEORMAN,"CLĂDIREA ŞCOLII ELEMENTARE GRESIA",294,STEJARU,154415,2,PART,PRCNCT,S,S_SV,"2021-01-21 12:30:02",115,88,22,5,73,46,22,5,100,27,71,0,2,1,18,2,4,0,39,2,2,0,3,0
36,TELEORMAN,"ŞCOALA GIMNAZIALĂ SUHAIA",295,SUHAIA,154460,2,PART,PRCNCT,S,S_SV,"2021-01-21 12:30:02",988,830,139,19,552,394,139,19,920,368,541,5,6,8,93,3,5,2,395,3,6,3,18,5
36,TELEORMAN,"ŞCOALA GIMNAZIALĂ SUHAIA",296,SUHAIA,154460,1,PROV,PRCNCT,S,S_SV,"2021-01-21 12:30:02",1231,938,272,21,710,417,272,21,1040,330,694,8,8,14,130,10,11,1,490,8,6,2,19,3
36,TELEORMAN,"SCOALA GIMNAZIALA ”VASILE RACOTTA”",297,ŞTOROBĂNEASA,154497,1,PROV,PRCNCT,S,S_SV,"2021-01-21 12:30:02",1466,1363,32,71,559,456,32,71,1500,941,536,9,14,10,199,14,9,0,270,2,4,4,23,1
36,TELEORMAN,"SCOALA CU CLASELE I-VIII ” BADEA NEGREANU ”",298,ŞTOROBĂNEASA,154497,1,PROV,PRCNCT,S,S_SV,"2021-01-21 12:30:02",1144,1090,31,23,342,289,31,22,1200,858,329,9,4,6,181,10,9,1,100,3,2,3,13,1
36,TELEORMAN,"ȘCOALA GIMNAZIALĂ COMUNA TALPA",299,TALPA,154521,1,PROV,PRCNCT,S,S_SV,"2021-01-21 12:30:02",907,711,57,139,550,354,57,139,790,240,525,15,10,2,115,4,7,0,378,5,3,1,10,0
36,TELEORMAN,"CĂMIN CULTURAL",300,TALPA,154521,1,PROV,PRCNCT,S,S_SV,"2021-01-21 12:30:02",818,668,53,97,498,348,53,97,730,232,487,9,2,7,102,3,3,0,369,0,0,2,0,1
36,TELEORMAN,"ŞCOALA GIMNAZIALĂ TĂTĂRĂŞTII DE JOS",301,"TĂTĂRĂŞTII DE JOS",154585,2,PART,PRCNCT,S,S_SV,"2021-01-21 12:30:02",1217,1172,35,10,325,280,35,10,1290,965,314,8,3,10,223,2,2,0,54,4,5,0,13,1
36,TELEORMAN,"ŞCOALA GIMNAZIALĂ SLĂVEŞTI",302,"TĂTĂRĂŞTII DE JOS",154585,1,PROV,PRCNCT,S,S_SV,"2021-01-21 12:30:02",766,743,23,0,231,208,23,0,820,589,226,3,2,4,164,3,10,1,26,1,0,0,16,1
36,TELEORMAN,"GRĂDINIŢA NEGRENII DE SUS",303,"TĂTĂRĂŞTII DE JOS",154585,1,PROV,PRCNCT,S,S_SV,"2021-01-21 12:30:02",670,656,14,0,136,122,14,0,730,594,128,5,3,2,89,4,9,0,16,1,1,0,6,0
36,TELEORMAN,"ȘCOALA GIMNAZIALĂ TĂTĂRĂȘTII DE SUS",304,"TĂTĂRĂŞTII DE SUS",154665,2,PART,PRCNCT,S,S_SV,"2021-01-21 12:30:02",1091,1053,38,0,342,304,38,0,1160,818,328,8,6,4,102,6,11,0,185,6,3,4,6,1
36,TELEORMAN,"ȘCOALA GIMNAZIALĂ TĂTĂRĂȘTII DE SUS",305,"TĂTĂRĂŞTII DE SUS",154665,1,PROV,PRCNCT,S,S_SV,"2021-01-21 12:30:02",1235,1190,45,0,427,382,45,0,1310,883,421,4,2,4,137,10,9,3,225,5,5,3,18,2
36,TELEORMAN,"SPAŢII BIROURI, STRADA PRINCIPALĂ NR. 116",306,TRAIAN,154736,1,PROV,PRCNCT,S,S_SV,"2021-01-21 12:30:02",687,641,31,15,315,269,31,15,710,395,302,6,7,14,179,12,28,2,41,11,3,2,10,0
36,TELEORMAN,"ŞCOALA GIMNAZIALĂ TRAIAN, STRADA PRINCIPALĂ NR. 188",307,TRAIAN,154736,1,PROV,PRCNCT,S,S_SV,"2021-01-21 12:30:02",824,776,35,13,338,290,35,13,860,522,325,6,7,12,205,10,13,0,42,10,2,11,18,2
36,TELEORMAN,"GRᾸDINIṬA TRIVALEA-SAT (FOSTA)",308,TRIVALEA-MOŞTENI,154754,2,PART,PRCNCT,S,S_SV,"2021-01-21 12:30:02",745,734,11,0,141,130,11,0,810,669,134,4,3,4,88,6,3,2,10,3,0,3,14,1
36,TELEORMAN,"DISPENSARUL BRᾸTᾸŞANI",309,TRIVALEA-MOŞTENI,154754,1,PROV,PRCNCT,S,S_SV,"2021-01-21 12:30:02",508,493,15,0,111,96,15,0,540,429,107,2,2,5,78,8,1,0,6,2,3,0,4,0
36,TELEORMAN,"GRᾸDINIṬA CU PROGRAM NORMAL NR.2",310,TRIVALEA-MOŞTENI,154754,1,PROV,PRCNCT,S,S_SV,"2021-01-21 12:30:02",806,795,11,0,131,120,11,0,880,749,129,1,1,6,81,3,1,1,18,3,0,3,13,0
36,TELEORMAN,"ȘCOALA GIMNAZIALĂ ”ION PREOTU”",311,TROIANUL,154790,1,PROV,PRCNCT,S,S_SV,"2021-01-21 12:30:02",1347,1251,82,14,571,475,82,14,1380,809,550,8,13,31,199,12,14,2,257,7,5,6,16,1
36,TELEORMAN,"ȘCOALA GENARALĂ NR. 2",312,TROIANUL,154790,2,PART,PRCNCT,S,S_SV,"2021-01-21 12:30:02",836,795,36,5,331,290,36,5,880,549,315,6,10,20,109,12,13,3,139,4,2,7,5,1
36,TELEORMAN,"ȘCOALA GENERALĂ",313,TROIANUL,154790,2,PART,PRCNCT,S,S_SV,"2021-01-21 12:30:02",185,163,22,0,87,65,22,0,180,93,83,2,2,1,34,1,3,0,41,1,0,1,1,0
36,TELEORMAN,"CĂMINUL CULTURAL",314,TROIANUL,154790,2,PART,PRCNCT,S,S_SV,"2021-01-21 12:30:02",92,60,31,1,57,25,31,1,70,13,56,1,0,1,8,3,2,1,37,2,1,1,0,0
36,TELEORMAN,"ȘCOALA CU CLASELE I-IV",315,ŢIGĂNEŞTI,154834,2,PART,PRCNCT,S,S_SV,"2021-01-21 12:30:02",1553,1400,140,13,652,499,140,13,1540,888,621,31,0,21,318,8,111,0,155,0,0,0,0,8
36,TELEORMAN,"GRĂDINIȚA CU PROGRAM NORMAL",316,ŢIGĂNEŞTI,154834,1,PROV,PRCNCT,S,S_SV,"2021-01-21 12:30:02",1336,1256,66,14,534,454,66,14,1390,856,523,7,4,20,291,6,20,0,157,5,4,3,16,1
36,TELEORMAN,"ȘCOALA GIMNAZIALĂ ”I.GH.DUCA”",317,ŢIGĂNEŞTI,154834,1,PROV,PRCNCT,S,S_SV,"2021-01-21 12:30:02",1615,1429,143,43,771,585,143,43,1580,809,740,19,12,27,406,4,33,5,221,12,2,4,24,2
36,TELEORMAN,"LOCALUL CĂMINULUI CULTURAL UDA CLOCOCIOV",318,UDA-CLOCOCIOV,155154,1,PROV,PRCNCT,S,S_SV,"2021-01-21 12:30:02",710,597,45,68,361,248,45,68,660,299,351,6,4,4,268,2,3,1,58,6,1,5,3,0
36,TELEORMAN,"LOCALUL ŞCOLII CU CLASELE I – VIII UDA PACIUREA",319,UDA-CLOCOCIOV,155154,2,PART,PRCNCT,S,S_SV,"2021-01-21 12:30:02",681,609,32,40,284,212,32,40,739,455,274,7,3,9,171,5,6,1,68,1,1,5,7,0
36,TELEORMAN,"CĂMINUL CULTURAL VIRTOAPELE DE SUS",320,VÂRTOAPE,154932,2,PART,PRCNCT,S,S_SV,"2021-01-21 12:30:02",855,797,58,0,415,357,58,0,880,465,412,0,3,5,90,0,20,0,281,0,0,0,10,6
36,TELEORMAN,"CĂMINUL CULTURAL VIRTOAPELE DE JOS",321,VÂRTOAPE,154932,1,PROV,PRCNCT,S,S_SV,"2021-01-21 12:30:02",884,710,174,0,569,395,174,0,600,31,566,3,0,3,137,23,7,0,396,0,0,0,0,0
36,TELEORMAN,"CĂMINUL CULTURAL GĂRĂGĂU",322,VÂRTOAPE,154932,1,PROV,PRCNCT,S,S_SV,"2021-01-21 12:30:02",572,552,20,0,157,137,20,0,610,453,157,0,0,0,47,1,3,0,101,0,1,0,4,0
36,TELEORMAN,"ȘCOALA GIMNAZIALĂ VEDEA",323,VEDEA,154852,1,PROV,PRCNCT,S,S_SV,"2021-01-21 12:30:02",533,489,44,0,273,229,44,0,540,267,261,8,4,5,179,4,2,0,52,0,2,1,16,0
36,TELEORMAN,"ȘCOALA CU CLASELE I - IV ALBEȘTI",324,VEDEA,154852,1,PROV,PRCNCT,S,S_SV,"2021-01-21 12:30:02",556,522,34,0,294,260,34,0,580,286,286,6,2,1,203,1,6,4,61,1,0,0,9,0
36,TELEORMAN,"ȘCOALA CU CLASELE I -IV COȘOTENI",325,VEDEA,154852,1,PROV,PRCNCT,S,S_SV,"2021-01-21 12:30:02",500,445,55,0,248,193,55,0,490,242,241,5,2,9,141,3,4,4,56,1,4,2,16,1
36,TELEORMAN,"ŞCOALA CU CLASELE I – VIII DULCEANCA",326,VEDEA,154852,2,PART,PRCNCT,S,S_SV,"2021-01-21 12:30:02",449,427,22,0,213,191,22,0,470,257,207,5,1,8,150,2,5,2,32,0,1,2,4,1
36,TELEORMAN,"ŞCOALA CU CLASELE I – IV MERI",327,VEDEA,154852,1,PROV,PRCNCT,S,S_SV,"2021-01-21 12:30:02",410,375,35,0,222,187,35,0,410,188,213,9,0,3,164,4,4,0,24,3,4,1,6,0
36,TELEORMAN,"ȘCOALA GIMNAZIALĂ VIIȘOARA, NR. 97",328,VIIŞOARA,154914,2,PART,PRCNCT,S,S_SV,"2021-01-21 12:30:02",764,689,31,44,415,340,31,44,760,345,401,6,8,5,109,4,4,1,252,4,1,3,16,2
36,TELEORMAN,"GRĂDINIȚA CU PROGRAM NORMAL VIIȘOARA, NR. 519",329,VIIŞOARA,154914,2,PART,PRCNCT,S,S_SV,"2021-01-21 12:30:02",674,621,28,25,361,308,28,25,690,329,351,5,5,7,109,14,5,0,196,7,4,3,5,1
36,TELEORMAN,"CĂMIN CULTURAL SAT PURANI",330,VITĂNEŞTI,153776,1,PROV,PRCNCT,S,S_SV,"2021-01-21 12:30:02",649,580,44,25,252,183,44,25,640,388,249,1,2,3,66,5,7,0,151,1,1,3,12,0
36,TELEORMAN,"CĂMIN CULTURAL SAT SILIŞTEA",331,VITĂNEŞTI,153776,2,PART,PRCNCT,S,S_SV,"2021-01-21 12:30:02",779,678,45,56,342,241,45,56,750,408,318,14,10,0,127,3,0,0,188,0,0,0,0,0
36,TELEORMAN,"GRĂDINIȚA CU PROGRAM NORMAL NR. 1 VITĂNEȘTI",332,VITĂNEŞTI,153776,1,PROV,PRCNCT,S,S_SV,"2021-01-21 12:30:02",1079,943,52,84,486,350,52,84,1040,554,473,8,5,16,105,6,7,0,317,1,2,3,15,1
36,TELEORMAN,"CĂMINUL CULTURAL",333,ZÂMBREASCA,154978,1,PROV,PRCNCT,S,S_SV,"2021-01-21 12:30:02",803,742,18,43,233,172,18,43,820,587,221,5,7,11,127,3,19,1,38,7,4,1,10,0
36,TELEORMAN,"ŞCOALA PRIMARĂ",334,ZÂMBREASCA,154978,2,PART,PRCNCT,S,S_SV,"2021-01-21 12:30:02",426,383,19,24,142,103,19,20,420,278,140,2,0,0,98,4,5,0,21,1,5,1,2,3
