precinct_county_nce,precinct_county_name,precinct_name,precinct_nr,uat_name,uat_siruta,report_version,report_stage_code,report_type_scope_code,report_type_category_code,report_type_code,created_at,a,a1,a2,a3,b,b1,b2,b3,c,d,e,f,g,"UNIUNEA DEMOCRATĂ MAGHIARĂ DIN ROMÂNIA-voturi","ALIANȚA USR PLUS-voturi","PARTIDUL PRO ROMÂNIA-voturi","PARTIDUL NAȚIONAL LIBERAL-voturi","PARTIDUL SOCIAL DEMOCRAT-voturi","PARTIDUL MIȘCAREA POPULARĂ-voturi","PARTIDUL NOUA ROMÂNIE-voturi","ALIANȚA PENTRU UNIREA ROMÂNILOR-voturi","PARTIDUL ROMÂNIA MARE-voturi","PARTIDUL RE:START ROMÂNIA-voturi","PARTIDUL PUTERII UMANISTE (SOCIAL-LIBERAL)-voturi","PARTIDUL ECOLOGIST ROMÂN-voturi","PARTIDUL SOCIALIST ROMÂN-voturi"
30,OLT,"COLEGIUL NAŢIONAL RADU GRECEANU",1,"MUNICIPIUL SLATINA",125347,1,PROV,PRCNCT,S,S_SV,"2021-01-21 12:30:02",1270,1230,38,2,374,334,38,2,1356,982,371,3,0,0,48,24,82,182,15,3,10,0,1,3,3,0
30,OLT,"COLEGIUL NAŢIONAL RADU GRECEANU",2,"MUNICIPIUL SLATINA",125347,1,PROV,PRCNCT,S,S_SV,"2021-01-21 12:30:02",1508,1489,13,6,459,440,13,6,1643,1184,448,9,2,3,28,37,105,203,16,4,33,3,2,8,3,3
30,OLT,"COLEGIUL NAŢIONAL RADU GRECEANU",3,"MUNICIPIUL SLATINA",125347,1,PROV,PRCNCT,S,S_SV,"2021-01-21 12:30:02",1854,1834,20,0,676,656,20,0,2020,1344,643,17,16,3,3,41,32,482,6,3,49,4,1,7,2,10
30,OLT,"ŞCOALA GIMNAZIALĂ NR. 1",4,"MUNICIPIUL SLATINA",125347,1,PROV,PRCNCT,S,S_SV,"2021-01-21 12:30:02",1192,1165,26,1,459,432,26,1,1282,823,444,15,0,2,38,39,86,224,20,4,16,3,2,3,1,6
30,OLT,"ŞCOALA GIMNAZIALĂ NR. 1",5,"MUNICIPIUL SLATINA",125347,1,PROV,PRCNCT,S,S_SV,"2021-01-21 12:30:02",967,957,10,0,332,322,10,0,1054,722,323,7,2,0,30,23,62,152,14,2,24,2,2,6,3,3
30,OLT,"COLEGIUL NAŢIONAL ION MINULESCU",6,"MUNICIPIUL SLATINA",125347,1,PROV,PRCNCT,S,S_SV,"2021-01-21 12:30:02",1453,1430,22,1,396,373,22,1,1568,1172,392,3,1,0,45,21,87,175,18,3,27,1,4,5,6,0
30,OLT,"COLEGIUL NAŢIONAL ION MINULESCU",7,"MUNICIPIUL SLATINA",125347,1,PROV,PRCNCT,S,S_SV,"2021-01-21 12:30:02",1544,1525,17,2,407,388,17,2,1678,1271,399,7,1,0,54,22,95,158,18,5,31,0,1,7,4,4
30,OLT,"COLEGIUL NAŢIONAL ION MINULESCU",8,"MUNICIPIUL SLATINA",125347,1,PROV,PRCNCT,S,S_SV,"2021-01-21 12:30:02",1514,1396,118,0,600,482,118,0,1543,943,590,10,0,1,88,28,111,295,22,2,26,3,4,5,3,2
30,OLT,"COLEGIUL NAŢIONAL ION MINULESCU",9,"MUNICIPIUL SLATINA",125347,1,PROV,PRCNCT,S,S_SV,"2021-01-21 12:30:02",1354,1339,15,0,458,443,15,0,1467,1009,449,8,1,1,60,33,81,200,18,1,31,4,2,10,7,1
30,OLT,"ŞCOALA GIMNAZIALĂ ŞTEFAN PROTOPOPESCU",10,"MUNICIPIUL SLATINA",125347,1,PROV,PRCNCT,S,S_SV,"2021-01-21 12:30:02",1847,1808,38,1,520,481,38,1,1993,1473,514,4,2,1,62,18,81,278,23,2,32,4,3,7,2,1
30,OLT,"ŞCOALA GIMNAZIALĂ ŞTEFAN PROTOPOPESCU",11,"MUNICIPIUL SLATINA",125347,1,PROV,PRCNCT,S,S_SV,"2021-01-21 12:30:02",1781,1763,18,0,424,406,18,0,1942,1518,418,6,0,0,46,22,82,180,19,0,39,5,2,16,4,3
30,OLT,"LICEUL TEORETIC NICOLAE TITULESCU",12,"MUNICIPIUL SLATINA",125347,1,PROV,PRCNCT,S,S_SV,"2021-01-21 12:30:02",1591,1561,30,0,442,412,30,0,1726,1284,432,9,1,2,66,17,82,224,8,3,17,2,2,4,2,3
30,OLT,"LICEUL TEORETIC NICOLAE TITULESCU",13,"MUNICIPIUL SLATINA",125347,1,PROV,PRCNCT,S,S_SV,"2021-01-21 12:30:02",1561,1523,38,0,478,440,38,0,1680,1202,466,11,1,0,62,25,79,227,12,0,35,0,3,15,5,3
30,OLT,"LICEUL TEORETIC NICOLAE TITULESCU",14,"MUNICIPIUL SLATINA",125347,1,PROV,PRCNCT,S,S_SV,"2021-01-21 12:30:02",1258,1228,27,3,427,397,27,3,1351,924,422,4,1,0,48,23,102,191,15,4,31,0,1,6,0,1
30,OLT,"LICEUL TEORETIC NICOLAE TITULESCU",15,"MUNICIPIUL SLATINA",125347,1,PROV,PRCNCT,S,S_SV,"2021-01-21 12:30:02",1042,1025,16,1,301,284,16,1,1128,827,299,1,1,0,37,16,71,132,13,0,22,2,1,1,4,0
30,OLT,"LICEUL TEORETIC NICOLAE TITULESCU",16,"MUNICIPIUL SLATINA",125347,1,PROV,PRCNCT,S,S_SV,"2021-01-21 12:30:02",1266,1239,27,0,393,366,27,0,1365,972,382,10,1,0,56,20,82,184,5,1,15,3,5,5,2,4
30,OLT,"ŞCOALA GIMNAZIALĂ NICOLAE IORGA",17,"MUNICIPIUL SLATINA",125347,1,PROV,PRCNCT,S,S_SV,"2021-01-21 12:30:02",1564,1496,22,46,497,429,22,46,1650,1153,494,3,0,0,61,25,147,196,17,2,31,6,2,4,2,1
30,OLT,"ŞCOALA GIMNAZIALĂ NICOLAE IORGA",18,"MUNICIPIUL SLATINA",125347,1,PROV,PRCNCT,S,S_SV,"2021-01-21 12:30:02",1434,1352,30,52,466,384,30,52,1484,1018,456,10,0,0,42,14,136,217,21,0,18,4,0,4,0,0
30,OLT,"ŞCOALA GIMNAZIALĂ EUGEN IONESCU",19,"MUNICIPIUL SLATINA",125347,1,PROV,PRCNCT,S,S_SV,"2021-01-21 12:30:02",1648,1631,17,0,422,405,17,0,1797,1375,411,11,0,0,40,38,79,192,13,0,36,4,3,1,4,1
30,OLT,"ŞCOALA GIMNAZIALĂ EUGEN IONESCU",20,"MUNICIPIUL SLATINA",125347,1,PROV,PRCNCT,S,S_SV,"2021-01-21 12:30:02",1213,1194,16,3,394,375,16,3,1314,920,388,4,2,1,48,19,93,177,17,3,14,0,2,6,6,2
30,OLT,"ŞCOALA GIMNAZIALĂ EUGEN IONESCU",21,"MUNICIPIUL SLATINA",125347,1,PROV,PRCNCT,S,S_SV,"2021-01-21 12:30:02",1204,1195,9,0,311,302,9,0,1313,1002,305,4,2,1,26,18,61,143,18,2,23,7,1,2,3,0
30,OLT,"ŞCOALA GIMNAZIALĂ VLAICU VODĂ",22,"MUNICIPIUL SLATINA",125347,1,PROV,PRCNCT,S,S_SV,"2021-01-21 12:30:02",1488,1472,15,1,356,340,15,1,1623,1267,352,4,0,0,27,16,71,178,6,3,39,1,2,4,2,3
30,OLT,"ŞCOALA GIMNAZIALĂ VLAICU VODĂ",23,"MUNICIPIUL SLATINA",125347,1,PROV,PRCNCT,S,S_SV,"2021-01-21 12:30:02",1236,1215,17,4,343,322,17,4,1341,998,341,2,0,0,50,7,87,142,13,3,28,3,1,3,3,1
30,OLT,"ŞCOALA GIMNAZIALĂ VLAICU VODĂ",24,"MUNICIPIUL SLATINA",125347,1,PROV,PRCNCT,S,S_SV,"2021-01-21 12:30:02",1403,1391,12,0,421,409,12,0,1534,1113,406,14,1,1,55,17,100,174,16,2,23,3,2,5,4,4
30,OLT,"LICEUL TEHNOLOGIC P.S. AURELIAN",25,"MUNICIPIUL SLATINA",125347,1,PROV,PRCNCT,S,S_SV,"2021-01-21 12:30:02",1249,1228,21,0,386,365,21,0,1358,972,373,12,1,2,47,16,87,145,16,0,42,0,1,8,8,1
30,OLT,"LICEUL TEHNOLOGIC P.S. AURELIAN",26,"MUNICIPIUL SLATINA",125347,1,PROV,PRCNCT,S,S_SV,"2021-01-21 12:30:02",1782,1767,15,0,372,357,15,0,1945,1573,363,7,2,0,32,11,82,164,20,2,42,1,1,5,3,0
30,OLT,"LICEUL CU PROGRAM SPORTIV",27,"MUNICIPIUL SLATINA",125347,1,PROV,PRCNCT,S,S_SV,"2021-01-21 12:30:02",1890,1796,48,46,555,461,48,46,1978,1423,546,9,0,0,58,27,80,314,22,3,31,3,1,5,2,0
30,OLT,"LICEUL CU PROGRAM SPORTIV",28,"MUNICIPIUL SLATINA",125347,1,PROV,PRCNCT,S,S_SV,"2021-01-21 12:30:02",1729,1705,22,2,489,465,22,2,1883,1394,487,2,0,1,78,18,100,219,18,0,34,4,4,5,4,2
30,OLT,"LICEUL CU PROGRAM SPORTIV",29,"MUNICIPIUL SLATINA",125347,1,PROV,PRCNCT,S,S_SV,"2021-01-21 12:30:02",1460,1447,13,0,377,364,13,0,1592,1215,371,5,1,1,36,15,74,176,17,0,33,0,1,12,4,2
30,OLT,"ŞCOALA GIMNAZIALĂ NR. 3",30,"MUNICIPIUL SLATINA",125347,1,PROV,PRCNCT,S,S_SV,"2021-01-21 12:30:02",1564,1525,36,3,390,351,36,3,1684,1294,385,5,0,1,57,21,80,161,14,2,32,2,2,8,3,2
30,OLT,"ŞCOALA GIMNAZIALĂ NR. 3",31,"MUNICIPIUL SLATINA",125347,1,PROV,PRCNCT,S,S_SV,"2021-01-21 12:30:02",1350,1331,17,2,403,384,17,2,1468,1065,392,11,0,2,61,36,82,167,12,1,18,1,2,7,3,0
30,OLT,"ŞCOALA GIMNAZIALĂ NR. 3",32,"MUNICIPIUL SLATINA",125347,1,PROV,PRCNCT,S,S_SV,"2021-01-21 12:30:02",864,857,7,0,228,221,7,0,943,715,227,0,1,1,40,5,51,97,13,2,11,0,2,5,0,0
30,OLT,"ŞCOALA GIMNAZIALĂ NR. 3",33,"MUNICIPIUL SLATINA",125347,2,PART,PRCNCT,S,S_SV,"2021-01-21 12:30:02",1590,1580,10,0,413,403,10,0,1738,1325,406,6,1,0,39,22,91,181,17,4,33,2,7,4,4,2
30,OLT,"LICEUL TEHNOLOGIC METALURGIC",34,"MUNICIPIUL SLATINA",125347,1,PROV,PRCNCT,S,S_SV,"2021-01-21 12:30:02",1629,1592,37,0,407,370,37,0,1752,1345,400,6,1,1,49,28,78,179,13,4,31,5,1,4,7,0
30,OLT,"LICEUL TEHNOLOGIC METALURGIC",35,"MUNICIPIUL SLATINA",125347,1,PROV,PRCNCT,S,S_SV,"2021-01-21 12:30:02",1641,1626,15,0,356,341,15,0,1793,1437,348,7,1,1,49,18,69,147,12,4,39,1,1,2,2,3
30,OLT,"LICEUL TEHNOLOGIC METALURGIC",36,"MUNICIPIUL SLATINA",125347,3,PART,PRCNCT,S,S_SV,"2021-01-21 12:30:02",797,788,9,0,273,264,9,0,868,595,271,2,0,1,41,17,57,133,4,1,10,0,1,1,4,1
30,OLT,"GRĂDINIȚA CU PROGRAM PRELUNGIT NR. 8",37,"MUNICIPIUL SLATINA",125347,1,PROV,PRCNCT,S,S_SV,"2021-01-21 12:30:02",1208,1141,67,0,363,296,67,0,1260,897,358,5,0,0,45,19,82,151,5,2,36,2,2,11,2,1
30,OLT,"GRĂDINIȚA CU PROGRAM PRELUNGIT NR. 8",38,"MUNICIPIUL SLATINA",125347,1,PROV,PRCNCT,S,S_SV,"2021-01-21 12:30:02",1572,1562,10,0,386,376,10,0,1721,1335,375,11,0,2,37,27,84,153,12,2,41,3,3,7,4,0
30,OLT,"ŞCOALA GIMNAZIALĂ CONSTANTIN BRÂNCOVEANU",39,"MUNICIPIUL SLATINA",125347,1,PROV,PRCNCT,S,S_SV,"2021-01-21 12:30:02",1670,1649,21,0,400,379,21,0,1818,1418,389,11,0,1,51,19,83,164,10,1,48,2,1,6,2,1
30,OLT,"ŞCOALA GIMNAZIALĂ CONSTANTIN BRÂNCOVEANU",40,"MUNICIPIUL SLATINA",125347,2,PART,PRCNCT,S,S_SV,"2021-01-21 12:30:02",1420,1403,15,2,433,416,15,2,1549,1116,429,4,0,0,51,22,97,191,17,2,32,2,1,14,0,0
30,OLT,"ŞCOALA GIMNAZIALĂ CONSTANTIN BRÂNCOVEANU",41,"MUNICIPIUL SLATINA",125347,1,PROV,PRCNCT,S,S_SV,"2021-01-21 12:30:02",1590,1574,16,0,407,391,16,0,1734,1327,401,6,0,0,53,19,88,170,10,6,33,5,6,7,3,1
30,OLT,"GRĂDINIȚA CU PROGRAM NORMAL NR. 5",42,"MUNICIPIUL SLATINA",125347,1,PROV,PRCNCT,S,S_SV,"2021-01-21 12:30:02",1724,1707,13,4,563,546,13,4,1874,1311,555,6,2,1,60,37,129,254,15,3,33,4,4,9,1,5
30,OLT,"LICEUL TEHNOLOGIC ALEXE MARIN",43,"MUNICIPIUL SLATINA",125347,1,PROV,PRCNCT,S,S_SV,"2021-01-21 12:30:02",1509,1488,21,0,384,363,21,0,1641,1257,377,7,0,1,48,21,72,181,10,0,30,4,1,4,4,1
30,OLT,"LICEUL TEHNOLOGIC ALEXE MARIN",44,"MUNICIPIUL SLATINA",125347,1,PROV,PRCNCT,S,S_SV,"2021-01-21 12:30:02",1502,1487,15,0,383,368,15,0,1643,1260,379,4,0,0,57,22,83,172,16,0,15,2,1,10,1,0
30,OLT,"LICEUL TEHNOLOGIC ALEXE MARIN",45,"MUNICIPIUL SLATINA",125347,1,PROV,PRCNCT,S,S_SV,"2021-01-21 12:30:02",1626,1617,9,0,413,404,9,0,1776,1363,407,6,0,2,69,23,71,176,18,4,33,0,3,7,1,0
30,OLT,"GRĂDINIȚA CU PROGRAM NORMAL",46,"MUNICIPIUL SLATINA",125347,1,PROV,PRCNCT,S,S_SV,"2021-01-21 12:30:02",1265,1254,9,2,398,387,9,2,1376,978,386,11,1,1,45,39,75,175,7,3,19,4,6,7,2,3
30,OLT,"ŞCOALA GIMNAZIALĂ GEORGE POBORAN",47,"MUNICIPIUL SLATINA",125347,1,PROV,PRCNCT,S,S_SV,"2021-01-21 12:30:02",1391,1352,37,2,474,435,37,2,1483,1009,469,5,0,2,61,32,84,221,18,1,28,1,1,9,7,4
30,OLT,"ŞCOALA GIMNAZIALĂ GEORGE POBORAN",48,"MUNICIPIUL SLATINA",125347,1,PROV,PRCNCT,S,S_SV,"2021-01-21 12:30:02",1201,1176,25,0,303,278,25,0,1292,989,295,6,2,1,34,16,56,134,14,0,27,3,2,7,0,1
30,OLT,"COLEGIUL NAŢIONAL IONIŢĂ ASAN",49,"MUNICIPIUL CARACAL",125472,1,PROV,PRCNCT,S,S_SV,"2021-01-21 12:30:02",1818,1796,22,0,508,486,22,0,1971,1463,486,13,9,0,27,11,55,320,17,2,23,8,1,11,6,5
30,OLT,"GRĂDINIŢA CU PROGRAM PRELUNGIT NR.1",50,"MUNICIPIUL CARACAL",125472,2,PART,PRCNCT,S,S_SV,"2021-01-21 12:30:02",1840,1810,26,4,543,513,26,4,1994,1451,527,6,10,2,22,22,68,358,14,2,27,4,1,2,2,3
30,OLT,"GRĂDINIŢA CU PROGRAM NORMAL NR.4",51,"MUNICIPIUL CARACAL",125472,1,PROV,PRCNCT,S,S_SV,"2021-01-21 12:30:02",1635,1572,26,37,532,469,26,37,1732,1200,521,10,1,2,46,17,70,325,19,4,23,4,0,2,6,3
30,OLT,"LICEUL TEHNOLOGIC CONSTANTIN FILIPESCU",52,"MUNICIPIUL CARACAL",125472,2,PART,PRCNCT,S,S_SV,"2021-01-21 12:30:02",1811,1792,16,3,516,497,16,3,1984,1468,504,10,2,0,43,23,96,270,15,2,40,4,2,4,3,2
30,OLT,"LICEUL MIHAI VITEAZUL",53,"MUNICIPIUL CARACAL",125472,1,PROV,PRCNCT,S,S_SV,"2021-01-21 12:30:02",1426,1388,22,16,429,391,22,16,1535,1106,415,13,1,0,41,16,88,227,17,3,14,1,0,5,3,0
30,OLT,"COLEGIUL TEHNIC MATEI BASARAB",54,"MUNICIPIUL CARACAL",125472,2,PART,PRCNCT,S,S_SV,"2021-01-21 12:30:02",1729,1716,13,0,446,433,13,0,1888,1442,435,9,2,0,32,25,58,271,13,5,22,0,2,4,2,1
30,OLT,"GRĂDINIŢA CU PROGRAM PRELUNGIT NR.3",55,"MUNICIPIUL CARACAL",125472,2,PART,PRCNCT,S,S_SV,"2021-01-21 12:30:02",1624,1599,25,0,462,437,25,0,1760,1298,451,4,7,0,41,20,66,257,24,1,33,3,1,3,0,2
30,OLT,"ŞCOALA GIMNAZIALĂ NICOLAE TITULESCU",56,"MUNICIPIUL CARACAL",125472,2,PART,PRCNCT,S,S_SV,"2021-01-21 12:30:02",1694,1662,30,2,452,420,30,2,1840,1388,441,8,3,3,44,19,75,237,13,0,35,4,1,4,4,2
30,OLT,"ŞCOALA GIMNAZIALĂ NICOLAE TITULESCU",57,"MUNICIPIUL CARACAL",125472,1,PROV,PRCNCT,S,S_SV,"2021-01-21 12:30:02",1514,1480,32,2,479,445,32,2,1633,1154,467,11,1,0,53,23,100,228,25,3,22,7,1,1,2,2
30,OLT,"ŞCOALA GIMNAZIALĂ NR.2",58,"MUNICIPIUL CARACAL",125472,1,PROV,PRCNCT,S,S_SV,"2021-01-21 12:30:02",1616,1582,30,4,528,494,30,4,1747,1219,518,10,0,0,67,19,104,262,26,1,30,2,1,6,0,0
30,OLT,"GRĂDINIȚA CU PROGRAM PRELUNGIT NR.4",59,"MUNICIPIUL CARACAL",125472,1,PROV,PRCNCT,S,S_SV,"2021-01-21 12:30:02",1645,1618,21,6,464,437,21,6,1784,1320,458,4,2,0,47,20,88,246,25,4,21,2,0,5,0,0
30,OLT,"GRĂDINIȚA CU PROGRAM PRELUNGIT NR. 4",60,"MUNICIPIUL CARACAL",125472,1,PROV,PRCNCT,S,S_SV,"2021-01-21 12:30:02",1703,1675,27,1,464,436,27,1,1848,1384,455,7,2,0,37,20,59,281,15,3,30,2,1,2,1,4
30,OLT,"CENTRUL CULTURAL MUNICIPAL CARACAL",61,"MUNICIPIUL CARACAL",125472,1,PROV,PRCNCT,S,S_SV,"2021-01-21 12:30:02",1276,1236,39,1,503,463,39,1,1361,858,493,6,4,1,58,16,88,282,17,3,22,1,0,1,2,2
30,OLT,"ŞCOALA GIMNAZIALĂ GHEORGHE MAGHERU",62,"MUNICIPIUL CARACAL",125472,2,PART,PRCNCT,S,S_SV,"2021-01-21 12:30:02",1808,1779,24,5,593,564,24,5,1958,1365,586,6,1,1,53,28,72,354,14,2,44,4,0,7,4,3
30,OLT,"ŞCOALA GIMNAZIALĂ NR. 3",63,"MUNICIPIUL CARACAL",125472,1,PROV,PRCNCT,S,S_SV,"2021-01-21 12:30:02",1714,1695,13,6,585,566,13,6,1869,1284,577,7,1,1,43,16,100,350,20,3,31,3,0,7,1,2
30,OLT,"ŞCOALA GIMNAZIALĂ NR. 3",64,"MUNICIPIUL CARACAL",125472,1,PROV,PRCNCT,S,S_SV,"2021-01-21 12:30:02",1879,1830,36,13,675,626,36,13,2019,1344,657,15,3,2,24,17,100,449,7,1,49,2,2,2,0,2
30,OLT,"ŞCOALA GIMNAZIALĂ NR.1",65,"MUNICIPIUL CARACAL",125472,1,PROV,PRCNCT,S,S_SV,"2021-01-21 12:30:02",1592,1583,9,0,584,575,9,0,1753,1169,567,12,5,1,41,25,78,366,13,7,26,1,0,3,4,2
30,OLT,"SCOALA GIMNAZIALĂ NR 3 ROMANA",66,"ORAŞ BALŞ",125418,1,PROV,PRCNCT,S,S_SV,"2021-01-21 12:30:02",967,925,42,0,321,279,42,0,1020,699,312,5,4,1,8,3,67,188,21,0,13,6,0,1,1,3
30,OLT,"SCOALA GIMNAZIALĂ NR 2 VIRTINA",67,"ORAŞ BALŞ",125418,1,PROV,PRCNCT,S,S_SV,"2021-01-21 12:30:02",1261,1205,56,0,426,370,56,0,1327,901,412,9,5,1,25,20,104,223,13,0,16,3,1,5,0,1
30,OLT,"SCOALA GIMNAZIALA NR. 1 BALS",68,"ORAŞ BALŞ",125418,1,PROV,PRCNCT,S,S_SV,"2021-01-21 12:30:02",1227,1198,28,1,345,316,28,1,1318,973,330,10,5,3,25,14,37,208,19,0,13,3,0,5,1,2
30,OLT,"SCOALA GIMNAZIALA SPECIALA",69,"ORAŞ BALŞ",125418,1,PROV,PRCNCT,S,S_SV,"2021-01-21 12:30:02",1757,1714,43,0,432,389,43,0,1893,1461,419,7,6,0,20,11,103,211,38,1,20,4,0,4,1,6
30,OLT,"LICEUL TEORETIC PETRE PANDREA",70,"ORAŞ BALŞ",125418,1,PROV,PRCNCT,S,S_SV,"2021-01-21 12:30:02",1487,1422,64,1,470,405,64,1,1575,1105,465,5,0,0,49,20,126,209,27,1,17,1,1,10,2,2
30,OLT,"LICEUL TEORETIC PETRE PANDREA",71,"ORAŞ BALŞ",125418,1,PROV,PRCNCT,S,S_SV,"2021-01-21 12:30:02",1482,1449,33,0,417,384,33,0,1591,1174,413,4,0,1,27,16,109,191,41,2,22,1,0,0,2,1
30,OLT,"SCOALA GIMNAZIALĂ ”MIHAIL DRUMES”",72,"ORAŞ BALŞ",125418,1,PROV,PRCNCT,S,S_SV,"2021-01-21 12:30:02",1733,1695,38,0,467,429,38,0,1866,1399,453,13,1,0,35,13,111,236,25,0,14,7,1,4,4,3
30,OLT,"SCOALA GIMNAZIALĂ ”MIHAIL DRUMES”",73,"ORAŞ BALŞ",125418,1,PROV,PRCNCT,S,S_SV,"2021-01-21 12:30:02",1445,1357,84,4,432,344,84,4,1497,1065,427,2,3,2,41,8,127,184,36,0,23,3,0,0,2,1
30,OLT,"GRADINITA CU PROGRAM NORMAL NR 1",74,"ORAŞ BALŞ",125418,1,PROV,PRCNCT,S,S_SV,"2021-01-21 12:30:02",1352,1318,34,0,321,287,34,0,1451,1130,320,1,0,0,17,11,93,152,18,1,21,2,0,2,1,2
30,OLT,"GRADINITA CU PROGRAM NORMAL NR 1",75,"ORAŞ BALŞ",125418,1,PROV,PRCNCT,S,S_SV,"2021-01-21 12:30:02",1240,1197,43,0,337,294,43,0,1320,983,328,7,2,0,44,12,78,155,10,0,23,2,1,1,1,1
30,OLT,"COLEGIUL TEHNIC",76,"ORAŞ BALŞ",125418,1,PROV,PRCNCT,S,S_SV,"2021-01-21 12:30:02",1450,1396,54,0,380,326,54,0,1542,1162,379,1,0,0,26,9,81,205,20,0,28,1,3,3,0,3
30,OLT,"COLEGIUL TEHNIC",77,"ORAŞ BALŞ",125418,2,PART,PRCNCT,S,S_SV,"2021-01-21 12:30:02",1519,1441,78,0,426,348,78,0,1589,1163,417,9,0,0,29,18,108,203,24,2,24,0,1,3,3,2
30,OLT,"SCOALA GIMNAZIALA TEIS",78,"ORAŞ BALŞ",125418,1,PROV,PRCNCT,S,S_SV,"2021-01-21 12:30:02",692,634,58,0,247,189,58,0,698,451,237,7,3,1,16,9,39,142,5,0,17,1,1,3,2,1
30,OLT,"ŞCOALA GIMNAZIALĂ NR. 1",79,"ORAŞ CORABIA",125542,2,PART,PRCNCT,S,S_SV,"2021-01-21 12:30:02",1482,1462,18,2,355,335,18,2,1608,1253,334,16,5,0,17,9,66,180,15,4,29,3,1,6,2,2
30,OLT,"ŞCOALA GIMNAZIALĂ DUMITRU BUZDUN",80,"ORAŞ CORABIA",125542,1,PROV,PRCNCT,S,S_SV,"2021-01-21 12:30:02",1195,1169,14,12,418,392,14,12,1288,870,405,6,7,1,19,13,101,223,11,3,20,2,1,4,4,3
30,OLT,"SCOALA GIMNAZIALAVIRGIL MAZILESCU",81,"ORAŞ CORABIA",125542,1,PROV,PRCNCT,S,S_SV,"2021-01-21 12:30:02",1033,1016,17,0,236,219,17,0,1119,883,233,3,0,0,24,3,71,111,6,0,9,1,1,4,0,3
30,OLT,"ŞCOALA GIMNAZIALĂ VIRGIL MAZILESCU",82,"ORAŞ CORABIA",125542,2,PART,PRCNCT,S,S_SV,"2021-01-21 12:30:02",1111,1093,15,3,320,302,15,3,1200,880,310,6,4,0,17,15,74,161,16,0,19,2,2,2,2,0
30,OLT,"ŞCOALA GIMNAZIALĂ VIRGIL MAZILESCU",83,"ORAŞ CORABIA",125542,1,PROV,PRCNCT,S,S_SV,"2021-01-21 12:30:02",919,910,8,1,282,273,8,1,1001,719,280,1,1,0,29,10,66,134,20,0,17,0,1,0,3,0
30,OLT,"COLEGIUL NAŢIONALAL I.CUZA",84,"ORAŞ CORABIA",125542,1,PROV,PRCNCT,S,S_SV,"2021-01-21 12:30:02",966,953,13,0,217,204,13,0,1052,835,215,2,0,1,15,7,47,116,7,0,18,0,1,0,2,1
30,OLT,"COLEGIUL NAŢIONALAL I.CUZA",85,"ORAŞ CORABIA",125542,1,PROV,PRCNCT,S,S_SV,"2021-01-21 12:30:02",1186,1163,18,5,379,356,18,5,1281,902,372,7,0,1,36,24,99,178,13,0,13,3,1,3,0,1
30,OLT,"ŞCOALA GIMNAZIALĂ MIHAIL EMINESCU",86,"ORAŞ CORABIA",125542,1,PROV,PRCNCT,S,S_SV,"2021-01-21 12:30:02",1222,1209,10,3,278,265,10,3,1330,1052,267,9,2,1,12,11,54,149,7,2,15,2,0,10,2,2
30,OLT,"ŞCOALA GIMNAZIALĂMIHAIL EMINESCU",87,"ORAŞ CORABIA",125542,1,PROV,PRCNCT,S,S_SV,"2021-01-21 12:30:02",1144,1135,9,0,246,237,9,0,1257,1011,234,10,2,2,24,9,37,119,10,0,23,2,0,3,1,4
30,OLT,"SCOALA CORABIA VECHE",88,"ORAŞ CORABIA",125542,1,PROV,PRCNCT,S,S_SV,"2021-01-21 12:30:02",1523,1496,14,13,361,334,14,13,1653,1292,353,7,1,1,37,12,88,155,13,0,34,0,3,4,2,4
30,OLT,"ŞCOALA GIMNAZIALĂ CELEIU",89,"ORAŞ CORABIA",125542,1,PROV,PRCNCT,S,S_SV,"2021-01-21 12:30:02",1435,1411,13,11,608,584,13,11,1556,948,598,9,1,0,26,15,97,395,20,0,29,4,1,5,2,4
30,OLT,"GRĂDINIŢA SAT VÎRTOPU,CORP 2",90,"ORAŞ CORABIA",125542,1,PROV,PRCNCT,S,S_SV,"2021-01-21 12:30:02",343,330,13,0,112,99,13,0,367,255,107,3,2,1,5,12,10,70,4,0,3,0,2,0,0,0
30,OLT,"ŞCOALA GIMNAZIALĂ SAT TUDOR VLADIMIRESCU",91,"ORAŞ CORABIA",125542,1,PROV,PRCNCT,S,S_SV,"2021-01-21 12:30:02",494,482,11,1,169,157,11,1,531,362,164,4,1,0,7,8,39,69,5,0,34,0,1,1,0,0
30,OLT,"ŞCOALA CARTIER SILIŞTIOARA",92,"ORAŞ CORABIA",125542,1,PROV,PRCNCT,S,S_SV,"2021-01-21 12:30:02",422,408,9,5,117,103,9,5,447,330,115,1,1,0,3,4,30,72,1,0,4,1,0,0,0,0
30,OLT,"LICEUL T.VLADIMIRESCU DRĂGĂNEŞTI-OLT",93,"ORAŞ DRĂGĂNEŞTI-OLT",125622,1,PROV,PRCNCT,S,S_SV,"2021-01-21 12:30:02",1667,1625,42,0,530,488,42,0,1785,1255,512,13,5,0,16,15,210,228,8,3,28,0,0,2,0,2
30,OLT,"LICEUL T.VLADIMIRESCU DRĂGĂNEŞTI-OLT",94,"ORAŞ DRĂGĂNEŞTI-OLT",125622,1,PROV,PRCNCT,S,S_SV,"2021-01-21 12:30:02",1594,1554,37,3,492,452,37,3,1715,1223,482,10,0,1,36,23,177,192,7,1,36,2,1,5,0,1
30,OLT,"LICEUL TEHNOLOGIC DRĂGĂNEŞTI-OLT",95,"ORAŞ DRĂGĂNEŞTI-OLT",125622,1,PROV,PRCNCT,S,S_SV,"2021-01-21 12:30:02",1223,1193,25,5,336,306,25,5,1316,980,323,6,7,3,8,16,115,137,4,1,29,1,0,7,0,2
30,OLT,"LICEUL TEHNOLOGIC DRĂGĂNEŞTI-OLT",96,"ORAŞ DRĂGĂNEŞTI-OLT",125622,1,PROV,PRCNCT,S,S_SV,"2021-01-21 12:30:02",876,844,32,0,237,205,32,0,931,694,229,7,1,0,2,5,75,117,6,1,15,1,0,4,2,1
30,OLT,"LICEUL TEORETIC TUDOR VLADIMIRESCU",97,"ORAŞ DRĂGĂNEŞTI-OLT",125622,1,PROV,PRCNCT,S,S_SV,"2021-01-21 12:30:02",1870,1819,17,34,585,534,17,34,2011,1426,567,15,3,2,33,25,200,253,4,2,39,1,1,2,2,3
30,OLT,"ŞCOALA GIMNAZIALĂ COMANI",98,"ORAŞ DRĂGĂNEŞTI-OLT",125622,1,PROV,PRCNCT,S,S_SV,"2021-01-21 12:30:02",1193,1169,19,5,365,341,19,5,1290,925,354,10,1,0,27,19,98,172,2,1,26,2,1,2,1,3
30,OLT,"ŞCOALA GIMNAZIALĂ COMANI",99,"ORAŞ DRĂGĂNEŞTI-OLT",125622,1,PROV,PRCNCT,S,S_SV,"2021-01-21 12:30:02",1285,1264,21,0,365,344,21,0,1394,1029,352,5,8,2,15,25,114,151,7,0,34,1,0,1,0,2
30,OLT,"SALA DE SPORT PIATRA - OLT",100,"ORAŞ PIATRA-OLT",128105,2,PART,PRCNCT,S,S_SV,"2021-01-21 12:30:02",1031,965,63,3,471,405,63,3,1061,590,457,8,6,0,20,25,63,311,7,2,23,2,0,1,0,3
30,OLT,"SALA DE SPORT PIATRA - OLT",101,"ORAŞ PIATRA-OLT",128105,2,PART,PRCNCT,S,S_SV,"2021-01-21 12:30:02",1040,919,113,8,555,434,113,8,1010,455,541,8,6,1,13,30,96,355,10,1,30,3,0,1,1,0
30,OLT,"SCOALA GENERALA CU CLASELE I-IV",102,"ORAŞ PIATRA-OLT",128105,1,PROV,PRCNCT,S,S_SV,"2021-01-21 12:30:02",474,418,50,6,265,209,50,6,461,196,260,4,1,1,5,6,38,190,4,0,12,2,0,1,0,1
30,OLT,"GRADINITA CU PROGRAM NORMAL",103,"ORAŞ PIATRA-OLT",128105,2,PART,PRCNCT,S,S_SV,"2021-01-21 12:30:02",1142,969,166,7,650,477,166,7,1069,419,637,7,6,1,16,35,122,432,5,2,17,2,1,1,1,2
30,OLT,"GRADINITA CU PROGRAM NORMAL",104,"ORAŞ PIATRA-OLT",128105,1,PROV,PRCNCT,S,S_SV,"2021-01-21 12:30:02",380,270,104,6,260,150,104,6,296,36,259,0,1,0,5,27,44,167,2,2,7,2,0,3,0,0
30,OLT,"GRADINITA CU PROGRAM NORMAL PIATRA",105,"ORAŞ PIATRA-OLT",128105,1,PROV,PRCNCT,S,S_SV,"2021-01-21 12:30:02",773,680,82,11,402,309,82,11,756,354,393,3,6,0,6,19,38,301,2,0,16,3,0,5,0,3
30,OLT,"GRADINITA PIATRA",106,"ORAŞ PIATRA-OLT",128105,1,PROV,PRCNCT,S,S_SV,"2021-01-21 12:30:02",1003,942,47,14,526,465,47,14,1041,515,510,12,4,1,15,27,108,321,3,4,24,2,0,0,4,1
30,OLT,"ŞCOALA CU CLASELE. I-IV FĂLCOIENI",107,"ORAŞ POTCOAVA",128374,1,PROV,PRCNCT,S,S_SV,"2021-01-21 12:30:02",863,808,54,1,325,270,54,1,893,568,324,1,0,0,20,6,51,194,16,2,23,1,5,4,1,1
30,OLT,"LICEUL ”ŞTEFAN DIACONESCU” POTCOAVA",108,"ORAŞ POTCOAVA",128374,1,PROV,PRCNCT,S,S_SV,"2021-01-21 12:30:02",1256,1224,31,1,502,470,31,1,1350,848,490,6,6,1,22,15,101,301,21,2,17,1,1,3,2,3
30,OLT,"LICEUL ”ŞTEFAN DIACONESCU” POTCOAVA",109,"ORAŞ POTCOAVA",128374,1,PROV,PRCNCT,S,S_SV,"2021-01-21 12:30:02",1160,1139,20,1,426,405,20,1,1252,826,407,15,4,1,7,10,54,288,16,4,20,2,0,3,1,1
30,OLT,"ŞCOALA GENERALĂ SINEŞTI",110,"ORAŞ POTCOAVA",128374,1,PROV,PRCNCT,S,S_SV,"2021-01-21 12:30:02",1592,1553,37,2,602,563,37,2,1712,1110,593,6,3,0,13,35,109,356,9,1,52,4,1,7,3,3
30,OLT,"GRUPUL SCOLAR AGRICOL SCORNICEŞTI",111,"ORAŞ SCORNICEŞTI",128711,1,PROV,PRCNCT,S,S_SV,"2021-01-21 12:30:02",1867,1790,55,22,535,458,55,22,1971,1436,529,6,0,0,17,13,194,238,18,4,34,3,0,5,2,1
30,OLT,"SCOALA GEN.CLASELE I-VIII SCORNICESTI",112,"ORAŞ SCORNICEŞTI",128711,2,PART,PRCNCT,S,S_SV,"2021-01-21 12:30:02",1951,1910,41,0,591,550,41,0,2104,1513,580,11,0,1,46,20,196,236,20,3,44,5,0,1,4,4
30,OLT,"SCOALA GENERALA MĂRGINENI",113,"ORAŞ SCORNICEŞTI",128711,1,PROV,PRCNCT,S,S_SV,"2021-01-21 12:30:02",1653,1534,119,0,806,687,119,0,1689,883,776,20,10,3,20,95,314,236,14,8,66,6,0,9,1,4
30,OLT,"SCOALA GENERALA NEGRENI",114,"ORAŞ SCORNICEŞTI",128711,2,PART,PRCNCT,S,S_SV,"2021-01-21 12:30:02",1001,983,18,0,309,291,18,0,1082,773,303,4,2,0,5,9,95,137,10,0,44,0,0,1,2,0
30,OLT,"SCOALA GENERLA BIRCII",115,"ORAŞ SCORNICEŞTI",128711,1,PROV,PRCNCT,S,S_SV,"2021-01-21 12:30:02",993,878,115,0,445,330,115,0,961,516,427,12,6,1,7,16,232,108,9,3,43,2,1,3,0,2
30,OLT,"GRADINITA MOGOSESTI",116,"ORAŞ SCORNICEŞTI",128711,1,PROV,PRCNCT,S,S_SV,"2021-01-21 12:30:02",468,424,44,0,199,155,44,0,467,268,187,12,0,0,11,2,43,103,3,6,10,1,0,5,0,3
30,OLT,"GRADINITA CONSTANTINESTI",117,"ORAŞ SCORNICEŞTI",128711,1,PROV,PRCNCT,S,S_SV,"2021-01-21 12:30:02",484,447,37,0,267,230,37,0,494,227,259,4,4,2,3,4,86,150,2,1,8,1,0,1,0,1
30,OLT,"GRADINITA TEIUS",118,"ORAŞ SCORNICEŞTI",128711,1,PROV,PRCNCT,S,S_SV,"2021-01-21 12:30:02",496,456,40,0,189,149,40,0,504,315,185,4,0,0,2,10,88,55,9,1,17,0,0,3,0,0
30,OLT,"GRADINITA ȘUICA",119,"ORAŞ SCORNICEŞTI",128711,1,PROV,PRCNCT,S,S_SV,"2021-01-21 12:30:02",204,190,14,0,59,45,14,0,212,153,56,1,2,0,2,6,11,27,2,1,6,0,1,0,0,0
30,OLT,JITARU,120,"ORAŞ SCORNICEŞTI",128711,1,PROV,PRCNCT,S,S_SV,"2021-01-21 12:30:02",944,823,121,0,537,416,121,0,908,371,525,11,1,2,4,19,323,137,9,2,25,3,0,1,0,0
30,OLT,"SCOALA GENERALA CHIȚEASCA",121,"ORAŞ SCORNICEŞTI",128711,1,PROV,PRCNCT,S,S_SV,"2021-01-21 12:30:02",510,388,122,0,281,159,122,0,426,145,273,5,3,2,5,14,166,58,6,2,13,2,0,5,0,0
30,OLT,"ŞCOALA GENERALĂ CU CLASELE I-VIII BALDOVINEŞTI",122,BALDOVINEŞTI,125677,2,PART,PRCNCT,S,S_SV,"2021-01-21 12:30:02",579,491,72,16,269,181,72,16,540,271,267,0,2,0,9,3,51,183,4,0,10,4,0,1,0,2
30,OLT,GRĂDINIŢĂ,123,BALDOVINEŞTI,125677,1,PROV,PRCNCT,S,S_SV,"2021-01-21 12:30:02",312,277,25,10,147,112,25,10,303,156,144,3,0,0,5,3,11,111,3,0,8,2,0,1,0,0
30,OLT,"ŞCOALA GENERALĂ CU CLASELE I-IV GUBANDRU",124,BALDOVINEŞTI,125677,1,PROV,PRCNCT,S,S_SV,"2021-01-21 12:30:02",133,92,35,6,81,40,35,6,102,21,81,0,0,0,5,0,3,67,0,0,2,2,0,1,0,1
30,OLT,"CĂMINUL CULTURAL BĂBICIU",125,BĂBICIU,125659,1,PROV,PRCNCT,S,S_SV,"2021-01-21 12:30:02",813,707,40,66,394,288,40,66,779,385,380,10,4,0,13,10,40,273,4,1,24,6,0,5,1,3
30,OLT,"CĂMINUL CULTURAL BĂBICIU",126,BĂBICIU,125659,1,PROV,PRCNCT,S,S_SV,"2021-01-21 12:30:02",1169,1000,129,40,607,438,129,40,1106,499,593,3,11,0,20,31,60,428,11,1,27,3,0,5,0,7
30,OLT,"ŞCOALA GIMNAZIALĂ ” ION I.GRAURE ” BĂLTENI",127,BĂLTENI,130286,1,PROV,PRCNCT,S,S_SV,"2021-01-21 12:30:02",1408,1331,67,10,560,483,67,10,1467,907,551,6,3,1,11,19,53,406,10,2,31,6,1,6,0,5
30,OLT,"ŞCOALA GENERALĂ CLASELE I-VIII",128,BĂRĂŞTI,125757,1,PROV,PRCNCT,S,S_SV,"2021-01-21 12:30:02",811,645,155,11,518,352,155,11,713,195,507,4,7,0,11,15,325,108,7,2,26,4,0,5,2,2
30,OLT,"ŞCOALA GENERALĂ CLASELE I-IV.",129,BĂRĂŞTI,125757,1,PROV,PRCNCT,S,S_SV,"2021-01-21 12:30:02",468,383,78,7,303,218,78,7,403,100,293,6,4,2,2,7,152,99,4,5,13,2,1,3,2,1
30,OLT,"SEDIU FOSTĂ BRIGADĂ AGRICOLĂ",130,BĂRĂŞTI,125757,2,PART,PRCNCT,S,S_SV,"2021-01-21 12:30:02",79,50,28,1,61,32,28,1,77,16,57,1,3,0,2,2,25,24,1,0,0,0,0,3,0,0
30,OLT,"ȘCOALA GIMNAZIALĂ BÎRZA",131,BÂRZA,125846,1,PROV,PRCNCT,S,S_SV,"2021-01-21 12:30:02",921,904,17,0,270,253,17,0,998,728,263,5,2,0,14,18,62,145,7,1,9,2,0,1,1,3
30,OLT,"SCOALA GIMNAZIALĂ BRANEȚ",132,BÂRZA,125846,1,PROV,PRCNCT,S,S_SV,"2021-01-21 12:30:02",1275,1250,25,0,355,330,25,0,1373,1018,344,5,6,3,13,34,53,191,8,0,25,9,0,2,2,4
30,OLT,"CAMINUL CULTURAL BOBICESTI",133,BOBICEŞTI,125873,1,PROV,PRCNCT,S,S_SV,"2021-01-21 12:30:02",865,840,25,0,235,210,25,0,925,690,229,5,1,0,6,12,28,161,7,1,10,2,0,1,0,1
30,OLT,"SCOALA GENERALA BECHET",134,BOBICEŞTI,125873,3,PART,PRCNCT,S,S_SV,"2021-01-21 12:30:02",326,293,33,0,173,140,33,0,321,148,166,3,4,0,5,58,11,76,7,0,3,4,1,1,0,0
30,OLT,"SCOALA GENERALA CHINTESTI",135,BOBICEŞTI,125873,1,PROV,PRCNCT,S,S_SV,"2021-01-21 12:30:02",233,208,22,3,109,84,22,3,229,120,106,3,0,0,2,5,6,87,3,0,3,0,0,0,0,0
30,OLT,"CĂMINUL CULTURAL",136,BOBICEŞTI,125873,1,PROV,PRCNCT,S,S_SV,"2021-01-21 12:30:02",1307,1268,37,2,409,370,37,2,1397,988,398,5,6,1,10,24,48,266,13,3,24,1,0,6,0,2
30,OLT,"ŞCOALA GENERALĂ CU CLASELE I-VIII BRASTAVĂŢU",137,BRASTAVĂŢU,125962,2,PART,PRCNCT,S,S_SV,"2021-01-21 12:30:02",1319,1240,37,42,410,331,37,42,1367,957,386,13,11,2,20,18,51,247,9,1,33,0,0,4,0,1
30,OLT,"ŞCOALA GENERALĂ CU CLASELE I-VIII BRASTAVĂŢU",138,BRASTAVĂŢU,125962,2,PART,PRCNCT,S,S_SV,"2021-01-21 12:30:02",1465,1382,34,49,407,324,34,49,1523,1116,396,6,5,0,17,20,69,240,10,0,25,4,0,6,2,3
30,OLT,"ŞCOALA GENERALĂ CRUŞOVU",139,BRASTAVĂŢU,125962,1,PROV,PRCNCT,S,S_SV,"2021-01-21 12:30:02",899,855,19,25,240,196,19,25,946,706,235,4,1,0,11,8,41,142,1,0,21,2,0,2,1,6
30,OLT,"ȘCOALA GIMNAZIALĂ ”VOIEVOD BRÂNCOVEANU”",140,BRÂNCOVENI,126022,1,PROV,PRCNCT,S,S_SV,"2021-01-21 12:30:02",890,852,38,0,323,285,38,0,939,616,318,5,0,1,3,9,44,216,5,0,27,5,6,0,1,1
30,OLT,"ŞCOALA GIMNAZIALĂ MATEI BASARAB",141,BRÂNCOVENI,126022,1,PROV,PRCNCT,S,S_SV,"2021-01-21 12:30:02",966,886,80,0,439,359,80,0,976,537,423,14,2,0,9,12,127,256,3,2,4,3,3,2,0,2
30,OLT,"GRĂDINIŢA CU PROGRAM NORMAL DOMNIŢA BĂLAŞA",142,BRÂNCOVENI,126022,2,PART,PRCNCT,S,S_SV,"2021-01-21 12:30:02",433,400,33,0,203,170,33,0,444,241,199,3,1,1,2,11,15,154,1,0,9,1,1,3,0,1
30,OLT,"ŞCOALA CU CLASELE I-IV BREBENI",143,BREBENI,125999,1,PROV,PRCNCT,S,S_SV,"2021-01-21 12:30:02",1039,914,112,13,383,258,112,13,1010,627,374,6,3,9,142,9,33,129,17,2,20,4,1,5,1,2
30,OLT,"ŞCOALA GIMNAZIALĂ BREBENI",144,BREBENI,125999,1,PROV,PRCNCT,S,S_SV,"2021-01-21 12:30:02",1456,1315,121,20,547,406,121,20,1451,904,533,9,5,2,145,56,35,239,16,1,21,6,2,6,0,4
30,OLT,"CĂMINUL CULTURAL",145,BUCINIŞU,126077,4,PART,PRCNCT,S,S_SV,"2021-01-21 12:30:02",1706,1582,101,23,807,683,101,23,1745,938,786,11,7,1,20,15,207,478,9,6,35,6,0,4,2,3
30,OLT,"SCOALA GIMNAZIALA CALUI",146,CĂLUI,130295,2,PART,PRCNCT,S,S_SV,"2021-01-21 12:30:02",767,734,33,0,266,233,33,0,811,545,247,11,8,3,5,13,52,140,14,2,10,1,0,5,0,2
30,OLT,"GRADINITA CU PROGRAM NORMAL GURA CALUIU",147,CĂLUI,130295,1,PROV,PRCNCT,S,S_SV,"2021-01-21 12:30:02",500,478,22,0,159,137,22,0,528,369,149,6,4,1,1,3,14,113,3,1,5,2,0,5,0,1
30,OLT,"SCOALA GIMNAZIALĂ CÎRLOGANI",148,CÂRLOGANI,126166,1,PROV,PRCNCT,S,S_SV,"2021-01-21 12:30:02",1195,1152,43,0,394,351,43,0,1271,877,379,8,7,1,4,33,80,260,1,0,0,0,0,0,0,0
30,OLT,"SCOALA GIMNAZIALĂ CEPARI",149,CÂRLOGANI,126166,1,PROV,PRCNCT,S,S_SV,"2021-01-21 12:30:02",746,694,52,0,277,225,52,0,764,487,272,4,1,2,10,30,33,160,7,1,22,2,0,4,0,1
30,OLT,"SCOALA GIMANZIALA NICOLAE MARINEANU",150,CEZIENI,126102,1,PROV,PRCNCT,S,S_SV,"2021-01-21 12:30:02",1053,951,84,18,451,349,84,18,1048,597,445,2,4,0,8,7,79,315,5,1,13,4,0,5,1,7
30,OLT,"CAMIN CULTURAL",151,CEZIENI,126102,1,PROV,PRCNCT,S,S_SV,"2021-01-21 12:30:02",191,176,15,0,98,83,15,0,196,98,95,1,2,0,2,4,20,61,1,1,6,0,0,0,0,0
30,OLT,"CENTRUL SOCIAL",152,CEZIENI,126102,1,PROV,PRCNCT,S,S_SV,"2021-01-21 12:30:02",285,255,26,4,134,104,26,4,283,149,128,3,3,0,5,2,18,95,1,0,2,2,0,3,0,0
30,OLT,"LICEUL TEHNOLOGIC ION POPESCU CILIENI",153,CILIENI,126148,1,PROV,PRCNCT,S,S_SV,"2021-01-21 12:30:02",1275,1264,11,0,430,419,11,0,1383,953,424,6,0,1,16,24,42,286,7,1,40,2,0,3,0,2
30,OLT,"LICEUL TEHNOLOGIC ION POPESCU CILIENI",154,CILIENI,126148,1,PROV,PRCNCT,S,S_SV,"2021-01-21 12:30:02",1369,1353,16,0,471,455,16,0,1497,1026,466,5,0,0,24,33,50,312,4,1,36,2,0,1,0,3
30,OLT,"CAMINUL CULTURAL ILIE MARTIN",155,COLONEŞTI,126228,1,PROV,PRCNCT,S,S_SV,"2021-01-21 12:30:02",703,554,132,17,480,331,132,17,579,99,480,0,0,0,7,1,221,235,0,0,14,0,0,2,0,0
30,OLT,"GRADINITA CU PROGRAM NORMAL BATARENI",156,COLONEŞTI,126228,1,PROV,PRCNCT,S,S_SV,"2021-01-21 12:30:02",227,147,76,4,174,94,76,4,194,20,174,0,0,0,10,0,68,91,5,0,0,0,0,0,0,0
30,OLT,"SCOALA GENERALA MARIA TUDORACHE",157,COLONEŞTI,126228,1,PROV,PRCNCT,S,S_SV,"2021-01-21 12:30:02",374,317,44,13,220,163,44,13,350,130,218,2,0,0,0,4,113,92,5,0,0,0,0,4,0,0
30,OLT,"GRADINITA CU PROGRAM NORMAL VLAICI",158,COLONEŞTI,126228,1,PROV,PRCNCT,S,S_SV,"2021-01-21 12:30:02",327,265,48,14,209,147,48,14,294,85,208,1,0,0,4,6,50,122,4,0,16,0,0,4,0,2
30,OLT,"ŞCOALA GIMNAZIALĂ CORBU",159,CORBU,126326,2,PART,PRCNCT,S,S_SV,"2021-01-21 12:30:02",893,845,26,22,306,258,26,22,931,625,296,8,2,0,8,9,60,186,2,1,21,0,0,6,1,2
30,OLT,"ŞCOALA GIMNAZIALĂ BUZEŞTI",160,CORBU,126326,2,PART,PRCNCT,S,S_SV,"2021-01-21 12:30:02",540,492,26,22,284,236,26,22,546,262,279,5,0,1,8,12,46,196,5,1,6,1,0,1,0,2
30,OLT,"GRĂDINIŢA MILCOVENI",161,CORBU,126326,1,PROV,PRCNCT,S,S_SV,"2021-01-21 12:30:02",397,355,28,14,197,155,28,14,393,196,191,4,2,0,7,3,46,116,1,0,9,2,0,6,0,1
30,OLT,"ŞCOALA GIMNAZIALĂ COTEANA",162,COTEANA,126380,1,PROV,PRCNCT,S,S_SV,"2021-01-21 12:30:02",1069,941,114,14,632,504,114,14,1042,410,616,10,6,1,17,30,32,498,8,0,26,2,0,2,0,0
30,OLT,"ŞCOALA GIMNAZIALĂ COTEANA",163,COTEANA,126380,1,PROV,PRCNCT,S,S_SV,"2021-01-21 12:30:02",1078,871,187,20,676,469,187,20,961,285,673,3,0,0,22,27,36,560,8,1,16,0,0,1,0,2
30,OLT,"LICEUL TEHNOLOGIC CRÎMPOIA",164,CRÂMPOIA,126406,1,PROV,PRCNCT,S,S_SV,"2021-01-21 12:30:02",1152,1111,22,19,452,411,22,19,1222,770,442,7,3,0,11,14,29,347,6,2,20,2,0,5,0,6
30,OLT,"LICEUL TEHNOLOGIC CRÎMPOIA",165,CRÂMPOIA,126406,1,PROV,PRCNCT,S,S_SV,"2021-01-21 12:30:02",1215,1153,33,29,427,365,33,29,1271,844,407,16,4,0,12,39,20,301,7,0,20,4,0,4,0,0
30,OLT,"SCOALA CU CLASELE I-IV BUTA",166,CRÂMPOIA,126406,1,PROV,PRCNCT,S,S_SV,"2021-01-21 12:30:02",662,627,31,4,258,223,31,4,689,431,252,6,0,0,9,6,40,152,3,1,33,6,0,0,0,2
30,OLT,"PRIMĂRIE,STR.PRIMĂRIEI,NR.8",167,CUNGREA,126503,1,PROV,PRCNCT,S,S_SV,"2021-01-21 12:30:02",806,679,124,3,449,322,124,3,747,298,442,4,3,3,4,21,320,67,3,3,20,1,0,0,0,0
30,OLT,"ŞCOALA GIMNAZIALĂ CEPEŞTI",168,CUNGREA,126503,1,PROV,PRCNCT,S,S_SV,"2021-01-21 12:30:02",709,643,66,0,426,360,66,0,709,283,411,14,1,1,5,12,272,111,4,0,1,1,1,2,0,1
30,OLT,"ŞCOALA GIMNAZIALĂ SPĂTARU",169,CUNGREA,126503,1,PROV,PRCNCT,S,S_SV,"2021-01-21 12:30:02",289,232,56,1,191,134,56,1,257,66,186,3,2,0,1,3,127,51,1,0,2,0,0,0,0,1
30,OLT,"CĂMINUL CULTURAL ” DAMIAN STĂNOIU”",170,CURTIŞOARA,126433,1,PROV,PRCNCT,S,S_SV,"2021-01-21 12:30:02",1426,1276,150,0,576,426,150,0,1412,836,553,16,7,0,18,31,49,376,10,3,50,4,1,5,3,3
30,OLT,"ŞCOALA CU CLASELE I-VIII DOBROTINET",171,CURTIŞOARA,126433,1,PROV,PRCNCT,S,S_SV,"2021-01-21 12:30:02",1458,1358,92,8,630,530,92,8,1496,866,614,10,6,4,21,7,70,424,16,4,46,8,0,5,1,8
30,OLT,"ŞCOALA CU CLASELE I-IV PROASPEŢI",172,CURTIŞOARA,126433,1,PROV,PRCNCT,S,S_SV,"2021-01-21 12:30:02",1052,976,73,3,446,370,73,3,1080,634,436,8,2,2,11,20,31,293,13,2,51,1,2,5,2,3
30,OLT,"CENTRUL SOCIAL DĂNEASA",173,DĂNEASA,126585,1,PROV,PRCNCT,S,S_SV,"2021-01-21 12:30:02",1216,1161,38,17,412,357,38,17,1282,870,408,3,1,0,28,16,39,268,6,0,44,2,0,1,0,4
30,OLT,"SCOALA BERINDEI",174,DĂNEASA,126585,2,PART,PRCNCT,S,S_SV,"2021-01-21 12:30:02",451,437,14,0,163,149,14,0,479,316,160,3,0,0,12,8,13,101,1,1,16,2,0,5,0,1
30,OLT,"GRADINITA CIOFLANU",175,DĂNEASA,126585,1,PROV,PRCNCT,S,S_SV,"2021-01-21 12:30:02",524,506,18,0,136,118,18,0,556,420,134,2,0,0,9,8,14,91,2,3,7,0,0,0,0,0
30,OLT,"CAMINUL CULTURAL",176,DĂNEASA,126585,2,PART,PRCNCT,S,S_SV,"2021-01-21 12:30:02",452,421,30,1,139,108,30,1,465,326,136,2,1,0,6,29,12,55,6,0,17,0,0,10,0,1
30,OLT,"SCOALA ZANOAGA",177,DĂNEASA,126585,1,PROV,PRCNCT,S,S_SV,"2021-01-21 12:30:02",373,342,22,9,152,121,22,9,377,225,149,2,1,0,7,7,6,105,1,1,17,1,1,0,2,1
30,OLT,"CĂMINUL CULTURAL",178,DEVESELU,126647,1,PROV,PRCNCT,S,S_SV,"2021-01-21 12:30:02",1492,1369,52,71,555,432,52,71,1503,948,543,6,6,2,25,37,59,310,32,2,59,4,0,7,0,6
30,OLT,"CĂMINUL CULTURAL",179,DEVESELU,126647,1,PROV,PRCNCT,S,S_SV,"2021-01-21 12:30:02",1083,1014,25,44,376,307,25,44,1115,739,360,11,5,2,14,9,40,212,28,2,41,2,0,5,3,2
30,OLT,"CASA ARMATEI",180,DEVESELU,126647,1,PROV,PRCNCT,S,S_SV,"2021-01-21 12:30:02",293,237,51,5,123,67,51,5,257,134,120,2,1,0,5,29,19,47,6,1,9,2,0,1,0,1
30,OLT,"CĂMINUL CULTURAL CURTIŞOARA",181,DOBREŢU,126674,2,PART,PRCNCT,S,S_SV,"2021-01-21 12:30:02",675,636,27,12,259,220,27,12,702,443,249,5,5,1,2,10,45,142,12,0,34,1,0,2,0,0
30,OLT,"CĂMINUL CULTURAL HOREZU",182,DOBREŢU,126674,1,PROV,PRCNCT,S,S_SV,"2021-01-21 12:30:02",426,381,24,21,246,201,24,21,418,172,242,3,1,0,5,10,14,186,13,1,8,2,0,1,0,2
30,OLT,"SCOALA GIMNAZIALA DOBROSLOVENI",183,DOBROSLOVENI,126718,1,PROV,PRCNCT,S,S_SV,"2021-01-21 12:30:02",1127,1104,23,0,331,308,23,0,1211,880,322,6,3,2,21,23,51,180,5,0,33,1,0,3,3,0
30,OLT,"GRADINITA CU PROGRAM NORMAL FRASINETU",184,DOBROSLOVENI,126718,2,PART,PRCNCT,S,S_SV,"2021-01-21 12:30:02",385,360,25,0,138,113,25,0,393,255,134,2,2,2,8,7,24,71,7,2,6,5,0,1,1,0
30,OLT,"GRADINITA CU PROGRAM NORMAL POTOPINU",185,DOBROSLOVENI,126718,1,PROV,PRCNCT,S,S_SV,"2021-01-21 12:30:02",565,551,14,0,153,139,14,0,606,453,147,3,3,0,11,11,12,73,7,0,28,1,0,4,0,0
30,OLT,"SCOALA CU CLASELE I-VIII RESCA",186,DOBROSLOVENI,126718,1,PROV,PRCNCT,S,S_SV,"2021-01-21 12:30:02",1006,982,22,2,258,234,22,2,1083,825,251,4,3,2,7,13,34,139,10,2,35,3,0,5,0,1
30,OLT,"ŞCOALA GIMNAZIALĂ CU CLASELE I-VIII DOBROTEASA",187,DOBROTEASA,126772,1,PROV,PRCNCT,S,S_SV,"2021-01-21 12:30:02",1342,1251,67,24,615,524,67,24,1381,766,594,0,21,1,11,35,55,407,17,3,39,8,0,6,4,8
30,OLT,"SCOALA DOBRUN",188,DOBRUN,126825,1,PROV,PRCNCT,S,S_SV,"2021-01-21 12:30:02",607,582,20,5,284,259,20,5,644,360,282,2,0,1,2,5,19,234,7,0,10,0,0,2,0,2
30,OLT,"ȘCOALA ROȘIENII MARI",189,DOBRUN,126825,1,PROV,PRCNCT,S,S_SV,"2021-01-21 12:30:02",645,602,34,9,312,269,34,9,664,352,310,2,0,0,3,8,46,246,7,0,0,0,0,0,0,0
30,OLT,"ŞCOALA GENERALĂ CU CLASELE I-VIII DRĂGHICENI",190,DRĂGHICENI,125490,1,PROV,PRCNCT,S,S_SV,"2021-01-21 12:30:02",1620,1525,57,38,688,593,57,38,1675,987,674,11,3,1,10,23,112,471,14,0,33,0,0,4,0,6
30,OLT,"ŞCOALA GIMNAZIALĂ FĂGEŢELU",191,FĂGEŢELU,126905,1,PROV,PRCNCT,S,S_SV,"2021-01-21 12:30:02",505,419,82,4,268,182,82,4,464,196,253,5,10,0,10,27,50,142,6,1,11,1,1,0,1,3
30,OLT,"ŞCOALA CU CLASELE I-VIII CHILIA",192,FĂGEŢELU,126905,1,PROV,PRCNCT,S,S_SV,"2021-01-21 12:30:02",321,241,76,4,226,146,76,4,266,40,219,3,4,1,9,18,19,158,2,0,3,0,1,7,0,1
30,OLT,"ŞCOALA CU CLASELE I-VIII FĂLCOIU",193,FĂLCOIU,126978,1,PROV,PRCNCT,S,S_SV,"2021-01-21 12:30:02",1070,977,19,74,382,289,19,74,1076,694,378,2,2,3,8,3,25,322,5,0,10,1,0,0,0,1
30,OLT,"ŞCOALA CU CLASELE I-VIII FĂLCOIU",194,FĂLCOIU,126978,2,PART,PRCNCT,S,S_SV,"2021-01-21 12:30:02",1125,1046,30,49,401,322,30,49,1150,749,388,10,3,1,8,10,24,306,5,1,26,0,1,2,1,3
30,OLT,"ŞCOALA CU CLASELE I-VIII CIOROIU",195,FĂLCOIU,126978,1,PROV,PRCNCT,S,S_SV,"2021-01-21 12:30:02",1079,1039,21,19,305,265,21,19,1144,839,295,7,3,0,6,7,47,184,9,3,27,2,1,6,1,2
30,OLT,"GRADINITA FARCASELE",196,FĂRCAŞELE,127019,1,PROV,PRCNCT,S,S_SV,"2021-01-21 12:30:02",977,969,8,0,244,236,8,0,1063,819,240,4,0,0,8,5,33,127,22,3,39,0,0,1,1,1
30,OLT,"GRADINITA FARCASU DE JOS",197,FĂRCAŞELE,127019,1,PROV,PRCNCT,S,S_SV,"2021-01-21 12:30:02",1490,1459,30,1,494,463,30,1,1609,1115,473,16,5,2,15,9,51,270,57,3,55,5,0,5,0,1
30,OLT,"SCOALA GIMNAZIALA FARCASELE",198,FĂRCAŞELE,127019,1,PROV,PRCNCT,S,S_SV,"2021-01-21 12:30:02",728,712,16,0,204,188,16,0,785,581,198,1,5,0,4,9,26,112,31,0,13,0,0,1,0,2
30,OLT,"SCOALA GIMNAZIALA HOTARANI",199,FĂRCAŞELE,127019,1,PROV,PRCNCT,S,S_SV,"2021-01-21 12:30:02",736,726,10,0,179,169,10,0,797,618,175,2,2,0,5,5,16,102,14,0,28,1,1,1,0,2
30,OLT,"GRĂDINIȚA GĂNEASA",200,GĂNEASA,127064,2,PART,PRCNCT,S,S_SV,"2021-01-21 12:30:02",1565,1486,69,10,519,440,69,10,1637,1118,507,8,4,2,16,14,73,320,21,0,51,7,0,0,1,2
30,OLT,"ȘCOALA GIMNAZIALĂ DRANOVĂȚU",201,GĂNEASA,127064,1,PROV,PRCNCT,S,S_SV,"2021-01-21 12:30:02",982,872,105,5,475,365,105,5,962,487,463,11,1,0,12,14,36,358,15,1,17,3,0,5,2,0
30,OLT,"ŞCOALA PRIMARĂ IZVORU",202,GĂNEASA,127064,1,PROV,PRCNCT,S,S_SV,"2021-01-21 12:30:02",656,580,60,16,314,238,60,16,640,326,308,6,0,0,8,11,28,215,9,0,30,1,1,5,0,0
30,OLT,"GRĂDINIŢA CU PROGRAM NORMAL GĂVĂNEŞTI",203,GĂVĂNEŞTI,130302,1,PROV,PRCNCT,S,S_SV,"2021-01-21 12:30:02",637,593,38,6,304,260,38,6,655,351,299,2,3,0,6,8,25,239,4,0,12,2,0,2,0,1
30,OLT,"SCOALA CU CLASELE I-VIII BALEASA",204,GĂVĂNEŞTI,130302,1,PROV,PRCNCT,S,S_SV,"2021-01-21 12:30:02",749,688,43,18,374,313,43,18,757,383,370,2,2,0,9,2,13,325,3,1,12,2,0,0,0,3
30,OLT,"SCOALA CU CLS.I-IV BROSTENI",205,GĂVĂNEŞTI,130302,1,PROV,PRCNCT,S,S_SV,"2021-01-21 12:30:02",340,309,26,5,190,159,26,5,343,153,189,1,0,0,0,2,12,159,5,3,6,0,0,0,0,2
30,OLT,"GRĂDINIŢA CU PROGRAM NORMAL GÎRCOV",206,GÂRCOV,125588,1,PROV,PRCNCT,S,S_SV,"2021-01-21 12:30:02",1268,1231,15,22,435,398,15,22,1357,922,430,3,2,0,36,6,28,319,9,0,6,0,3,15,6,2
30,OLT,"ŞCOALA GENERALĂ URSA",207,GÂRCOV,125588,1,PROV,PRCNCT,S,S_SV,"2021-01-21 12:30:02",707,679,10,18,230,202,10,18,751,521,217,5,8,0,15,8,22,153,2,2,7,1,0,5,0,2
30,OLT,"GRĂDINIŢA CU PROGRAM NORMAL",208,GHIMPEŢENI,130311,2,PART,PRCNCT,S,S_SV,"2021-01-21 12:30:02",401,374,7,20,185,158,7,20,411,226,179,2,4,0,4,2,24,135,1,0,12,0,0,0,0,1
30,OLT,"ŞCOALA GIMNAZIALĂ GHIMPEŢENI",209,GHIMPEŢENI,130311,1,PROV,PRCNCT,S,S_SV,"2021-01-21 12:30:02",883,810,26,47,413,340,26,47,890,477,407,2,4,2,9,3,32,318,15,0,23,4,0,0,1,0
30,OLT,"ŞCOALA CU CLASELE I-VIII GIUVĂRĂŞTI",210,GIUVĂRĂŞTI,127126,1,PROV,PRCNCT,S,S_SV,"2021-01-21 12:30:02",967,936,6,25,309,278,6,25,1030,721,300,6,3,0,12,8,49,216,4,1,8,0,0,0,1,1
30,OLT,"ŞCOALA CU CLASELE I-VIII GIUVĂRĂŞTI",211,GIUVĂRĂŞTI,127126,2,PART,PRCNCT,S,S_SV,"2021-01-21 12:30:02",933,907,10,16,342,316,10,16,999,657,336,2,4,1,13,4,65,221,11,1,17,0,0,0,1,2
30,OLT,"ŞCOALA GENERALĂ GOSTAVĂŢU",212,GOSTAVĂŢU,127144,2,PART,PRCNCT,S,S_SV,"2021-01-21 12:30:02",1332,1298,34,0,402,368,34,0,1431,1029,393,6,3,0,20,20,40,257,7,1,26,2,1,12,5,2
30,OLT,"CĂMINUL CULTURAL SLĂVENI",213,GOSTAVĂŢU,127144,1,PROV,PRCNCT,S,S_SV,"2021-01-21 12:30:02",1109,1082,27,0,394,367,27,0,1194,800,384,6,4,1,5,12,37,286,4,1,27,3,0,4,1,3
30,OLT,"ŞCOALA GIMNAZIALĂ GRĂDINARI",214,GRĂDINARI,127171,2,PART,PRCNCT,S,S_SV,"2021-01-21 12:30:02",803,782,18,3,273,252,18,3,864,591,267,2,4,0,10,9,26,181,6,1,31,0,0,2,1,0
30,OLT,"ŞCOALA PRIMARĂ PETCULEŞTI",215,GRĂDINARI,127171,1,PROV,PRCNCT,S,S_SV,"2021-01-21 12:30:02",898,878,14,6,245,225,14,6,966,721,241,1,3,0,3,0,3,208,1,0,9,2,0,15,0,0
30,OLT,"ŞCOALA GENERALĂ I-IV SATU NOU",216,GRĂDINARI,127171,1,PROV,PRCNCT,S,S_SV,"2021-01-21 12:30:02",274,237,31,6,148,111,31,6,260,112,147,1,0,1,3,2,12,120,4,0,2,1,0,2,0,0
30,OLT,"CAMINUL CULTURAL GRADINILE",217,GRĂDINILE,130320,1,PROV,PRCNCT,S,S_SV,"2021-01-21 12:30:02",1289,1217,50,22,598,526,50,22,1338,740,590,2,6,0,14,14,55,452,17,1,22,3,0,6,0,6
30,OLT,"GRĂDINIȚA CU PROGRAM NORMAL",218,GROJDIBODU,127224,2,PART,PRCNCT,S,S_SV,"2021-01-21 12:30:02",869,844,14,11,318,293,14,11,932,614,310,1,7,0,4,11,53,219,6,0,12,2,1,0,2,0
30,OLT,"GRĂDINIȚA CU PROGRAM NORMAL",219,GROJDIBODU,127224,2,PART,PRCNCT,S,S_SV,"2021-01-21 12:30:02",882,853,17,12,273,244,17,12,937,664,271,2,0,1,6,12,55,158,8,1,18,2,7,0,1,2
30,OLT,"GRĂDINIȚA CU PROGRAM NORMAL HOTARU",220,GROJDIBODU,127224,1,PROV,PRCNCT,S,S_SV,"2021-01-21 12:30:02",591,564,14,13,234,207,14,13,622,388,227,5,2,0,0,12,33,151,12,1,9,1,6,2,0,0
30,OLT,"CĂMIN CULTURAL",221,"GURA PADINII",130339,1,PROV,PRCNCT,S,S_SV,"2021-01-21 12:30:02",1510,1419,29,62,806,715,29,62,1564,758,776,20,10,1,9,10,148,542,26,1,18,6,0,4,0,11
30,OLT,"SCOALA GIMNAZIALA ADA UMBRA IANCA",222,IANCA,127251,2,PART,PRCNCT,S,S_SV,"2021-01-21 12:30:02",1091,1053,21,17,321,283,21,17,1160,839,315,3,3,0,9,3,105,175,4,1,13,2,0,2,1,0
30,OLT,"SCOALA GIMNAZIALA ADA UMBRA IANCA",223,IANCA,127251,2,PART,PRCNCT,S,S_SV,"2021-01-21 12:30:02",1056,1014,16,26,331,289,16,26,1119,788,331,0,0,0,7,7,69,222,4,0,16,1,0,3,1,1
30,OLT,"SCOALA GIMNAZIALA GEORGE VISAN POTELU",224,IANCA,127251,1,PROV,PRCNCT,S,S_SV,"2021-01-21 12:30:02",1054,993,40,21,430,369,40,21,1100,670,423,2,5,2,6,19,59,298,7,0,23,3,0,3,0,3
30,OLT,"SCOALA GENERALA NR 1 IANCU JIANU",225,"IANCU JIANU",127288,2,PART,PRCNCT,S,S_SV,"2021-01-21 12:30:02",1467,1427,40,0,626,586,40,0,1572,946,601,1,24,0,16,11,349,165,17,2,35,2,0,2,1,1
30,OLT,"LICEUL IANCU JIANU",226,"IANCU JIANU",127288,2,PART,PRCNCT,S,S_SV,"2021-01-21 12:30:02",1335,1290,45,0,540,495,45,0,1421,881,527,6,7,0,43,6,269,156,13,4,24,5,0,1,3,3
30,OLT,"ŞCOALA GIMNAZIALĂ DOBRICENI",227,"IANCU JIANU",127288,1,PROV,PRCNCT,S,S_SV,"2021-01-21 12:30:02",834,797,37,0,359,322,37,0,878,519,339,7,13,2,8,5,170,94,40,2,14,1,0,1,0,2
30,OLT,"SCOALA GIMNAZIALA ICOANA",228,ICOANA,127322,1,PROV,PRCNCT,S,S_SV,"2021-01-21 12:30:02",570,525,45,0,264,219,45,0,578,314,254,7,3,0,6,6,24,187,2,1,16,2,0,6,1,3
30,OLT,"CAMINUL CULTURAL FLORU",229,ICOANA,127322,1,PROV,PRCNCT,S,S_SV,"2021-01-21 12:30:02",401,362,39,0,212,173,39,0,402,190,204,3,5,0,3,8,23,143,4,0,18,2,1,0,1,1
30,OLT,"SCOALA GIMNAZIALA URSOAIA",230,ICOANA,127322,1,PROV,PRCNCT,S,S_SV,"2021-01-21 12:30:02",585,541,44,0,222,178,44,0,596,374,212,6,4,2,5,16,85,90,3,0,6,2,0,2,0,1
30,OLT,"BAZA SPORTIVĂ",231,IPOTEŞTI,130348,1,PROV,PRCNCT,S,S_SV,"2021-01-21 12:30:02",1300,1208,92,0,507,415,92,0,1325,818,496,1,10,0,5,36,32,383,8,0,29,2,0,0,1,0
30,OLT,"ŞCOALA VECHE",232,IZBICENI,127368,1,PROV,PRCNCT,S,S_SV,"2021-01-21 12:30:02",931,927,4,0,307,303,4,0,1022,715,305,1,1,1,19,29,46,184,6,0,15,1,0,2,0,2
30,OLT,"GRĂDINIŢA CU PROGRAM NORMAL IZBICENI",233,IZBICENI,127368,3,PART,PRCNCT,S,S_SV,"2021-01-21 12:30:02",1529,1515,14,0,432,418,14,0,1675,1243,417,8,7,0,26,27,59,246,7,0,42,3,2,1,0,4
30,OLT,"ŞCOALA NOUA",234,IZBICENI,127368,1,PROV,PRCNCT,S,S_SV,"2021-01-21 12:30:02",1367,1361,6,0,451,445,6,0,1496,1045,445,4,2,0,63,11,77,250,5,0,36,0,1,0,0,2
30,OLT,"LICEUL TEHNOLOGIC IZVOARELE",235,IZVOARELE,127386,1,PROV,PRCNCT,S,S_SV,"2021-01-21 12:30:02",923,899,24,0,220,196,24,0,994,774,215,2,3,2,8,9,31,123,4,0,25,3,6,1,1,2
30,OLT,"SCOALA GENERALA CU CLASELE I-VIII ALIMANESTI",236,IZVOARELE,127386,1,PROV,PRCNCT,S,S_SV,"2021-01-21 12:30:02",1888,1856,32,0,481,449,32,0,2045,1564,468,4,9,1,11,45,52,282,12,2,48,6,1,4,1,3
30,OLT,"CAMIN CULTURAL LELEASCA",237,LELEASCA,127411,1,PROV,PRCNCT,S,S_SV,"2021-01-21 12:30:02",464,431,33,0,196,163,33,0,476,280,193,3,0,0,7,47,29,72,18,0,7,5,3,2,0,3
30,OLT,"SCOALA GENERALA TONESTI",238,LELEASCA,127411,1,PROV,PRCNCT,S,S_SV,"2021-01-21 12:30:02",323,278,45,0,151,106,45,0,307,156,149,2,0,1,8,51,30,35,9,0,7,3,1,2,0,2
30,OLT,"CAMINUL CULTURAL URSI",239,LELEASCA,127411,1,PROV,PRCNCT,S,S_SV,"2021-01-21 12:30:02",418,381,37,0,171,134,37,0,419,248,162,6,3,0,6,39,18,71,19,0,4,2,1,0,0,2
30,OLT,"ŞCOALA PRIMARĂ VIIŞOARA",240,MĂRUNŢEI,127493,1,PROV,PRCNCT,S,S_SV,"2021-01-21 12:30:02",846,820,26,0,201,175,26,0,904,703,193,5,3,0,11,43,35,73,5,1,18,5,0,0,1,1
30,OLT,"ŞCOALA CU CLASELE I-VIII MĂRUNŢEI",241,MĂRUNŢEI,127493,1,PROV,PRCNCT,S,S_SV,"2021-01-21 12:30:02",1182,1160,22,0,240,218,22,0,1275,1035,234,3,3,0,14,47,45,96,5,0,21,0,1,0,3,2
30,OLT,"ŞCOALA CU CLASELE I-VIII BĂLĂNEŞTI",242,MĂRUNŢEI,127493,1,PROV,PRCNCT,S,S_SV,"2021-01-21 12:30:02",1154,1129,25,0,231,206,25,0,1246,1015,220,7,4,1,11,21,25,136,5,2,11,6,0,2,0,0
30,OLT,"ŞCOALA PRIMARĂ MALU-ROŞU",243,MĂRUNŢEI,127493,1,PROV,PRCNCT,S,S_SV,"2021-01-21 12:30:02",135,116,19,0,52,33,19,0,125,73,52,0,0,1,5,17,7,20,1,0,1,0,0,0,0,0
30,OLT,"ŞCOALA MIHĂEŞTI",244,MIHĂEŞTI,127536,1,PROV,PRCNCT,S,S_SV,"2021-01-21 12:30:02",692,650,42,0,252,210,42,0,718,466,249,2,1,1,11,2,104,105,12,2,9,1,0,2,0,0
30,OLT,"ŞCOALA BUSCA",245,MIHĂEŞTI,127536,1,PROV,PRCNCT,S,S_SV,"2021-01-21 12:30:02",542,513,29,0,250,221,29,0,569,319,239,8,3,0,7,13,112,68,2,1,31,4,0,1,0,0
30,OLT,"ŞCOALA GENERALĂ",246,MILCOV,127563,1,PROV,PRCNCT,S,S_SV,"2021-01-21 12:30:02",274,207,67,0,189,122,67,0,228,39,187,2,0,0,4,2,21,144,3,0,10,0,0,0,0,3
30,OLT,"CĂMINUL CULTURAL ULMI",247,MILCOV,127563,1,PROV,PRCNCT,S,S_SV,"2021-01-21 12:30:02",595,560,35,0,204,169,35,0,618,414,201,3,0,0,6,14,36,112,15,0,14,0,0,3,0,1
30,OLT,"ŞCOALA GENERALĂ CU CLASELE I-VIII",248,MILCOV,127563,1,PROV,PRCNCT,S,S_SV,"2021-01-21 12:30:02",600,506,94,0,269,175,94,0,559,290,269,0,0,1,9,9,41,175,9,1,19,0,0,3,0,2
30,OLT,"ȘCOALA PRIMARĂ",249,MORUNGLAV,127625,1,PROV,PRCNCT,S,S_SV,"2021-01-21 12:30:02",1218,1170,48,0,432,384,48,0,1288,856,416,9,7,0,6,61,163,146,14,1,11,6,0,5,2,1
30,OLT,"SCOALA GENERALA BARASTI",250,MORUNGLAV,127625,1,PROV,PRCNCT,S,S_SV,"2021-01-21 12:30:02",321,284,37,0,168,131,37,0,316,148,165,2,1,1,1,1,120,28,3,0,3,4,1,1,0,2
30,OLT,"SCOALA GENERALA MORUNESTI",251,MORUNGLAV,127625,1,PROV,PRCNCT,S,S_SV,"2021-01-21 12:30:02",513,483,30,0,219,189,30,0,532,313,212,3,4,0,4,12,37,147,2,1,3,3,0,1,0,2
30,OLT,"ŞCOALA MOVILENI",252,MOVILENI,127689,1,PROV,PRCNCT,S,S_SV,"2021-01-21 12:30:02",1069,1016,39,14,402,349,39,14,1118,716,391,6,5,1,7,7,24,332,8,2,4,3,0,3,0,0
30,OLT,"ŞCOALA BACEA",253,MOVILENI,127689,2,PART,PRCNCT,S,S_SV,"2021-01-21 12:30:02",1112,1042,42,28,418,348,42,28,1149,731,410,6,2,3,7,11,31,321,16,0,17,0,0,4,0,0
30,OLT,"SCOALA GENERALA MOVILENI ( GRADINITA)",254,MOVILENI,127689,1,PROV,PRCNCT,S,S_SV,"2021-01-21 12:30:02",752,710,24,18,246,204,24,18,786,540,238,4,4,2,4,3,21,183,5,2,11,0,0,1,0,6
30,OLT,"SCOALA GIMNAZIALA",255,"NICOLAE TITULESCU",127714,1,PROV,PRCNCT,S,S_SV,"2021-01-21 12:30:02",1082,946,61,75,550,414,61,75,1039,489,538,9,3,1,14,9,42,419,13,2,33,3,0,1,0,1
30,OLT,"ŞCOALA CU CLASELE I-IV OBÎRŞIA",256,OBÂRŞIA,127750,1,PROV,PRCNCT,S,S_SV,"2021-01-21 12:30:02",572,547,15,10,264,239,15,10,603,339,259,3,2,1,4,4,30,149,10,0,8,0,1,50,1,1
30,OLT,"ŞCOALA CU CLASELE I-IV CÎMPU PĂRULUI",257,OBÂRŞIA,127750,1,PROV,PRCNCT,S,S_SV,"2021-01-21 12:30:02",262,240,15,7,128,106,15,7,262,134,124,1,3,0,5,1,7,95,3,0,5,1,2,5,0,0
30,OLT,"ŞCOALA CU CLASELE I-IV TABONU",258,OBÂRŞIA,127750,1,PROV,PRCNCT,S,S_SV,"2021-01-21 12:30:02",125,109,12,4,77,61,12,4,120,43,77,0,0,1,3,3,4,61,1,0,1,0,0,3,0,0
30,OLT,"ŞCOALA CU CLASELE I-IV COTENI",259,OBÂRŞIA,127750,1,PROV,PRCNCT,S,S_SV,"2021-01-21 12:30:02",202,177,12,13,107,82,12,13,194,87,107,0,0,0,0,0,4,88,2,0,2,0,0,11,0,0
30,OLT,"SCOALA CU CLASELE I-VIII OBARSIA NOUA",260,OBÂRŞIA,127750,2,PART,PRCNCT,S,S_SV,"2021-01-21 12:30:02",949,919,17,13,267,237,17,13,1015,748,259,3,5,1,11,5,75,129,4,3,25,0,0,6,0,0
30,OLT,"ŞCOALA GIMNAZIALĂ OBOGA",261,OBOGA,127812,1,PROV,PRCNCT,S,S_SV,"2021-01-21 12:30:02",1097,974,88,35,664,541,88,35,1069,405,658,2,4,0,3,5,96,529,6,0,12,5,1,1,0,0
30,OLT,"ŞCOALA OBOGA DE JOS",262,OBOGA,127812,1,PROV,PRCNCT,S,S_SV,"2021-01-21 12:30:02",488,405,69,14,291,208,69,14,447,156,288,0,3,0,8,0,24,244,2,0,4,2,0,1,1,2
30,OLT,"CĂMINUL CULTURAL OPORELU",263,OPORELU,127858,2,PART,PRCNCT,S,S_SV,"2021-01-21 12:30:02",1060,849,165,46,537,326,165,46,937,400,533,3,1,1,6,49,156,288,7,1,13,6,0,5,0,1
30,OLT,"ŞCOALA GIMNAZIALĂ OPTAŞI MĂGURA",264,OPTAŞI-MĂGURA,127901,1,PROV,PRCNCT,S,S_SV,"2021-01-21 12:30:02",1077,963,73,41,621,507,73,41,1063,442,610,6,5,0,3,4,39,564,0,0,0,0,0,0,0,0
30,OLT,"CĂMINUL CULTURAL",265,ORLEA,127938,1,PROV,PRCNCT,S,S_SV,"2021-01-21 12:30:02",1399,1326,40,33,495,422,40,33,1461,966,481,8,6,0,15,54,70,306,11,1,12,3,0,5,1,3
30,OLT,"CĂMINUL CULTURAL",266,ORLEA,127938,2,PART,PRCNCT,S,S_SV,"2021-01-21 12:30:02",541,514,21,6,222,195,21,6,565,343,217,4,1,0,8,15,41,132,7,2,7,1,1,1,2,0
30,OLT,"ŞCOALA GIMNAZIALĂ OSICA DE JOS",267,"OSICA DE JOS",130357,1,PROV,PRCNCT,S,S_SV,"2021-01-21 12:30:02",1352,1250,75,27,609,507,75,27,1382,773,584,15,10,1,6,30,69,429,13,5,17,5,1,5,2,1
30,OLT,"CENTRU DE PROMOVARE A SĂNĂTĂŢII",268,"OSICA DE SUS",127983,1,PROV,PRCNCT,S,S_SV,"2021-01-21 12:30:02",571,479,80,12,270,178,80,12,530,260,266,3,1,0,5,10,59,169,6,1,14,0,0,1,0,1
30,OLT,"SPATIUL COMERCIAL DUDE GHEORGHE",269,"OSICA DE SUS",127983,1,PROV,PRCNCT,S,S_SV,"2021-01-21 12:30:02",1006,938,47,21,404,336,47,21,1028,624,397,2,5,0,12,11,132,204,8,3,19,4,0,2,0,2
30,OLT,"ŞCOALA GENERALĂ NR. 2",270,"OSICA DE SUS",127983,1,PROV,PRCNCT,S,S_SV,"2021-01-21 12:30:02",1385,1309,39,37,528,452,39,37,1437,909,514,11,3,2,16,31,125,282,12,4,28,2,1,5,0,6
30,OLT,"ŞCOALA GENERALĂ GRECI",271,"OSICA DE SUS",127983,1,PROV,PRCNCT,S,S_SV,"2021-01-21 12:30:02",824,792,32,0,294,262,32,0,879,585,285,5,4,4,7,7,63,172,7,0,12,1,2,8,2,0
30,OLT,"ŞCOALA PRIMARĂ TOMENI",272,"OSICA DE SUS",127983,1,PROV,PRCNCT,S,S_SV,"2021-01-21 12:30:02",385,372,13,0,86,73,13,0,409,323,85,0,1,0,1,4,9,64,1,0,2,2,0,1,0,1
30,OLT,"SCOALA GIMNAZIALA OLARI",273,PÂRŞCOVENI,128178,2,PART,PRCNCT,S,S_SV,"2021-01-21 12:30:02",1163,1122,31,10,409,368,31,10,1238,829,389,10,10,2,5,6,94,227,3,0,41,0,1,4,4,2
30,OLT,"SCOALA GIMNAZIALA PIRSCOVENI",274,PÂRŞCOVENI,128178,1,PROV,PRCNCT,S,S_SV,"2021-01-21 12:30:02",1468,1337,99,32,651,520,99,32,1475,824,626,18,7,0,14,21,199,340,10,3,24,4,0,5,2,4
30,OLT,"CĂMIN CULTURAL",275,PERIEŢI,128052,1,PROV,PRCNCT,S,S_SV,"2021-01-21 12:30:02",1748,1641,107,0,632,525,107,0,1812,1180,620,6,6,0,17,34,94,400,21,5,32,2,0,9,0,6
30,OLT,"ŞCOALA GIMNAZIALĂ PLEŞOIU",276,PLEŞOIU,128221,1,PROV,PRCNCT,S,S_SV,"2021-01-21 12:30:02",1449,1305,144,0,590,446,144,0,1435,845,578,10,2,0,18,55,83,379,6,2,20,4,0,4,1,6
30,OLT,"ŞCOALA GIMNAZIALĂ DOBA",277,PLEŞOIU,128221,1,PROV,PRCNCT,S,S_SV,"2021-01-21 12:30:02",1237,1117,120,0,626,506,120,0,1237,611,609,6,11,0,23,78,35,415,8,1,19,3,0,18,4,5
30,OLT,"ŞCOALA GIMNAZIALĂ",278,POBORU,128301,1,PROV,PRCNCT,S,S_SV,"2021-01-21 12:30:02",650,575,75,0,387,312,75,0,636,249,375,6,6,0,6,5,68,262,8,0,22,1,0,2,0,1
30,OLT,"ŞCOALA GIMNAZIALĂ",279,POBORU,128301,1,PROV,PRCNCT,S,S_SV,"2021-01-21 12:30:02",796,763,33,0,340,307,33,0,843,503,332,6,2,0,6,9,49,237,6,4,13,2,0,2,1,3
30,OLT,"ŞCOALA PRIMARĂ",280,POBORU,128301,1,PROV,PRCNCT,S,S_SV,"2021-01-21 12:30:02",226,215,11,0,116,105,11,0,236,120,112,1,3,0,1,2,5,89,1,0,11,0,0,1,0,2
30,OLT,"ŞCOALA GENERALĂ CU CLASELE I-IV PRISEACA",281,PRISEACA,128436,1,PROV,PRCNCT,S,S_SV,"2021-01-21 12:30:02",1487,1341,146,0,680,534,146,0,1479,799,661,12,7,1,29,34,309,212,11,2,39,7,0,5,6,6
30,OLT,"CĂMIN CULTURAL",282,RADOMIREŞTI,128472,1,PROV,PRCNCT,S,S_SV,"2021-01-21 12:30:02",1074,1033,41,0,358,317,41,0,1132,774,341,7,10,0,14,16,34,217,9,1,39,0,1,3,0,7
30,OLT,"CĂMINUL CULTURAL",283,RADOMIREŞTI,128472,1,PROV,PRCNCT,S,S_SV,"2021-01-21 12:30:02",552,539,13,0,179,166,13,0,593,414,169,3,7,1,3,11,24,118,4,0,7,0,0,1,0,0
30,OLT,"ŞCOALĂ VECHE",284,RADOMIREŞTI,128472,1,PROV,PRCNCT,S,S_SV,"2021-01-21 12:30:02",613,597,16,0,195,179,16,0,662,467,186,8,1,2,0,7,14,146,1,0,13,0,0,1,1,1
30,OLT,"ŞCOALA POIANA",285,RADOMIREŞTI,128472,1,PROV,PRCNCT,S,S_SV,"2021-01-21 12:30:02",236,222,14,0,77,63,14,0,248,171,77,0,0,0,3,6,7,51,4,0,4,0,0,1,0,1
30,OLT,"ȘCOALA GIMNAZIALĂ REDEA",286,REDEA,128524,1,PROV,PRCNCT,S,S_SV,"2021-01-21 12:30:02",915,864,31,20,285,234,31,20,954,669,279,6,0,0,15,13,54,169,3,1,18,0,0,4,1,1
30,OLT,"ȘCOALA GIMNAZIALĂ REDEA",287,REDEA,128524,1,PROV,PRCNCT,S,S_SV,"2021-01-21 12:30:02",848,793,33,22,262,207,33,22,874,612,259,2,1,1,20,10,47,154,8,1,15,0,0,1,0,2
30,OLT,"CĂMINUL CULTURAL REDIŞOARA",288,REDEA,128524,1,PROV,PRCNCT,S,S_SV,"2021-01-21 12:30:02",423,386,28,9,200,163,28,9,426,226,194,3,3,2,5,2,17,162,1,0,3,0,0,1,0,1
30,OLT,"CĂMINUL CULTURAL VALEA SOARELUI",289,REDEA,128524,1,PROV,PRCNCT,S,S_SV,"2021-01-21 12:30:02",235,210,23,2,97,72,23,2,233,136,95,2,0,1,8,3,13,56,6,0,2,1,0,4,0,1
30,OLT,"SEDIUL FOSTEI C.A.P.",290,ROTUNDA,128560,1,PROV,PRCNCT,S,S_SV,"2021-01-21 12:30:02",1089,1067,22,0,308,286,22,0,1172,864,297,11,0,2,12,48,35,150,20,2,19,5,0,1,0,3
30,OLT,"SEDIUL FOSTEI C.A.P.",291,ROTUNDA,128560,1,PROV,PRCNCT,S,S_SV,"2021-01-21 12:30:02",1158,1142,16,0,293,277,16,0,1257,964,286,3,4,1,6,29,28,175,22,2,19,2,0,2,0,0
30,OLT,"ŞCOALA GENERALĂ NR.1",292,RUSĂNEŞTI,128588,1,PROV,PRCNCT,S,S_SV,"2021-01-21 12:30:02",1313,1259,45,9,468,414,45,9,1384,916,456,6,6,1,16,81,47,271,10,3,16,2,1,4,0,4
30,OLT,"ŞCOALA GENERALĂ NR.2",293,RUSĂNEŞTI,128588,1,PROV,PRCNCT,S,S_SV,"2021-01-21 12:30:02",1294,1249,34,11,433,389,33,11,1383,950,418,4,11,0,11,45,68,253,5,4,21,1,0,4,1,5
30,OLT,"ŞCOALA JIENI",294,RUSĂNEŞTI,128588,1,PROV,PRCNCT,S,S_SV,"2021-01-21 12:30:02",1005,964,30,11,360,319,30,11,1064,704,349,10,1,1,2,67,82,162,13,2,13,2,0,3,1,1
30,OLT,"ŞCOALA GIMNAZIALĂ SÎMBUREŞTI",295,SÂMBUREŞTI,128882,2,PART,PRCNCT,S,S_SV,"2021-01-21 12:30:02",980,851,83,46,576,447,83,46,937,361,557,11,8,0,17,4,55,441,5,3,17,4,0,5,0,6
30,OLT,"ŞCOALA GIMNAZIALĂ FLORIAN DIȚULEASA VITĂNEȘTI",296,"SÂRBII - MĂGURA",130366,1,PROV,PRCNCT,S,S_SV,"2021-01-21 12:30:02",936,869,30,37,357,290,30,37,957,600,348,8,1,0,11,15,44,250,5,0,14,4,0,2,0,3
30,OLT,"ȘCOALA PRIMARĂ BRANIȘTE",297,"SÂRBII - MĂGURA",130366,1,PROV,PRCNCT,S,S_SV,"2021-01-21 12:30:02",749,686,27,36,334,271,27,36,756,422,329,4,1,0,5,19,26,250,1,1,12,5,0,5,2,3
30,OLT,"ŞCOALA GIMNAZIALĂ SCĂRIŞOARA",298,SCĂRIŞOARA,128613,1,PROV,PRCNCT,S,S_SV,"2021-01-21 12:30:02",927,914,13,0,225,212,13,0,1008,783,215,9,1,1,7,23,87,79,4,0,4,4,0,3,1,2
30,OLT,"ŞCOALA GIMNAZIALĂ SCĂRIŞOARA",299,SCĂRIŞOARA,128613,1,PROV,PRCNCT,S,S_SV,"2021-01-21 12:30:02",927,905,22,0,259,237,22,0,999,740,246,9,4,0,10,18,100,91,6,2,13,3,0,1,0,2
30,OLT,"GRĂDINIŢA CU PROGRAM NORMAL PLĂVICENI",300,SCĂRIŞOARA,128613,1,PROV,PRCNCT,S,S_SV,"2021-01-21 12:30:02",574,555,19,0,172,153,19,0,612,440,167,4,1,1,4,14,34,110,2,0,1,0,0,0,1,0
30,OLT,"ŞCOALA GIMNAZIALĂ SCHITU",301,SCHITU,128659,1,PROV,PRCNCT,S,S_SV,"2021-01-21 12:30:02",1164,1100,64,0,426,362,64,0,1212,786,408,6,12,0,14,47,85,217,8,0,22,8,0,2,2,3
30,OLT,"ŞCOALA GIMNAZIALĂ GRECI",302,SCHITU,128659,1,PROV,PRCNCT,S,S_SV,"2021-01-21 12:30:02",816,726,67,23,340,250,67,23,797,457,339,0,1,0,6,15,40,253,8,0,7,4,0,1,0,5
30,OLT,"ŞCOALA PRIMARĂ LISA",303,SCHITU,128659,1,PROV,PRCNCT,S,S_SV,"2021-01-21 12:30:02",344,302,42,0,137,95,42,0,332,195,133,4,0,0,6,20,10,84,6,1,2,3,0,0,0,1
30,OLT,"GRADINITA CU PROGRAM NORMAL SEACA",304,SEACA,128864,2,PART,PRCNCT,S,S_SV,"2021-01-21 12:30:02",1412,1389,21,2,399,376,21,2,1534,1135,390,2,7,0,5,5,42,264,44,4,4,0,1,18,0,3
30,OLT,"GRĂDINIŢA SLĂTIOARA",305,SLĂTIOARA,125374,1,PROV,PRCNCT,S,S_SV,"2021-01-21 12:30:02",1033,935,88,10,468,370,88,10,1027,559,461,5,2,2,36,16,118,228,14,2,32,2,8,0,2,1
30,OLT,"GRĂDINIŢA SLĂTIOARA",306,SLĂTIOARA,125374,1,PROV,PRCNCT,S,S_SV,"2021-01-21 12:30:02",1094,967,108,19,510,383,108,19,1071,561,505,4,1,0,19,21,62,340,10,3,31,6,1,3,4,5
30,OLT,"ŞCOALA GENERALĂ SALCIA",307,SLĂTIOARA,125374,1,PROV,PRCNCT,S,S_SV,"2021-01-21 12:30:02",370,307,59,4,193,130,59,4,338,145,190,3,0,0,15,11,49,103,4,0,4,0,2,1,1,0
30,OLT,"SC GENERALA ALUNISU",308,SPINENI,128962,2,PART,PRCNCT,S,S_SV,"2021-01-21 12:30:02",417,356,47,14,167,106,47,14,395,228,162,1,4,0,6,12,16,111,10,0,4,1,0,0,1,1
30,OLT,"SCOALA GENERALA PROFA",309,SPINENI,128962,1,PROV,PRCNCT,S,S_SV,"2021-01-21 12:30:02",460,423,27,10,176,139,27,10,466,290,170,3,3,0,9,4,13,128,4,1,4,4,0,1,1,1
30,OLT,"CAMINUL CULTURAL SPINENI",310,SPINENI,128962,1,PROV,PRCNCT,S,S_SV,"2021-01-21 12:30:02",607,522,56,29,260,175,56,29,574,314,258,2,0,1,5,20,23,193,0,0,12,0,0,1,0,3
30,OLT,"CAMINUL CULTURAL VIESPESTI",311,SPRÂNCENATA,129040,1,PROV,PRCNCT,S,S_SV,"2021-01-21 12:30:02",1098,1079,19,0,258,239,19,0,1189,931,253,1,4,0,3,14,75,134,3,1,19,3,0,0,0,1
30,OLT,"GPN BIRSESTII DE SUS",312,SPRÂNCENATA,129040,1,PROV,PRCNCT,S,S_SV,"2021-01-21 12:30:02",360,335,25,0,118,93,25,0,368,250,112,4,2,0,4,10,44,44,1,2,4,0,0,3,0,0
30,OLT,"SCOALA VECHE FRUNZARU",313,SPRÂNCENATA,129040,2,PART,PRCNCT,S,S_SV,"2021-01-21 12:30:02",531,501,30,0,179,149,30,0,552,373,176,3,0,0,4,7,16,119,12,0,16,2,0,0,0,0
30,OLT,"CĂMINUL CULTURAL STOENEŞTI",314,STOENEŞTI,129095,2,PART,PRCNCT,S,S_SV,"2021-01-21 12:30:02",1080,1018,29,33,347,285,29,33,1125,778,338,6,3,1,8,4,42,242,7,0,25,1,0,4,2,2
30,OLT,"ŞCOALA GIMNAZIALĂ DIDU",315,STOENEŞTI,129095,1,PROV,PRCNCT,S,S_SV,"2021-01-21 12:30:02",863,823,14,26,273,233,14,26,910,637,271,2,0,1,9,9,32,187,8,0,14,4,0,5,0,2
30,OLT,"SCOALA GENERALA",316,STOICĂNEŞTI,129111,1,PROV,PRCNCT,S,S_SV,"2021-01-21 12:30:02",1143,1126,9,8,362,345,9,8,1236,874,352,4,6,0,9,15,55,228,14,1,21,2,1,2,0,4
30,OLT,"SCOALA GENERALA",317,STOICĂNEŞTI,129111,1,PROV,PRCNCT,S,S_SV,"2021-01-21 12:30:02",1006,973,27,6,311,278,27,6,1074,763,303,4,4,1,8,20,33,197,16,0,22,2,0,2,1,1
30,OLT,"ȘCOALA GIMNAZIALĂ STREJEȘTI",318,STREJEŞTI,129139,1,PROV,PRCNCT,S,S_SV,"2021-01-21 12:30:02",848,820,28,0,314,286,28,0,901,587,304,8,2,0,13,10,31,180,41,2,18,3,0,3,0,3
30,OLT,"CAMIN C ULTURAL",319,STREJEŞTI,129139,1,PROV,PRCNCT,S,S_SV,"2021-01-21 12:30:02",431,400,31,0,199,168,31,0,439,240,192,7,0,0,9,10,61,75,16,1,13,2,1,1,1,2
30,OLT,"SCOALA GIMNAZIALA",320,STREJEŞTI,129139,1,PROV,PRCNCT,S,S_SV,"2021-01-21 12:30:02",1343,1311,32,0,548,516,32,0,1451,903,532,5,11,0,9,17,87,356,23,0,20,1,0,14,3,2
30,OLT,"CAMIN CULTURAL STUDINA",321,STUDINA,129184,2,PART,PRCNCT,S,S_SV,"2021-01-21 12:30:02",1435,1272,150,13,673,510,150,13,1401,728,666,4,3,1,18,42,452,122,9,5,13,0,0,4,0,0
30,OLT,"CAMIN CULTURAL STUDINIȚA",322,STUDINA,129184,1,PROV,PRCNCT,S,S_SV,"2021-01-21 12:30:02",976,934,27,15,356,314,27,15,1029,673,347,8,1,1,8,12,191,103,7,1,12,4,0,1,1,6
30,OLT,"ŞCOALA DUMITRU POPOVICI",323,ŞERBĂNEŞTI,129246,2,PART,PRCNCT,S,S_SV,"2021-01-21 12:30:02",849,819,19,11,313,283,19,11,905,592,298,11,4,2,16,6,39,190,10,1,23,1,0,5,1,4
30,OLT,"ŞCOALA DUMITRU POPOVICI",324,ŞERBĂNEŞTI,129246,2,PART,PRCNCT,S,S_SV,"2021-01-21 12:30:02",863,831,22,10,321,289,22,10,915,594,308,12,1,1,23,6,29,201,8,1,29,1,0,5,0,4
30,OLT,"GRĂDINIŢA ŞERBĂNEŞTII DE SUS",325,ŞERBĂNEŞTI,129246,1,PROV,PRCNCT,S,S_SV,"2021-01-21 12:30:02",629,601,22,6,248,220,22,6,665,417,237,8,3,1,22,5,23,160,6,0,15,0,1,1,0,3
30,OLT,"ŞCOALA CU CLASELE I-VIII",326,ŞOPÂRLIŢA,130384,2,PART,PRCNCT,S,S_SV,"2021-01-21 12:30:02",1154,989,80,85,686,521,80,85,1092,406,671,10,5,1,9,17,330,252,10,0,35,5,0,6,5,1
30,OLT,"GRĂDINIŢA CU PROGRAM NORMAL",327,"ŞTEFAN CEL MARE",129282,1,PROV,PRCNCT,S,S_SV,"2021-01-21 12:30:02",1084,927,87,70,676,519,87,70,1023,347,647,12,17,0,10,5,293,293,20,3,8,3,1,3,2,6
30,OLT,"GRĂDINIŢA IANCA NOUĂ",328,"ŞTEFAN CEL MARE",129282,2,PART,PRCNCT,S,S_SV,"2021-01-21 12:30:02",524,462,46,16,336,274,46,16,508,172,320,8,8,0,6,15,113,149,25,1,9,0,0,1,0,1
30,OLT,"ŞCOALA GIMNAZIALĂ TĂTULEŞTI",329,TĂTULEŞTI,129317,1,PROV,PRCNCT,S,S_SV,"2021-01-21 12:30:02",546,418,96,32,319,191,96,32,458,139,314,4,1,0,11,55,51,167,8,0,9,7,0,4,0,2
30,OLT,"ŞCOALA BĂRBĂLAI",330,TĂTULEŞTI,129317,2,PART,PRCNCT,S,S_SV,"2021-01-21 12:30:02",228,167,51,10,135,74,51,10,184,49,134,0,1,0,1,55,6,60,2,0,2,4,0,2,0,2
30,OLT,"ŞCOALA MIRCEŞTI",331,TĂTULEŞTI,129317,1,PROV,PRCNCT,S,S_SV,"2021-01-21 12:30:02",163,128,29,6,103,68,29,6,139,36,96,6,1,1,5,16,9,53,1,0,8,2,0,1,0,0
30,OLT,"ŞCOALA GENERALĂ",332,TESLUI,129380,2,PART,PRCNCT,S,S_SV,"2021-01-21 12:30:02",1435,1325,86,24,531,421,86,24,1463,932,520,7,4,3,18,57,82,287,8,2,41,2,3,5,3,9
30,OLT,"ŞCOALA GENERALĂ COMĂNIŢA",333,TESLUI,129380,1,PROV,PRCNCT,S,S_SV,"2021-01-21 12:30:02",846,759,52,35,354,267,52,35,834,480,343,7,4,0,4,13,23,265,6,0,23,1,0,8,0,0
30,OLT,GRADINITA,334,"TIA MARE",129460,1,PROV,PRCNCT,S,S_SV,"2021-01-21 12:30:02",1254,1240,14,0,437,423,14,0,1365,928,428,7,2,1,25,2,27,322,6,3,36,0,0,1,1,4
30,OLT,GRADINITA,335,"TIA MARE",129460,1,PROV,PRCNCT,S,S_SV,"2021-01-21 12:30:02",1251,1243,8,0,465,457,8,0,1370,905,461,4,0,3,71,3,43,297,7,1,27,1,0,0,2,6
30,OLT,"SCOALA GIMNAZIALA",336,"TIA MARE",129460,1,PROV,PRCNCT,S,S_SV,"2021-01-21 12:30:02",1026,1017,9,0,413,404,9,0,1122,709,407,2,4,2,22,7,40,289,8,0,32,3,1,1,1,1
30,OLT,"SCOALA GIMNAZIALA TOPANA",337,TOPANA,129503,1,PROV,PRCNCT,S,S_SV,"2021-01-21 12:30:02",332,276,39,17,159,103,39,17,301,142,159,0,0,1,2,5,18,115,8,0,8,1,0,0,0,1
30,OLT,"SCOALA CANDELESTI",338,TOPANA,129503,1,PROV,PRCNCT,S,S_SV,"2021-01-21 12:30:02",97,77,18,2,60,40,18,2,84,24,59,0,1,0,1,4,4,41,5,0,4,0,0,0,0,0
30,OLT,"SCOALA GOJGAREI",339,TOPANA,129503,1,PROV,PRCNCT,S,S_SV,"2021-01-21 12:30:02",136,107,19,10,88,59,19,10,117,29,86,1,1,0,4,5,7,59,4,0,0,0,0,7,0,0
30,OLT,"SCOALA UNGURENI",340,TOPANA,129503,1,PROV,PRCNCT,S,S_SV,"2021-01-21 12:30:02",123,94,21,8,81,52,21,8,103,22,81,0,0,0,4,5,13,57,1,0,0,0,0,1,0,0
30,OLT,"ŞCOALA GIMNAZIALĂ TRAIAN",341,TRAIAN,129567,1,PROV,PRCNCT,S,S_SV,"2021-01-21 12:30:02",1276,1231,29,16,416,371,29,16,1357,941,401,5,10,0,18,8,29,301,8,0,24,6,0,4,0,3
30,OLT,"ŞCOALA GIMNAZIALĂ TRAIAN",342,TRAIAN,129567,1,PROV,PRCNCT,S,S_SV,"2021-01-21 12:30:02",1238,1210,13,15,440,412,13,15,1333,893,423,5,12,2,25,8,47,303,3,0,23,2,1,3,0,6
30,OLT,"LICEUL TEHNOLOGIC TUFENI",343,TUFENI,129585,2,PART,PRCNCT,S,S_SV,"2021-01-21 12:30:02",1243,1195,41,7,377,329,41,7,1320,943,371,3,3,0,11,35,44,225,11,3,39,1,0,0,0,2
30,OLT,"ŞCOALA STOBORĂŞTI",344,TUFENI,129585,1,PROV,PRCNCT,S,S_SV,"2021-01-21 12:30:02",950,934,16,0,234,218,16,0,1031,797,231,1,2,0,3,3,37,164,6,1,11,2,0,1,0,3
30,OLT,"ȘCOALA VECHE - CORP 1",345,URZICA,129629,1,PROV,PRCNCT,S,S_SV,"2021-01-21 12:30:02",1229,1140,30,59,574,485,30,59,1258,684,564,9,1,1,5,4,308,151,4,0,82,2,0,4,1,2
30,OLT,"SEDIUL FOSTEI FERME NR 3 STAVARU",346,URZICA,129629,1,PROV,PRCNCT,S,S_SV,"2021-01-21 12:30:02",628,590,25,13,267,229,25,13,649,382,258,7,2,1,2,4,157,54,5,1,17,2,0,15,0,0
30,OLT,"SCOALA GIMNAZIALA",347,"VALEA MARE",129656,1,PROV,PRCNCT,S,S_SV,"2021-01-21 12:30:02",1321,1269,52,0,373,321,52,0,1400,1027,371,2,0,1,13,12,21,285,7,0,27,3,0,1,1,0
30,OLT,"SCOALA GIMNAZIALA",348,"VALEA MARE",129656,1,PROV,PRCNCT,S,S_SV,"2021-01-21 12:30:02",615,565,50,0,257,207,50,0,620,363,255,2,0,0,9,17,23,178,3,0,17,2,2,2,0,2
30,OLT,"SCOALA GIMNAZIALĂ COMUNA VALEA MARE",349,"VALEA MARE",129656,1,PROV,PRCNCT,S,S_SV,"2021-01-21 12:30:02",685,649,36,0,176,140,36,0,715,539,172,3,1,0,10,5,21,112,4,0,16,1,0,2,0,1
30,OLT,GRADINITA,350,"VALEA MARE",129656,1,PROV,PRCNCT,S,S_SV,"2021-01-21 12:30:02",562,504,58,0,199,141,58,0,500,301,194,5,0,0,11,7,15,142,1,1,13,0,0,2,0,2
30,OLT,"CĂMINUL CULTURAL",351,VĂDASTRA,129718,1,PROV,PRCNCT,S,S_SV,"2021-01-21 12:30:02",1207,1146,36,25,539,478,36,25,1258,719,523,9,7,1,20,41,59,337,10,3,37,0,0,7,1,7
30,OLT,"CĂMINUL CULTURAL",352,VĂDĂSTRIŢA,129745,1,PROV,PRCNCT,S,S_SV,"2021-01-21 12:30:02",1126,1105,21,0,410,389,21,0,1225,815,401,8,1,2,9,11,133,185,14,2,37,2,1,2,1,2
30,OLT,"CĂMINUL CULTURAL",353,VĂDĂSTRIŢA,129745,1,PROV,PRCNCT,S,S_SV,"2021-01-21 12:30:02",1541,1514,27,0,485,458,27,0,1665,1180,470,8,7,0,12,10,101,277,15,0,44,4,0,3,0,4
30,OLT,"ŞCOALA GENERALĂ VĂLENI",354,VĂLENI,129763,1,PROV,PRCNCT,S,S_SV,"2021-01-21 12:30:02",841,803,22,16,281,243,22,16,885,604,279,1,1,0,7,11,48,178,5,1,23,2,0,3,0,1
30,OLT,"ŞCOALA GENERALĂ VĂLENI",355,VĂLENI,129763,1,PROV,PRCNCT,S,S_SV,"2021-01-21 12:30:02",865,827,20,18,286,248,20,18,911,625,279,5,2,0,7,6,50,164,10,1,30,4,0,6,0,1
30,OLT,"ŞCOALA GENERALĂ MANDRA",356,VĂLENI,129763,1,PROV,PRCNCT,S,S_SV,"2021-01-21 12:30:02",522,499,14,9,182,159,14,9,552,370,180,2,0,0,1,14,42,97,6,2,9,6,0,3,0,0
30,OLT,"ȘCOALA VÎLCELE",357,VÂLCELE,129987,1,PROV,PRCNCT,S,S_SV,"2021-01-21 12:30:02",1467,1297,118,52,738,568,118,52,1431,693,710,21,7,3,14,20,72,546,10,2,34,2,0,7,0,0
30,OLT,"ȘCOALA GENERALĂ",358,VÂLCELE,129987,1,PROV,PRCNCT,S,S_SV,"2021-01-21 12:30:02",680,618,51,11,359,297,51,11,683,324,349,7,3,4,7,5,40,259,3,1,22,2,0,3,0,3
30,OLT,"CĂMINUL CULTURAL POGANU",359,VERGULEASA,129816,1,PROV,PRCNCT,S,S_SV,"2021-01-21 12:30:02",962,906,16,40,366,310,16,40,1003,637,364,2,0,0,17,15,37,278,10,0,7,0,0,0,0,0
30,OLT,"SCOALA CU CLASELE I-IV CAZANESTI",360,VERGULEASA,129816,2,PART,PRCNCT,S,S_SV,"2021-01-21 12:30:02",750,700,29,21,304,254,29,21,772,468,297,6,1,0,8,13,27,225,8,1,10,3,0,0,0,2
30,OLT,"ŞCOALA GENERALĂ I-IV",361,VERGULEASA,129816,1,PROV,PRCNCT,S,S_SV,"2021-01-21 12:30:02",592,572,11,9,183,163,11,9,627,444,180,2,1,1,7,35,11,110,2,0,12,0,0,1,1,0
30,OLT,"GRĂDINIŢA DE COPII",362,VIŞINA,129898,1,PROV,PRCNCT,S,S_SV,"2021-01-21 12:30:02",1205,1124,17,64,542,461,17,64,1247,705,526,13,3,2,20,11,70,371,24,2,18,2,0,4,1,1
30,OLT,"GRĂDINIŢA DE COPII",363,VIŞINA,129898,2,PART,PRCNCT,S,S_SV,"2021-01-21 12:30:02",1342,1245,38,59,654,557,38,59,1374,720,641,10,3,2,20,9,102,449,27,3,18,6,0,5,0,0
30,OLT,"BIBLIOTECA COMUNALĂ",364,"VIŞINA NOUĂ",130375,1,PROV,PRCNCT,S,S_SV,"2021-01-21 12:30:02",1558,1440,54,64,686,568,54,64,1590,904,669,9,8,1,25,15,256,317,20,7,14,2,1,7,1,3
30,OLT,"LICEUL TEHNOLOGIC VITOMIRESTI",365,VITOMIREŞTI,129914,2,PART,PRCNCT,S,S_SV,"2021-01-21 12:30:02",390,383,7,0,146,139,7,0,419,273,144,0,2,0,10,9,26,88,5,2,3,0,0,0,0,1
30,OLT,"SCOALA CU CLASELE I-IV BULIMANU",366,VITOMIREŞTI,129914,1,PROV,PRCNCT,S,S_SV,"2021-01-21 12:30:02",171,162,8,1,87,78,8,1,178,91,87,0,0,0,2,8,6,68,0,0,2,0,0,0,1,0
30,OLT,"GRADINITA CU PROGRAM NORMAL DEJESTI",367,VITOMIREŞTI,129914,2,PART,PRCNCT,S,S_SV,"2021-01-21 12:30:02",584,554,19,11,271,241,19,11,611,340,267,2,2,4,3,8,22,215,4,0,4,1,0,2,2,2
30,OLT,"SCOALA CU CLASELE I-IV DONESTI",368,VITOMIREŞTI,129914,1,PROV,PRCNCT,S,S_SV,"2021-01-21 12:30:02",198,181,12,5,84,67,12,5,198,114,81,0,3,0,1,3,5,53,5,0,6,2,2,2,0,2
30,OLT,"SCOALA CU CLASELE I-IV TREPTENI",369,VITOMIREŞTI,129914,1,PROV,PRCNCT,S,S_SV,"2021-01-21 12:30:02",267,262,4,1,108,103,4,1,288,180,106,1,1,2,0,4,7,81,2,0,7,1,0,1,0,1
30,OLT,"ȘCOALA GIMNAZIALĂ VLĂDILA",370,VLĂDILA,130026,2,PART,PRCNCT,S,S_SV,"2021-01-21 12:30:02",870,836,19,15,264,230,19,15,920,656,261,1,2,0,10,10,19,176,7,0,36,1,0,2,0,0
30,OLT,"ȘCOALA GIMNAZIALĂ VLĂDILA",371,VLĂDILA,130026,2,PART,PRCNCT,S,S_SV,"2021-01-21 12:30:02",845,814,19,12,225,194,19,12,900,675,217,6,2,1,13,12,22,128,10,0,26,3,0,2,0,0
30,OLT,"SCOALA CU CLASELE I-VIII VOINEASA",372,VOINEASA,130062,1,PROV,PRCNCT,S,S_SV,"2021-01-21 12:30:02",745,703,35,7,416,374,35,7,775,359,405,4,7,1,4,9,31,330,0,1,14,0,0,7,0,8
30,OLT,"SCOALA CU CLASELE I-VIII MARGARITESTI",373,VOINEASA,130062,1,PROV,PRCNCT,S,S_SV,"2021-01-21 12:30:02",649,578,63,8,406,335,63,8,634,228,397,9,0,1,4,4,35,326,4,1,15,4,0,0,0,3
30,OLT,"SCOALA CU CLASELE I-IV RACOVITA",374,VOINEASA,130062,2,PART,PRCNCT,S,S_SV,"2021-01-21 12:30:02",487,427,57,3,293,233,57,3,471,178,285,5,3,1,3,1,35,213,19,0,9,0,0,2,0,2
30,OLT,"SCOALA GIMNAZIALA VULPENI-STRUCTURA GROPSANI",375,VULPENI,130124,1,PROV,PRCNCT,S,S_SV,"2021-01-21 12:30:02",665,646,19,0,222,203,19,0,714,492,217,5,0,1,2,11,32,146,12,0,7,1,0,0,0,5
30,OLT,"FOSTA SC. CU CLASELE I-IV PRISACA",376,VULPENI,130124,2,PART,PRCNCT,S,S_SV,"2021-01-21 12:30:02",321,299,16,6,127,105,16,6,329,202,122,3,1,0,2,2,8,95,7,0,6,0,0,0,0,2
30,OLT,"SCOALA GIMNAZIALA VULPENI",377,VULPENI,130124,1,PROV,PRCNCT,S,S_SV,"2021-01-21 12:30:02",834,775,45,14,311,252,45,14,855,544,300,8,3,0,9,10,39,200,21,0,13,1,1,2,2,2
30,OLT,"ŞCOALA GIMNAZIALĂ, COMUNA VULTUREȘTI",378,VULTUREŞTI,130231,2,PART,PRCNCT,S,S_SV,"2021-01-21 12:30:02",610,581,22,7,173,144,22,7,640,467,166,3,4,0,2,28,13,102,6,1,10,0,0,4,0,0
30,OLT,"ŞCOALA CU CLASELE I-IV VALEA LUI ALB",379,VULTUREŞTI,130231,1,PROV,PRCNCT,S,S_SV,"2021-01-21 12:30:02",491,473,15,3,153,135,15,3,523,370,151,1,1,0,6,7,18,103,5,0,11,0,1,0,0,0
30,OLT,"ȘCOALA PRIMARĂ, SAT.DIENCI",380,VULTUREŞTI,130231,2,PART,PRCNCT,S,S_SV,"2021-01-21 12:30:02",831,777,46,8,364,310,46,8,855,491,360,3,1,0,6,17,44,235,23,2,28,2,0,2,1,0
