precinct_county_nce,precinct_county_name,precinct_name,precinct_nr,uat_name,uat_siruta,report_version,report_stage_code,report_type_scope_code,report_type_category_code,report_type_code,created_at,a,a1,a2,a3,b,b1,b2,b3,c,d,e,f,g,"ALIANȚA USR PLUS-voturi","UNIUNEA DEMOCRATĂ MAGHIARĂ DIN ROMÂNIA-voturi","PARTIDUL PRO ROMÂNIA-voturi","PARTIDUL NAȚIONAL LIBERAL-voturi","PARTIDUL SOCIAL DEMOCRAT-voturi","PARTIDUL MIȘCAREA POPULARĂ-voturi","PARTIDUL SOCIAL DEMOCRAT AL MUNCITORILOR-voturi","ALIANȚA PENTRU UNIREA ROMÂNILOR-voturi","PARTIDUL PUTERII UMANISTE (SOCIAL-LIBERAL)-voturi","PARTIDUL ECOLOGIST ROMÂN-voturi","PARTIDUL SOCIALIST ROMÂN-voturi","PARTIDUL ROMÂNIA MARE-voturi","PARTIDUL NOUA ROMÂNIE-voturi","UNIUNEA CROAȚILOR DIN ROMÂNIA-voturi","UNIUNEA BULGARĂ DIN BANAT-ROMÂNIA-voturi","ASOCIAȚIA MACEDONENILOR DIN ROMÂNIA-voturi","ASOCIAȚIA PARTIDA ROMILOR “PRO-EUROPA”-voturi","UNIUNEA DEMOCRATĂ TURCĂ DIN ROMÂNIA-voturi","UNIUNEA DEMOCRATICĂ A SLOVACILOR ȘI CEHILOR DIN ROMÂNIA-voturi","ASOCIAȚIA ITALIENILOR DIN ROMÂNIA – RO.AS.IT.-voturi","UNIUNEA ARMENILOR DIN ROMÂNIA-voturi","UNIUNEA SÂRBILOR DIN ROMÂNIA-voturi","ASOCIAȚIA LIGA ALBANEZILOR DIN ROMÂNIA-voturi","FORUMUL DEMOCRAT AL GERMANILOR DIN ROMÂNIA-voturi","COMUNITATEA RUȘILOR LIPOVENI DIN ROMÂNIA-voturi","UNIUNEA CULTURALĂ A RUTENILOR DIN ROMÂNIA-voturi","UNIUNEA UCRAINENILOR DIN ROMÂNIA-voturi","FEDERAȚIA COMUNITĂȚILOR EVREIEȘTI DIN ROMÂNIA-voturi","UNIUNEA POLONEZILOR DIN ROMÂNIA-voturi","UNIUNEA ELENĂ DIN ROMÂNIA-voturi","IVAN ANDREI-CANDIDAT INDEPENDENT-voturi"
12,CĂLĂRAŞI,"SCOALA GIMNAZIALA CAROL I CALARASI",1,"MUNICIPIUL CĂLĂRAŞI",92569,1,PROV,PRCNCT,CD,CD_SV,"2021-01-21 12:30:02",1404,1383,17,4,477,456,17,4,1500,1023,470,6,1,82,0,10,115,192,34,1,24,1,4,0,2,0,1,0,1,0,0,0,0,1,0,0,0,0,0,0,0,0,1,1
12,CĂLĂRAŞI,"SCOALA GIMNAZIALA CAROL I CALARASI",2,"MUNICIPIUL CĂLĂRAŞI",92569,1,PROV,PRCNCT,CD,CD_SV,"2021-01-21 12:30:02",635,627,8,0,228,220,8,0,800,572,223,5,0,39,3,11,68,70,18,0,8,3,0,0,2,1,0,0,0,0,0,0,0,0,0,0,0,0,0,0,0,0,0,0
12,CĂLĂRAŞI,"SCOALA GIMNAZIALA CAROL I CALARASI",3,"MUNICIPIUL CĂLĂRAŞI",92569,2,PART,PRCNCT,CD,CD_SV,"2021-01-21 12:30:02",1001,988,12,1,303,290,12,1,1099,796,300,2,1,52,0,13,61,125,17,1,20,1,2,1,6,0,0,0,0,0,0,0,1,0,0,0,0,0,0,0,0,0,0,0
12,CĂLĂRAŞI,"SCOALA GIMNAZIALA CAROL I CALARASI",4,"MUNICIPIUL CĂLĂRAŞI",92569,2,PART,PRCNCT,CD,CD_SV,"2021-01-21 12:30:02",818,766,12,40,316,264,12,40,900,584,309,4,3,48,0,12,86,123,17,0,13,2,2,0,4,1,0,0,0,0,0,0,0,0,0,0,0,0,0,0,0,0,0,1
12,CĂLĂRAŞI,"COLEGIUL NAŢIONAL ”BARBU ŞTIRBEI”",5,"MUNICIPIUL CĂLĂRAŞI",92569,1,PROV,PRCNCT,CD,CD_SV,"2021-01-21 12:30:02",1114,1088,14,12,380,354,14,12,1199,819,371,4,5,58,0,6,113,136,14,1,24,6,5,0,3,0,0,0,0,0,0,0,0,1,0,0,0,0,0,0,0,1,1,2
12,CĂLĂRAŞI,"COLEGIUL NAŢIONAL ”BARBU ŞTIRBEI”",6,"MUNICIPIUL CĂLĂRAŞI",92569,1,PROV,PRCNCT,CD,CD_SV,"2021-01-21 12:30:02",1009,994,15,0,246,231,15,0,1100,854,240,4,2,41,0,5,47,110,8,0,20,2,2,0,2,1,0,0,0,0,0,0,0,0,0,0,0,0,0,0,0,1,0,1
12,CĂLĂRAŞI,"GRĂDINIŢA CU PR.NORMAL NR.5 CALARASI",7,"MUNICIPIUL CĂLĂRAŞI",92569,1,PROV,PRCNCT,CD,CD_SV,"2021-01-21 12:30:02",1394,1379,13,2,384,369,13,2,1500,1116,374,8,2,35,0,12,93,164,15,1,36,4,4,0,5,1,0,1,0,0,0,0,0,0,0,0,0,0,0,1,0,0,0,2
12,CĂLĂRAŞI,"GRĂDINIŢA CU PR.NORMAL NR.4 CALARASI",8,"MUNICIPIUL CĂLĂRAŞI",92569,1,PROV,PRCNCT,CD,CD_SV,"2021-01-21 12:30:02",1518,1499,19,0,377,358,19,0,1600,1223,357,15,5,22,0,6,73,194,12,1,35,2,0,0,5,1,0,2,0,0,0,0,0,0,0,0,1,0,0,0,0,1,0,2
12,CĂLĂRAŞI,"GRĂDINIŢA CU PR. PREL.(MICRO6)",9,"MUNICIPIUL CĂLĂRAŞI",92569,1,PROV,PRCNCT,CD,CD_SV,"2021-01-21 12:30:02",1349,1341,8,0,397,389,8,0,1500,1103,380,13,4,41,0,15,71,184,10,1,40,1,7,1,4,1,0,0,0,1,0,0,1,0,0,0,0,0,0,1,0,0,0,1
12,CĂLĂRAŞI,"COLEGIUL AGRICOL ”SANDU ALDEA” CALARASI",10,"MUNICIPIUL CĂLĂRAŞI",92569,1,PROV,PRCNCT,CD,CD_SV,"2021-01-21 12:30:02",1188,1173,13,2,323,308,13,2,1300,977,312,10,1,37,0,7,71,130,21,0,26,6,3,2,3,0,0,0,0,1,1,0,1,0,0,0,1,0,0,0,0,0,1,1
12,CĂLĂRAŞI,"COLEGIUL AGRICOL ”SANDU ALDEA” CALARASI",11,"MUNICIPIUL CĂLĂRAŞI",92569,1,PROV,PRCNCT,CD,CD_SV,"2021-01-21 12:30:02",1025,1015,10,0,321,311,10,0,1100,779,307,13,1,44,1,13,85,119,20,0,11,1,5,1,6,0,0,0,0,0,0,0,0,0,0,0,0,0,0,0,0,0,0,1
12,CĂLĂRAŞI,"COLEGIUL AGRICOL ”SANDU ALDEA” CALARASI",12,"MUNICIPIUL CĂLĂRAŞI",92569,1,PROV,PRCNCT,CD,CD_SV,"2021-01-21 12:30:02",1020,1015,5,0,228,223,5,0,1100,872,225,1,2,21,1,7,57,89,9,1,35,1,1,1,0,0,0,0,0,0,0,0,0,1,0,0,1,0,0,0,0,0,0,0
12,CĂLĂRAŞI,"LIC. TEORETIC ”MIHAI EMINESCU”",13,"MUNICIPIUL CĂLĂRAŞI",92569,2,PART,PRCNCT,CD,CD_SV,"2021-01-21 12:30:02",1041,1032,9,0,324,315,9,0,1099,775,319,4,1,50,0,14,70,124,23,0,25,5,0,0,3,1,0,0,0,0,0,0,0,0,0,0,0,0,0,0,1,0,1,2
12,CĂLĂRAŞI,"LIC. TEORETIC ”MIHAI EMINESCU”",14,"MUNICIPIUL CĂLĂRAŞI",92569,1,PROV,PRCNCT,CD,CD_SV,"2021-01-21 12:30:02",1408,1391,17,0,384,367,17,0,1500,1116,379,5,0,58,1,10,79,163,24,1,25,0,3,3,6,1,0,0,0,1,0,0,0,0,0,0,1,0,0,0,0,0,0,3
12,CĂLĂRAŞI,"LIC. TEORETIC ”MIHAI EMINESCU”",15,"MUNICIPIUL CĂLĂRAŞI",92569,1,PROV,PRCNCT,CD,CD_SV,"2021-01-21 12:30:02",1277,1261,15,1,364,348,15,1,1400,1036,353,11,0,38,1,12,63,184,12,0,32,2,2,0,1,0,1,0,0,0,0,0,0,1,0,0,0,1,0,0,0,0,0,3
12,CĂLĂRAŞI,"ŞCOALA GIMNAZIALA MIHAI VITEAZUL CALARASI",16,"MUNICIPIUL CĂLĂRAŞI",92569,1,PROV,PRCNCT,CD,CD_SV,"2021-01-21 12:30:02",1302,1288,10,4,372,358,10,4,1399,1027,369,1,2,67,0,20,79,126,12,0,40,3,6,1,4,0,1,0,2,3,0,0,0,0,0,0,0,0,0,0,0,1,2,2
12,CĂLĂRAŞI,"ŞCOALA GIMNAZIALA MIHAI VITEAZUL CALARASI",17,"MUNICIPIUL CĂLĂRAŞI",92569,2,PART,PRCNCT,CD,CD_SV,"2021-01-21 12:30:02",1193,1177,10,6,306,290,10,6,1300,994,296,9,1,30,0,9,60,134,20,0,38,0,0,0,3,0,0,0,0,0,0,0,0,0,0,0,0,0,2,0,0,0,0,0
12,CĂLĂRAŞI,"ŞCOALA GIMNAZIALA MIHAI VITEAZUL CALARASI",18,"MUNICIPIUL CĂLĂRAŞI",92569,1,PROV,PRCNCT,CD,CD_SV,"2021-01-21 12:30:02",1396,1379,13,4,352,335,13,4,1500,1148,346,6,0,39,1,7,68,160,30,0,29,2,1,0,4,1,0,0,0,1,0,0,0,0,0,1,0,0,0,0,0,0,0,2
12,CĂLĂRAŞI,"ŞCOALA GIMNAZIALA MIHAI VITEAZUL CALARASI",19,"MUNICIPIUL CĂLĂRAŞI",92569,1,PROV,PRCNCT,CD,CD_SV,"2021-01-21 12:30:02",726,713,11,2,225,212,11,2,900,675,221,2,2,38,0,11,49,91,6,0,19,2,2,0,1,0,0,0,0,0,0,0,0,0,0,0,0,0,0,0,0,0,0,2
12,CĂLĂRAŞI,"SALA DE SPORT A SCOLII GIMNAZIALE NICOLAE TITULESCU",20,"MUNICIPIUL CĂLĂRAŞI",92569,1,PROV,PRCNCT,CD,CD_SV,"2021-01-21 12:30:02",771,750,19,2,242,222,18,2,900,658,235,7,0,29,0,12,61,95,15,0,11,1,3,0,1,1,0,0,0,1,0,0,0,0,0,1,0,0,1,0,0,0,0,3
12,CĂLĂRAŞI,"SALA DE SPORT A SCOLII GIMNAZIALE NICOLAE TITULESCU",21,"MUNICIPIUL CĂLĂRAŞI",92569,1,PROV,PRCNCT,CD,CD_SV,"2021-01-21 12:30:02",1468,1458,10,0,351,341,10,0,1600,1249,342,9,0,45,0,13,67,157,20,0,32,4,0,1,1,0,0,0,0,0,0,0,0,0,0,0,0,0,0,0,0,0,0,2
12,CĂLĂRAŞI,"GRĂDINIŢA CU PR.PREL.NR.1",22,"MUNICIPIUL CĂLĂRAŞI",92569,2,PART,PRCNCT,CD,CD_SV,"2021-01-21 12:30:02",1117,1103,14,0,368,354,14,0,1200,832,356,11,1,45,0,18,68,160,20,0,25,1,4,1,5,2,0,0,0,0,0,1,0,0,0,2,2,0,0,0,0,0,0,2
12,CĂLĂRAŞI,"GRĂDINIŢA CU PROGRAM NORMAL NR.2 CALARASI",23,"MUNICIPIUL CĂLĂRAŞI",92569,1,PROV,PRCNCT,CD,CD_SV,"2021-01-21 12:30:02",1688,1674,14,0,440,426,14,0,1800,1360,433,6,1,46,1,17,85,190,28,1,41,5,4,0,7,0,0,2,1,0,0,0,0,0,0,0,0,0,0,0,0,0,0,5
12,CĂLĂRAŞI,"LICEUL DANUBIUS CALARASI",24,"MUNICIPIUL CĂLĂRAŞI",92569,1,PROV,PRCNCT,CD,CD_SV,"2021-01-21 12:30:02",1604,1591,10,3,407,394,10,3,1800,1393,392,15,0,44,0,19,92,166,21,1,28,4,3,2,2,2,1,1,0,2,0,0,0,0,1,1,0,0,0,0,0,0,1,1
12,CĂLĂRAŞI,"LICEUL DANUBIUS CALARASI",25,"MUNICIPIUL CĂLĂRAŞI",92569,1,PROV,PRCNCT,CD,CD_SV,"2021-01-21 12:30:02",1533,1516,17,0,426,409,17,0,1700,1274,415,8,3,34,0,16,67,201,21,1,56,3,2,3,3,2,0,0,1,2,0,0,0,1,0,0,0,0,0,0,1,0,0,1
12,CĂLĂRAŞI,"LICEUL DANUBIUS CALARASI",26,"MUNICIPIUL CĂLĂRAŞI",92569,1,PROV,PRCNCT,CD,CD_SV,"2021-01-21 12:30:02",1895,1882,13,0,471,458,13,0,1900,1429,444,21,6,38,1,13,115,158,29,1,67,2,0,3,5,4,0,0,1,2,0,0,0,0,0,1,1,0,0,0,1,0,0,2
12,CĂLĂRAŞI,"LICEUL DANUBIUS CALARASI",27,"MUNICIPIUL CĂLĂRAŞI",92569,1,PROV,PRCNCT,CD,CD_SV,"2021-01-21 12:30:02",1499,1481,18,0,272,254,18,0,1500,1228,244,24,4,10,0,7,41,110,27,2,33,5,2,1,1,0,0,0,0,0,0,0,0,0,0,0,3,0,0,0,1,0,1,0
12,CĂLĂRAŞI,"CREŞA SĂPTĂMÂNALĂ CU 100 LOCURI",28,"MUNICIPIUL CĂLĂRAŞI",92569,1,PROV,PRCNCT,CD,CD_SV,"2021-01-21 12:30:02",1426,1411,15,0,356,341,15,0,1500,1144,345,11,0,37,0,14,66,139,17,1,56,2,3,0,4,0,0,0,1,0,0,0,0,0,0,2,0,0,0,0,0,0,1,2
12,CĂLĂRAŞI,"CREŞA SĂPTĂMÂNALĂ CU 100 LOCURI",29,"MUNICIPIUL CĂLĂRAŞI",92569,1,PROV,PRCNCT,CD,CD_SV,"2021-01-21 12:30:02",796,779,17,0,194,177,17,0,900,706,190,4,0,15,0,8,40,67,14,1,32,0,2,0,6,1,0,0,0,1,0,0,0,0,0,0,0,0,0,0,1,0,0,2
12,CĂLĂRAŞI,"ŞCOALA GIMNAZIALA T.VLADIMIRESCU",30,"MUNICIPIUL CĂLĂRAŞI",92569,4,PART,PRCNCT,CD,CD_SV,"2021-01-21 12:30:02",1449,1428,20,1,446,425,20,1,1500,1054,442,3,1,65,3,30,85,182,16,0,43,5,6,0,4,0,0,0,0,0,0,0,0,0,2,0,0,0,0,0,0,0,0,1
12,CĂLĂRAŞI,"ŞCOALA GIMNAZIALA T.VLADIMIRESCU",31,"MUNICIPIUL CĂLĂRAŞI",92569,1,PROV,PRCNCT,CD,CD_SV,"2021-01-21 12:30:02",1249,1237,11,1,406,394,11,1,1400,994,401,5,0,46,0,9,98,183,25,2,23,2,2,3,0,3,0,0,0,0,0,0,0,0,0,0,0,0,0,0,0,0,0,5
12,CĂLĂRAŞI,"ŞCOALA GIMNAZIALA T.VLADIMIRESCU",32,"MUNICIPIUL CĂLĂRAŞI",92569,2,PART,PRCNCT,CD,CD_SV,"2021-01-21 12:30:02",1297,1281,9,7,420,404,9,7,1400,980,413,7,0,84,0,21,73,157,26,1,38,7,3,0,1,0,0,0,0,0,0,0,0,0,1,1,0,0,0,0,0,0,0,0
12,CĂLĂRAŞI,"ŞCOALA GIMNAZIALA T.VLADIMIRESCU",33,"MUNICIPIUL CĂLĂRAŞI",92569,1,PROV,PRCNCT,CD,CD_SV,"2021-01-21 12:30:02",1372,1364,7,1,398,390,7,1,1400,1002,392,6,0,48,0,21,62,182,27,0,33,2,4,1,6,2,0,0,0,0,0,0,0,0,0,1,0,0,0,0,1,0,0,2
12,CĂLĂRAŞI,"SALA DE SPORT DE LA ŞC.12",34,"MUNICIPIUL CĂLĂRAŞI",92569,1,PROV,PRCNCT,CD,CD_SV,"2021-01-21 12:30:02",1311,1290,19,2,347,326,19,2,1300,953,340,5,2,43,1,11,73,128,16,0,50,2,3,1,4,0,0,1,0,0,0,0,0,0,0,0,2,0,0,0,0,0,1,4
12,CĂLĂRAŞI,"SALA DE SPORT DE LA ŞC.12",35,"MUNICIPIUL CĂLĂRAŞI",92569,1,PROV,PRCNCT,CD,CD_SV,"2021-01-21 12:30:02",1138,1126,12,0,329,317,12,0,1200,871,325,3,1,37,1,11,78,135,12,0,39,2,3,0,4,0,0,0,0,0,0,0,0,0,0,0,0,0,0,0,0,0,0,3
12,CĂLĂRAŞI,"ŞCOALA GIMNAZIALA MIRCEA VODĂ",36,"MUNICIPIUL CĂLĂRAŞI",92569,3,PART,PRCNCT,CD,CD_SV,"2021-01-21 12:30:02",1242,1236,6,0,359,353,6,0,1300,941,356,3,0,54,0,11,74,140,17,0,42,1,4,0,2,4,0,0,1,1,0,0,0,0,0,0,1,1,0,0,0,0,1,2
12,CĂLĂRAŞI,"ŞCOALA GIMNAZIALA MIRCEA VODĂ",37,"MUNICIPIUL CĂLĂRAŞI",92569,1,PROV,PRCNCT,CD,CD_SV,"2021-01-21 12:30:02",1173,1164,9,0,282,273,9,0,1200,918,273,9,0,39,1,14,35,123,10,0,38,2,4,0,2,1,0,1,0,0,0,0,0,0,0,0,0,0,0,0,0,0,0,3
12,CĂLĂRAŞI,"ŞCOALA GIMNAZIALA MIRCEA VODĂ",38,"MUNICIPIUL CĂLĂRAŞI",92569,1,PROV,PRCNCT,CD,CD_SV,"2021-01-21 12:30:02",1526,1516,10,0,473,463,10,0,1500,1027,465,8,0,102,0,17,88,164,25,0,55,3,3,1,3,1,1,0,0,0,0,0,0,0,0,0,0,0,0,0,0,0,0,2
12,CĂLĂRAŞI,"ŞCOALA GIMNAZIALA MIRCEA VODĂ",39,"MUNICIPIUL CĂLĂRAŞI",92569,1,PROV,PRCNCT,CD,CD_SV,"2021-01-21 12:30:02",1060,1049,8,3,279,268,8,3,1100,821,268,9,2,21,0,11,44,118,12,0,42,4,3,1,1,2,1,1,1,1,0,0,0,0,0,0,3,0,0,0,0,0,1,1
12,CĂLĂRAŞI,"GRADINITA CU PROGRAM PRELUNGIT NR.9 VOINICEL",40,"MUNICIPIUL CĂLĂRAŞI",92569,2,PART,PRCNCT,CD,CD_SV,"2021-01-21 12:30:02",1503,1489,13,1,425,411,13,1,1499,1074,415,9,1,34,0,17,67,202,19,0,62,5,4,2,1,0,0,0,0,0,0,0,0,0,0,0,1,0,0,0,0,1,0,0
12,CĂLĂRAŞI,"GRADINITA CU PROGRAM PRELUNGIT NR.9 VOINICEL",41,"MUNICIPIUL CĂLĂRAŞI",92569,1,PROV,PRCNCT,CD,CD_SV,"2021-01-21 12:30:02",1093,1083,10,0,289,279,10,0,1100,811,278,9,2,40,0,1,36,136,23,0,29,0,2,1,2,2,0,0,1,0,0,0,1,1,0,0,2,0,0,0,0,0,0,1
12,CĂLĂRAŞI,"GRĂDINIŢA CU PR.PRELUNGIT NR.5 ARICEL CALARASI",42,"MUNICIPIUL CĂLĂRAŞI",92569,1,PROV,PRCNCT,CD,CD_SV,"2021-01-21 12:30:02",787,776,9,2,253,242,9,2,900,647,249,4,0,35,0,11,61,103,15,0,16,3,2,0,1,0,1,0,0,0,0,0,0,0,0,0,0,0,0,0,0,0,1,0
12,CĂLĂRAŞI,"COLEGIUL ECONOMIC SEDIUL B",43,"MUNICIPIUL CĂLĂRAŞI",92569,2,PART,PRCNCT,CD,CD_SV,"2021-01-21 12:30:02",1105,1091,12,2,315,301,12,2,1200,885,310,2,3,36,1,10,55,152,19,1,24,3,2,2,2,0,1,0,0,0,1,0,0,0,0,0,0,0,0,0,0,0,0,1
12,CĂLĂRAŞI,"LICEUL TEHNOLOGIC TRANSPORTURI AUTO CALARASI",44,"MUNICIPIUL CĂLĂRAŞI",92569,1,PROV,PRCNCT,CD,CD_SV,"2021-01-21 12:30:02",1241,1221,9,11,410,390,9,11,1300,890,397,13,0,25,0,9,69,195,18,0,73,2,0,1,0,0,0,0,1,0,0,0,0,0,0,0,1,0,0,1,0,0,0,2
12,CĂLĂRAŞI,"ŞCOALA GIMNAZIALA C-TIN BRÂNCOVEANU",45,"MUNICIPIUL CĂLĂRAŞI",92569,1,PROV,PRCNCT,CD,CD_SV,"2021-01-21 12:30:02",1367,1342,10,15,425,402,10,13,1400,975,412,10,3,43,1,8,87,197,21,0,42,2,2,1,4,3,0,0,0,0,0,0,0,0,0,0,0,0,0,0,0,0,0,1
12,CĂLĂRAŞI,"ŞCOALA GIMNAZIALA C-TIN BRÂNCOVEANU",46,"MUNICIPIUL CĂLĂRAŞI",92569,1,PROV,PRCNCT,CD,CD_SV,"2021-01-21 12:30:02",1107,1092,13,2,237,222,13,2,1200,963,216,17,4,20,1,5,35,110,8,0,31,0,2,0,3,0,1,0,0,0,0,0,0,0,0,0,0,0,0,0,0,0,0,0
12,CĂLĂRAŞI,"ŞCOALA GIMNAZIALA C-TIN BRÂNCOVEANU",47,"MUNICIPIUL CĂLĂRAŞI",92569,1,PROV,PRCNCT,CD,CD_SV,"2021-01-21 12:30:02",1186,1172,14,0,326,312,14,0,1234,908,320,2,4,27,0,13,57,149,22,1,30,1,4,2,3,4,1,0,0,0,0,0,0,1,0,1,0,0,0,0,1,0,0,3
12,CĂLĂRAŞI,"ŞCOALA PRIMARA NR.6",48,"MUNICIPIUL CĂLĂRAŞI",92569,1,PROV,PRCNCT,CD,CD_SV,"2021-01-21 12:30:02",996,987,9,0,316,307,9,0,1100,784,304,11,1,26,0,12,54,146,16,1,36,1,2,3,3,2,1,0,0,0,0,0,0,0,0,0,0,0,0,0,0,0,0,1
12,CĂLĂRAŞI,"ŞCOALA PRIMARA NR.6",49,"MUNICIPIUL CĂLĂRAŞI",92569,1,PROV,PRCNCT,CD,CD_SV,"2021-01-21 12:30:02",993,981,10,2,327,315,10,2,1100,773,315,8,4,25,0,5,77,144,15,1,36,3,2,2,0,1,0,0,0,1,0,0,0,1,0,0,0,0,0,0,0,0,0,2
12,CĂLĂRAŞI,"CANTINA DE AJUTOR SOCIAL",50,"MUNICIPIUL CĂLĂRAŞI",92569,1,PROV,PRCNCT,CD,CD_SV,"2021-01-21 12:30:02",599,583,16,0,162,146,16,0,700,538,146,16,0,2,0,2,23,90,9,0,13,1,1,1,0,2,0,0,0,1,1,0,0,0,0,0,0,0,0,0,0,0,0,0
12,CĂLĂRAŞI,"COLEGIUL ECONOMIC SEDIU",51,"MUNICIPIUL CĂLĂRAŞI",92569,1,PROV,PRCNCT,CD,CD_SV,"2021-01-21 12:30:02",1455,1431,20,4,551,527,20,4,1601,1050,537,13,1,67,1,19,139,227,33,0,31,5,4,4,2,0,0,0,0,0,0,0,0,1,1,0,0,0,0,0,0,0,1,2
12,CĂLĂRAŞI,"GRĂDINIŢA NR.5 (INCINTA ŞCOALA GIMNAZIALĂ ”AL.D.GHICA”)",52,"MUNICIPIUL OLTENIŢA",100610,2,PART,PRCNCT,CD,CD_SV,"2021-01-21 12:30:02",1906,1889,17,0,466,449,17,0,1900,1434,441,20,5,27,0,17,116,193,15,2,49,5,0,2,3,3,1,0,0,4,0,0,0,0,0,0,0,0,0,0,0,0,1,3
12,CĂLĂRAŞI,"CANTINA DE AJUTOR SOCIAL",53,"MUNICIPIUL OLTENIŢA",100610,1,PROV,PRCNCT,CD,CD_SV,"2021-01-21 12:30:02",1222,1206,15,1,356,340,15,1,1300,944,350,5,1,36,0,17,76,177,16,0,20,1,1,0,0,2,0,0,0,1,0,0,0,0,0,0,0,0,0,1,0,0,1,1
12,CĂLĂRAŞI,"ŞCOALA GIMNAZIALĂ ”PROF.LUCIAN PAVEL” LOCAL NR.1",54,"MUNICIPIUL OLTENIŢA",100610,1,PROV,PRCNCT,CD,CD_SV,"2021-01-21 12:30:02",1167,1150,17,0,289,272,17,0,1200,911,277,12,0,29,0,12,66,126,10,1,26,3,0,0,0,0,0,0,0,2,0,0,0,0,0,0,0,0,0,0,0,0,0,2
12,CĂLĂRAŞI,"ŞCOALA GIMNAZIALĂ ”PROF.LUCIAN PAVEL” LOCAL NR.2",55,"MUNICIPIUL OLTENIŢA",100610,1,PROV,PRCNCT,CD,CD_SV,"2021-01-21 12:30:02",1484,1470,14,0,406,392,14,0,1600,1194,401,4,1,53,0,18,75,206,19,0,20,3,2,1,2,0,0,0,0,1,0,1,0,0,0,0,0,0,0,0,0,0,0,0
12,CĂLĂRAŞI,"PRIMARIA MUNICIPIULUI OLTENITA",56,"MUNICIPIUL OLTENIŢA",100610,1,PROV,PRCNCT,CD,CD_SV,"2021-01-21 12:30:02",1774,1758,14,2,504,488,14,2,1800,1296,491,11,2,69,0,29,107,222,21,2,23,6,0,2,3,1,0,0,0,1,0,0,0,0,0,0,0,0,0,0,0,1,0,4
12,CĂLĂRAŞI,"PRIMARIA MUNICIPIULUI OLTENITA",57,"MUNICIPIUL OLTENIŢA",100610,1,PROV,PRCNCT,CD,CD_SV,"2021-01-21 12:30:02",1818,1798,17,3,500,480,17,3,1900,1400,497,3,0,59,0,30,110,221,21,0,29,8,2,0,5,2,0,0,0,1,0,0,0,0,0,0,1,0,0,0,0,0,0,8
12,CĂLĂRAŞI,"ŞCOALA GIMNAZIALĂ ”SPIRU HARET”",58,"MUNICIPIUL OLTENIŢA",100610,3,PART,PRCNCT,CD,CD_SV,"2021-01-21 12:30:02",1826,1809,16,1,381,364,16,1,1900,1519,372,9,0,31,0,20,75,197,8,1,24,4,0,0,2,2,0,1,0,2,0,1,0,0,0,0,2,0,0,0,0,0,0,2
12,CĂLĂRAŞI,"LICEUL TEORETIC ”NEAGOE BASARAB”",59,"MUNICIPIUL OLTENIŢA",100610,1,PROV,PRCNCT,CD,CD_SV,"2021-01-21 12:30:02",1822,1784,15,23,461,423,15,23,1800,1339,455,6,0,46,0,29,84,222,29,0,28,5,3,1,1,0,0,0,0,1,1,0,0,0,0,0,0,0,0,0,0,1,0,4
12,CĂLĂRAŞI,"ŞCOALA GIMNAZIALĂ ”ALEXANDRU VLAHUŢĂ”",60,"MUNICIPIUL OLTENIŢA",100610,1,PROV,PRCNCT,CD,CD_SV,"2021-01-21 12:30:02",1691,1678,13,0,382,369,13,0,1800,1418,369,11,2,42,0,8,81,202,8,0,12,6,1,2,3,1,0,0,0,1,0,0,0,0,0,0,0,0,0,0,1,0,0,1
12,CĂLĂRAŞI,"GRADINITA NR.4",61,"MUNICIPIUL OLTENIŢA",100610,1,PROV,PRCNCT,CD,CD_SV,"2021-01-21 12:30:02",1687,1675,12,0,389,377,12,0,1800,1411,380,8,1,38,1,11,83,172,20,0,35,4,1,0,9,2,0,0,1,2,0,0,0,0,0,0,0,0,0,0,0,0,1,0
12,CĂLĂRAŞI,"ŞCOALA GIMNAZIALĂ ”PROF.LUCIAN PAVEL” LOCAL NR.3",62,"MUNICIPIUL OLTENIŢA",100610,2,PART,PRCNCT,CD,CD_SV,"2021-01-21 12:30:02",1643,1634,9,0,354,345,9,0,1800,1446,344,9,1,19,1,16,61,180,19,0,33,3,1,1,2,1,0,0,0,2,0,0,0,0,0,0,1,0,0,0,0,0,0,4
12,CĂLĂRAŞI,"ŞCOALA CU CLS I-IV ”CONSTANTIN DECULESCU”",63,"MUNICIPIUL OLTENIŢA",100610,1,PROV,PRCNCT,CD,CD_SV,"2021-01-21 12:30:02",1730,1719,11,0,268,257,11,0,1800,1532,264,3,1,30,0,11,53,126,18,1,9,1,0,0,3,2,0,0,1,3,0,0,0,0,0,1,1,0,0,0,0,0,0,4
12,CĂLĂRAŞI,"ŞCOALA GIMNAZIALĂ ”MIRCEA ELIADE”",64,"MUNICIPIUL OLTENIŢA",100610,1,PROV,PRCNCT,CD,CD_SV,"2021-01-21 12:30:02",1280,1271,9,0,316,307,9,0,1400,1084,316,0,0,45,0,10,64,138,13,3,28,3,3,4,0,1,0,0,0,1,0,0,0,0,0,1,0,0,0,0,0,0,0,2
12,CĂLĂRAŞI,"GRADINITA NR.2",65,"MUNICIPIUL OLTENIŢA",100610,1,PROV,PRCNCT,CD,CD_SV,"2021-01-21 12:30:02",1594,1586,8,0,364,356,8,0,1800,1436,352,12,0,29,0,15,68,183,18,0,27,3,2,0,0,1,1,0,0,3,0,0,0,0,0,0,0,0,0,0,0,0,1,1
12,CĂLĂRAŞI,"SCOALA GIMNAZIALA GHEORGHE MANU",66,"ORAŞ BUDEŞTI",101458,2,PART,PRCNCT,CD,CD_SV,"2021-01-21 12:30:02",1909,1850,58,1,387,328,58,1,1900,1513,371,14,2,10,2,9,115,187,7,0,27,7,0,2,3,0,0,0,0,0,0,0,0,0,0,0,1,0,1,0,0,0,0,0
12,CĂLĂRAŞI,"SCOALA GIMNAZIALA GHEORGHE MANU",67,"ORAŞ BUDEŞTI",101458,3,PART,PRCNCT,CD,CD_SV,"2021-01-21 12:30:02",1965,1921,44,0,363,319,44,0,2000,1637,349,10,4,8,0,22,107,174,6,0,22,1,0,2,0,4,0,0,1,2,0,0,0,0,0,0,0,0,0,0,0,0,0,0
12,CĂLĂRAŞI,"SCOALA GIMNAZIALA NR.1APROZI",68,"ORAŞ BUDEŞTI",101458,1,PROV,PRCNCT,CD,CD_SV,"2021-01-21 12:30:02",821,807,14,0,191,177,14,0,900,709,179,9,3,3,0,11,87,58,3,0,9,2,1,0,2,1,0,0,1,0,0,0,0,0,1,0,0,0,0,0,0,0,0,0
12,CĂLĂRAŞI,"SCOALA PRIMARA NR.2 BUCIUMENI",69,"ORAŞ BUDEŞTI",101458,1,PROV,PRCNCT,CD,CD_SV,"2021-01-21 12:30:02",501,496,5,0,136,131,5,0,600,464,129,7,0,3,0,6,44,57,1,1,3,9,1,1,2,0,0,0,0,0,0,0,0,0,0,1,0,0,0,0,0,0,0,0
12,CĂLĂRAŞI,"SCOALA PRIMARA NR.1 GRUIU",70,"ORAŞ BUDEŞTI",101458,2,PART,PRCNCT,CD,CD_SV,"2021-01-21 12:30:02",607,574,33,0,235,202,33,0,700,465,220,12,3,6,1,9,72,108,2,0,9,8,0,1,1,1,0,0,0,1,0,0,0,0,0,0,0,0,0,0,1,0,0,0
12,CĂLĂRAŞI,"LICEUL TEHNOLOGIC NR. 1",71,"ORAŞ FUNDULEA",103032,1,PROV,PRCNCT,CD,CD_SV,"2021-01-21 12:30:02",951,918,31,2,377,344,31,2,1000,623,370,6,1,37,0,14,68,180,23,1,41,1,1,0,0,0,0,0,2,0,0,0,0,1,0,0,0,0,0,0,0,0,1,0
12,CĂLĂRAŞI,"GRADINITA CU PROGRAM PRELUNGIT",72,"ORAŞ FUNDULEA",103032,1,PROV,PRCNCT,CD,CD_SV,"2021-01-21 12:30:02",1432,1383,49,0,517,468,49,0,1500,983,497,16,4,44,0,10,66,309,11,0,47,2,3,0,1,0,0,0,1,1,0,0,0,0,0,0,0,0,0,0,0,0,1,1
12,CĂLĂRAŞI,"SCOALA GIMNAZIALA MIRCEA NEDELCIU",73,"ORAŞ FUNDULEA",103032,1,PROV,PRCNCT,CD,CD_SV,"2021-01-21 12:30:02",1136,1058,71,7,422,344,71,7,1200,778,416,6,0,30,1,9,45,274,11,0,42,2,0,0,0,1,0,0,0,0,0,0,0,0,0,1,0,0,0,0,0,0,0,0
12,CĂLĂRAŞI,"GRADINITA CU PROGRAM NORMAL NR. 2 CRANGU",74,"ORAŞ FUNDULEA",103032,1,PROV,PRCNCT,CD,CD_SV,"2021-01-21 12:30:02",1400,1308,90,2,527,435,90,2,1400,873,505,9,13,28,0,5,62,345,9,0,44,2,0,4,2,1,0,0,0,0,1,0,0,0,1,0,0,0,0,0,0,0,1,0
12,CĂLĂRAŞI,"SCOALA GIMNAZIALA NR. 1 GOSTILELE",75,"ORAŞ FUNDULEA",103032,1,PROV,PRCNCT,CD,CD_SV,"2021-01-21 12:30:02",550,520,30,0,206,176,30,0,600,394,203,2,1,3,0,5,18,158,3,1,14,0,0,0,0,0,0,0,0,0,0,0,0,1,0,0,0,0,0,0,0,0,0,0
12,CĂLĂRAŞI,PRIMARIE,76,"ORAŞ LEHLIU-GARĂ",93888,1,PROV,PRCNCT,CD,CD_SV,"2021-01-21 12:30:02",1543,1503,37,3,588,548,37,3,1700,1112,575,13,0,82,0,21,154,211,35,0,56,3,1,2,5,0,0,0,1,1,0,0,0,0,0,0,1,0,0,0,0,0,1,1
12,CĂLĂRAŞI,"CASA DE CULTURA",77,"ORAŞ LEHLIU-GARĂ",93888,2,PART,PRCNCT,CD,CD_SV,"2021-01-21 12:30:02",1644,1572,72,0,637,565,72,0,1700,1063,618,17,2,83,0,18,208,199,37,2,58,2,3,1,1,0,0,1,0,0,0,0,0,0,1,0,0,0,0,0,0,0,2,2
12,CĂLĂRAŞI,"SCOALA CU CLS. I-VIII",78,"ORAŞ LEHLIU-GARĂ",93888,1,PROV,PRCNCT,CD,CD_SV,"2021-01-21 12:30:02",752,744,8,0,172,164,8,0,900,728,163,8,1,9,0,0,63,56,3,0,24,0,0,0,3,2,1,0,0,0,0,1,0,0,0,0,0,0,0,0,0,1,0,0
12,CĂLĂRAŞI,"SCOALA CU CLS. I-IV",79,"ORAŞ LEHLIU-GARĂ",93888,1,PROV,PRCNCT,CD,CD_SV,"2021-01-21 12:30:02",1076,1066,10,0,279,269,10,0,1200,921,260,18,1,20,0,8,60,87,10,0,66,2,0,2,0,1,0,0,0,1,0,0,1,0,0,0,0,0,0,1,0,0,1,0
12,CĂLĂRAŞI,"SCOALA CU CLS. I-IV",80,"ORAŞ LEHLIU-GARĂ",93888,1,PROV,PRCNCT,CD,CD_SV,"2021-01-21 12:30:02",450,360,90,0,202,112,90,0,400,198,190,8,4,6,1,4,75,64,2,0,28,0,5,0,2,1,0,0,0,0,1,0,0,0,0,1,0,0,0,0,0,0,0,0
12,CĂLĂRAŞI,"SCOALA GIMNAZIALA NR1 NICOLAE BALCESCU",81,"ALEXANDRU ODOBESCU",94125,1,PROV,PRCNCT,CD,CD_SV,"2021-01-21 12:30:02",1103,1015,62,26,567,479,62,26,1100,533,551,9,7,12,0,3,327,164,7,0,31,1,0,1,1,1,0,0,2,0,0,0,0,0,0,0,0,0,0,0,1,0,0,0
12,CĂLĂRAŞI,"SCOALA GIMNAZIALA NR. 2 ALEXANDRU ODOBESCU",82,"ALEXANDRU ODOBESCU",94125,1,PROV,PRCNCT,CD,CD_SV,"2021-01-21 12:30:02",1008,905,55,48,530,427,55,48,1000,470,525,4,1,15,0,6,362,113,7,1,14,1,1,3,0,1,0,0,0,0,0,0,0,0,0,0,0,0,0,0,0,0,0,1
12,CĂLĂRAŞI,"GRĂDINIŢA CU PROGRAM NORMAL NR.3 GĂLĂŢUI",83,"ALEXANDRU ODOBESCU",94125,1,PROV,PRCNCT,CD,CD_SV,"2021-01-21 12:30:02",320,255,50,15,182,117,50,15,300,118,175,3,4,2,0,0,108,48,3,0,10,1,1,0,0,0,0,0,1,0,0,0,0,0,0,0,0,0,0,0,0,0,0,1
12,CĂLĂRAŞI,"SCOALA GIMNAZIALA NR. 1 BELCIUGATELE",84,BELCIUGATELE,101083,1,PROV,PRCNCT,CD,CD_SV,"2021-01-21 12:30:02",1293,1246,44,3,430,383,44,3,1400,970,415,15,0,21,0,8,198,117,7,0,57,0,2,1,0,0,0,0,0,0,0,0,0,0,0,1,0,0,0,0,0,0,2,1
12,CĂLĂRAŞI,"SCOALA PRIMARA MARIUTA",85,BELCIUGATELE,101083,1,PROV,PRCNCT,CD,CD_SV,"2021-01-21 12:30:02",418,396,22,0,127,105,22,0,500,373,125,2,0,8,0,1,41,56,2,0,10,1,1,1,0,1,0,1,0,0,0,0,0,1,0,0,0,0,1,0,0,0,0,0
12,CĂLĂRAŞI,"SCOALA GIMNAZIALA NR. 3 BORCEA",86,BORCEA,92961,1,PROV,PRCNCT,CD,CD_SV,"2021-01-21 12:30:02",1071,1055,16,0,222,206,16,0,1200,978,216,3,3,10,0,6,82,90,3,1,20,1,1,1,0,0,0,0,0,0,0,0,0,0,0,1,0,0,0,0,0,0,0,0
12,CĂLĂRAŞI,"GRADINITA CU PROGRAM NORMAL NR. 3 BORCEA",87,BORCEA,92961,1,PROV,PRCNCT,CD,CD_SV,"2021-01-21 12:30:02",905,892,12,1,251,238,12,1,1000,749,245,6,0,10,0,10,77,97,8,0,38,0,1,0,1,1,0,0,0,1,0,1,0,0,0,0,0,0,0,0,0,0,0,0
12,CĂLĂRAŞI,"LICEUL TEHNOLOGIC NR. 1 BORCEA CLASELE I-IV SALA A",88,BORCEA,92961,1,PROV,PRCNCT,CD,CD_SV,"2021-01-21 12:30:02",1599,1550,40,9,426,377,40,9,1700,1274,412,10,4,19,0,9,208,92,9,1,68,2,1,1,1,1,0,0,0,0,0,0,0,0,0,0,0,0,0,0,0,0,0,0
12,CĂLĂRAŞI,"LICEUL TEHNOLOGIC NR. 1 BORCEA CLASELE I-IV SALA B",89,BORCEA,92961,1,PROV,PRCNCT,CD,CD_SV,"2021-01-21 12:30:02",1482,1460,21,1,341,319,21,1,1600,1259,334,2,5,30,1,10,121,104,10,0,48,3,0,0,0,2,0,0,1,3,0,0,0,1,0,0,0,0,0,0,0,0,0,0
12,CĂLĂRAŞI,"SCOALA GIMNAZIALA NR. 2 BORCEA",90,BORCEA,92961,1,PROV,PRCNCT,CD,CD_SV,"2021-01-21 12:30:02",1728,1714,12,2,397,383,12,2,1800,1403,383,6,8,18,0,12,121,140,5,2,79,3,0,0,1,0,0,0,0,1,0,0,0,0,1,0,0,0,0,0,0,0,0,0
12,CĂLĂRAŞI,"CAMINUL CULTURAL",91,CĂSCIOARELE,101724,1,PROV,PRCNCT,CD,CD_SV,"2021-01-21 12:30:02",1497,1435,55,7,710,648,55,7,1600,890,688,12,10,16,0,11,145,469,8,2,25,3,0,2,1,0,0,0,0,1,0,0,0,2,0,0,0,1,0,0,0,0,0,2
12,CĂLĂRAŞI,"SCOALA CU CLASELE I-VIII, NR.1",92,CHIRNOGI,101804,1,PROV,PRCNCT,CD,CD_SV,"2021-01-21 12:30:02",1593,1575,18,0,367,349,18,0,1700,1333,330,35,2,8,0,14,42,207,5,1,33,2,0,0,0,4,2,4,0,8,0,0,0,0,0,0,0,0,0,0,0,0,0,0
12,CĂLĂRAŞI,"SCOALA CU CLASELE I-VIII, NR.2",93,CHIRNOGI,101804,1,PROV,PRCNCT,CD,CD_SV,"2021-01-21 12:30:02",1558,1539,17,2,353,334,17,2,1700,1347,339,11,3,23,0,10,42,215,14,0,28,0,0,2,1,1,0,0,0,2,0,0,0,0,0,0,1,0,0,0,0,0,0,0
12,CĂLĂRAŞI,"SCOALA CU CLASELE I-VIII, NR.2",94,CHIRNOGI,101804,1,PROV,PRCNCT,CD,CD_SV,"2021-01-21 12:30:02",1584,1571,12,1,406,393,12,1,1700,1294,390,9,7,28,0,9,58,221,23,0,33,3,1,1,3,0,0,0,0,7,0,0,1,0,0,1,0,0,0,0,0,1,0,0
12,CĂLĂRAŞI,"SCOALA CU CLASELE I-VIII, NR.3",95,CHIRNOGI,101804,1,PROV,PRCNCT,CD,CD_SV,"2021-01-21 12:30:02",1223,1209,14,0,327,313,14,0,1300,973,318,7,2,28,1,8,50,189,8,1,25,2,0,0,1,0,0,0,0,2,0,0,0,0,0,1,0,0,0,0,0,0,0,2
12,CĂLĂRAŞI,"ȘCOALA GIMNAZIALĂ NR. 1",96,CHISELET,101822,2,PART,PRCNCT,CD,CD_SV,"2021-01-21 12:30:02",570,548,19,3,211,189,19,3,700,489,205,5,1,4,0,5,101,70,5,0,13,4,1,1,1,0,0,0,0,0,0,0,0,0,0,0,0,0,0,0,0,0,0,0
12,CĂLĂRAŞI,"ȘCOALA GIMNAZIALĂ NR. 1",97,CHISELET,101822,2,PART,PRCNCT,CD,CD_SV,"2021-01-21 12:30:02",1359,1333,22,4,544,518,22,4,1500,956,528,11,5,7,0,12,315,138,9,0,18,1,1,0,2,0,0,0,0,20,0,0,0,0,1,2,1,1,0,0,0,0,0,0
12,CĂLĂRAŞI,"SPAŢIU COMERCIAL CONSUMCOOP MȂNĂSTIREA",98,CHISELET,101822,2,PART,PRCNCT,CD,CD_SV,"2021-01-21 12:30:02",664,630,28,6,281,247,28,6,700,419,268,10,3,11,0,5,119,96,5,0,20,4,0,1,1,1,0,0,0,3,0,0,0,0,0,0,0,0,0,0,0,0,1,1
12,CĂLĂRAŞI,"SCOALA SMARDAN",99,CIOCĂNEŞTI,93085,1,PROV,PRCNCT,CD,CD_SV,"2021-01-21 12:30:02",781,744,19,18,234,197,19,18,900,666,229,4,1,14,0,7,36,143,5,0,15,1,1,0,4,0,0,0,0,1,0,1,0,0,0,1,0,0,0,0,0,0,0,0
12,CĂLĂRAŞI,"SCOALA MARGINENI",100,CIOCĂNEŞTI,93085,1,PROV,PRCNCT,CD,CD_SV,"2021-01-21 12:30:02",720,690,25,5,208,178,25,5,800,592,204,3,1,4,0,2,24,125,10,0,14,0,0,2,20,0,0,0,0,2,0,0,1,0,0,0,0,0,0,0,0,0,0,0
12,CĂLĂRAŞI,"GRADINITA NR.1 SARBI",101,CIOCĂNEŞTI,93085,1,PROV,PRCNCT,CD,CD_SV,"2021-01-21 12:30:02",1134,1040,64,30,462,368,64,30,1100,638,445,11,6,23,0,1,53,313,10,0,23,1,1,2,13,1,0,0,1,2,0,0,0,0,0,1,0,0,0,0,0,0,0,0
12,CĂLĂRAŞI,"SCOALA ANDOLINA",102,CIOCĂNEŞTI,93085,1,PROV,PRCNCT,CD,CD_SV,"2021-01-21 12:30:02",979,834,27,118,378,233,27,118,1000,622,374,2,2,11,1,1,77,248,4,3,16,0,0,3,2,1,1,0,1,2,0,0,0,0,0,0,2,0,0,0,0,0,1,0
12,CĂLĂRAŞI,"SCOALA GIMNAZIALA ”NICOLAE PETRESCU”",103,CRIVĂŢ,180055,2,PART,PRCNCT,CD,CD_SV,"2021-01-21 12:30:02",824,796,16,12,299,271,16,12,900,601,295,3,1,32,1,3,40,200,4,0,3,2,0,0,5,3,0,0,0,0,0,0,0,1,0,0,1,0,0,0,0,0,0,0
12,CĂLĂRAŞI,"SCOALA GIMNAZIALA ”NICOLAE PETRESCU”",104,CRIVĂŢ,180055,2,PART,PRCNCT,CD,CD_SV,"2021-01-21 12:30:02",881,857,11,13,307,283,11,13,1000,693,298,6,3,23,0,1,57,187,5,0,13,1,0,4,6,0,0,0,0,0,0,0,0,0,0,1,0,0,0,0,0,0,0,0
12,CĂLĂRAŞI,"ȘCOALA GIMNAZIALĂ NR. 1, CORP A",105,CURCANI,102419,1,PROV,PRCNCT,CD,CD_SV,"2021-01-21 12:30:02",908,894,14,0,199,185,14,0,1000,801,195,3,1,7,0,4,63,92,3,0,19,2,0,0,0,0,0,0,0,0,0,0,0,0,0,0,0,0,0,0,0,0,0,5
12,CĂLĂRAŞI,"ȘCOALA GIMNAZIALĂ NR. 1, CORP B",106,CURCANI,102419,1,PROV,PRCNCT,CD,CD_SV,"2021-01-21 12:30:02",738,730,7,1,187,179,7,1,900,713,178,5,4,11,0,1,55,92,2,0,17,0,0,0,0,0,0,0,0,0,0,0,0,0,0,0,0,0,0,0,0,0,0,0
12,CĂLĂRAŞI,"ȘCOALA GIMNAZIALĂ NR. 1, CORP C",107,CURCANI,102419,2,PART,PRCNCT,CD,CD_SV,"2021-01-21 12:30:02",1291,1269,22,0,310,288,22,0,1400,1090,299,8,3,7,0,7,71,175,5,0,29,0,0,2,1,0,0,0,0,0,0,0,0,1,0,0,0,0,0,0,0,0,0,1
12,CĂLĂRAŞI,"ȘCOALA PRIMARĂ NR. 2",108,CURCANI,102419,1,PROV,PRCNCT,CD,CD_SV,"2021-01-21 12:30:02",1267,1250,17,0,304,287,17,0,1400,1096,292,8,4,5,0,18,30,196,2,1,29,3,0,0,1,1,0,0,0,5,0,0,0,0,0,0,0,1,0,0,0,0,0,0
12,CĂLĂRAŞI,"ŞCOALA PRIMARĂ NR.1 CEACU",109,"CUZA VODĂ",93281,1,PROV,PRCNCT,CD,CD_SV,"2021-01-21 12:30:02",1093,1049,41,3,364,320,41,3,1200,836,343,14,7,18,0,11,113,146,13,0,25,4,1,1,3,1,0,0,1,2,0,0,1,0,0,1,0,0,0,0,1,0,0,1
12,CĂLĂRAŞI,"ŞCOALA GIMNAZIALĂ NR.1 CUZA VODĂ",110,"CUZA VODĂ",93281,1,PROV,PRCNCT,CD,CD_SV,"2021-01-21 12:30:02",1778,1708,70,0,519,449,70,0,1800,1281,497,17,5,15,1,18,155,225,15,0,58,1,2,0,0,0,0,0,0,4,0,0,0,0,0,0,1,0,0,0,0,0,0,2
12,CĂLĂRAŞI,"ŞCOALA PRIMARĂ NR.1 CĂLĂRAŞI VECHI",111,"CUZA VODĂ",93281,1,PROV,PRCNCT,CD,CD_SV,"2021-01-21 12:30:02",617,557,60,0,227,167,60,0,700,473,224,2,1,4,0,5,51,129,12,0,13,1,2,2,0,2,0,0,1,1,0,0,0,0,1,0,0,0,0,0,0,0,0,0
12,CĂLĂRAŞI,"ŞC. GIMNAZIALĂ NR.1 DICHISENI",112,DICHISENI,93325,2,PART,PRCNCT,CD,CD_SV,"2021-01-21 12:30:02",784,718,34,32,316,250,34,32,799,483,298,12,6,10,1,5,154,85,10,1,27,1,0,0,3,0,0,0,0,0,0,0,0,0,0,1,0,0,0,0,0,0,0,0
12,CĂLĂRAŞI,"ŞC. PRIMARĂ NR.1",113,DICHISENI,93325,1,PROV,PRCNCT,CD,CD_SV,"2021-01-21 12:30:02",767,722,17,28,293,250,17,26,800,507,283,7,3,13,1,3,119,94,9,0,35,1,2,1,1,0,0,1,0,0,0,0,0,1,0,2,0,0,0,0,0,0,0,0
12,CĂLĂRAŞI,"SCOALA GIMNAZIALĂ NR.2 DOR MĂRUNT GARĂ",114,"DOR MĂRUNT",93370,1,PROV,PRCNCT,CD,CD_SV,"2021-01-21 12:30:02",1073,1061,12,0,374,362,12,0,1200,826,353,15,6,22,0,5,116,155,7,0,39,2,0,0,0,1,0,0,2,1,1,0,0,0,1,0,0,0,0,0,0,0,1,0
12,CĂLĂRAŞI,"ȘCOALA GIMNAZIALĂ NR.1 DOR MĂRUNT SAT",115,"DOR MĂRUNT",93370,1,PROV,PRCNCT,CD,CD_SV,"2021-01-21 12:30:02",1388,1357,30,1,431,400,30,1,1500,1069,423,5,3,11,0,3,222,137,7,0,33,3,1,1,3,1,0,0,0,1,0,0,0,0,0,0,0,0,0,0,0,0,0,0
12,CĂLĂRAŞI,"PROPRIETATE PRIVATA",116,"DOR MĂRUNT",93370,1,PROV,PRCNCT,CD,CD_SV,"2021-01-21 12:30:02",294,274,20,0,120,100,20,0,399,279,111,7,2,6,0,4,52,34,4,0,7,0,1,0,0,1,0,0,1,0,0,0,0,0,1,0,0,0,0,0,0,0,0,0
12,CĂLĂRAŞI,"GRĂDINIȚA CU PROGRAM NORMAL NR.3 INFRĂȚIREA",117,"DOR MĂRUNT",93370,1,PROV,PRCNCT,CD,CD_SV,"2021-01-21 12:30:02",278,267,11,0,122,111,11,0,300,178,119,3,0,0,3,2,32,65,4,0,9,0,0,0,0,0,1,0,0,1,0,0,0,0,0,1,0,0,0,0,0,1,0,0
12,CĂLĂRAŞI,"ȘCOALA GIMNAZIALĂ NR.2 DOR MĂRUNT GARĂ",118,"DOR MĂRUNT",93370,1,PROV,PRCNCT,CD,CD_SV,"2021-01-21 12:30:02",444,438,6,0,118,112,6,0,500,382,113,5,0,3,0,1,29,50,3,0,23,0,0,0,2,0,0,0,0,0,1,0,0,0,0,0,0,0,0,0,1,0,0,0
12,CĂLĂRAŞI,"ȘCOALA GIMNAZIALĂ NR.1 DÎLGA GARĂ",119,"DOR MĂRUNT",93370,1,PROV,PRCNCT,CD,CD_SV,"2021-01-21 12:30:02",1130,1055,58,17,515,440,58,17,1200,685,500,12,3,5,0,2,371,76,6,1,29,1,2,1,1,0,0,0,0,3,0,0,0,0,0,0,0,0,0,1,0,0,1,0
12,CĂLĂRAŞI,"ȘCOALA PRIMARĂ NR.1 DÎLGA SAT",120,"DOR MĂRUNT",93370,1,PROV,PRCNCT,CD,CD_SV,"2021-01-21 12:30:02",743,600,128,15,417,274,128,15,700,283,400,13,4,11,0,4,199,142,10,0,25,1,0,0,2,2,0,0,1,2,0,0,0,1,0,0,0,0,0,0,0,0,0,0
12,CĂLĂRAŞI,"ŞCOALA GIMNAZIALĂ NR. 1 DOROBANȚU, CORP B",121,DOROBANŢU,93441,2,PART,PRCNCT,CD,CD_SV,"2021-01-21 12:30:02",1257,1187,53,17,517,447,53,17,1300,783,506,7,4,8,0,12,254,166,9,0,44,4,0,1,3,1,0,0,0,1,0,0,0,0,0,0,1,0,0,0,0,0,0,2
12,CĂLĂRAŞI,"ŞCOALA PRIMARĂ NR. 1 VĂRĂŞTI",122,DOROBANŢU,93441,1,PROV,PRCNCT,CD,CD_SV,"2021-01-21 12:30:02",788,749,35,4,293,254,35,4,900,607,284,7,2,9,0,2,169,75,2,0,23,1,0,0,1,1,0,0,0,0,0,0,0,0,1,0,0,0,0,0,0,0,0,0
12,CĂLĂRAŞI,"ŞCOALA DIN SATUL BOŞNEAGU",123,DOROBANŢU,93441,1,PROV,PRCNCT,CD,CD_SV,"2021-01-21 12:30:02",331,298,30,3,152,119,30,3,400,248,145,5,2,9,0,2,87,38,4,0,2,1,0,0,0,1,0,0,0,0,0,0,0,0,0,0,1,0,0,0,0,0,0,0
12,CĂLĂRAŞI,"SCOALA GIMNAZIALA NR.1 DRAGALINA",124,DRAGALINA,93487,1,PROV,PRCNCT,CD,CD_SV,"2021-01-21 12:30:02",1129,1115,10,4,303,289,10,4,1200,897,291,7,5,11,0,9,103,112,5,1,43,1,0,1,0,1,0,1,0,0,0,0,0,0,0,1,1,0,0,0,0,0,0,1
12,CĂLĂRAŞI,"SCOALA GIMNAZIALA NR.1 DRAGALINA",125,DRAGALINA,93487,1,PROV,PRCNCT,CD,CD_SV,"2021-01-21 12:30:02",1285,1267,16,2,346,328,16,2,1400,1054,338,6,2,6,0,6,130,118,7,1,57,3,0,2,0,0,0,1,1,4,0,0,0,0,0,0,1,1,0,0,0,0,0,0
12,CĂLĂRAŞI,"SCOALA GIMNAZIALA NR.1 DRAGALINA",126,DRAGALINA,93487,1,PROV,PRCNCT,CD,CD_SV,"2021-01-21 12:30:02",1381,1363,12,6,365,347,12,6,1500,1135,356,8,1,3,0,7,134,158,5,2,37,2,0,2,0,2,0,0,1,1,0,0,0,0,0,0,1,0,1,0,0,0,0,0
12,CĂLĂRAŞI,"SCOALA GIMNAZIALA NR.1 DRAGALINA",127,DRAGALINA,93487,1,PROV,PRCNCT,CD,CD_SV,"2021-01-21 12:30:02",1132,1100,22,10,295,263,22,10,1200,905,288,6,1,4,0,6,89,116,7,0,55,8,2,0,0,0,0,0,0,0,0,0,0,0,0,0,0,1,0,0,0,0,0,0
12,CĂLĂRAŞI,"SCOALA GIMNAZIALA NR.1 DRAJNA NOUA",128,DRAGALINA,93487,1,PROV,PRCNCT,CD,CD_SV,"2021-01-21 12:30:02",1119,1083,18,18,316,280,18,18,1200,884,313,3,0,15,0,12,124,55,3,0,92,3,2,2,2,0,0,0,0,1,0,0,0,1,0,0,0,0,0,0,0,0,0,1
12,CĂLĂRAŞI,"SCOALA GIMNAZIALA NR.2 CONSTANTIN BRANCOVEANU",129,DRAGALINA,93487,1,PROV,PRCNCT,CD,CD_SV,"2021-01-21 12:30:02",740,732,7,1,224,216,7,1,900,676,214,6,4,5,0,3,84,76,3,2,37,0,0,0,2,0,0,0,0,1,0,0,0,0,0,1,0,0,0,0,0,0,0,0
12,CĂLĂRAŞI,"SCOALA GIMNAZIALA NR.1",130,"DRAGOŞ VODĂ",93539,1,PROV,PRCNCT,CD,CD_SV,"2021-01-21 12:30:02",1088,1034,31,23,330,276,31,23,1100,770,318,12,0,7,0,5,34,235,3,0,32,0,0,0,0,0,0,0,1,0,0,0,0,1,0,0,0,0,0,0,0,0,0,0
12,CĂLĂRAŞI,"SCOALA GIMNAZIALA NR.1",131,"DRAGOŞ VODĂ",93539,2,PART,PRCNCT,CD,CD_SV,"2021-01-21 12:30:02",1056,1014,25,17,259,217,25,17,1099,840,256,2,1,9,0,2,24,178,4,0,34,0,1,0,1,1,0,0,0,0,0,0,0,1,0,1,0,0,0,0,0,0,0,0
12,CĂLĂRAŞI,"GRĂDINIȚA CU PROGRAM NORMAL NR. 3",132,"DRAGOŞ VODĂ",93539,3,PART,PRCNCT,CD,CD_SV,"2021-01-21 12:30:02",194,169,17,8,86,61,17,8,200,114,82,2,2,1,0,0,11,60,4,0,5,0,0,0,0,1,0,0,0,0,0,0,0,0,0,0,0,0,0,0,0,0,0,0
12,CĂLĂRAŞI,"SCOALA GIMNAZIALA NR.1 FRASINET",133,FRĂSINET,102838,2,PART,PRCNCT,CD,CD_SV,"2021-01-21 12:30:02",1058,856,186,16,530,330,186,14,1000,470,506,13,11,4,2,3,249,185,6,0,47,1,0,0,1,0,0,1,1,1,0,0,0,2,0,0,0,1,0,0,2,0,0,0
12,CĂLĂRAŞI,"SCOALA PRIMARA NR.1 LUPTATORI",134,FRĂSINET,102838,1,PROV,PRCNCT,CD,CD_SV,"2021-01-21 12:30:02",514,438,67,9,298,222,67,9,500,202,288,9,1,2,1,3,193,77,3,0,7,1,1,0,0,0,0,0,0,0,0,0,0,0,0,0,0,0,0,0,0,0,0,0
12,CĂLĂRAŞI,"SCOALA GENERALA PASAREA",135,FRUMUŞANI,102945,1,PROV,PRCNCT,CD,CD_SV,"2021-01-21 12:30:02",604,575,29,0,158,129,29,0,700,542,152,5,1,6,0,9,29,68,6,0,28,0,0,0,4,0,0,0,0,2,0,0,0,0,0,0,0,0,0,0,0,0,0,0
12,CĂLĂRAŞI,"SCOALA GENERALA NR 1.FRUMUSANI",136,FRUMUŞANI,102945,2,PART,PRCNCT,CD,CD_SV,"2021-01-21 12:30:02",985,925,60,0,190,130,60,0,1000,810,169,19,2,38,0,7,43,50,2,2,11,2,0,0,8,1,0,0,0,1,0,0,0,0,0,0,0,0,0,0,0,1,2,1
12,CĂLĂRAŞI,"SCOALA GENERALA NR 1.FRUMUSANI",137,FRUMUŞANI,102945,1,PROV,PRCNCT,CD,CD_SV,"2021-01-21 12:30:02",1039,995,44,0,168,124,44,0,1100,932,149,18,1,26,0,11,35,39,8,0,14,0,1,1,13,0,0,0,0,0,0,0,0,0,0,0,0,0,1,0,0,0,0,0
12,CĂLĂRAŞI,"ȘCOALA PRIMARĂ NR.5 PĂDURIȘU",138,FRUMUŞANI,102945,1,PROV,PRCNCT,CD,CD_SV,"2021-01-21 12:30:02",565,524,41,0,147,106,41,0,600,453,141,5,1,8,1,5,42,49,6,1,19,0,0,0,10,0,0,0,0,0,0,0,0,0,0,0,0,0,0,0,0,0,0,0
12,CĂLĂRAŞI,"SCOALA GENERALA ORASTI",139,FRUMUŞANI,102945,1,PROV,PRCNCT,CD,CD_SV,"2021-01-21 12:30:02",765,738,27,0,165,138,27,0,900,735,162,3,0,19,0,9,35,63,1,2,23,0,2,0,5,0,0,0,0,1,0,0,0,1,1,0,0,0,0,0,0,0,0,0
12,CĂLĂRAŞI,"ŞCOALA GIMNAZIALĂ NR. 1 FUNDENI",140,FUNDENI,103014,3,PART,PRCNCT,CD,CD_SV,"2021-01-21 12:30:02",1278,1255,23,0,382,359,23,0,1400,1018,368,10,4,24,0,8,90,186,4,1,40,2,0,2,0,2,0,0,1,1,0,0,0,1,1,0,0,1,0,0,0,0,0,4
12,CĂLĂRAŞI,"ȘCOALA PRIMARĂ NR. 2",141,FUNDENI,103014,1,PROV,PRCNCT,CD,CD_SV,"2021-01-21 12:30:02",1229,1178,51,0,338,287,51,0,1300,962,331,7,0,23,0,3,45,206,6,1,38,2,1,0,1,0,0,0,0,1,0,0,0,1,0,0,0,0,0,0,0,0,0,3
12,CĂLĂRAŞI,"SCOALA CLASELE 1-4 NR. 3",142,FUNDENI,103014,3,PART,PRCNCT,CD,CD_SV,"2021-01-21 12:30:02",1217,1193,24,0,291,267,24,0,1300,1009,283,6,2,9,0,20,69,147,4,1,22,0,2,1,0,1,0,0,0,0,0,0,0,0,0,0,0,0,0,0,0,0,1,6
12,CĂLĂRAŞI,"SCOALA GIMNAZIĂ NR. 1 GĂLBINAȘI",143,GĂLBINAŞI,179962,1,PROV,PRCNCT,CD,CD_SV,"2021-01-21 12:30:02",1440,1408,32,0,418,386,32,0,1600,1182,407,8,3,7,0,7,19,329,3,0,31,4,0,4,0,1,0,0,0,1,0,0,0,0,0,0,0,0,0,0,1,0,0,0
12,CĂLĂRAŞI,"ȘCOALA GIMNAZIALĂ NR. 1 GĂLBINAȘI",144,GĂLBINAŞI,179962,1,PROV,PRCNCT,CD,CD_SV,"2021-01-21 12:30:02",1303,1285,18,0,413,395,18,0,1400,987,398,13,2,0,0,8,28,309,6,0,29,5,0,5,3,0,0,0,0,5,0,0,0,0,0,0,0,0,0,0,0,0,0,0
12,CĂLĂRAŞI,"ŞCOALA VECHE",145,GRĂDIŞTEA,93664,1,PROV,PRCNCT,CD,CD_SV,"2021-01-21 12:30:02",1863,1757,85,21,678,572,85,21,1800,1122,662,11,5,31,0,7,169,384,18,2,36,3,1,1,2,0,0,0,2,2,0,0,0,0,0,0,0,0,0,0,3,0,1,0
12,CĂLĂRAŞI,"ŞCOALA VECHE",146,GRĂDIŞTEA,93664,1,PROV,PRCNCT,CD,CD_SV,"2021-01-21 12:30:02",1081,1032,43,6,372,323,43,6,1100,728,364,6,2,51,2,3,84,189,9,1,16,1,3,0,2,0,0,0,0,1,0,0,0,0,1,1,0,0,0,0,0,0,0,0
12,CĂLĂRAŞI,"GRĂDINIȚA CU PROGRAM NORMAL NR.2 CUNEȘTI",147,GRĂDIŞTEA,93664,2,PART,PRCNCT,CD,CD_SV,"2021-01-21 12:30:02",734,691,43,0,286,244,42,0,800,514,278,7,1,17,0,15,70,142,12,0,14,0,0,1,3,1,0,0,0,2,0,0,0,0,0,1,0,0,0,0,0,0,0,0
12,CĂLĂRAŞI,"ŞCOALA BOGATA",148,GRĂDIŞTEA,93664,2,PART,PRCNCT,CD,CD_SV,"2021-01-21 12:30:02",667,487,161,19,415,235,161,19,600,185,405,6,4,10,1,3,225,125,5,1,16,1,0,1,5,1,0,0,0,6,0,0,0,0,1,0,1,1,0,0,1,0,1,0
12,CĂLĂRAŞI,"SCOALA GIMNAZIALA NR. 1 GURBANESTI",149,GURBĂNEŞTI,103568,1,PROV,PRCNCT,CD,CD_SV,"2021-01-21 12:30:02",633,432,183,18,377,176,183,18,500,123,359,11,7,2,1,3,27,300,5,0,12,1,0,2,0,1,0,0,0,2,0,1,0,1,0,1,0,0,0,0,0,0,0,0
12,CĂLĂRAŞI,"GRADINITA CU PROGRAM NORMAL COTOFANCA",150,GURBĂNEŞTI,103568,1,PROV,PRCNCT,CD,CD_SV,"2021-01-21 12:30:02",333,300,33,0,154,121,33,0,400,246,141,11,2,0,0,2,9,121,1,0,7,0,0,1,0,0,0,0,0,0,0,0,0,0,0,0,0,0,0,0,0,0,0,0
12,CĂLĂRAŞI,"GRADINITA CU PROGRAM NORMAL VALEA PRESNEI",151,GURBĂNEŞTI,103568,1,PROV,PRCNCT,CD,CD_SV,"2021-01-21 12:30:02",180,142,38,0,110,72,38,0,200,90,107,2,1,2,0,0,11,85,1,0,6,0,1,0,0,0,0,0,0,1,0,0,0,0,0,0,0,0,0,0,0,0,0,0
12,CĂLĂRAŞI,"SCOALA ILEANA",152,ILEANA,103764,1,PROV,PRCNCT,CD,CD_SV,"2021-01-21 12:30:02",758,745,13,0,174,161,13,0,900,726,166,6,2,3,0,8,10,139,2,1,3,0,0,0,0,0,0,0,0,0,0,0,0,0,0,0,0,0,0,0,0,0,0,0
12,CĂLĂRAŞI,"ȘCOALA PRIMARĂ NR. 1",153,ILEANA,103764,1,PROV,PRCNCT,CD,CD_SV,"2021-01-21 12:30:02",522,513,9,0,86,77,9,0,599,513,83,2,1,1,0,5,8,59,1,0,6,0,1,0,0,0,0,0,0,0,0,0,0,1,1,0,0,0,0,0,0,0,0,0
12,CĂLĂRAŞI,"CĂMIN CULTURAL ȘTEFĂNEȘTI",154,ILEANA,103764,1,PROV,PRCNCT,CD,CD_SV,"2021-01-21 12:30:02",626,607,19,0,186,167,19,0,700,514,176,7,3,6,0,2,17,121,9,0,17,1,1,0,0,0,1,0,0,0,0,0,0,0,0,1,0,0,0,0,0,0,0,0
12,CĂLĂRAŞI,"SCOALA ARTARI",155,ILEANA,103764,1,PROV,PRCNCT,CD,CD_SV,"2021-01-21 12:30:02",512,499,13,0,141,128,13,0,600,459,132,7,2,0,0,7,13,84,2,0,23,1,0,1,1,0,0,0,0,0,0,0,0,0,0,0,0,0,0,0,0,0,0,0
12,CĂLĂRAŞI,"GRADINITA DE COPII",156,INDEPENDENŢA,93771,1,PROV,PRCNCT,CD,CD_SV,"2021-01-21 12:30:02",1799,1762,34,3,639,602,34,3,1800,1161,618,13,8,7,0,5,263,285,13,0,26,7,1,4,2,1,0,0,0,0,1,0,0,1,1,1,0,0,0,0,0,0,0,0
12,CĂLĂRAŞI,"GRADINITA DE COPII",157,INDEPENDENŢA,93771,2,PART,PRCNCT,CD,CD_SV,"2021-01-21 12:30:02",459,440,19,0,137,118,19,0,500,363,135,2,0,12,0,3,40,63,4,0,7,1,0,1,2,1,0,0,0,1,0,0,0,0,0,0,0,0,0,0,0,0,0,0
12,CĂLĂRAŞI,"GRĂDINIŢA ALBĂ CA ZĂPADA",158,INDEPENDENŢA,93771,1,PROV,PRCNCT,CD,CD_SV,"2021-01-21 12:30:02",657,636,21,0,199,178,21,0,700,501,195,3,1,10,0,6,54,93,8,0,20,1,0,0,0,1,0,0,0,1,0,0,0,0,0,0,0,0,0,0,0,0,1,0
12,CĂLĂRAŞI,"SCOALA GIMNAZIALA NR. 1",159,JEGĂLIA,93815,1,PROV,PRCNCT,CD,CD_SV,"2021-01-21 12:30:02",1594,1571,15,8,522,499,15,8,1700,1178,502,12,8,15,0,6,254,153,11,0,48,3,1,1,2,2,0,0,0,0,0,0,1,0,0,4,0,0,0,0,0,1,0,0
12,CĂLĂRAŞI,"SCOALA PRIMARA NR. 1",160,JEGĂLIA,93815,1,PROV,PRCNCT,CD,CD_SV,"2021-01-21 12:30:02",1147,1124,19,4,367,344,19,4,1200,833,356,7,4,6,0,10,169,123,6,0,36,1,0,0,2,1,0,0,0,0,0,0,0,1,0,0,0,0,0,0,0,0,0,1
12,CĂLĂRAŞI,"SALA DE EDUCAȚIE FIZICĂ ȘCOLARĂ",161,JEGĂLIA,93815,1,PROV,PRCNCT,CD,CD_SV,"2021-01-21 12:30:02",773,748,11,14,287,262,11,14,900,613,276,8,3,16,0,8,141,82,3,0,16,0,1,1,2,1,0,0,0,0,1,0,0,0,0,0,0,0,0,0,1,1,0,2
12,CĂLĂRAŞI,"CAMIN CULTURAL",162,LEHLIU,93851,1,PROV,PRCNCT,CD,CD_SV,"2021-01-21 12:30:02",1426,1379,35,12,521,474,35,12,1500,979,502,14,5,35,0,4,242,161,14,1,26,2,3,3,4,1,0,1,0,2,0,0,0,0,1,0,1,0,0,0,0,0,0,1
12,CĂLĂRAŞI,"SCOALA SAPUNARI",163,LEHLIU,93851,2,PART,PRCNCT,CD,CD_SV,"2021-01-21 12:30:02",658,637,17,4,180,159,17,4,800,620,177,3,0,11,0,6,82,44,8,0,22,1,0,1,2,0,0,0,0,0,0,0,0,0,0,0,0,0,0,0,0,0,0,0
12,CĂLĂRAŞI,"SCOALA CU CLASELE I-VIII LUICA",164,LUICA,104083,1,PROV,PRCNCT,CD,CD_SV,"2021-01-21 12:30:02",1275,1241,32,2,392,358,32,2,1400,1008,371,18,3,9,0,12,113,208,2,0,17,1,0,2,1,0,0,0,0,1,0,1,1,0,0,0,1,0,0,0,0,0,1,1
12,CĂLĂRAŞI,"SCOALA CU CLASELE I-IV VALEA STANII",165,LUICA,104083,1,PROV,PRCNCT,CD,CD_SV,"2021-01-21 12:30:02",460,429,31,0,108,77,31,0,500,392,103,5,0,4,0,4,49,36,0,0,7,0,0,1,1,0,0,0,0,1,0,0,0,0,0,0,0,0,0,0,0,0,0,0
12,CĂLĂRAŞI,"GRADINITA CU PROGRAM NORMAL NR.4 NUCETU",166,LUPŞANU,93931,1,PROV,PRCNCT,CD,CD_SV,"2021-01-21 12:30:02",521,495,26,0,149,123,26,0,600,451,141,4,4,6,0,2,29,72,5,0,21,5,0,0,0,1,0,0,0,0,0,0,0,0,0,0,0,0,0,0,0,0,0,0
12,CĂLĂRAŞI,"GRADINITA CU PROGRAM NORMAL NR.3 LUPSANU",167,LUPŞANU,93931,1,PROV,PRCNCT,CD,CD_SV,"2021-01-21 12:30:02",496,476,20,0,159,139,20,0,600,441,156,3,0,5,1,5,41,71,3,0,22,7,0,0,0,0,0,0,0,1,0,0,0,0,0,0,0,0,0,0,0,0,0,0
12,CĂLĂRAŞI,"SCOALA GIMNAZIALA NR.1 RADU-VODA",168,LUPŞANU,93931,1,PROV,PRCNCT,CD,CD_SV,"2021-01-21 12:30:02",970,935,32,3,293,258,32,3,1000,707,288,4,1,15,0,10,95,120,1,0,38,2,0,0,1,0,0,0,0,1,0,0,0,2,0,1,0,0,0,0,0,0,1,1
12,CĂLĂRAŞI,"SCOALA PRIMARA NR.1 PLEVNA",169,LUPŞANU,93931,1,PROV,PRCNCT,CD,CD_SV,"2021-01-21 12:30:02",514,491,23,0,97,74,23,0,600,503,89,8,0,4,0,2,30,31,1,0,15,3,0,0,1,0,0,0,0,0,0,0,0,2,0,0,0,0,0,0,0,0,0,0
12,CĂLĂRAŞI,"LICEUL TEHNOLOGIC MATEI BASARAB",170,MÂNĂSTIREA,104181,2,PART,PRCNCT,CD,CD_SV,"2021-01-21 12:30:02",1407,1394,13,0,329,316,13,0,1500,1171,315,13,1,35,2,6,35,177,13,0,41,0,0,0,6,0,0,0,0,0,0,0,0,0,0,0,0,0,0,0,0,0,0,0
12,CĂLĂRAŞI,"LICEUL TEHNOLOGIC MATEI BASARAB",171,MÂNĂSTIREA,104181,1,PROV,PRCNCT,CD,CD_SV,"2021-01-21 12:30:02",1452,1432,16,4,366,346,16,4,1600,1234,344,15,7,39,0,2,44,206,13,0,32,5,0,0,1,0,0,0,0,0,0,1,0,0,0,0,0,0,0,0,0,0,1,0
12,CĂLĂRAŞI,"GRĂDINIŢA CU PROGRAM NORMAL NR. 3, COCONI",172,MÂNĂSTIREA,104181,1,PROV,PRCNCT,CD,CD_SV,"2021-01-21 12:30:02",669,648,21,0,138,117,21,0,800,662,129,6,3,14,0,6,16,66,3,0,19,2,0,0,2,0,0,0,0,0,0,1,0,0,0,0,0,0,0,0,0,0,0,0
12,CĂLĂRAŞI,"ŞCOALA GIMNAZIALĂ NR. 2 SULTANA",173,MÂNĂSTIREA,104181,1,PROV,PRCNCT,CD,CD_SV,"2021-01-21 12:30:02",793,773,20,0,143,123,20,0,900,757,133,7,3,19,0,3,24,61,6,0,16,0,0,0,0,1,0,0,0,2,0,0,0,0,0,1,0,0,0,0,0,0,0,0
12,CĂLĂRAŞI,"SCOALA GIMNAZIALA NR. 2 MITRENI",174,MITRENI,100638,1,PROV,PRCNCT,CD,CD_SV,"2021-01-21 12:30:02",1160,1129,31,0,368,337,31,0,1200,832,356,8,4,18,0,9,168,121,8,0,31,1,0,0,0,0,0,0,0,0,0,0,0,0,0,0,0,0,0,0,0,0,0,0
12,CĂLĂRAŞI,"SCOALA GIMNAZIALA NR. 1 VALEA ROSIE",175,MITRENI,100638,1,PROV,PRCNCT,CD,CD_SV,"2021-01-21 12:30:02",1830,1785,45,0,545,500,45,0,1800,1255,531,11,3,23,2,24,167,216,9,0,84,0,0,0,0,3,0,0,0,0,0,0,0,0,0,1,0,0,0,0,0,0,0,2
12,CĂLĂRAŞI,"GRADINITA CU PROGRAM NORMAL NR. 3 CLATESTI",176,MITRENI,100638,1,PROV,PRCNCT,CD,CD_SV,"2021-01-21 12:30:02",442,407,35,0,136,101,35,0,500,364,131,4,1,2,0,1,62,46,2,0,16,0,0,0,0,0,0,1,0,0,0,0,0,1,0,0,0,0,0,0,0,0,0,0
12,CĂLĂRAŞI,"SCOALA GENERALA NR.1",177,MODELU,92587,2,PART,PRCNCT,CD,CD_SV,"2021-01-21 12:30:02",1579,1572,7,0,452,445,7,0,1702,1250,437,11,4,53,1,16,120,160,21,0,47,1,2,1,5,1,0,1,0,1,0,0,0,1,0,1,0,1,0,0,1,0,0,3
12,CĂLĂRAŞI,"SCOALA GENERALA NR.1",178,MODELU,92587,1,PROV,PRCNCT,CD,CD_SV,"2021-01-21 12:30:02",1671,1649,22,0,475,453,22,0,1800,1325,454,13,8,21,0,12,136,157,17,1,96,1,2,1,1,0,0,0,1,3,0,0,0,0,0,0,1,1,0,0,0,0,2,1
12,CĂLĂRAŞI,"SCOALA GENERALA NR.1",179,MODELU,92587,1,PROV,PRCNCT,CD,CD_SV,"2021-01-21 12:30:02",1644,1615,29,0,453,424,29,0,1800,1347,431,19,3,32,0,7,138,135,13,0,88,3,2,1,1,3,0,1,0,0,0,1,0,2,0,1,1,0,0,0,0,0,0,2
12,CĂLĂRAŞI,"SCOALA GENERALA NR.2",180,MODELU,92587,1,PROV,PRCNCT,CD,CD_SV,"2021-01-21 12:30:02",1620,1608,12,0,461,449,12,0,1800,1339,446,4,11,41,1,8,110,187,21,1,63,1,2,2,3,1,0,0,0,2,0,0,0,0,0,0,1,0,0,0,0,0,1,1
12,CĂLĂRAŞI,"SCOALA TONEA",181,MODELU,92587,2,PART,PRCNCT,CD,CD_SV,"2021-01-21 12:30:02",1721,1702,19,0,463,444,19,0,1800,1337,432,31,0,19,0,5,163,132,6,0,89,2,3,2,3,3,1,0,0,1,1,0,0,1,1,0,0,0,0,0,0,0,0,0
12,CĂLĂRAŞI,"SCOALA GIMNAZIALA NR. 1",182,NANA,104323,2,PART,PRCNCT,CD,CD_SV,"2021-01-21 12:30:02",962,934,15,13,195,167,15,13,1001,806,190,3,2,31,0,6,14,105,4,0,26,0,2,0,0,2,0,0,0,0,0,0,0,0,0,0,0,0,0,0,0,0,0,0
12,CĂLĂRAŞI,"SCOALA GIMNAZIALA NR. 1",183,NANA,104323,1,PROV,PRCNCT,CD,CD_SV,"2021-01-21 12:30:02",886,870,13,3,189,173,13,3,998,809,180,6,3,35,0,8,15,98,3,0,13,2,1,0,2,0,0,0,0,3,0,0,0,0,0,0,0,0,0,0,0,0,0,0
12,CĂLĂRAŞI,"SCOALA CU CLASELE I-VIII",184,"NICOLAE BĂLCESCU",104341,2,PART,PRCNCT,CD,CD_SV,"2021-01-21 12:30:02",1182,1025,152,5,589,432,152,5,1100,511,567,18,4,5,1,8,365,135,8,0,36,2,1,0,1,3,0,0,0,0,0,0,0,0,0,0,0,0,1,0,0,0,0,1
12,CĂLĂRAŞI,"SCOALA CU CLASELE I-IV",185,"NICOLAE BĂLCESCU",104341,1,PROV,PRCNCT,CD,CD_SV,"2021-01-21 12:30:02",232,198,30,4,104,70,30,4,300,196,103,1,0,2,0,5,45,33,0,0,13,1,0,0,2,0,0,0,0,1,0,0,0,0,0,0,0,0,0,0,0,0,0,1
12,CĂLĂRAŞI,"ŞCOALA GIMNAZIALĂ NR. 1 PERIŞORU - CORP B",186,PERIŞORU,94223,1,PROV,PRCNCT,CD,CD_SV,"2021-01-21 12:30:02",1836,1823,13,0,423,410,13,0,1900,1477,414,5,4,39,0,9,66,160,29,1,100,3,0,0,0,3,0,0,0,0,0,0,0,3,0,1,0,0,0,0,0,0,0,0
12,CĂLĂRAŞI,"ŞCOALA GIMNAZIALĂ NR. 1 PERIŞORU- CORP B",187,PERIŞORU,94223,2,PART,PRCNCT,CD,CD_SV,"2021-01-21 12:30:02",1781,1768,13,0,371,358,13,0,1800,1429,362,5,4,33,1,6,66,155,14,0,82,1,0,0,2,0,0,1,0,0,0,0,0,1,0,0,0,0,0,0,0,0,0,0
12,CĂLĂRAŞI,"ŞCOALA GIMNAZIALA NR. 2 PERIŞORU",188,PERIŞORU,94223,1,PROV,PRCNCT,CD,CD_SV,"2021-01-21 12:30:02",633,611,22,0,173,151,22,0,701,528,172,1,0,8,0,5,23,65,8,0,58,1,1,0,0,1,0,0,0,0,0,0,1,1,0,0,0,0,0,0,0,0,0,0
12,CĂLĂRAŞI,"PRIMĂRIA PLĂTĂREŞTI",189,PLĂTĂREŞTI,104635,1,PROV,PRCNCT,CD,CD_SV,"2021-01-21 12:30:02",1085,1040,39,6,411,366,39,6,1100,689,394,14,3,11,1,17,192,132,4,0,20,6,1,1,2,4,0,0,0,0,0,0,0,0,0,1,0,0,0,1,0,0,0,1
12,CĂLĂRAŞI,"ŞCOALA PRIMARĂ NR.3 DOROBANȚU",190,PLĂTĂREŞTI,104635,1,PROV,PRCNCT,CD,CD_SV,"2021-01-21 12:30:02",807,782,16,9,326,301,16,9,900,574,306,14,6,8,0,9,178,77,9,0,14,1,0,1,2,0,0,0,2,1,0,1,0,1,0,1,0,1,0,0,0,0,0,0
12,CĂLĂRAŞI,"GRĂDINIȚA CU PROGRAM NORMAL NR.5 PODU PITARULUI",191,PLĂTĂREŞTI,104635,1,PROV,PRCNCT,CD,CD_SV,"2021-01-21 12:30:02",474,460,14,0,157,143,14,0,600,443,148,8,1,3,0,7,65,53,6,0,13,0,0,0,0,0,0,0,0,1,0,0,0,0,0,0,0,0,0,0,0,0,0,0
12,CĂLĂRAŞI,"GRĂDINIȚA CU PROGRAM NORMAL NR.5 PODU PITARULUI",192,PLĂTĂREŞTI,104635,2,PART,PRCNCT,CD,CD_SV,"2021-01-21 12:30:02",331,316,12,3,155,140,12,3,400,245,150,4,1,6,1,3,80,33,7,0,16,1,0,0,0,0,0,0,0,1,0,0,0,0,1,0,0,0,0,0,0,0,0,1
12,CĂLĂRAŞI,"ȘCOALA GIMNAZIALĂ ”DIMITRIE ION GHICA ” CORP B",193,RADOVANU,104751,1,PROV,PRCNCT,CD,CD_SV,"2021-01-21 12:30:02",999,960,33,6,348,309,33,6,1100,752,334,9,5,12,0,10,124,140,10,0,19,0,1,1,5,2,0,0,0,8,0,0,0,1,0,1,0,0,0,0,0,0,0,0
12,CĂLĂRAŞI,"ȘCOALA GIMNAZIALĂ ”DIMITRIE ION GHICA ”",194,RADOVANU,104751,2,PART,PRCNCT,CD,CD_SV,"2021-01-21 12:30:02",938,900,26,12,331,293,26,12,1000,669,322,6,3,12,0,8,116,149,6,0,22,2,1,1,2,3,0,0,0,0,0,0,0,0,0,0,0,0,0,0,0,0,0,0
12,CĂLĂRAŞI,"ȘCOALA CU CLASELE I-IV COADELE",195,RADOVANU,104751,1,PROV,PRCNCT,CD,CD_SV,"2021-01-21 12:30:02",987,941,32,14,330,284,32,14,1000,670,315,9,6,16,0,9,130,130,5,0,21,0,0,0,3,0,0,0,0,0,1,0,0,0,0,0,0,0,0,0,0,0,0,0
12,CĂLĂRAŞI,"ȘCOALA CU CLASELE I-IV VALEA POPII",196,RADOVANU,104751,2,PART,PRCNCT,CD,CD_SV,"2021-01-21 12:30:02",477,454,19,4,202,179,19,4,597,395,196,5,1,11,1,4,48,109,8,1,10,0,0,0,1,0,0,0,1,1,0,0,0,0,0,0,0,0,1,0,0,0,0,0
12,CĂLĂRAŞI,"SCOALA GENERALA CU CLS I-IV-SECTOR",197,ROSEŢI,94312,1,PROV,PRCNCT,CD,CD_SV,"2021-01-21 12:30:02",1905,1891,14,0,484,470,14,0,1900,1416,441,34,9,6,2,4,82,244,14,1,74,0,1,1,0,1,0,1,1,4,1,0,0,0,1,0,1,0,0,0,1,0,1,0
12,CĂLĂRAŞI,"SCOALA GIMNAZIALA IANCU ROSETTI-CENTRU",198,ROSEŢI,94312,1,PROV,PRCNCT,CD,CD_SV,"2021-01-21 12:30:02",1294,1250,44,0,345,301,44,0,1400,1055,332,8,5,12,0,7,69,171,11,0,56,2,0,2,0,0,0,0,0,1,0,0,0,0,0,0,0,0,0,0,0,0,0,1
12,CĂLĂRAŞI,"SCOALA CU CLS. I-IV-DEAL",199,ROSEŢI,94312,1,PROV,PRCNCT,CD,CD_SV,"2021-01-21 12:30:02",1867,1839,28,0,482,454,28,0,1900,1418,462,16,4,17,1,5,111,239,15,0,59,2,3,1,2,4,0,0,1,0,0,0,0,0,0,0,0,0,1,0,0,0,0,1
12,CĂLĂRAŞI,"GRADINITA CU 4 GRUPE",200,SĂRULEŞTI,104886,1,PROV,PRCNCT,CD,CD_SV,"2021-01-21 12:30:02",1173,1157,16,0,462,446,16,0,1300,838,428,19,15,9,1,4,22,348,15,0,17,2,1,1,0,0,0,0,0,2,0,0,0,0,0,0,0,0,0,0,2,0,1,3
12,CĂLĂRAŞI,"SCOALA CU CLASELE I-IV",201,SĂRULEŞTI,104886,1,PROV,PRCNCT,CD,CD_SV,"2021-01-21 12:30:02",513,486,27,0,227,200,27,0,600,373,216,8,3,0,0,4,11,185,4,1,7,0,1,1,1,0,0,0,1,0,0,0,0,0,0,0,0,0,0,0,0,0,0,0
12,CĂLĂRAŞI,"SCOALA CU CLASELE I-IV",202,SĂRULEŞTI,104886,1,PROV,PRCNCT,CD,CD_SV,"2021-01-21 12:30:02",345,331,14,0,127,113,14,0,400,273,124,2,1,4,1,1,9,99,1,0,2,0,0,1,1,0,0,0,0,5,0,0,0,0,0,0,0,0,0,0,0,0,0,0
12,CĂLĂRAŞI,"SCOALA CU CLASELE I-IV",203,SĂRULEŞTI,104886,2,PART,PRCNCT,CD,CD_SV,"2021-01-21 12:30:02",225,214,11,0,48,37,11,0,300,252,45,2,1,3,0,1,4,25,1,0,8,1,0,1,0,0,0,0,0,1,0,0,0,0,0,0,0,0,0,0,0,0,0,0
12,CĂLĂRAŞI,"ȘCOALA GENERALA NR.1",204,SOHATU,105222,2,PART,PRCNCT,CD,CD_SV,"2021-01-21 12:30:02",1309,1253,56,0,396,340,56,0,1400,1004,378,18,0,36,2,13,176,97,17,1,17,4,1,0,3,1,0,1,0,6,1,0,1,0,0,1,0,0,0,0,0,0,0,0
12,CĂLĂRAŞI,"ȘCOALA GENERALA NR.2",205,SOHATU,105222,1,PROV,PRCNCT,CD,CD_SV,"2021-01-21 12:30:02",874,751,123,0,333,210,123,0,900,567,322,5,6,5,0,1,204,88,2,1,13,1,0,0,0,1,0,0,0,0,0,0,2,1,0,1,0,0,0,0,1,0,0,1
12,CĂLĂRAŞI,"SCOALA GIMNAZIALA NR. 1 SPANTOV",206,SPANŢOV,105259,1,PROV,PRCNCT,CD,CD_SV,"2021-01-21 12:30:02",829,794,21,14,324,289,21,14,900,576,319,3,2,17,0,1,186,80,8,1,18,2,1,0,2,1,0,0,0,0,0,0,0,0,0,0,0,0,0,1,0,0,0,1
12,CĂLĂRAŞI,"GRĂDINIŢA CU PROGRAM NORMAL NR. 3",207,SPANŢOV,105259,1,PROV,PRCNCT,CD,CD_SV,"2021-01-21 12:30:02",717,685,21,11,272,240,21,11,800,528,261,8,3,8,0,2,143,83,2,0,17,1,0,0,1,0,0,1,0,1,0,0,0,1,0,1,0,0,0,0,0,0,0,0
12,CĂLĂRAŞI,"ŞCOALA GIMNAZIALĂ NR. 2 STANCEA",208,SPANŢOV,105259,1,PROV,PRCNCT,CD,CD_SV,"2021-01-21 12:30:02",1269,1238,29,2,447,416,29,2,1400,953,424,17,6,14,0,7,275,73,4,2,35,2,0,2,1,1,0,0,1,3,0,0,0,0,0,0,0,0,0,1,1,0,1,1
12,CĂLĂRAŞI,"ŞCOALA PRIMARĂ NR. 1 CLINCIU",209,SPANŢOV,105259,1,PROV,PRCNCT,CD,CD_SV,"2021-01-21 12:30:02",895,881,14,0,334,320,14,0,1000,666,313,18,3,4,0,4,182,79,3,0,34,3,0,0,0,0,0,0,1,0,0,0,0,1,0,0,0,0,0,0,1,1,0,0
12,CĂLĂRAŞI,"ŞCOALA GIMNAZIALĂ ”CONSTANTIN TEODORESCU” ŞOLDANU",210,ŞOLDANU,105384,2,PART,PRCNCT,CD,CD_SV,"2021-01-21 12:30:02",1793,1747,46,0,667,621,46,0,1800,1133,631,30,6,23,0,32,272,249,10,0,28,6,0,1,1,0,0,0,0,5,0,0,0,1,0,1,1,0,0,0,0,1,0,0
12,CĂLĂRAŞI,"ŞCOALA PRIMARĂ NR.1 NEGOEŞTI",211,ŞOLDANU,105384,2,PART,PRCNCT,CD,CD_SV,"2021-01-21 12:30:02",911,818,92,1,319,226,92,1,1000,681,302,12,5,14,0,13,92,143,6,0,28,1,0,1,3,1,0,0,0,0,0,0,0,0,0,0,0,0,0,0,0,0,0,0
12,CĂLĂRAŞI,"SCOALA GIMNAZIALA DRAGOS MARIN",212,"ŞTEFAN CEL MARE",94562,1,PROV,PRCNCT,CD,CD_SV,"2021-01-21 12:30:02",1593,1539,15,39,553,499,15,39,1700,1147,539,9,5,17,0,15,265,112,7,1,84,4,1,2,3,22,0,0,0,0,0,0,0,2,0,2,0,0,0,0,0,0,0,2
12,CĂLĂRAŞI,"SCOALA GIMNAZIALA DRAGOS MARIN",213,"ŞTEFAN CEL MARE",94562,1,PROV,PRCNCT,CD,CD_SV,"2021-01-21 12:30:02",1148,1121,13,14,415,388,13,14,1200,785,408,5,2,9,0,7,194,101,6,1,68,1,0,2,2,13,0,1,1,0,0,0,0,0,0,0,0,0,0,0,0,0,0,2
12,CĂLĂRAŞI,"ŞCOALA CU CLS. I-VIII ŞTEFAN VODĂ",214,"ŞTEFAN VODĂ",94580,2,PART,PRCNCT,CD,CD_SV,"2021-01-21 12:30:02",1119,1080,25,14,420,381,25,14,1200,780,406,9,4,15,1,2,45,299,7,1,32,1,1,0,1,0,0,0,0,0,0,0,0,0,0,0,0,0,0,0,0,0,0,1
12,CĂLĂRAŞI,"ŞCOALA CU CLS. I-VIII ŞTEFAN VODĂ",215,"ŞTEFAN VODĂ",94580,1,PROV,PRCNCT,CD,CD_SV,"2021-01-21 12:30:02",852,802,38,12,328,278,38,12,900,572,320,2,6,19,0,7,30,228,9,0,23,1,0,0,1,0,0,0,1,1,0,0,0,0,0,0,0,0,0,0,0,0,0,0
12,CĂLĂRAŞI,"SCOALA GIMNAZIALA NR.1",216,"TĂMĂDĂU MARE",105455,2,PART,PRCNCT,CD,CD_SV,"2021-01-21 12:30:02",1249,1220,27,2,295,266,27,2,1300,1005,287,7,1,14,0,14,104,97,2,1,46,0,3,1,2,1,0,0,0,0,0,0,0,0,0,1,0,0,0,0,0,0,1,0
12,CĂLĂRAŞI,"SCOALA PRIMARA NR.2",217,"TĂMĂDĂU MARE",105455,1,PROV,PRCNCT,CD,CD_SV,"2021-01-21 12:30:02",722,706,16,0,112,96,16,0,800,688,107,3,2,5,1,4,25,46,5,0,17,1,0,1,1,1,0,0,0,0,0,0,0,0,0,0,0,0,0,0,0,0,0,0
12,CĂLĂRAŞI,"SCOALA GIMNAZIALA GRIGORE MOISIL",218,ULMENI,105605,2,PART,PRCNCT,CD,CD_SV,"2021-01-21 12:30:02",1336,1279,49,8,377,320,49,8,1400,1023,370,5,2,13,0,7,97,186,10,0,40,7,0,3,1,0,0,0,0,1,0,1,1,0,1,0,0,1,0,0,0,0,0,1
12,CĂLĂRAŞI,"SCOALA GIMNAZIALA NR.2 ULMENI",219,ULMENI,105605,2,PART,PRCNCT,CD,CD_SV,"2021-01-21 12:30:02",1480,1439,41,0,561,520,41,0,1600,1039,526,23,12,1,1,1,19,444,19,0,30,4,0,1,2,0,1,1,0,0,0,1,0,0,0,0,1,0,0,0,0,0,0,0
12,CĂLĂRAŞI,"SCOALA PRIMARA NR.3 ULMENI",220,ULMENI,105605,2,PART,PRCNCT,CD,CD_SV,"2021-01-21 12:30:02",1243,1214,27,2,354,325,27,2,1300,946,342,8,4,25,1,5,40,226,18,1,14,5,0,1,5,1,0,0,0,0,0,0,0,0,0,0,0,0,0,0,0,0,0,0
12,CĂLĂRAŞI,"SCOALA CU CLASELE I-VIII ULMU",221,ULMU,94606,1,PROV,PRCNCT,CD,CD_SV,"2021-01-21 12:30:02",798,649,87,62,426,277,87,62,800,374,414,10,2,2,0,3,283,89,15,0,12,2,1,0,0,2,0,0,0,1,0,0,0,0,0,0,1,0,0,0,0,0,1,2
12,CĂLĂRAŞI,"SCOALA CU CLASELE I-IV FAUREI",222,ULMU,94606,1,PROV,PRCNCT,CD,CD_SV,"2021-01-21 12:30:02",373,321,36,16,207,155,36,16,400,193,199,4,4,5,0,4,135,33,8,0,6,1,0,1,1,2,0,0,0,0,0,0,0,0,1,1,0,0,0,0,0,0,0,1
12,CĂLĂRAŞI,"FOSTA SCOALA PRIMARA ZIMBRU",223,ULMU,94606,1,PROV,PRCNCT,CD,CD_SV,"2021-01-21 12:30:02",130,95,29,6,78,43,29,6,200,122,76,0,2,1,0,1,41,27,2,0,1,0,1,0,0,0,0,0,1,0,0,0,0,1,0,0,0,0,0,0,0,0,0,0
12,CĂLĂRAŞI,"SCOALA GIMNAZIALA NR 1 (LOCAL LANGA BISERICA)",224,UNIREA,94651,1,PROV,PRCNCT,CD,CD_SV,"2021-01-21 12:30:02",1131,1073,35,23,493,436,35,22,1200,707,479,7,7,3,0,6,263,122,6,0,66,4,2,0,4,2,0,0,0,0,0,0,0,0,1,0,0,0,0,0,0,0,0,0
12,CĂLĂRAŞI,"SCOALA GIMNAZIALA NR 1 (LOCAL LANGA CAMINUL CULTURAL)",225,UNIREA,94651,2,PART,PRCNCT,CD,CD_SV,"2021-01-21 12:30:02",1320,1217,60,43,536,433,60,43,1300,764,522,6,8,6,0,7,287,157,17,0,38,4,0,2,3,0,0,0,0,0,0,0,0,0,0,0,0,1,0,0,0,0,0,0
12,CĂLĂRAŞI,"SCOALA GIMNAZIALA VALEA ARGOVEI",226,"VALEA ARGOVEI",105712,1,PROV,PRCNCT,CD,CD_SV,"2021-01-21 12:30:02",1355,1332,23,0,315,292,23,0,1500,1185,301,8,6,13,0,11,45,174,12,0,40,0,0,2,1,2,0,0,0,1,0,0,0,0,0,0,0,0,0,0,0,0,0,0
12,CĂLĂRAŞI,"SCOALA GENERALA SILISTEA",227,"VALEA ARGOVEI",105712,1,PROV,PRCNCT,CD,CD_SV,"2021-01-21 12:30:02",550,531,19,0,117,98,19,0,600,483,114,3,0,1,0,15,8,64,8,0,12,1,0,2,0,0,0,0,0,2,0,0,0,0,0,1,0,0,0,0,0,0,0,0
12,CĂLĂRAŞI,"ȘCOALA CONSTANTIN BRÂNCOVEANU, LOCALUL CU ETAJ",228,VASILAŢI,105829,2,PART,PRCNCT,CD,CD_SV,"2021-01-21 12:30:02",966,931,28,7,226,191,28,7,999,773,215,8,3,8,0,6,34,126,6,0,30,0,0,1,2,1,0,0,0,1,0,0,0,0,0,0,0,0,0,0,0,0,0,0
12,CĂLĂRAŞI,"GRĂDINIȚA CU PROGRAM NORMAL VASILAȚI",229,VASILAŢI,105829,2,PART,PRCNCT,CD,CD_SV,"2021-01-21 12:30:02",1814,1722,45,47,556,464,45,47,1800,1244,535,20,1,14,0,7,45,384,35,0,40,1,1,1,2,2,0,0,0,0,0,1,0,0,0,1,0,1,0,0,0,0,0,0
12,CĂLĂRAŞI,"ȘCOALA GIMNAZIALĂ NUCI",230,VASILAŢI,105829,1,PROV,PRCNCT,CD,CD_SV,"2021-01-21 12:30:02",297,281,12,4,89,73,12,4,400,311,82,7,0,2,0,1,5,61,3,0,6,1,1,1,0,0,0,0,0,0,0,0,0,0,0,0,0,0,0,0,0,0,0,1
12,CĂLĂRAŞI,"ȘCOALA GIMNAZIALĂ POPEȘTI",231,VASILAŢI,105829,1,PROV,PRCNCT,CD,CD_SV,"2021-01-21 12:30:02",272,265,6,1,50,43,6,1,301,251,49,1,0,3,0,0,12,27,1,0,3,0,1,0,2,0,0,0,0,0,0,0,0,0,0,0,0,0,0,0,0,0,0,0
12,CĂLĂRAŞI,"SCOALA GIMNAZIALA FLORENTA ALBU VILCELELE",232,VÂLCELELE,94731,1,PROV,PRCNCT,CD,CD_SV,"2021-01-21 12:30:02",1083,900,117,66,495,312,117,66,999,504,478,13,4,4,0,2,12,423,5,0,21,3,1,3,0,0,0,0,1,0,0,0,0,1,0,0,1,0,0,0,0,0,0,1
12,CĂLĂRAŞI,"CONSILIUL LOCAL VILCELELE",233,VÂLCELELE,94731,1,PROV,PRCNCT,CD,CD_SV,"2021-01-21 12:30:02",600,476,97,27,302,178,97,27,600,298,296,3,3,16,0,4,21,230,10,0,7,3,1,0,0,0,0,0,0,1,0,1,0,1,0,0,1,0,0,0,0,0,0,0
12,CĂLĂRAŞI,"ȘCOALA VLAD ȚEPEȘ",234,"VLAD ŢEPEŞ",94768,1,PROV,PRCNCT,CD,CD_SV,"2021-01-21 12:30:02",1179,1088,45,46,506,415,45,46,1200,694,478,15,13,7,0,6,107,309,9,0,22,4,0,2,0,1,0,0,0,1,0,0,0,5,0,1,0,2,0,0,1,0,1,0
12,CĂLĂRAŞI,"GRĂDINIȚA MIHAI VITEAZU",235,"VLAD ŢEPEŞ",94768,1,PROV,PRCNCT,CD,CD_SV,"2021-01-21 12:30:02",596,527,40,29,240,171,40,29,600,360,231,5,4,3,0,6,57,143,9,0,7,1,1,0,0,1,0,0,1,1,0,0,0,0,1,0,0,0,0,0,0,0,0,0
