precinct_county_nce,precinct_county_name,precinct_name,precinct_nr,uat_name,uat_siruta,report_version,report_stage_code,report_type_scope_code,report_type_category_code,report_type_code,created_at,a,a1,a2,a3,b,b1,b2,b3,c,d,e,f,g,"UNIUNEA DEMOCRATĂ MAGHIARĂ DIN ROMÂNIA-voturi","PARTIDUL SOCIAL DEMOCRAT-voturi","PARTIDUL PRO ROMÂNIA-voturi","PARTIDUL MIȘCAREA POPULARĂ-voturi","PARTIDUL NAȚIONAL LIBERAL-voturi","ALIANȚA USR PLUS-voturi","PARTIDUL NAȚIONAL ȚĂRĂNESC MANIU-MIHALACHE-voturi","ALIANȚA RENAȘTEREA NAȚIONALĂ-voturi","PARTIDUL VERDE-voturi","PARTIDUL ECOLOGIST ROMÂN-voturi","PARTIDUL PUTERII UMANISTE (SOCIAL-LIBERAL)-voturi","ALIANȚA PENTRU UNIREA ROMÂNILOR-voturi","PARTIDUL ROMÂNIA MARE-voturi","PARTIDUL NOUA ROMÂNIE-voturi"
26,MARAMUREŞ,"AGENȚIA DE PLĂȚI ȘI INTERVENȚIE PENTRU AGRICULTURĂ MARAMUREȘ",1,"MUNICIPIUL BAIA MARE",106318,1,PROV,PRCNCT,S,S_SV,"2021-01-21 12:30:02",1350,1329,19,2,519,498,19,2,1400,881,518,1,0,4,82,19,38,179,150,1,3,2,11,4,23,1,1
26,MARAMUREŞ,"ECHIPAMENT CONTAINER MODULAR",2,"MUNICIPIUL BAIA MARE",106318,1,PROV,PRCNCT,S,S_SV,"2021-01-21 12:30:02",897,885,12,0,255,243,12,0,1000,745,249,4,2,14,56,18,24,45,55,1,3,2,4,3,18,3,3
26,MARAMUREŞ,"ŞCOALA GIMNAZIALĂ „DR. VICTOR BABEȘ”",3,"MUNICIPIUL BAIA MARE",106318,1,PROV,PRCNCT,S,S_SV,"2021-01-21 12:30:02",1751,1728,23,0,607,584,23,0,1800,1193,597,9,1,27,97,28,28,185,164,3,1,6,3,7,44,3,1
26,MARAMUREŞ,"ŞCOALA GIMNAZIALĂ „DR. VICTOR BABEȘ”",4,"MUNICIPIUL BAIA MARE",106318,1,PROV,PRCNCT,S,S_SV,"2021-01-21 12:30:02",1905,1853,50,2,625,573,50,2,1800,1175,615,6,4,45,94,33,46,166,164,1,4,5,7,15,32,1,2
26,MARAMUREŞ,"COLEGIUL TEHNIC „AUREL VLAICU”",5,"MUNICIPIUL BAIA MARE",106318,1,PROV,PRCNCT,S,S_SV,"2021-01-21 12:30:02",1661,1641,19,1,361,341,19,1,1800,1439,353,6,2,18,55,26,25,89,79,0,5,6,12,3,35,0,0
26,MARAMUREŞ,"COLEGIUL TEHNIC „AUREL VLAICU”",6,"MUNICIPIUL BAIA MARE",106318,1,PROV,PRCNCT,S,S_SV,"2021-01-21 12:30:02",1642,1622,20,0,449,429,20,0,1622,1173,445,2,2,21,89,16,20,123,106,2,4,8,12,3,37,3,1
26,MARAMUREŞ,"CENTRUL UNIVERSITAR NORD - „FACULTATEA TEHNICĂ”",7,"MUNICIPIUL BAIA MARE",106318,1,PROV,PRCNCT,S,S_SV,"2021-01-21 12:30:02",1352,1324,26,2,386,358,26,2,1400,1014,379,7,0,37,69,27,17,92,85,1,1,3,5,8,34,0,0
26,MARAMUREŞ,"ŞCOALA GIMNAZIALĂ „NICHITA STĂNESCU”",8,"MUNICIPIUL BAIA MARE",106318,1,PROV,PRCNCT,S,S_SV,"2021-01-21 12:30:02",1633,1607,24,2,549,523,24,2,1800,1251,545,2,2,44,84,18,31,159,155,2,1,5,5,6,30,3,2
26,MARAMUREŞ,"ŞCOALA GIMNAZIALĂ „NICHITA STĂNESCU”",9,"MUNICIPIUL BAIA MARE",106318,1,PROV,PRCNCT,S,S_SV,"2021-01-21 12:30:02",1572,1535,35,2,449,412,35,2,1600,1151,448,1,0,33,79,10,34,117,123,1,0,4,8,8,28,2,1
26,MARAMUREŞ,"ŞCOALA GIMNAZIALĂ „AVRAM IANCU”",10,"MUNICIPIUL BAIA MARE",106318,1,PROV,PRCNCT,S,S_SV,"2021-01-21 12:30:02",1029,1017,12,0,301,289,12,0,1200,899,297,3,1,24,46,9,18,78,98,1,2,4,5,2,6,3,1
26,MARAMUREŞ,"ŞCOALA GIMNAZIALĂ „AVRAM IANCU”",11,"MUNICIPIUL BAIA MARE",106318,1,PROV,PRCNCT,S,S_SV,"2021-01-21 12:30:02",1101,1066,24,11,363,328,24,11,1200,837,359,3,1,22,61,9,16,106,114,0,4,1,6,3,14,3,0
26,MARAMUREŞ,"ŞCOALA GIMNAZIALĂ „AVRAM IANCU”",12,"MUNICIPIUL BAIA MARE",106318,1,PROV,PRCNCT,S,S_SV,"2021-01-21 12:30:02",976,959,17,0,345,328,17,0,1000,655,338,4,3,42,74,4,17,80,89,0,0,1,10,2,15,2,2
26,MARAMUREŞ,"ŞCOALA GIMNAZIALĂ „AVRAM IANCU”",13,"MUNICIPIUL BAIA MARE",106318,1,PROV,PRCNCT,S,S_SV,"2021-01-21 12:30:02",1380,1369,11,0,458,447,11,0,1400,942,454,4,0,44,83,20,26,110,124,1,0,2,4,4,32,4,0
26,MARAMUREŞ,"CENTRUL UNIVERSITAR NORD - „FACULTATEA DE LITERE”",14,"MUNICIPIUL BAIA MARE",106318,2,PART,PRCNCT,S,S_SV,"2021-01-21 12:30:02",1409,1390,12,7,471,452,12,7,1400,929,459,7,0,48,70,13,19,121,151,0,3,4,8,4,17,0,1
26,MARAMUREŞ,"CENTRUL UNIVERSITAR NORD - „FACULTATEA DE LITERE”",15,"MUNICIPIUL BAIA MARE",106318,1,PROV,PRCNCT,S,S_SV,"2021-01-21 12:30:02",895,862,32,1,388,355,32,1,900,512,382,6,0,36,55,12,19,104,127,0,5,1,7,0,14,2,0
26,MARAMUREŞ,"ŞCOALA GIMNAZIALĂ „GEORGE COȘBUC”",16,"MUNICIPIUL BAIA MARE",106318,1,PROV,PRCNCT,S,S_SV,"2021-01-21 12:30:02",1190,1170,20,0,371,351,20,0,1200,829,366,4,1,54,41,9,18,103,101,0,1,2,8,3,23,2,1
26,MARAMUREŞ,"ŞCOALA GIMNAZIALĂ „GEORGE COȘBUC”",17,"MUNICIPIUL BAIA MARE",106318,1,PROV,PRCNCT,S,S_SV,"2021-01-21 12:30:02",1096,1069,27,0,375,348,27,0,1000,625,364,10,1,41,73,8,16,89,87,3,0,5,10,2,27,1,2
26,MARAMUREŞ,"ŞCOALA GIMNAZIALĂ „NICOLAE IORGA”",18,"MUNICIPIUL BAIA MARE",106318,1,PROV,PRCNCT,S,S_SV,"2021-01-21 12:30:02",909,880,29,0,305,276,29,0,1000,695,299,3,3,36,54,7,18,101,66,0,1,3,3,0,7,2,1
26,MARAMUREŞ,"ŞCOALA GIMNAZIALĂ „NICOLAE IORGA”",19,"MUNICIPIUL BAIA MARE",106318,1,PROV,PRCNCT,S,S_SV,"2021-01-21 12:30:02",1162,1151,9,2,385,374,9,2,1200,815,379,5,1,43,56,14,23,113,93,0,1,4,6,5,18,1,2
26,MARAMUREŞ,"GRĂDINIȚA CU PROGRAM PRELUNGIT NR. 9",20,"MUNICIPIUL BAIA MARE",106318,1,PROV,PRCNCT,S,S_SV,"2021-01-21 12:30:02",1537,1524,13,0,507,494,13,0,1600,1093,504,3,0,32,106,21,29,118,157,3,4,5,6,3,15,2,3
26,MARAMUREŞ,"LICEUL TEORETIC „EMIL RACOVIȚĂ”",21,"MUNICIPIUL BAIA MARE",106318,1,PROV,PRCNCT,S,S_SV,"2021-01-21 12:30:02",1476,1447,26,3,394,365,26,3,1600,1206,390,3,1,46,85,16,33,89,79,0,0,3,8,3,24,4,0
26,MARAMUREŞ,"LICEUL TEORETIC „EMIL RACOVIȚĂ”",22,"MUNICIPIUL BAIA MARE",106318,1,PROV,PRCNCT,S,S_SV,"2021-01-21 12:30:02",1511,1488,20,3,449,426,20,3,1600,1151,441,6,2,25,90,16,18,147,109,4,4,3,5,2,16,2,0
26,MARAMUREŞ,"ŞCOALA GIMNAZIALĂ „ALEXANDRU IOAN CUZA”",23,"MUNICIPIUL BAIA MARE",106318,2,PART,PRCNCT,S,S_SV,"2021-01-21 12:30:02",1497,1419,38,40,486,408,38,40,1600,1114,476,6,4,20,98,16,35,125,106,4,4,8,10,8,35,7,0
26,MARAMUREŞ,"ŞCOALA GIMNAZIALĂ „ALEXANDRU IOAN CUZA”",24,"MUNICIPIUL BAIA MARE",106318,1,PROV,PRCNCT,S,S_SV,"2021-01-21 12:30:02",1604,1543,21,40,458,397,21,40,1800,1342,448,4,6,25,98,27,45,121,77,2,5,1,5,4,28,8,2
26,MARAMUREŞ,"GRĂDINIȚA CU PROGRAM PRELUNGIT „MICUL PRINŢ”",25,"MUNICIPIUL BAIA MARE",106318,1,PROV,PRCNCT,S,S_SV,"2021-01-21 12:30:02",1529,1500,29,0,405,376,29,0,1800,1395,389,15,1,27,86,10,30,116,72,0,1,3,8,0,34,1,1
26,MARAMUREŞ,"ŞCOALA GIMNAZIALĂ NR. 18",26,"MUNICIPIUL BAIA MARE",106318,1,PROV,PRCNCT,S,S_SV,"2021-01-21 12:30:02",1514,1482,32,0,449,417,32,0,1600,1151,447,2,0,34,73,15,32,129,107,2,1,5,8,3,36,2,0
26,MARAMUREŞ,"ŞCOALA GIMNAZIALĂ NR. 18",27,"MUNICIPIUL BAIA MARE",106318,1,PROV,PRCNCT,S,S_SV,"2021-01-21 12:30:02",1451,1432,19,0,358,339,19,0,1600,1242,351,4,3,23,88,18,19,82,57,4,2,2,6,3,38,7,2
26,MARAMUREŞ,"REGISTRU AUTO ROMÂN, REPREZENTANȚA MARAMUREȘ",28,"MUNICIPIUL BAIA MARE",106318,1,PROV,PRCNCT,S,S_SV,"2021-01-21 12:30:02",1401,1381,20,0,270,250,20,0,1400,1130,259,10,1,11,60,24,9,59,46,1,1,3,2,3,33,5,2
26,MARAMUREŞ,"GRĂDINIȚA CU PROGRAM PRELUNGIT NR. 28",29,"MUNICIPIUL BAIA MARE",106318,1,PROV,PRCNCT,S,S_SV,"2021-01-21 12:30:02",1461,1439,22,0,360,338,22,0,1602,1242,353,6,1,20,79,16,18,105,66,0,5,1,3,4,33,2,1
26,MARAMUREŞ,"GRĂDINIȚA CU PROGRAM PRELUNGIT NR. 25",30,"MUNICIPIUL BAIA MARE",106318,1,PROV,PRCNCT,S,S_SV,"2021-01-21 12:30:02",1448,1421,27,0,310,283,27,0,1400,1090,308,2,0,15,50,14,26,80,55,1,0,2,3,4,50,5,3
26,MARAMUREŞ,"GRĂDINIȚA CU PROGRAM PRELUNGIT NR. 25",31,"MUNICIPIUL BAIA MARE",106318,1,PROV,PRCNCT,S,S_SV,"2021-01-21 12:30:02",1272,1257,15,0,353,338,15,0,1200,847,349,4,0,21,79,18,15,97,71,4,2,3,8,1,25,3,2
26,MARAMUREŞ,"ŞCOALA GIMNAZIALĂ „ION LUCA CARAGIALE”",32,"MUNICIPIUL BAIA MARE",106318,1,PROV,PRCNCT,S,S_SV,"2021-01-21 12:30:02",895,879,16,0,221,205,16,0,899,678,217,2,2,11,49,8,13,73,40,0,2,0,1,2,13,4,1
26,MARAMUREŞ,"ŞCOALA GIMNAZIALĂ „ION LUCA CARAGIALE”",33,"MUNICIPIUL BAIA MARE",106318,1,PROV,PRCNCT,S,S_SV,"2021-01-21 12:30:02",1345,1328,17,0,363,346,17,0,1400,1037,361,2,0,26,84,15,29,88,79,2,2,4,3,2,23,3,1
26,MARAMUREŞ,"ŞCOALA GIMNAZIALĂ „ION LUCA CARAGIALE”",34,"MUNICIPIUL BAIA MARE",106318,1,PROV,PRCNCT,S,S_SV,"2021-01-21 12:30:02",1275,1259,16,0,243,227,16,0,1200,957,239,3,1,11,65,12,22,48,28,3,3,2,4,2,34,5,0
26,MARAMUREŞ,"GRĂDINIȚA CU PROGRAM PRELUNGIT NR. 34",35,"MUNICIPIUL BAIA MARE",106318,1,PROV,PRCNCT,S,S_SV,"2021-01-21 12:30:02",1454,1421,33,0,422,389,33,0,1400,978,414,6,2,24,84,12,39,93,94,1,5,3,13,4,33,6,3
26,MARAMUREŞ,"GRĂDINIȚA CU PROGRAM PRELUNGIT „FLOARE DE COLŢ”",36,"MUNICIPIUL BAIA MARE",106318,1,PROV,PRCNCT,S,S_SV,"2021-01-21 12:30:02",1455,1435,20,0,381,361,20,0,1402,1021,374,5,2,23,73,10,28,79,107,0,5,2,7,3,31,3,3
26,MARAMUREŞ,"ŞCOALA GIMNAZIALĂ „ALEXANDRU IVASIUC”",37,"MUNICIPIUL BAIA MARE",106318,1,PROV,PRCNCT,S,S_SV,"2021-01-21 12:30:02",1444,1419,25,0,315,290,25,0,1400,1085,308,7,0,7,72,11,22,89,67,3,1,1,8,2,23,2,0
26,MARAMUREŞ,"ŞCOALA GIMNAZIALĂ „ALEXANDRU IVASIUC”",38,"MUNICIPIUL BAIA MARE",106318,1,PROV,PRCNCT,S,S_SV,"2021-01-21 12:30:02",1437,1423,14,0,416,402,14,0,1400,984,411,4,1,10,94,15,37,99,107,3,4,4,1,5,29,2,1
26,MARAMUREŞ,"ŞCOALA GIMNAZIALĂ „DIMITRIE CANTEMIR”",39,"MUNICIPIUL BAIA MARE",106318,1,PROV,PRCNCT,S,S_SV,"2021-01-21 12:30:02",1481,1452,27,2,417,388,27,2,1400,983,412,3,2,8,97,10,36,110,106,1,3,0,5,7,22,2,5
26,MARAMUREŞ,"ŞCOALA GIMNAZIALĂ „DIMITRIE CANTEMIR”",40,"MUNICIPIUL BAIA MARE",106318,1,PROV,PRCNCT,S,S_SV,"2021-01-21 12:30:02",1445,1426,17,2,335,316,17,2,1400,1065,331,1,3,14,78,10,32,89,64,4,4,2,4,2,25,2,1
26,MARAMUREŞ,"ŞCOALA GIMNAZIALĂ „DIMITRIE CANTEMIR”",41,"MUNICIPIUL BAIA MARE",106318,2,PART,PRCNCT,S,S_SV,"2021-01-21 12:30:02",1502,1482,20,0,416,396,20,0,1400,984,410,3,3,11,86,15,18,123,104,2,1,4,6,4,25,8,3
26,MARAMUREŞ,"ANSAMBLUL FOLCLORIC NAȚIONAL „TRANSILVANIA”",42,"MUNICIPIUL BAIA MARE",106318,1,PROV,PRCNCT,S,S_SV,"2021-01-21 12:30:02",1410,1380,29,1,484,454,29,1,1400,916,482,2,0,42,103,14,17,145,129,0,0,2,6,5,16,2,1
26,MARAMUREŞ,"LICEUL CU PROGRAM SPORTIV",43,"MUNICIPIUL BAIA MARE",106318,1,PROV,PRCNCT,S,S_SV,"2021-01-21 12:30:02",1458,1444,14,0,469,455,14,0,1600,1131,464,5,0,23,96,12,26,147,115,0,3,2,12,5,21,2,0
26,MARAMUREŞ,"LICEUL CU PROGRAM SPORTIV",44,"MUNICIPIUL BAIA MARE",106318,1,PROV,PRCNCT,S,S_SV,"2021-01-21 12:30:02",1228,1218,10,0,315,305,10,0,1400,1085,311,4,0,24,63,13,16,90,67,1,2,5,4,4,20,2,0
26,MARAMUREŞ,"LICEUL CU PROGRAM SPORTIV",45,"MUNICIPIUL BAIA MARE",106318,1,PROV,PRCNCT,S,S_SV,"2021-01-21 12:30:02",854,832,22,0,259,237,22,0,1000,741,257,2,0,11,60,9,19,70,69,1,1,0,2,2,10,3,0
26,MARAMUREŞ,"CENTRUL SOCIAL „ASSOC”",46,"MUNICIPIUL BAIA MARE",106318,1,PROV,PRCNCT,S,S_SV,"2021-01-21 12:30:02",1530,1517,13,0,442,429,13,0,1600,1158,437,3,2,10,86,25,32,108,121,4,5,3,11,6,20,1,5
26,MARAMUREŞ,"ADMINISTRAȚIA BAZELOR SPORTIVE",47,"MUNICIPIUL BAIA MARE",106318,1,PROV,PRCNCT,S,S_SV,"2021-01-21 12:30:02",1489,1465,24,0,460,436,24,0,1600,1140,454,5,1,25,84,25,34,109,130,3,1,3,7,3,28,2,0
26,MARAMUREŞ,"SALA SPORTURILOR „LASCĂR PANĂ”",48,"MUNICIPIUL BAIA MARE",106318,1,PROV,PRCNCT,S,S_SV,"2021-01-21 12:30:02",1382,1354,28,0,426,398,28,0,1400,974,420,6,0,29,77,9,26,123,122,1,5,2,5,3,15,3,0
26,MARAMUREŞ,"SALA SPORTURILOR „LASCĂR PANĂ”",49,"MUNICIPIUL BAIA MARE",106318,1,PROV,PRCNCT,S,S_SV,"2021-01-21 12:30:02",1611,1583,28,0,471,443,28,0,1600,1129,464,7,0,32,101,19,30,121,117,7,3,1,1,6,24,1,1
26,MARAMUREŞ,"BIBLIOTECA JUDEȚEANĂ „PETRE DULFU”",50,"MUNICIPIUL BAIA MARE",106318,1,PROV,PRCNCT,S,S_SV,"2021-01-21 12:30:02",1278,1257,21,0,489,468,21,0,1193,704,480,5,4,79,74,16,21,146,115,3,1,2,6,3,10,2,2
26,MARAMUREŞ,"LICEUL DE ARTE",51,"MUNICIPIUL BAIA MARE",106318,1,PROV,PRCNCT,S,S_SV,"2021-01-21 12:30:02",1153,1137,16,0,478,462,16,0,1200,722,472,5,1,57,67,13,22,161,124,2,0,5,7,0,10,2,2
26,MARAMUREŞ,"LICEUL DE ARTE",52,"MUNICIPIUL BAIA MARE",106318,1,PROV,PRCNCT,S,S_SV,"2021-01-21 12:30:02",1163,1149,14,0,461,447,14,0,1200,739,452,8,1,59,62,16,21,152,111,2,3,5,4,0,15,1,1
26,MARAMUREŞ,"LICEUL TEORETIC SANITAR",53,"MUNICIPIUL BAIA MARE",106318,2,PART,PRCNCT,S,S_SV,"2021-01-21 12:30:02",1378,1357,20,1,485,464,20,1,1400,915,473,8,4,82,69,13,21,126,126,1,5,5,4,2,18,1,0
26,MARAMUREŞ,"GRĂDINIȚA CU PROGRAM NORMAL NR. 12",54,"MUNICIPIUL BAIA MARE",106318,4,PART,PRCNCT,S,S_SV,"2021-01-21 12:30:02",1678,1662,16,0,507,491,16,0,1800,1293,496,6,5,67,70,13,24,137,145,0,5,3,6,4,20,2,0
26,MARAMUREŞ,"ŞCOALA GIMNAZIALĂ „NICOLAE BĂLCESCU”",55,"MUNICIPIUL BAIA MARE",106318,1,PROV,PRCNCT,S,S_SV,"2021-01-21 12:30:02",1551,1537,14,0,325,311,14,0,1600,1275,310,15,0,30,68,11,22,67,60,0,0,2,5,6,33,4,2
26,MARAMUREŞ,"ŞCOALA GIMNAZIALĂ „NICOLAE BĂLCESCU”",56,"MUNICIPIUL BAIA MARE",106318,1,PROV,PRCNCT,S,S_SV,"2021-01-21 12:30:02",1342,1335,7,0,306,299,7,0,1400,1094,299,3,4,11,79,12,34,67,42,4,3,1,3,2,39,1,1
26,MARAMUREŞ,"ŞCOALA GIMNAZIALĂ „MIHAIL SADOVEANU”",57,"MUNICIPIUL BAIA MARE",106318,1,PROV,PRCNCT,S,S_SV,"2021-01-21 12:30:02",1258,1247,11,0,302,291,11,0,1200,898,291,3,8,5,67,11,36,63,46,0,1,2,3,6,44,6,1
26,MARAMUREŞ,"ŞCOALA GIMNAZIALĂ „MIHAIL SADOVEANU”",58,"MUNICIPIUL BAIA MARE",106318,1,PROV,PRCNCT,S,S_SV,"2021-01-21 12:30:02",1210,1199,11,0,311,300,11,0,1201,890,299,8,4,5,72,13,40,61,47,1,5,2,3,3,43,2,2
26,MARAMUREŞ,"ŞCOALA GIMNAZIALĂ NR. 13",59,"MUNICIPIUL BAIA MARE",106318,1,PROV,PRCNCT,S,S_SV,"2021-01-21 12:30:02",1374,1356,18,0,325,307,18,0,1400,1075,321,3,1,1,92,60,21,61,37,1,2,3,6,3,30,3,1
26,MARAMUREŞ,"ŞCOALA GIMNAZIALĂ „OCTAVIAN GOGA”",60,"MUNICIPIUL BAIA MARE",106318,1,PROV,PRCNCT,S,S_SV,"2021-01-21 12:30:02",1127,1113,14,0,361,347,14,0,1203,842,357,4,0,83,36,9,12,94,81,3,2,2,7,8,17,2,1
26,MARAMUREŞ,"ŞCOALA GIMNAZIALĂ „OCTAVIAN GOGA”",61,"MUNICIPIUL BAIA MARE",106318,1,PROV,PRCNCT,S,S_SV,"2021-01-21 12:30:02",1289,1233,18,38,453,397,18,38,1200,747,450,1,2,94,61,16,21,112,99,1,5,3,6,6,22,3,1
26,MARAMUREŞ,"COLEGIUL NAȚIONAL „GHEORGHE ȘINCAI”",62,"MUNICIPIUL BAIA MARE",106318,1,PROV,PRCNCT,S,S_SV,"2021-01-21 12:30:02",1618,1586,22,10,558,526,22,10,1600,1042,555,3,0,66,89,11,26,169,144,5,2,2,12,7,18,3,1
26,MARAMUREŞ,"COLEGIUL NAȚIONAL „VASILE LUCACIU”",63,"MUNICIPIUL BAIA MARE",106318,1,PROV,PRCNCT,S,S_SV,"2021-01-21 12:30:02",1445,1415,30,0,430,400,30,0,1600,1170,423,6,1,63,69,16,25,104,105,0,2,1,7,2,19,4,6
26,MARAMUREŞ,"COLEGIUL TEHNIC „GEORGE BARIȚIU”",64,"MUNICIPIUL BAIA MARE",106318,1,PROV,PRCNCT,S,S_SV,"2021-01-21 12:30:02",1466,1426,40,0,537,497,40,0,1599,1062,534,3,0,48,88,27,32,167,134,1,3,2,12,7,10,3,0
26,MARAMUREŞ,"ȘCOALA GIMNAZIALĂ „LUCIAN BLAGA”",65,"MUNICIPIUL BAIA MARE",106318,1,PROV,PRCNCT,S,S_SV,"2021-01-21 12:30:02",1154,1115,26,13,365,326,26,13,1200,835,359,6,0,32,54,13,28,100,88,1,2,6,8,4,19,1,3
26,MARAMUREŞ,"ȘCOALA GIMNAZIALĂ „LUCIAN BLAGA”",66,"MUNICIPIUL BAIA MARE",106318,2,PART,PRCNCT,S,S_SV,"2021-01-21 12:30:02",1084,1056,24,4,354,326,24,4,1200,846,349,5,0,28,68,14,18,89,98,1,7,2,3,1,18,1,1
26,MARAMUREŞ,"ȘCOALA GIMNAZIALĂ „LUCIAN BLAGA”",67,"MUNICIPIUL BAIA MARE",106318,1,PROV,PRCNCT,S,S_SV,"2021-01-21 12:30:02",1701,1677,23,1,600,576,23,1,1783,1183,595,4,1,63,126,28,35,178,117,2,6,1,12,6,17,1,3
26,MARAMUREŞ,"ȘCOALA GIMNAZIALĂ „LUCIAN BLAGA”",68,"MUNICIPIUL BAIA MARE",106318,1,PROV,PRCNCT,S,S_SV,"2021-01-21 12:30:02",1620,1598,22,0,407,385,22,0,1600,1193,399,5,3,24,67,13,28,96,116,1,6,5,7,0,28,6,2
26,MARAMUREŞ,"COLEGIUL TEHNIC „ANGHEL SALIGNY”",69,"MUNICIPIUL BAIA MARE",106318,1,PROV,PRCNCT,S,S_SV,"2021-01-21 12:30:02",1690,1661,29,0,663,634,29,0,1801,1138,656,4,3,56,104,22,24,204,177,2,2,6,7,10,39,1,2
26,MARAMUREŞ,"SC DRUMURI ȘI PODURI MARAMUREȘ SA",70,"MUNICIPIUL BAIA MARE",106318,1,PROV,PRCNCT,S,S_SV,"2021-01-21 12:30:02",1473,1456,17,0,274,257,17,0,1600,1326,266,6,2,7,47,16,25,60,41,0,1,4,15,3,42,3,2
26,MARAMUREŞ,"CENTRUL „PHOENIX”",71,"MUNICIPIUL BAIA MARE",106318,1,PROV,PRCNCT,S,S_SV,"2021-01-21 12:30:02",1450,1431,19,0,272,253,19,0,1401,1129,256,14,2,8,38,8,11,57,64,1,1,1,1,4,56,5,1
26,MARAMUREŞ,"ŞCOALA GIMNAZIALĂ „VASILE ALECSANDRI”",72,"MUNICIPIUL BAIA MARE",106318,1,PROV,PRCNCT,S,S_SV,"2021-01-21 12:30:02",1509,1475,33,1,396,362,33,1,1600,1204,392,4,0,18,72,13,21,99,112,0,0,3,7,5,41,1,0
26,MARAMUREŞ,"ŞCOALA GIMNAZIALĂ „VASILE ALECSANDRI”",73,"MUNICIPIUL BAIA MARE",106318,1,PROV,PRCNCT,S,S_SV,"2021-01-21 12:30:02",1566,1537,27,2,337,308,27,2,1600,1263,330,6,1,4,59,14,23,90,80,0,6,0,3,1,45,3,2
26,MARAMUREŞ,"ŞCOALA GIMNAZIALĂ „VASILE ALECSANDRI”",74,"MUNICIPIUL BAIA MARE",106318,1,PROV,PRCNCT,S,S_SV,"2021-01-21 12:30:02",1459,1443,16,0,322,306,16,0,1600,1278,314,8,0,7,55,11,22,83,76,0,3,2,6,4,43,1,1
26,MARAMUREŞ,"ŞCOALA GIMNAZIALĂ „VASILE ALECSANDRI”",75,"MUNICIPIUL BAIA MARE",106318,1,PROV,PRCNCT,S,S_SV,"2021-01-21 12:30:02",1592,1581,11,0,373,362,11,0,1600,1227,367,4,2,22,44,13,35,87,110,2,2,3,9,3,32,1,4
26,MARAMUREŞ,"ŞCOALA GIMNAZIALĂ „VASILE ALECSANDRI”",76,"MUNICIPIUL BAIA MARE",106318,1,PROV,PRCNCT,S,S_SV,"2021-01-21 12:30:02",1286,1269,17,0,257,240,17,0,1300,1043,251,5,1,13,53,18,27,40,57,0,0,0,4,5,33,1,0
26,MARAMUREŞ,"GRĂDINIȚA CU PROGRAM PRELUNGIT „OTILIA CAZIMIR”",77,"MUNICIPIUL BAIA MARE",106318,1,PROV,PRCNCT,S,S_SV,"2021-01-21 12:30:02",1632,1602,30,0,504,474,30,0,1600,1096,500,3,1,19,102,13,26,144,130,3,4,2,6,4,37,8,2
26,MARAMUREŞ,"GRĂDINIȚA CU PROGRAM PRELUNGIT „OTILIA CAZIMIR”",78,"MUNICIPIUL BAIA MARE",106318,1,PROV,PRCNCT,S,S_SV,"2021-01-21 12:30:02",1335,1320,15,0,242,227,15,0,1400,1158,234,2,6,10,39,8,27,54,44,1,2,1,3,2,35,4,4
26,MARAMUREŞ,"CENTRUL „SFÂNTUL FRANCISC DE ASSISI”",79,"MUNICIPIUL BAIA MARE",106318,1,PROV,PRCNCT,S,S_SV,"2021-01-21 12:30:02",1522,1503,19,0,340,321,19,0,1600,1260,327,9,4,14,52,6,37,81,80,0,6,5,12,5,26,2,1
26,MARAMUREŞ,"GRĂDINIȚA CU PROGRAM PRELUNGIT NR. 27",80,"MUNICIPIUL BAIA MARE",106318,1,PROV,PRCNCT,S,S_SV,"2021-01-21 12:30:02",1776,1748,28,0,432,404,28,0,1800,1368,427,4,1,8,68,13,32,107,131,6,2,6,12,5,28,6,3
26,MARAMUREŞ,"ŞCOALA GIMNAZIALĂ „SIMION BĂRNUȚIU”",81,"MUNICIPIUL BAIA MARE",106318,1,PROV,PRCNCT,S,S_SV,"2021-01-21 12:30:02",1852,1819,33,0,404,371,33,0,1800,1396,398,4,2,10,72,23,43,97,100,0,1,0,4,3,39,4,2
26,MARAMUREŞ,"ŞCOALA GIMNAZIALĂ „SIMION BĂRNUȚIU”",82,"MUNICIPIUL BAIA MARE",106318,1,PROV,PRCNCT,S,S_SV,"2021-01-21 12:30:02",1973,1955,18,0,554,536,18,0,1900,1346,546,8,0,28,83,28,46,144,132,0,4,5,10,6,51,5,4
26,MARAMUREŞ,"CENTRUL „SALVAȚI FAMILIA”",83,"MUNICIPIUL BAIA MARE",106318,1,PROV,PRCNCT,S,S_SV,"2021-01-21 12:30:02",1962,1937,25,0,555,530,25,0,2003,1448,547,8,0,22,74,26,38,155,161,2,4,7,4,2,48,2,2
26,MARAMUREŞ,"CENTRUL COMUNITAR ROMANII",84,"MUNICIPIUL BAIA MARE",106318,1,PROV,PRCNCT,S,S_SV,"2021-01-21 12:30:02",1238,1226,12,0,186,174,12,0,1200,1014,174,11,1,20,34,3,7,50,19,1,1,0,1,0,37,1,0
26,MARAMUREŞ,"COLEGIUL TEHNIC „COSTIN D. NENIȚESCU”",85,"MUNICIPIUL BAIA MARE",106318,1,PROV,PRCNCT,S,S_SV,"2021-01-21 12:30:02",1503,1484,19,0,285,266,19,0,1595,1310,272,10,3,7,51,7,11,84,27,1,4,3,6,6,50,10,5
26,MARAMUREŞ,"COLEGIUL TEHNIC „COSTIN D. NENIȚESCU”",86,"MUNICIPIUL BAIA MARE",106318,1,PROV,PRCNCT,S,S_SV,"2021-01-21 12:30:02",1323,1311,12,0,382,370,12,0,1400,1018,373,9,0,89,53,10,26,89,71,1,3,1,5,1,17,0,7
26,MARAMUREŞ,"ȘCOALA GENERALĂ NR. 8",87,"MUNICIPIUL SIGHETU MARMAŢIEI",106559,1,PROV,PRCNCT,S,S_SV,"2021-01-21 12:30:02",1108,1100,8,0,248,240,8,0,1200,952,240,3,5,0,133,4,5,55,6,4,0,1,1,1,23,4,3
26,MARAMUREŞ,"ȘCOALA GENERALĂ NR. 1",88,"MUNICIPIUL SIGHETU MARMAŢIEI",106559,1,PROV,PRCNCT,S,S_SV,"2021-01-21 12:30:02",1463,1445,18,0,290,272,18,0,1600,1310,285,5,0,4,141,8,7,69,25,0,1,0,3,4,20,2,1
26,MARAMUREŞ,"ȘCOALA GENERALĂ NR. 11",89,"MUNICIPIUL SIGHETU MARMAŢIEI",106559,1,PROV,PRCNCT,S,S_SV,"2021-01-21 12:30:02",1108,1098,10,0,219,209,10,0,1200,981,206,13,0,17,66,5,8,54,22,3,3,0,4,2,19,1,2
26,MARAMUREŞ,"GRĂDINIȚA NR. 12",90,"MUNICIPIUL SIGHETU MARMAŢIEI",106559,1,PROV,PRCNCT,S,S_SV,"2021-01-21 12:30:02",1469,1447,22,0,316,294,22,0,1400,1084,309,7,0,23,88,15,17,86,33,4,3,2,1,1,31,4,1
26,MARAMUREŞ,"UNIVERSITATEA „BABEȘ-BOLYAI”",91,"MUNICIPIUL SIGHETU MARMAŢIEI",106559,1,PROV,PRCNCT,S,S_SV,"2021-01-21 12:30:02",1208,1190,18,0,224,206,18,0,1200,976,223,0,1,16,61,14,5,72,30,1,0,1,4,4,11,2,2
26,MARAMUREŞ,"UNIVERSITATEA „BABEȘ-BOLYAI”",92,"MUNICIPIUL SIGHETU MARMAŢIEI",106559,1,PROV,PRCNCT,S,S_SV,"2021-01-21 12:30:02",537,526,11,0,101,90,11,0,600,499,98,3,0,12,46,2,2,19,10,0,0,0,4,0,3,0,0
26,MARAMUREŞ,"LICEUL „REGELE FERDINAND”",93,"MUNICIPIUL SIGHETU MARMAŢIEI",106559,1,PROV,PRCNCT,S,S_SV,"2021-01-21 12:30:02",919,878,15,26,216,175,15,26,800,584,208,6,2,12,61,9,12,56,14,1,0,3,5,0,34,1,0
26,MARAMUREŞ,"LICEUL „REGELE FERDINAND”",94,"MUNICIPIUL SIGHETU MARMAŢIEI",106559,1,PROV,PRCNCT,S,S_SV,"2021-01-21 12:30:02",1082,1051,19,12,297,266,19,12,1200,903,288,7,2,10,121,10,12,68,33,7,1,1,7,2,15,1,0
26,MARAMUREŞ,"COLEGIUL NAȚIONAL „DRAGOȘ VODĂ”",95,"MUNICIPIUL SIGHETU MARMAŢIEI",106559,1,PROV,PRCNCT,S,S_SV,"2021-01-21 12:30:02",921,907,14,0,230,216,14,0,1000,770,227,2,1,25,63,7,14,68,26,5,1,0,1,1,14,1,1
26,MARAMUREŞ,"COLEGIUL NAȚIONAL „DRAGOȘ VODĂ”",96,"MUNICIPIUL SIGHETU MARMAŢIEI",106559,2,PART,PRCNCT,S,S_SV,"2021-01-21 12:30:02",831,823,8,0,214,206,8,0,1000,786,213,1,0,12,67,3,10,66,27,1,8,1,5,0,9,3,1
26,MARAMUREŞ,"COLEGIUL NAȚIONAL „DRAGOȘ VODĂ”",97,"MUNICIPIUL SIGHETU MARMAŢIEI",106559,1,PROV,PRCNCT,S,S_SV,"2021-01-21 12:30:02",1489,1472,17,0,303,286,17,0,1600,1297,292,10,1,51,105,10,11,58,35,3,1,1,0,0,16,1,0
26,MARAMUREŞ,"LICEUL „TARAS SEVCENCO”",98,"MUNICIPIUL SIGHETU MARMAŢIEI",106559,1,PROV,PRCNCT,S,S_SV,"2021-01-21 12:30:02",1232,1214,18,0,306,288,18,0,1200,894,294,10,2,61,65,10,23,60,39,8,0,1,4,1,20,0,2
26,MARAMUREŞ,"LICEUL „TARAS SEVCENCO”",99,"MUNICIPIUL SIGHETU MARMAŢIEI",106559,1,PROV,PRCNCT,S,S_SV,"2021-01-21 12:30:02",1265,1256,9,0,316,307,9,0,1200,884,310,5,1,33,93,13,12,89,32,2,0,2,6,1,24,3,0
26,MARAMUREŞ,"ȘCOALA GENERALĂ NR. 2",100,"MUNICIPIUL SIGHETU MARMAŢIEI",106559,1,PROV,PRCNCT,S,S_SV,"2021-01-21 12:30:02",1415,1406,9,0,363,354,9,0,1400,1037,353,7,3,63,104,10,17,95,41,11,0,0,2,0,5,4,1
26,MARAMUREŞ,"GRĂDINIȚA NR. 9",101,"MUNICIPIUL SIGHETU MARMAŢIEI",106559,1,PROV,PRCNCT,S,S_SV,"2021-01-21 12:30:02",1596,1578,13,5,407,389,13,5,1600,1193,400,5,2,80,105,11,9,98,57,2,0,2,5,7,23,1,0
26,MARAMUREŞ,"ȘCOALA GENERALĂ NR. 9",102,"MUNICIPIUL SIGHETU MARMAŢIEI",106559,1,PROV,PRCNCT,S,S_SV,"2021-01-21 12:30:02",1241,1231,10,0,321,311,10,0,1400,1079,316,4,1,22,90,16,11,72,66,5,1,1,5,1,21,3,2
26,MARAMUREŞ,"ȘCOALA GENERALĂ NR. 9",103,"MUNICIPIUL SIGHETU MARMAŢIEI",106559,1,PROV,PRCNCT,S,S_SV,"2021-01-21 12:30:02",1130,1116,14,0,253,239,14,0,1200,947,246,6,1,23,73,11,10,70,34,3,2,2,2,2,10,2,2
26,MARAMUREŞ,"LICEUL TEHNOLOGIC FORESTIER",104,"MUNICIPIUL SIGHETU MARMAŢIEI",106559,2,PART,PRCNCT,S,S_SV,"2021-01-21 12:30:02",898,882,16,0,203,187,16,0,1000,797,197,6,0,16,63,14,8,50,26,2,0,3,4,0,8,1,2
26,MARAMUREŞ,"LICEUL TEHNOLOGIC FORESTIER",105,"MUNICIPIUL SIGHETU MARMAŢIEI",106559,1,PROV,PRCNCT,S,S_SV,"2021-01-21 12:30:02",1117,1092,25,0,265,240,25,0,1200,935,261,2,2,22,79,7,14,77,18,6,4,0,4,2,23,4,1
26,MARAMUREŞ,"ȘCOALA GENERALĂ NR. 6",106,"MUNICIPIUL SIGHETU MARMAŢIEI",106559,1,PROV,PRCNCT,S,S_SV,"2021-01-21 12:30:02",1813,1804,9,0,350,341,9,0,2000,1650,346,4,0,28,125,12,17,70,50,1,1,1,11,6,21,1,2
26,MARAMUREŞ,"ȘCOALA GENERALĂ NR. 10",107,"MUNICIPIUL SIGHETU MARMAŢIEI",106559,1,PROV,PRCNCT,S,S_SV,"2021-01-21 12:30:02",1382,1372,10,0,274,264,10,0,1400,1126,270,3,1,15,83,15,9,64,41,4,2,2,3,4,23,4,1
26,MARAMUREŞ,"ȘCOALA GENERALĂ NR. 10",108,"MUNICIPIUL SIGHETU MARMAŢIEI",106559,1,PROV,PRCNCT,S,S_SV,"2021-01-21 12:30:02",813,790,23,0,166,143,23,0,800,634,157,9,0,19,44,4,11,33,26,0,0,1,1,2,14,2,0
26,MARAMUREŞ,"ȘCOALA GENERALĂ NR. 10",109,"MUNICIPIUL SIGHETU MARMAŢIEI",106559,1,PROV,PRCNCT,S,S_SV,"2021-01-21 12:30:02",964,949,14,1,195,180,14,1,1000,805,185,9,1,15,51,8,6,52,21,7,2,0,1,2,20,0,0
26,MARAMUREŞ,"GRĂDINIȚA NR. 1",110,"MUNICIPIUL SIGHETU MARMAŢIEI",106559,1,PROV,PRCNCT,S,S_SV,"2021-01-21 12:30:02",1048,1029,19,0,258,239,19,0,1000,742,251,7,0,26,84,5,3,62,42,3,1,3,3,3,14,2,0
26,MARAMUREŞ,"GRĂDINIȚA NR. 1",111,"MUNICIPIUL SIGHETU MARMAŢIEI",106559,1,PROV,PRCNCT,S,S_SV,"2021-01-21 12:30:02",847,834,13,0,183,170,13,0,1000,817,176,6,1,8,51,8,5,56,29,3,1,0,1,1,13,0,0
26,MARAMUREŞ,"SALA POLIVALENTĂ",112,"MUNICIPIUL SIGHETU MARMAŢIEI",106559,1,PROV,PRCNCT,S,S_SV,"2021-01-21 12:30:02",1043,1025,18,0,243,225,18,0,1000,757,238,4,1,7,91,11,8,58,34,4,2,0,5,0,18,0,0
26,MARAMUREŞ,"SALA POLIVALENTĂ",113,"MUNICIPIUL SIGHETU MARMAŢIEI",106559,1,PROV,PRCNCT,S,S_SV,"2021-01-21 12:30:02",838,829,9,0,167,158,9,0,1000,833,164,2,1,23,50,10,6,36,21,0,1,0,6,0,8,2,1
26,MARAMUREŞ,"SALA POLIVALENTĂ",114,"MUNICIPIUL SIGHETU MARMAŢIEI",106559,1,PROV,PRCNCT,S,S_SV,"2021-01-21 12:30:02",1877,1870,7,0,414,407,7,0,2000,1586,397,14,3,12,154,16,13,100,42,10,2,1,12,3,27,3,2
26,MARAMUREŞ,"ȘCOALA GENERALĂ NR. 5",115,"MUNICIPIUL SIGHETU MARMAŢIEI",106559,1,PROV,PRCNCT,S,S_SV,"2021-01-21 12:30:02",1253,1232,17,4,296,275,17,4,1400,1104,291,4,1,2,86,17,21,84,35,3,1,2,6,2,27,3,2
26,MARAMUREŞ,"ȘCOALA GENERALĂ NR. 5",116,"MUNICIPIUL SIGHETU MARMAŢIEI",106559,1,PROV,PRCNCT,S,S_SV,"2021-01-21 12:30:02",1368,1354,14,0,292,278,14,0,1400,1108,286,5,1,3,108,14,4,84,30,5,0,2,2,0,30,4,0
26,MARAMUREŞ,"ȘCOALA GENERALĂ NR. 7",117,"MUNICIPIUL SIGHETU MARMAŢIEI",106559,1,PROV,PRCNCT,S,S_SV,"2021-01-21 12:30:02",830,818,12,0,159,147,12,0,1000,841,155,3,1,3,72,3,5,41,11,0,0,0,4,2,13,1,0
26,MARAMUREŞ,"COLEGIUL TEHNIC DE TRANSPORTURI AUTO",118,"ORAŞ BAIA SPRIE",106684,1,PROV,PRCNCT,S,S_SV,"2021-01-21 12:30:02",1179,1168,11,0,285,274,11,0,1200,915,280,4,1,87,37,11,6,60,43,0,0,14,3,1,16,1,1
26,MARAMUREŞ,"COLEGIUL TEHNIC DE TRANSPORTURI AUTO",119,"ORAŞ BAIA SPRIE",106684,1,PROV,PRCNCT,S,S_SV,"2021-01-21 12:30:02",1236,1224,12,0,292,280,12,0,1400,1108,290,2,0,75,41,8,9,89,40,2,0,9,5,2,7,3,0
26,MARAMUREŞ,"COLEGIUL TEHNIC DE TRANSPORTURI AUTO",120,"ORAŞ BAIA SPRIE",106684,1,PROV,PRCNCT,S,S_SV,"2021-01-21 12:30:02",1152,1130,22,0,218,196,22,0,1200,982,214,4,0,24,38,4,13,65,34,0,1,6,5,5,19,0,0
26,MARAMUREŞ,"COLEGIUL TEHNIC DE TRANSPORTURI AUTO",121,"ORAŞ BAIA SPRIE",106684,1,PROV,PRCNCT,S,S_SV,"2021-01-21 12:30:02",1238,1216,7,15,307,285,7,15,1400,1093,304,2,1,25,52,17,10,104,47,1,1,15,3,4,22,2,1
26,MARAMUREŞ,"ȘCOALA GIMNAZIALĂ",122,"ORAŞ BAIA SPRIE",106684,1,PROV,PRCNCT,S,S_SV,"2021-01-21 12:30:02",1632,1617,15,0,281,266,15,0,1800,1519,272,8,1,12,64,11,18,65,44,1,3,10,5,2,36,0,1
26,MARAMUREŞ,"ȘCOALA GIMNAZIALĂ",123,"ORAŞ BAIA SPRIE",106684,2,PART,PRCNCT,S,S_SV,"2021-01-21 12:30:02",1464,1451,12,1,361,348,12,1,1600,1239,353,8,0,32,66,16,13,97,54,0,2,38,4,3,24,4,0
26,MARAMUREŞ,"ȘCOALA GIMNAZIALĂ",124,"ORAŞ BAIA SPRIE",106684,1,PROV,PRCNCT,S,S_SV,"2021-01-21 12:30:02",541,529,12,0,134,122,12,0,600,466,132,0,2,1,24,6,15,27,26,2,0,7,2,2,16,3,1
26,MARAMUREŞ,"ȘCOALA GIMNAZIALĂ „IOAN SLAVICI”",125,"ORAŞ BAIA SPRIE",106684,1,PROV,PRCNCT,S,S_SV,"2021-01-21 12:30:02",946,931,15,0,263,248,15,0,1000,737,256,4,3,4,32,9,20,71,39,1,0,46,9,2,21,2,0
26,MARAMUREŞ,"SALA DE SPORT",126,"ORAŞ BAIA SPRIE",106684,1,PROV,PRCNCT,S,S_SV,"2021-01-21 12:30:02",892,869,23,0,292,269,23,0,1000,708,283,7,2,9,41,9,40,88,49,1,0,10,3,2,23,6,2
26,MARAMUREŞ,"SALA DE SPORT",127,"ORAŞ BAIA SPRIE",106684,1,PROV,PRCNCT,S,S_SV,"2021-01-21 12:30:02",1272,1262,10,0,311,301,10,0,1400,1089,303,8,0,35,64,8,19,62,51,4,0,28,4,4,20,3,1
26,MARAMUREŞ,"ȘCOALA GIMNAZIALĂ „IOAN SLAVICI”",128,"ORAŞ BAIA SPRIE",106684,1,PROV,PRCNCT,S,S_SV,"2021-01-21 12:30:02",1403,1229,16,158,385,217,16,152,1400,1015,364,12,9,15,134,12,18,75,47,1,1,15,9,3,24,5,5
26,MARAMUREŞ,"ȘCOALA GIMNAZIALĂ „IOAN SLAVICI”",129,"ORAŞ BAIA SPRIE",106684,1,PROV,PRCNCT,S,S_SV,"2021-01-21 12:30:02",1206,1189,17,0,282,265,17,0,1200,918,273,7,2,4,69,9,14,79,55,0,4,4,8,4,18,5,0
26,MARAMUREŞ,"ŞCOALA NR. 1",130,"ORAŞ BORŞA",106746,1,PROV,PRCNCT,S,S_SV,"2021-01-21 12:30:02",1417,1412,5,0,184,179,5,0,1400,1216,180,4,0,2,58,6,9,46,9,2,6,0,4,11,19,4,4
26,MARAMUREŞ,"ŞCOALA NR. 1",131,"ORAŞ BORŞA",106746,1,PROV,PRCNCT,S,S_SV,"2021-01-21 12:30:02",1362,1352,10,0,250,240,10,0,1400,1150,239,6,5,2,60,7,8,63,26,0,3,4,4,19,41,1,1
26,MARAMUREŞ,"ŞCOALA NR. 8",132,"ORAŞ BORŞA",106746,1,PROV,PRCNCT,S,S_SV,"2021-01-21 12:30:02",1313,1307,6,0,192,186,6,0,1400,1208,187,4,1,3,69,9,1,38,12,2,0,5,0,17,30,0,1
26,MARAMUREŞ,"ŞCOALA NR. 8",133,"ORAŞ BORŞA",106746,1,PROV,PRCNCT,S,S_SV,"2021-01-21 12:30:02",1336,1324,12,0,245,233,12,0,1400,1155,238,6,1,1,69,5,7,73,27,1,0,4,6,9,35,1,0
26,MARAMUREŞ,"ŞCOALA NR. 9",134,"ORAŞ BORŞA",106746,1,PROV,PRCNCT,S,S_SV,"2021-01-21 12:30:02",1614,1601,12,1,260,247,12,1,1800,1540,258,0,2,2,71,6,10,81,31,1,5,0,0,19,29,1,2
26,MARAMUREŞ,"ŞCOALA NR. 9",135,"ORAŞ BORŞA",106746,1,PROV,PRCNCT,S,S_SV,"2021-01-21 12:30:02",1070,1057,13,0,200,187,13,0,1200,1000,196,4,0,3,37,6,3,81,15,0,1,4,2,13,30,1,0
26,MARAMUREŞ,"ŞCOALA NR. 9 CORP B",136,"ORAŞ BORŞA",106746,1,PROV,PRCNCT,S,S_SV,"2021-01-21 12:30:02",1126,1114,12,0,199,187,12,0,1200,1001,196,1,2,3,65,6,6,58,17,1,2,5,2,18,12,1,0
26,MARAMUREŞ,"ŞCOALA NR. 9 CORP B",137,"ORAŞ BORŞA",106746,1,PROV,PRCNCT,S,S_SV,"2021-01-21 12:30:02",822,809,11,2,154,141,11,2,1001,847,151,3,0,2,36,6,5,55,14,1,1,0,6,10,13,2,0
26,MARAMUREŞ,"ŞCOALA NR. 9 CORP B",138,"ORAŞ BORŞA",106746,1,PROV,PRCNCT,S,S_SV,"2021-01-21 12:30:02",1107,1059,19,29,221,173,19,29,1200,979,215,5,1,5,66,13,4,77,17,0,2,2,2,10,14,1,2
26,MARAMUREŞ,"ŞCOALA GÎRLEA",139,"ORAŞ BORŞA",106746,1,PROV,PRCNCT,S,S_SV,"2021-01-21 12:30:02",1070,1062,8,0,183,175,8,0,1200,1017,175,5,3,4,59,2,4,53,12,0,0,0,8,15,14,3,1
26,MARAMUREŞ,"ŞCOALA REPEDEA",140,"ORAŞ BORŞA",106746,1,PROV,PRCNCT,S,S_SV,"2021-01-21 12:30:02",839,827,12,0,118,106,12,0,1000,882,117,1,0,1,47,3,1,27,10,1,0,2,2,9,13,1,0
26,MARAMUREŞ,"ŞCOALA REPEDEA",141,"ORAŞ BORŞA",106746,1,PROV,PRCNCT,S,S_SV,"2021-01-21 12:30:02",1016,1008,8,0,170,162,8,0,1200,1030,165,4,1,1,46,4,5,67,14,1,0,1,1,7,14,3,1
26,MARAMUREŞ,"ŞCOALA POIANA",142,"ORAŞ BORŞA",106746,1,PROV,PRCNCT,S,S_SV,"2021-01-21 12:30:02",952,943,9,0,193,184,9,0,1000,807,185,6,2,1,53,7,11,54,20,1,0,0,3,12,21,1,1
26,MARAMUREŞ,"ŞCOALA POIANA",143,"ORAŞ BORŞA",106746,1,PROV,PRCNCT,S,S_SV,"2021-01-21 12:30:02",986,976,10,0,166,156,10,0,1000,834,162,3,1,1,43,7,3,56,11,0,0,1,2,3,31,3,1
26,MARAMUREŞ,"ŞCOALA BIRŢ",144,"ORAŞ BORŞA",106746,1,PROV,PRCNCT,S,S_SV,"2021-01-21 12:30:02",1333,1317,16,0,239,223,16,0,1400,1161,226,9,4,1,70,4,4,64,22,4,1,4,2,9,37,4,0
26,MARAMUREŞ,"ŞCOALA FÎNTÎNA",145,"ORAŞ BORŞA",106746,1,PROV,PRCNCT,S,S_SV,"2021-01-21 12:30:02",1163,1148,15,0,179,164,15,0,1200,1021,168,4,7,6,31,3,3,68,17,1,0,8,2,5,21,1,2
26,MARAMUREŞ,"ŞCOALA ROTUNDU",146,"ORAŞ BORŞA",106746,1,PROV,PRCNCT,S,S_SV,"2021-01-21 12:30:02",1132,1119,13,0,191,178,13,0,1200,1009,181,6,4,1,79,21,3,33,3,0,0,0,3,8,23,2,5
26,MARAMUREŞ,"ŞCOALA ROTUNDU",147,"ORAŞ BORŞA",106746,1,PROV,PRCNCT,S,S_SV,"2021-01-21 12:30:02",1211,1200,11,0,236,225,11,0,1400,1164,230,3,3,1,78,25,5,58,16,4,1,2,2,13,21,0,4
26,MARAMUREŞ,"ŞCOALA NR. 7",148,"ORAŞ BORŞA",106746,1,PROV,PRCNCT,S,S_SV,"2021-01-21 12:30:02",1209,1205,4,0,201,197,4,0,1400,1199,195,6,0,12,61,6,9,58,16,2,4,2,1,8,14,2,0
26,MARAMUREŞ,"ŞCOALA NR. 7",149,"ORAŞ BORŞA",106746,1,PROV,PRCNCT,S,S_SV,"2021-01-21 12:30:02",1350,1342,8,0,244,236,8,0,1400,1156,236,8,0,11,87,8,11,42,19,0,1,6,1,14,32,3,1
26,MARAMUREŞ,"COLEGIUL ECONOMIC „PINTEA VITEAZUL”",150,"ORAŞ CAVNIC",106782,1,PROV,PRCNCT,S,S_SV,"2021-01-21 12:30:02",1770,1749,21,0,429,408,21,0,1800,1371,424,4,1,9,109,22,33,74,65,0,3,0,6,9,92,2,0
26,MARAMUREŞ,"ŞCOALA GENERALĂ NR. 2",151,"ORAŞ CAVNIC",106782,1,PROV,PRCNCT,S,S_SV,"2021-01-21 12:30:02",1704,1668,18,18,410,374,18,18,1800,1390,404,5,1,3,114,9,41,87,51,1,2,0,8,7,75,4,2
26,MARAMUREŞ,"ŞCOALA GENERALĂ NR. 1",152,"ORAŞ CAVNIC",106782,2,PART,PRCNCT,S,S_SV,"2021-01-21 12:30:02",796,782,14,0,143,129,14,0,801,658,143,0,0,16,19,4,23,35,10,2,1,0,1,2,29,1,0
26,MARAMUREŞ,"SALA DE SPORT",153,"ORAŞ DRAGOMIREŞTI",108017,1,PROV,PRCNCT,S,S_SV,"2021-01-21 12:30:02",1228,1211,17,0,356,339,17,0,1400,1044,346,1,9,1,136,23,61,64,24,1,1,0,3,5,23,4,0
26,MARAMUREŞ,"CĂMINUL CULTURAL",154,"ORAŞ DRAGOMIREŞTI",108017,1,PROV,PRCNCT,S,S_SV,"2021-01-21 12:30:02",1339,1320,19,0,380,361,19,0,1400,1020,365,4,11,2,170,14,52,61,25,1,0,0,4,5,25,6,0
26,MARAMUREŞ,"CASA DE CULTURĂ",155,"ORAŞ SĂLIŞTEA DE SUS",108892,1,PROV,PRCNCT,S,S_SV,"2021-01-21 12:30:02",1635,1625,10,0,395,385,10,0,1800,1405,372,13,10,2,142,13,18,83,37,10,1,0,4,5,52,4,1
26,MARAMUREŞ,"ŞCOALA GIMNAZIALĂ „MIHAI EMINESCU”",156,"ORAŞ SĂLIŞTEA DE SUS",108892,1,PROV,PRCNCT,S,S_SV,"2021-01-21 12:30:02",1557,1542,14,1,368,353,14,1,1600,1232,353,8,7,1,148,9,26,98,39,5,2,0,8,5,9,3,0
26,MARAMUREŞ,"ŞCOALA GIMNAZIALĂ „MIHAI EMINESCU” LOCAL CENTRU 2",157,"ORAŞ SĂLIŞTEA DE SUS",108892,1,PROV,PRCNCT,S,S_SV,"2021-01-21 12:30:02",1040,1024,14,2,194,178,14,2,1200,1006,190,2,2,0,86,9,4,46,15,4,1,0,9,2,9,3,2
26,MARAMUREŞ,"CASA DE CULTURĂ",158,"ORAŞ SEINI",108963,1,PROV,PRCNCT,S,S_SV,"2021-01-21 12:30:02",1803,1755,36,12,517,469,36,12,1800,1283,504,10,3,13,189,7,36,118,77,0,3,2,3,3,50,2,1
26,MARAMUREŞ,"ŞCOALA GENERALĂ NR. 1",159,"ORAŞ SEINI",108963,1,PROV,PRCNCT,S,S_SV,"2021-01-21 12:30:02",1758,1722,28,8,592,556,28,8,1800,1208,568,17,7,31,228,13,51,112,61,2,4,1,5,7,41,8,4
26,MARAMUREŞ,"LICEUL TEHNOLOGIC AGRICOL „ALEXIU BERINDE”, ŞCOALA GENERALĂ SEINI",160,"ORAŞ SEINI",108963,1,PROV,PRCNCT,S,S_SV,"2021-01-21 12:30:02",1961,1912,33,16,549,500,33,16,2000,1451,536,6,7,92,151,6,31,146,55,2,2,1,3,8,32,5,2
26,MARAMUREŞ,"ŞCOALA MAGHIARĂ",161,"ORAŞ SEINI",108963,1,PROV,PRCNCT,S,S_SV,"2021-01-21 12:30:02",1325,1286,33,6,383,344,33,6,1400,1017,377,4,2,32,133,12,27,82,54,1,1,1,5,4,20,2,3
26,MARAMUREŞ,ŞCOALA,162,"ORAŞ SEINI",108963,3,PART,PRCNCT,S,S_SV,"2021-01-21 12:30:02",726,697,22,7,225,196,22,7,800,575,221,4,0,2,80,3,19,52,27,1,0,1,5,1,28,2,0
26,MARAMUREŞ,"SALA MULTIFUNCŢIONALĂ VIILE APEI",163,"ORAŞ SEINI",108963,1,PROV,PRCNCT,S,S_SV,"2021-01-21 12:30:02",571,549,21,1,209,187,21,1,600,391,204,1,4,20,90,2,21,34,21,1,0,0,0,3,11,1,0
26,MARAMUREŞ,"CASA DE CULTURĂ",164,"ORAŞ ŞOMCUTA MARE",109176,2,PART,PRCNCT,S,S_SV,"2021-01-21 12:30:02",884,861,23,0,251,228,23,0,1000,749,245,4,2,6,75,17,17,62,32,8,1,0,2,3,20,1,1
26,MARAMUREŞ,"ȘCOALA GENERALĂ CU CLASELE I-IV",165,"ORAŞ ŞOMCUTA MARE",109176,1,PROV,PRCNCT,S,S_SV,"2021-01-21 12:30:02",744,723,21,0,193,172,21,0,800,607,191,1,1,5,72,10,4,47,34,1,0,0,2,1,12,3,0
26,MARAMUREŞ,"GRĂDINIȚA CU PROGRAM PRELUNGIT",166,"ORAŞ ŞOMCUTA MARE",109176,1,PROV,PRCNCT,S,S_SV,"2021-01-21 12:30:02",1000,972,28,0,283,255,28,0,1000,717,273,10,0,7,104,11,22,59,41,4,0,0,3,1,19,2,0
26,MARAMUREŞ,"ȘCOALA GENERALĂ NR. 2",167,"ORAŞ ŞOMCUTA MARE",109176,1,PROV,PRCNCT,S,S_SV,"2021-01-21 12:30:02",787,777,10,0,146,136,10,0,800,654,129,4,13,1,85,2,11,17,3,1,0,0,1,1,4,2,1
26,MARAMUREŞ,"CĂMINUL CULTURAL",168,"ORAŞ ŞOMCUTA MARE",109176,3,PART,PRCNCT,S,S_SV,"2021-01-21 12:30:02",647,629,18,0,208,190,18,0,800,592,204,1,3,1,95,11,9,45,18,4,0,0,2,3,13,1,2
26,MARAMUREŞ,"ȘCOALA GENERALĂ",169,"ORAŞ ŞOMCUTA MARE",109176,1,PROV,PRCNCT,S,S_SV,"2021-01-21 12:30:02",320,310,10,0,119,109,10,0,400,281,117,1,1,1,62,7,6,23,6,0,0,0,0,0,11,1,0
26,MARAMUREŞ,"ȘCOALA GENERALĂ",170,"ORAŞ ŞOMCUTA MARE",109176,1,PROV,PRCNCT,S,S_SV,"2021-01-21 12:30:02",212,198,14,0,95,81,14,0,200,105,93,1,1,1,68,3,5,10,5,0,0,0,0,0,1,0,0
26,MARAMUREŞ,"ȘCOALA GENERALĂ",171,"ORAŞ ŞOMCUTA MARE",109176,2,PART,PRCNCT,S,S_SV,"2021-01-21 12:30:02",563,516,45,2,197,150,45,2,600,403,193,2,2,1,86,17,9,49,13,0,1,0,1,1,12,1,2
26,MARAMUREŞ,"CĂMINUL CULTURAL",172,"ORAŞ ŞOMCUTA MARE",109176,2,PART,PRCNCT,S,S_SV,"2021-01-21 12:30:02",229,214,15,0,124,109,15,0,400,276,121,1,2,5,66,6,3,22,15,1,0,0,1,0,2,0,0
26,MARAMUREŞ,"CĂMINUL CULTURAL",173,"ORAŞ ŞOMCUTA MARE",109176,1,PROV,PRCNCT,S,S_SV,"2021-01-21 12:30:02",533,514,19,0,205,186,19,0,600,395,202,2,1,2,85,35,11,38,15,0,1,0,1,1,11,2,0
26,MARAMUREŞ,"CĂMINUL CULTURAL",174,"ORAŞ ŞOMCUTA MARE",109176,1,PROV,PRCNCT,S,S_SV,"2021-01-21 12:30:02",631,614,16,1,247,230,16,1,600,353,243,2,2,2,138,9,10,52,9,0,0,0,2,2,16,1,2
26,MARAMUREŞ,"ȘCOALA GENERALĂ",175,"ORAŞ TĂUŢII-MĂGHERĂUŞ",106461,1,PROV,PRCNCT,S,S_SV,"2021-01-21 12:30:02",896,867,29,0,301,272,29,0,1000,699,296,3,2,79,33,5,13,121,21,0,0,0,4,3,14,2,1
26,MARAMUREŞ,"ȘCOALA GENERALĂ",176,"ORAŞ TĂUŢII-MĂGHERĂUŞ",106461,1,PROV,PRCNCT,S,S_SV,"2021-01-21 12:30:02",593,570,23,0,165,142,23,0,600,435,163,0,2,3,29,7,29,60,24,0,0,1,3,0,1,4,2
26,MARAMUREŞ,"ȘCOALA GENERALĂ",177,"ORAŞ TĂUŢII-MĂGHERĂUŞ",106461,1,PROV,PRCNCT,S,S_SV,"2021-01-21 12:30:02",592,580,12,0,178,166,12,0,600,422,176,2,0,8,40,8,25,67,8,0,1,0,7,1,10,0,1
26,MARAMUREŞ,"SALA MULTIFUNCȚIONALĂ MĂGHERĂUȘ",178,"ORAŞ TĂUŢII-MĂGHERĂUŞ",106461,1,PROV,PRCNCT,S,S_SV,"2021-01-21 12:30:02",1325,1278,44,3,499,452,44,3,1400,901,490,7,2,10,55,36,24,190,119,0,3,4,11,4,28,5,1
26,MARAMUREŞ,"LICEUL TEHNOLOGIC „TRAIAN VUIA”",179,"ORAŞ TĂUŢII-MĂGHERĂUŞ",106461,1,PROV,PRCNCT,S,S_SV,"2021-01-21 12:30:02",1191,1137,54,0,462,408,54,0,1200,738,456,6,0,35,59,17,39,171,95,3,1,4,4,4,19,4,1
26,MARAMUREŞ,"GRĂDINIȚA HOȘTEZE",180,"ORAŞ TĂUŢII-MĂGHERĂUŞ",106461,1,PROV,PRCNCT,S,S_SV,"2021-01-21 12:30:02",867,842,24,1,268,243,24,1,1000,732,265,2,1,19,44,13,11,99,60,2,1,1,3,1,10,0,1
26,MARAMUREŞ,"CANTONUL SILVIC",181,"ORAŞ TĂUŢII-MĂGHERĂUŞ",106461,1,PROV,PRCNCT,S,S_SV,"2021-01-21 12:30:02",246,224,16,6,89,67,16,6,400,311,86,3,0,3,19,2,4,42,3,0,0,0,1,1,10,1,0
26,MARAMUREŞ,"GRĂDINIȚA ROȘTI",182,"ORAŞ TĂUŢII-MĂGHERĂUŞ",106461,1,PROV,PRCNCT,S,S_SV,"2021-01-21 12:30:02",510,490,18,2,204,184,18,2,600,396,201,2,1,9,33,4,14,78,33,0,0,0,10,0,17,0,3
26,MARAMUREŞ,"CĂMINUL CULTURAL",183,"ORAŞ TĂUŢII-MĂGHERĂUŞ",106461,1,PROV,PRCNCT,S,S_SV,"2021-01-21 12:30:02",578,560,16,2,178,160,16,2,600,422,176,1,1,3,29,8,14,65,34,0,0,1,2,5,13,1,1
26,MARAMUREŞ,"CĂMINUL CULTURAL",184,"ORAŞ TĂUŢII-MĂGHERĂUŞ",106461,1,PROV,PRCNCT,S,S_SV,"2021-01-21 12:30:02",295,267,28,0,133,105,28,0,400,267,132,1,0,3,20,3,22,46,27,1,1,0,3,0,6,0,0
26,MARAMUREŞ,"CĂMINUL CULTURAL",185,"ORAŞ TĂUŢII-MĂGHERĂUŞ",106461,1,PROV,PRCNCT,S,S_SV,"2021-01-21 12:30:02",167,154,13,0,96,83,13,0,200,104,94,2,0,4,25,1,4,52,2,0,0,0,2,2,0,1,1
26,MARAMUREŞ,"GRĂDINIȚA 9 MAI",186,"ORAŞ TĂUŢII-MĂGHERĂUŞ",106461,1,PROV,PRCNCT,S,S_SV,"2021-01-21 12:30:02",353,341,12,0,133,121,12,0,400,267,130,3,0,1,30,1,28,38,6,0,0,0,6,3,13,2,2
26,MARAMUREŞ,"CASA ORĂŞENEASCĂ DE CULTURĂ",187,"ORAŞ TÂRGU LĂPUŞ",106817,1,PROV,PRCNCT,S,S_SV,"2021-01-21 12:30:02",1680,1637,42,1,483,440,42,1,1800,1317,474,8,1,27,121,19,16,153,70,9,3,4,8,11,30,3,0
26,MARAMUREŞ,"CENTRUL ȘCOLAR PENTRU EDUCAȚIE INCLUZIVĂ",188,"ORAŞ TÂRGU LĂPUŞ",106817,1,PROV,PRCNCT,S,S_SV,"2021-01-21 12:30:02",1913,1877,26,10,521,485,26,10,2000,1479,512,7,2,31,129,16,17,172,67,3,8,2,5,7,51,4,0
26,MARAMUREŞ,"PRIMĂRIA ORAŞULUI TÎRGU LĂPUŞ",189,"ORAŞ TÂRGU LĂPUŞ",106817,1,PROV,PRCNCT,S,S_SV,"2021-01-21 12:30:02",1361,1338,22,1,407,384,22,1,1400,993,401,4,2,33,106,13,18,118,51,5,4,1,6,6,35,2,3
26,MARAMUREŞ,"ŞCOALA GENERALĂ",190,"ORAŞ TÂRGU LĂPUŞ",106817,1,PROV,PRCNCT,S,S_SV,"2021-01-21 12:30:02",304,283,21,0,74,53,21,0,400,326,71,1,2,1,18,1,3,14,11,2,0,0,6,1,13,0,1
26,MARAMUREŞ,"ŞCOALA GENERALĂ",191,"ORAŞ TÂRGU LĂPUŞ",106817,1,PROV,PRCNCT,S,S_SV,"2021-01-21 12:30:02",422,412,10,0,126,116,10,0,600,474,121,3,2,1,26,2,12,62,8,0,0,0,3,0,5,1,1
26,MARAMUREŞ,"ŞCOALA GENERALĂ",192,"ORAŞ TÂRGU LĂPUŞ",106817,1,PROV,PRCNCT,S,S_SV,"2021-01-21 12:30:02",182,167,14,1,59,44,14,1,200,141,58,0,1,1,9,1,8,25,5,0,0,0,1,0,7,1,0
26,MARAMUREŞ,"ŞCOALA GENERALĂ",193,"ORAŞ TÂRGU LĂPUŞ",106817,1,PROV,PRCNCT,S,S_SV,"2021-01-21 12:30:02",778,768,10,0,134,124,10,0,800,666,131,2,1,72,11,2,5,13,8,0,0,1,1,0,18,0,0
26,MARAMUREŞ,"ŞCOALA GENERALĂ",194,"ORAŞ TÂRGU LĂPUŞ",106817,1,PROV,PRCNCT,S,S_SV,"2021-01-21 12:30:02",325,316,9,0,88,79,9,0,400,312,87,1,0,1,17,2,6,53,3,0,0,0,1,0,4,0,0
26,MARAMUREŞ,"ŞCOALA GENERALĂ",195,"ORAŞ TÂRGU LĂPUŞ",106817,1,PROV,PRCNCT,S,S_SV,"2021-01-21 12:30:02",186,175,11,0,65,54,11,0,200,135,64,0,1,1,13,8,1,17,10,1,1,0,3,2,5,2,0
26,MARAMUREŞ,"ŞCOALA GENERALĂ",196,"ORAŞ TÂRGU LĂPUŞ",106817,1,PROV,PRCNCT,S,S_SV,"2021-01-21 12:30:02",219,197,22,0,63,41,22,0,200,137,63,0,0,1,14,3,2,24,1,0,0,1,3,4,9,0,1
26,MARAMUREŞ,"ŞCOALA GENERALĂ",197,"ORAŞ TÂRGU LĂPUŞ",106817,1,PROV,PRCNCT,S,S_SV,"2021-01-21 12:30:02",75,63,12,0,26,14,12,0,200,174,26,0,0,1,4,2,1,14,1,0,0,0,2,0,1,0,0
26,MARAMUREŞ,"ŞCOALA GENERALĂ",198,"ORAŞ TÂRGU LĂPUŞ",106817,1,PROV,PRCNCT,S,S_SV,"2021-01-21 12:30:02",219,206,13,0,56,43,13,0,200,144,56,0,0,1,10,1,4,27,3,0,0,0,0,1,6,2,1
26,MARAMUREŞ,"ȘCOALA GENERALA",199,"ORAŞ TÂRGU LĂPUŞ",106817,3,PART,PRCNCT,S,S_SV,"2021-01-21 12:30:02",652,642,10,0,123,113,10,0,800,677,121,1,1,2,45,2,3,38,5,0,3,1,3,0,18,1,0
26,MARAMUREŞ,"ŞCOALA GENERALĂ",200,"ORAŞ TÂRGU LĂPUŞ",106817,1,PROV,PRCNCT,S,S_SV,"2021-01-21 12:30:02",492,481,11,0,97,86,11,0,600,503,96,1,0,1,41,8,4,10,8,1,2,0,1,2,16,2,0
26,MARAMUREŞ,"CĂMINUL CULTURAL",201,"ORAŞ TÂRGU LĂPUŞ",106817,1,PROV,PRCNCT,S,S_SV,"2021-01-21 12:30:02",1264,1257,7,0,210,203,7,0,1400,1190,207,2,1,1,59,3,11,77,22,2,1,1,3,4,20,1,2
26,MARAMUREŞ,GRĂDINIŢĂ,202,"ORAŞ TÂRGU LĂPUŞ",106817,1,PROV,PRCNCT,S,S_SV,"2021-01-21 12:30:02",623,594,29,0,161,132,29,0,800,639,155,3,3,1,47,4,7,40,23,1,0,14,3,2,12,1,0
26,MARAMUREŞ,"ŞCOALA GENERALĂ",203,"ORAŞ TÂRGU LĂPUŞ",106817,1,PROV,PRCNCT,S,S_SV,"2021-01-21 12:30:02",235,217,15,3,85,67,15,3,400,315,85,0,0,1,15,2,8,39,8,2,0,0,5,0,4,1,0
26,MARAMUREŞ,"ȘCOALA GIMNAZIALĂ",204,"ORAŞ ULMENI",109265,1,PROV,PRCNCT,S,S_SV,"2021-01-21 12:30:02",1288,1201,52,35,830,743,52,35,1400,570,820,4,6,1,17,4,746,28,3,2,0,0,2,1,12,4,0
26,MARAMUREŞ,"CENTRUL DE CULTURĂ ȘI ARTĂ",205,"ORAŞ ULMENI",109265,1,PROV,PRCNCT,S,S_SV,"2021-01-21 12:30:02",1230,1179,40,11,531,480,40,11,1400,869,525,6,0,21,67,21,266,62,41,0,3,0,1,3,29,9,2
26,MARAMUREŞ,"ȘCOALA GIMNAZIALĂ „KOS KAROLY”",206,"ORAŞ ULMENI",109265,1,PROV,PRCNCT,S,S_SV,"2021-01-21 12:30:02",750,703,12,35,420,373,12,35,800,380,415,5,0,220,2,2,181,4,2,0,0,0,1,0,2,1,0
26,MARAMUREŞ,"CĂMINUL CULTURAL",207,"ORAŞ ULMENI",109265,1,PROV,PRCNCT,S,S_SV,"2021-01-21 12:30:02",961,878,55,28,524,441,55,28,1000,476,520,3,1,176,23,5,273,11,2,2,0,1,1,1,17,7,1
26,MARAMUREŞ,"CĂMINUL CULTURAL",208,"ORAŞ ULMENI",109265,1,PROV,PRCNCT,S,S_SV,"2021-01-21 12:30:02",657,613,33,11,224,180,33,11,800,576,222,1,1,1,22,2,149,19,7,1,0,1,0,2,8,8,2
26,MARAMUREŞ,"CĂMINUL CULTURAL",209,"ORAŞ ULMENI",109265,1,PROV,PRCNCT,S,S_SV,"2021-01-21 12:30:02",216,198,14,4,98,80,14,4,200,102,97,1,0,1,13,2,58,11,6,0,1,0,1,0,0,3,1
26,MARAMUREŞ,"ȘCOALA PRIMARĂ",210,"ORAŞ ULMENI",109265,1,PROV,PRCNCT,S,S_SV,"2021-01-21 12:30:02",688,674,14,0,358,344,14,0,800,442,357,1,0,9,21,1,306,4,3,1,3,1,1,1,5,1,0
26,MARAMUREŞ,"ȘCOALA PRIMARĂ",211,"ORAŞ ULMENI",109265,1,PROV,PRCNCT,S,S_SV,"2021-01-21 12:30:02",287,262,21,4,118,93,21,4,400,282,116,2,0,1,15,2,69,15,4,0,0,0,2,2,4,1,1
26,MARAMUREŞ,"ŞCOALA GENERALĂ NR. 2",212,"ORAŞ VIŞEU DE SUS",106979,1,PROV,PRCNCT,S,S_SV,"2021-01-21 12:30:02",1095,1080,15,0,215,200,15,0,1200,985,204,7,4,1,57,19,3,73,18,0,0,2,1,4,23,2,1
26,MARAMUREŞ,"ŞCOALA GENERALĂ NR. 2",213,"ORAŞ VIŞEU DE SUS",106979,1,PROV,PRCNCT,S,S_SV,"2021-01-21 12:30:02",1071,1062,9,0,209,200,9,0,1200,991,206,3,0,2,39,14,12,100,12,4,0,0,2,3,13,3,2
26,MARAMUREŞ,"LICEUL TEORETIC BOGDAN VODĂ",214,"ORAŞ VIŞEU DE SUS",106979,1,PROV,PRCNCT,S,S_SV,"2021-01-21 12:30:02",903,880,18,5,178,155,18,5,1000,822,177,0,1,5,32,16,8,54,20,2,4,0,4,4,26,0,2
26,MARAMUREŞ,"LICEUL TEORETIC BOGDAN VODĂ",215,"ORAŞ VIŞEU DE SUS",106979,1,PROV,PRCNCT,S,S_SV,"2021-01-21 12:30:02",926,914,12,0,244,232,12,0,1000,756,233,10,1,8,56,20,6,81,31,0,0,0,5,5,17,3,1
26,MARAMUREŞ,"LICEUL TEHNOLOGIC",216,"ORAŞ VIŞEU DE SUS",106979,1,PROV,PRCNCT,S,S_SV,"2021-01-21 12:30:02",1651,1641,10,0,334,324,10,0,1800,1466,324,7,3,14,67,22,10,114,33,2,4,1,6,1,44,6,0
26,MARAMUREŞ,"LICEUL TEHNOLOGIC",217,"ORAŞ VIŞEU DE SUS",106979,1,PROV,PRCNCT,S,S_SV,"2021-01-21 12:30:02",1647,1639,8,0,260,252,8,0,1800,1540,254,5,1,8,55,23,8,90,30,0,1,1,2,2,34,0,0
26,MARAMUREŞ,"LICEUL TEHNOLOGIC NR. 4",218,"ORAŞ VIŞEU DE SUS",106979,1,PROV,PRCNCT,S,S_SV,"2021-01-21 12:30:02",1059,1052,7,0,200,193,7,0,1200,1000,192,7,1,1,47,16,2,66,10,0,2,1,5,1,39,2,0
26,MARAMUREŞ,"LICEUL TEHNOLOGIC NR. 4",219,"ORAŞ VIŞEU DE SUS",106979,1,PROV,PRCNCT,S,S_SV,"2021-01-21 12:30:02",960,950,10,0,189,179,10,0,1200,1011,178,7,4,2,55,15,2,46,12,1,0,0,4,4,31,5,1
26,MARAMUREŞ,"CANTINA DE AJUTOR SOCIAL",220,"ORAŞ VIŞEU DE SUS",106979,2,PART,PRCNCT,S,S_SV,"2021-01-21 12:30:02",1528,1515,12,1,413,400,12,1,1800,1387,405,4,4,2,110,59,10,135,26,1,2,0,3,6,45,4,2
26,MARAMUREŞ,"ŞCOALA GIMNAZIALĂ NR. 7",221,"ORAŞ VIŞEU DE SUS",106979,1,PROV,PRCNCT,S,S_SV,"2021-01-21 12:30:02",1679,1672,7,0,287,280,7,0,2000,1713,276,8,3,1,66,20,7,111,24,2,1,1,1,3,36,1,2
26,MARAMUREŞ,"ŞCOALA GIMNAZIALĂ NR. 7",222,"ORAŞ VIŞEU DE SUS",106979,1,PROV,PRCNCT,S,S_SV,"2021-01-21 12:30:02",1533,1521,12,0,327,315,12,0,1600,1273,322,2,3,6,52,43,8,123,47,0,5,1,4,0,29,3,1
26,MARAMUREŞ,"ŞCOALA GIMNAZIALĂ NR. 3",223,"ORAŞ VIŞEU DE SUS",106979,1,PROV,PRCNCT,S,S_SV,"2021-01-21 12:30:02",758,747,11,0,181,170,11,0,800,619,176,2,3,1,20,27,2,91,14,0,0,0,0,0,18,2,1
26,MARAMUREŞ,"ŞCOALA CU CLASELE I-VIII",224,ARDUSAT,107001,1,PROV,PRCNCT,S,S_SV,"2021-01-21 12:30:02",1654,1583,71,0,385,314,71,0,1800,1415,375,10,0,1,111,20,17,111,35,1,1,0,2,7,62,4,3
26,MARAMUREŞ,"ŞCOALA CU CLASELE I-IV",225,ARDUSAT,107001,1,PROV,PRCNCT,S,S_SV,"2021-01-21 12:30:02",241,224,17,0,75,58,17,0,397,322,75,0,0,1,9,4,15,24,13,0,0,0,1,1,3,4,0
26,MARAMUREŞ,"ŞCOALA CU CLASELE I-IV",226,ARDUSAT,107001,1,PROV,PRCNCT,S,S_SV,"2021-01-21 12:30:02",385,369,16,0,112,96,16,0,400,288,109,3,0,1,38,5,9,28,7,0,0,1,6,1,13,0,0
26,MARAMUREŞ,"CĂMINUL CULTURAL",227,ARINIŞ,107047,1,PROV,PRCNCT,S,S_SV,"2021-01-21 12:30:02",731,686,45,0,341,296,45,0,800,459,339,2,0,37,140,11,41,49,14,3,3,0,3,4,21,12,1
26,MARAMUREŞ,"CĂMIN CULTURAL TĂMĂŞEŞTI",228,ARINIŞ,107047,1,PROV,PRCNCT,S,S_SV,"2021-01-21 12:30:02",196,168,28,0,90,62,28,0,200,110,87,2,1,1,46,10,4,14,8,0,0,0,2,0,0,2,0
26,MARAMUREŞ,PRIMĂRIA,229,"ASUAJU DE SUS",107083,1,PROV,PRCNCT,S,S_SV,"2021-01-21 12:30:02",835,753,65,17,406,324,65,17,1000,594,397,7,2,0,243,3,10,35,75,0,0,0,3,8,12,7,1
26,MARAMUREŞ,"CĂMINUL CULTURAL",230,"ASUAJU DE SUS",107083,1,PROV,PRCNCT,S,S_SV,"2021-01-21 12:30:02",277,249,26,2,123,95,26,2,400,277,122,0,1,0,75,1,5,22,6,0,0,1,2,2,8,0,0
26,MARAMUREŞ,"ŞCOALA GIMNAZIALĂ",231,"BĂIŢA DE SUB CODRU",107118,1,PROV,PRCNCT,S,S_SV,"2021-01-21 12:30:02",1246,1178,62,6,426,358,62,6,1400,974,422,2,2,1,177,8,30,77,41,3,2,0,0,16,45,21,1
26,MARAMUREŞ,"ŞCOALA CU CLASELE I-IV",232,"BĂIŢA DE SUB CODRU",107118,1,PROV,PRCNCT,S,S_SV,"2021-01-21 12:30:02",287,250,35,2,127,90,35,2,400,273,121,5,1,1,25,30,11,16,20,0,0,2,2,2,8,2,2
26,MARAMUREŞ,"CĂMINUL CULTURAL",233,BĂIUŢ,107154,1,PROV,PRCNCT,S,S_SV,"2021-01-21 12:30:02",500,481,19,0,121,102,19,0,600,479,121,0,0,10,24,24,9,35,7,0,1,0,1,3,6,0,1
26,MARAMUREŞ,"PRIMĂRIA BĂIUȚ",234,BĂIUŢ,107154,1,PROV,PRCNCT,S,S_SV,"2021-01-21 12:30:02",1263,1248,15,0,260,245,15,0,1400,1140,257,2,1,45,61,9,15,75,22,1,1,2,6,3,16,0,1
26,MARAMUREŞ,GRĂDINIŢA,235,BĂIUŢ,107154,1,PROV,PRCNCT,S,S_SV,"2021-01-21 12:30:02",196,180,16,0,77,61,16,0,200,123,76,0,1,3,26,3,4,28,6,1,0,0,1,1,3,0,0
26,MARAMUREŞ,"CĂMINUL CULTURAL",236,BĂSEŞTI,107190,1,PROV,PRCNCT,S,S_SV,"2021-01-21 12:30:02",495,455,37,3,223,183,37,3,600,377,220,1,2,1,33,18,21,109,13,9,0,0,2,2,12,0,0
26,MARAMUREŞ,"ŞCOALA CU CLASELE I-IV",237,BĂSEŞTI,107190,1,PROV,PRCNCT,S,S_SV,"2021-01-21 12:30:02",349,311,38,0,150,112,38,0,400,250,148,0,2,1,40,8,7,72,6,1,0,0,2,3,6,1,1
26,MARAMUREŞ,"CĂMINUL CULTURAL",238,BĂSEŞTI,107190,2,PART,PRCNCT,S,S_SV,"2021-01-21 12:30:02",95,70,25,0,60,35,25,0,200,140,57,0,3,1,13,5,2,12,12,2,0,0,9,1,0,0,0
26,MARAMUREŞ,"ŞCOALA CU CLASELE I-IV",239,BĂSEŞTI,107190,1,PROV,PRCNCT,S,S_SV,"2021-01-21 12:30:02",251,231,20,0,88,68,20,0,400,312,85,0,3,2,13,12,8,36,3,3,0,0,2,2,3,0,1
26,MARAMUREŞ,"ŞCOALA GIMNAZIALĂ „MIRCEA VULCANESCU”",240,BÂRSANA,107314,1,PROV,PRCNCT,S,S_SV,"2021-01-21 12:30:02",1468,1452,16,0,334,318,16,0,1600,1266,325,4,5,4,134,8,18,115,21,8,0,1,2,4,6,2,2
26,MARAMUREŞ,"ŞCOALA GIMNAZIALĂ „MIRCEA VULCĂNESCU”",241,BÂRSANA,107314,1,PROV,PRCNCT,S,S_SV,"2021-01-21 12:30:02",1167,1163,4,0,229,225,4,0,1200,971,220,8,1,0,111,5,12,52,5,1,0,0,0,1,26,7,0
26,MARAMUREŞ,"ȘCOALA „VALEA MUNTELUI”",242,BÂRSANA,107314,1,PROV,PRCNCT,S,S_SV,"2021-01-21 12:30:02",638,628,10,0,149,139,10,0,800,651,146,2,1,1,53,8,8,37,5,0,0,1,5,0,26,1,1
26,MARAMUREŞ,"ȘCOALA „NĂNEȘTI”",243,BÂRSANA,107314,1,PROV,PRCNCT,S,S_SV,"2021-01-21 12:30:02",547,526,21,0,173,152,21,0,600,427,166,4,3,2,97,4,7,23,10,1,0,0,3,3,13,3,0
26,MARAMUREŞ,"CĂMINUL CULTURAL",244,BICAZ,107234,1,PROV,PRCNCT,S,S_SV,"2021-01-21 12:30:02",438,427,11,0,166,155,11,0,600,434,160,3,3,2,48,2,18,38,18,1,4,1,2,3,21,2,0
26,MARAMUREŞ,"ŞCOALA CU CLASELE I-IV",245,BICAZ,107234,1,PROV,PRCNCT,S,S_SV,"2021-01-21 12:30:02",158,131,27,0,85,58,27,0,200,115,84,1,0,1,29,3,7,12,26,0,0,0,1,0,1,4,0
26,MARAMUREŞ,"CĂMINUL CULTURAL",246,BICAZ,107234,1,PROV,PRCNCT,S,S_SV,"2021-01-21 12:30:02",247,229,18,0,101,83,18,0,400,299,96,0,5,1,27,4,18,25,10,1,0,0,2,3,2,3,0
26,MARAMUREŞ,"PRIMĂRIA BISTRA",247,BISTRA,107270,1,PROV,PRCNCT,S,S_SV,"2021-01-21 12:30:02",804,792,12,0,282,270,12,0,1000,718,270,2,10,1,52,16,8,148,8,0,1,0,7,2,25,0,2
26,MARAMUREŞ,"ŞCOALA GIMNAZIALĂ",248,BISTRA,107270,1,PROV,PRCNCT,S,S_SV,"2021-01-21 12:30:02",1301,1287,14,0,355,341,14,0,1400,1045,332,9,14,4,69,12,11,120,30,2,0,1,7,3,67,5,1
26,MARAMUREŞ,"ŞCOALA GIMNAZIALĂ",249,BISTRA,107270,1,PROV,PRCNCT,S,S_SV,"2021-01-21 12:30:02",1182,1176,6,0,234,228,6,0,1200,966,222,3,9,2,50,11,6,76,14,4,1,1,4,3,42,2,6
26,MARAMUREŞ,"ŞCOALA CU CLASELE I-VIII",250,"BOCICOIU MARE",107350,1,PROV,PRCNCT,S,S_SV,"2021-01-21 12:30:02",699,687,10,2,180,168,10,2,800,620,172,2,6,1,55,16,12,43,18,2,1,0,1,1,21,1,0
26,MARAMUREŞ,"ŞCOALA CU CLASELE I-VIII",251,"BOCICOIU MARE",107350,1,PROV,PRCNCT,S,S_SV,"2021-01-21 12:30:02",1206,1192,14,0,192,178,14,0,1200,1008,188,3,1,5,69,10,11,38,11,2,2,2,2,6,28,2,0
26,MARAMUREŞ,"GRĂDINIŢA DE COPII",252,"BOCICOIU MARE",107350,1,PROV,PRCNCT,S,S_SV,"2021-01-21 12:30:02",512,501,11,0,119,108,11,0,600,481,111,3,5,3,29,7,5,23,14,4,2,0,2,2,15,3,2
26,MARAMUREŞ,"GRĂDINIŢA DE COPII",253,"BOCICOIU MARE",107350,1,PROV,PRCNCT,S,S_SV,"2021-01-21 12:30:02",1323,1310,13,0,270,257,13,0,1400,1130,264,2,4,3,101,16,9,64,26,1,0,2,8,5,27,1,1
26,MARAMUREŞ,"ŞCOALA GENERALĂ",254,"BOGDAN VODĂ",107403,2,PART,PRCNCT,S,S_SV,"2021-01-21 12:30:02",559,526,26,7,143,110,26,7,600,457,130,9,4,2,39,8,2,59,3,0,0,3,1,1,7,4,1
26,MARAMUREŞ,"CLUBUL DIN INCINTA PRIMĂRIEI",255,"BOGDAN VODĂ",107403,2,PART,PRCNCT,S,S_SV,"2021-01-21 12:30:02",2047,1969,28,50,641,563,28,50,2000,1359,629,12,0,2,180,22,28,287,46,1,0,0,1,1,57,2,2
26,MARAMUREŞ,PRIMĂRIA,256,"BOIU MARE",107430,1,PROV,PRCNCT,S,S_SV,"2021-01-21 12:30:02",530,471,32,27,224,165,32,27,600,376,219,5,0,2,105,29,20,41,9,0,0,1,1,1,8,1,1
26,MARAMUREŞ,"ŞCOALA GENERALĂ",257,"BOIU MARE",107430,1,PROV,PRCNCT,S,S_SV,"2021-01-21 12:30:02",393,376,17,0,148,131,17,0,400,252,144,3,1,2,49,7,2,57,14,0,0,0,2,0,6,4,1
26,MARAMUREŞ,"ŞCOALA GENERALĂ",258,"BOIU MARE",107430,1,PROV,PRCNCT,S,S_SV,"2021-01-21 12:30:02",62,49,11,2,39,26,11,2,200,161,38,0,1,1,24,2,2,6,2,0,0,0,1,0,0,0,0
26,MARAMUREŞ,"ŞCOALA GENERALĂ",259,"BOIU MARE",107430,1,PROV,PRCNCT,S,S_SV,"2021-01-21 12:30:02",72,60,12,0,34,22,12,0,200,166,33,1,0,1,13,1,5,9,1,0,0,0,1,0,2,0,0
26,MARAMUREŞ,"SEDIUL PRIMĂRIEI BOTIZA",260,BOTIZA,107485,1,PROV,PRCNCT,S,S_SV,"2021-01-21 12:30:02",1831,1818,13,0,612,599,13,0,2000,1388,601,7,4,5,248,50,40,83,40,2,1,3,4,5,114,3,3
26,MARAMUREŞ,"ŞCOALA PRIMARĂ VALEA SASULUI",261,BOTIZA,107485,1,PROV,PRCNCT,S,S_SV,"2021-01-21 12:30:02",296,274,22,0,134,112,22,0,400,266,128,5,1,0,41,6,19,19,5,0,0,0,1,5,32,0,0
26,MARAMUREŞ,"CĂMINUL CULTURAL",262,BUDEŞTI,107519,1,PROV,PRCNCT,S,S_SV,"2021-01-21 12:30:02",671,661,10,0,195,185,10,0,800,605,187,2,6,2,35,5,21,68,9,0,0,0,3,2,38,3,1
26,MARAMUREŞ,"SEDIUL PRIMĂRIEI",263,BUDEŞTI,107519,1,PROV,PRCNCT,S,S_SV,"2021-01-21 12:30:02",1163,1146,17,0,398,381,17,0,1200,802,383,10,5,1,84,11,78,136,22,1,0,0,3,3,34,7,3
26,MARAMUREŞ,"SEDIUL GRĂDINIȚEI",264,BUDEŞTI,107519,1,PROV,PRCNCT,S,S_SV,"2021-01-21 12:30:02",656,644,10,2,257,245,10,2,800,543,255,0,2,1,54,47,16,95,9,2,1,0,2,2,20,4,2
26,MARAMUREŞ,"CĂMINUL CULTURAL",265,CĂLINEŞTI,107546,1,PROV,PRCNCT,S,S_SV,"2021-01-21 12:30:02",349,335,14,0,99,85,14,0,400,301,99,0,0,1,15,2,40,21,7,0,0,0,4,0,8,0,1
26,MARAMUREŞ,"CĂMINUL CULTURAL",266,CĂLINEŞTI,107546,1,PROV,PRCNCT,S,S_SV,"2021-01-21 12:30:02",1200,1175,25,0,372,347,25,0,1200,828,359,8,5,2,63,17,111,112,26,6,1,0,1,2,16,1,1
26,MARAMUREŞ,"CĂMINUL CULTURAL",267,CĂLINEŞTI,107546,1,PROV,PRCNCT,S,S_SV,"2021-01-21 12:30:02",1105,1087,18,0,394,376,18,0,1200,806,386,4,4,0,68,22,185,60,13,0,1,0,0,6,26,4,1
26,MARAMUREŞ,"CAMINUL CULTURAL",268,"CÂMPULUNG LA TISA",107715,1,PROV,PRCNCT,S,S_SV,"2021-01-21 12:30:02",1247,1245,2,0,198,196,2,0,1400,1202,194,1,3,110,24,5,6,20,7,0,0,0,3,0,18,0,1
26,MARAMUREŞ,PRIMĂRIA,269,"CÂMPULUNG LA TISA",107715,1,PROV,PRCNCT,S,S_SV,"2021-01-21 12:30:02",826,819,7,0,188,181,7,0,1000,812,181,4,3,109,21,1,1,24,4,0,0,1,0,0,18,1,1
26,MARAMUREŞ,"CENTRUL CULTURAL CERNEȘTI",270,CERNEŞTI,107582,1,PROV,PRCNCT,S,S_SV,"2021-01-21 12:30:02",705,685,20,0,205,185,20,0,800,595,202,1,2,2,46,18,12,31,48,1,5,0,2,1,29,6,1
26,MARAMUREŞ,"CĂMINUL CULTURAL TRESTIA",271,CERNEŞTI,107582,1,PROV,PRCNCT,S,S_SV,"2021-01-21 12:30:02",605,595,10,0,242,232,10,0,800,558,237,3,2,1,109,1,5,46,45,0,3,1,1,1,20,4,0
26,MARAMUREŞ,"ȘCOALA PRIMARĂ BREBENI",272,CERNEŞTI,107582,1,PROV,PRCNCT,S,S_SV,"2021-01-21 12:30:02",190,170,20,0,82,62,20,0,204,122,77,4,1,1,17,4,2,18,22,0,0,0,2,2,7,2,0
26,MARAMUREŞ,"ȘCOALA PRIMARĂ MĂGURENI",273,CERNEŞTI,107582,1,PROV,PRCNCT,S,S_SV,"2021-01-21 12:30:02",200,177,22,1,84,61,22,1,200,116,83,1,0,1,18,3,4,17,16,0,0,0,14,0,10,0,0
26,MARAMUREŞ,"ȘCOALA PRIMARĂ FÎNAȚE",274,CERNEŞTI,107582,2,PART,PRCNCT,S,S_SV,"2021-01-21 12:30:02",563,544,19,0,128,109,19,0,600,472,124,2,2,0,35,11,3,17,37,0,2,0,3,2,12,0,2
26,MARAMUREŞ,"GRĂDINIȚA CIOCOTIȘ",275,CERNEŞTI,107582,1,PROV,PRCNCT,S,S_SV,"2021-01-21 12:30:02",834,807,27,0,231,204,27,0,1000,769,228,1,2,1,75,8,6,46,54,0,7,0,3,5,20,2,1
26,MARAMUREŞ,"CĂMIN CULTURAL",276,CICÂRLĂU,107662,2,PART,PRCNCT,S,S_SV,"2021-01-21 12:30:02",1832,1777,52,3,452,397,52,3,2000,1548,447,5,0,5,99,11,44,134,78,4,6,0,7,11,45,2,1
26,MARAMUREŞ,"CĂMIN CULTURAL",277,CICÂRLĂU,107662,1,PROV,PRCNCT,S,S_SV,"2021-01-21 12:30:02",1144,1118,24,2,223,197,24,2,1400,1177,215,5,3,4,78,11,10,49,20,2,2,0,7,3,24,3,2
26,MARAMUREŞ,"CĂMIN CULTURAL",278,CICÂRLĂU,107662,1,PROV,PRCNCT,S,S_SV,"2021-01-21 12:30:02",400,381,19,0,80,61,19,0,400,320,79,1,0,1,29,2,9,8,18,0,0,0,2,2,8,0,0
26,MARAMUREŞ,"CĂMIN CULTURAL",279,CICÂRLĂU,107662,1,PROV,PRCNCT,S,S_SV,"2021-01-21 12:30:02",272,249,23,0,102,79,23,0,400,298,102,0,0,2,35,5,4,39,12,0,0,1,2,0,1,0,1
26,MARAMUREŞ,"ŞCOALA GIMNAZIALA ”ION POPESCU DE COAȘ”",280,COAŞ,179837,1,PROV,PRCNCT,S,S_SV,"2021-01-21 12:30:02",1223,1111,84,28,600,488,84,28,1400,800,585,4,11,3,56,13,315,118,39,3,1,0,6,2,20,7,2
26,MARAMUREŞ,"ŞCOALA PRIMARĂ ÎNTRERÂURI",281,COAŞ,179837,1,PROV,PRCNCT,S,S_SV,"2021-01-21 12:30:02",78,68,10,0,54,44,10,0,200,146,53,0,1,2,5,3,30,9,1,0,0,0,1,1,0,1,0
26,MARAMUREŞ,"CĂMINUL CULTURAL COLTĂU",282,COLTĂU,179846,1,PROV,PRCNCT,S,S_SV,"2021-01-21 12:30:02",1862,1788,27,47,550,476,27,47,2000,1450,522,5,23,411,22,9,7,29,12,1,0,2,4,2,19,2,2
26,MARAMUREŞ,"CĂMIN CULTURAL CĂTĂLINA",283,COLTĂU,179846,1,PROV,PRCNCT,S,S_SV,"2021-01-21 12:30:02",443,414,21,8,178,149,21,8,600,422,175,2,1,89,23,4,7,28,16,0,0,1,2,0,4,0,1
26,MARAMUREŞ,"SCOALA GENERALA(CORP NOU)",284,COPALNIC-MĂNĂŞTUR,107733,1,PROV,PRCNCT,S,S_SV,"2021-01-21 12:30:02",595,586,9,0,195,186,9,0,800,605,190,3,2,2,63,5,8,86,13,0,2,0,1,0,8,2,0
26,MARAMUREŞ,"CĂMINUL CULTURAL",285,COPALNIC-MĂNĂŞTUR,107733,1,PROV,PRCNCT,S,S_SV,"2021-01-21 12:30:02",84,72,12,0,32,20,12,0,200,168,32,0,0,0,1,1,3,21,5,0,0,0,1,0,0,0,0
26,MARAMUREŞ,"CĂMINUL CULTURAL",286,COPALNIC-MĂNĂŞTUR,107733,1,PROV,PRCNCT,S,S_SV,"2021-01-21 12:30:02",708,693,15,0,197,182,15,0,800,603,189,8,0,0,46,15,13,69,15,0,0,2,3,0,26,0,0
26,MARAMUREŞ,"CĂMINUL CULTURAL",287,COPALNIC-MĂNĂŞTUR,107733,1,PROV,PRCNCT,S,S_SV,"2021-01-21 12:30:02",417,403,14,0,162,148,14,0,600,438,158,1,3,0,46,6,15,41,29,0,5,1,2,0,12,0,1
26,MARAMUREŞ,"CĂMINUL CULTURAL",288,COPALNIC-MĂNĂŞTUR,107733,1,PROV,PRCNCT,S,S_SV,"2021-01-21 12:30:02",284,270,14,0,109,95,14,0,400,291,106,3,0,0,14,4,12,52,19,0,0,0,3,0,2,0,0
26,MARAMUREŞ,"ȘCOALA VAD",289,COPALNIC-MĂNĂŞTUR,107733,1,PROV,PRCNCT,S,S_SV,"2021-01-21 12:30:02",303,283,20,0,108,88,20,0,400,292,107,0,1,0,25,14,29,29,2,0,0,0,1,1,6,0,0
26,MARAMUREŞ,ŞCOALA,290,COPALNIC-MĂNĂŞTUR,107733,1,PROV,PRCNCT,S,S_SV,"2021-01-21 12:30:02",303,286,17,0,110,93,17,0,400,290,104,5,1,1,25,10,6,27,20,1,0,0,2,1,11,0,0
26,MARAMUREŞ,ŞCOALA,291,COPALNIC-MĂNĂŞTUR,107733,1,PROV,PRCNCT,S,S_SV,"2021-01-21 12:30:02",233,215,18,0,76,58,18,0,400,324,76,0,0,1,19,1,10,27,8,0,0,0,2,1,7,0,0
26,MARAMUREŞ,ŞCOALA,292,COPALNIC-MĂNĂŞTUR,107733,1,PROV,PRCNCT,S,S_SV,"2021-01-21 12:30:02",306,298,8,0,94,86,8,0,400,306,93,1,0,0,5,4,7,57,12,1,1,1,2,0,1,2,0
26,MARAMUREŞ,"CĂMINUL CULTURAL",293,COPALNIC-MĂNĂŞTUR,107733,1,PROV,PRCNCT,S,S_SV,"2021-01-21 12:30:02",566,548,18,0,133,115,18,0,600,467,126,5,2,2,26,1,10,58,11,0,0,0,0,0,16,1,1
26,MARAMUREŞ,"FOSTA ȘCOALA I-IV RUȘOR",294,COPALNIC-MĂNĂŞTUR,107733,1,PROV,PRCNCT,S,S_SV,"2021-01-21 12:30:02",233,215,18,0,109,91,18,0,400,291,108,1,0,1,13,5,6,34,38,0,0,0,1,1,7,2,0
26,MARAMUREŞ,"CĂMINUL CULTURAL",295,COPALNIC-MĂNĂŞTUR,107733,1,PROV,PRCNCT,S,S_SV,"2021-01-21 12:30:02",783,754,29,0,325,296,29,0,800,475,316,6,3,2,50,7,5,174,41,0,0,2,1,2,29,3,0
26,MARAMUREŞ,PRIMÃRIE,296,COROIENI,107868,1,PROV,PRCNCT,S,S_SV,"2021-01-21 12:30:02",343,317,19,7,94,68,19,7,400,306,93,0,1,1,15,4,13,48,6,1,0,0,2,0,3,0,0
26,MARAMUREŞ,"CĂMINUL CULTURAL",297,COROIENI,107868,1,PROV,PRCNCT,S,S_SV,"2021-01-21 12:30:02",392,371,21,0,132,111,21,0,600,468,132,0,0,1,28,2,13,60,10,0,0,0,6,1,9,2,0
26,MARAMUREŞ,"CĂMINUL CULTURAL",298,COROIENI,107868,3,PART,PRCNCT,S,S_SV,"2021-01-21 12:30:02",175,161,14,0,66,52,14,0,200,134,66,0,0,1,17,5,8,16,7,0,0,0,1,4,6,1,0
26,MARAMUREŞ,"ŞCOALA CU CLASELE I-IV",299,COROIENI,107868,1,PROV,PRCNCT,S,S_SV,"2021-01-21 12:30:02",189,166,22,1,86,63,22,1,200,114,83,0,3,1,44,5,5,17,5,0,0,0,1,4,1,0,0
26,MARAMUREŞ,"ŞCOALA GENERALÃ",300,COROIENI,107868,1,PROV,PRCNCT,S,S_SV,"2021-01-21 12:30:02",764,750,13,1,311,297,13,1,1000,689,281,18,12,1,38,5,15,176,15,0,0,1,3,3,17,5,2
26,MARAMUREŞ,"ŞCOALA CU CLASELE I-VIII",301,CUPŞENI,107920,1,PROV,PRCNCT,S,S_SV,"2021-01-21 12:30:02",657,645,12,0,212,200,12,0,800,588,204,8,0,2,87,8,35,45,7,0,1,0,2,1,11,5,0
26,MARAMUREŞ,"ŞCOALA CU CLASELE I-VIII",302,CUPŞENI,107920,1,PROV,PRCNCT,S,S_SV,"2021-01-21 12:30:02",352,341,11,0,98,87,11,0,400,302,97,0,1,1,36,5,4,41,5,0,0,0,1,1,1,2,0
26,MARAMUREŞ,"ŞCOALA CU CLASELE V-VIII",303,CUPŞENI,107920,1,PROV,PRCNCT,S,S_SV,"2021-01-21 12:30:02",871,858,13,0,280,267,13,0,1000,720,280,0,0,1,90,29,17,95,16,2,2,1,8,4,11,3,1
26,MARAMUREŞ,"ŞCOALA PRIMARĂ",304,CUPŞENI,107920,1,PROV,PRCNCT,S,S_SV,"2021-01-21 12:30:02",987,968,19,0,259,240,19,0,1200,941,255,3,1,2,167,6,23,25,8,1,0,0,0,4,15,2,2
26,MARAMUREŞ,"CĂMINUL CULTURAL",305,DESEŞTI,107975,1,PROV,PRCNCT,S,S_SV,"2021-01-21 12:30:02",472,456,13,3,177,161,13,3,600,423,174,2,1,4,37,12,15,55,37,5,0,0,3,1,3,2,0
26,MARAMUREŞ,ȘCOALA,306,DESEŞTI,107975,1,PROV,PRCNCT,S,S_SV,"2021-01-21 12:30:02",782,753,13,16,327,298,13,16,800,473,314,5,8,4,46,23,41,159,15,0,1,4,0,3,13,4,1
26,MARAMUREŞ,"CĂMINUL CULTURAL",307,DESEŞTI,107975,1,PROV,PRCNCT,S,S_SV,"2021-01-21 12:30:02",790,756,17,17,334,300,17,17,800,466,326,3,5,4,117,14,10,107,32,5,1,2,0,6,19,6,3
26,MARAMUREŞ,"ŞCOALA GENERALĂ",308,DUMBRĂVIŢA,108035,1,PROV,PRCNCT,S,S_SV,"2021-01-21 12:30:02",557,525,32,0,195,163,32,0,600,405,188,5,2,1,21,10,45,88,14,0,0,0,2,0,5,1,1
26,MARAMUREŞ,"ŞCOALA GENERALĂ",309,DUMBRĂVIŢA,108035,1,PROV,PRCNCT,S,S_SV,"2021-01-21 12:30:02",823,793,30,0,280,250,30,0,800,520,275,3,2,1,46,5,23,141,18,0,0,1,1,1,37,1,0
26,MARAMUREŞ,"ŞCOALA GENERALĂ",310,DUMBRĂVIŢA,108035,1,PROV,PRCNCT,S,S_SV,"2021-01-21 12:30:02",567,540,27,0,184,157,27,0,600,416,180,3,1,1,21,3,12,88,35,3,0,1,4,0,12,0,0
26,MARAMUREŞ,"ŞCOALA GENERALĂ",311,DUMBRĂVIŢA,108035,1,PROV,PRCNCT,S,S_SV,"2021-01-21 12:30:02",513,491,22,0,198,176,22,0,600,402,198,0,0,0,45,9,9,100,11,0,1,0,1,0,22,0,0
26,MARAMUREŞ,"ŞCOALA GENERALĂ",312,DUMBRĂVIŢA,108035,1,PROV,PRCNCT,S,S_SV,"2021-01-21 12:30:02",422,403,19,0,184,165,19,0,600,416,177,6,1,4,51,4,19,64,17,0,0,1,2,0,15,0,0
26,MARAMUREŞ,"ŞCOALA NOUĂ",313,DUMBRĂVIŢA,108035,1,PROV,PRCNCT,S,S_SV,"2021-01-21 12:30:02",968,932,36,0,354,318,36,0,1000,646,346,6,2,3,32,15,12,214,42,0,2,0,4,2,20,0,0
26,MARAMUREŞ,"ȘCOALA GIMNAZIALĂ ”LUCIAN BLAGA” CORP C",314,FĂRCAŞA,108106,2,PART,PRCNCT,S,S_SV,"2021-01-21 12:30:02",1505,1479,26,0,401,375,26,0,1600,1199,391,4,6,4,76,21,88,116,45,2,0,2,5,0,27,4,1
26,MARAMUREŞ,"CĂMIN CULTURAL",315,FĂRCAŞA,108106,2,PART,PRCNCT,S,S_SV,"2021-01-21 12:30:02",569,547,22,0,131,109,22,0,600,469,130,0,1,2,25,12,30,25,19,0,1,0,2,1,11,2,0
26,MARAMUREŞ,"CĂMIN CULTURAL",316,FĂRCAŞA,108106,1,PROV,PRCNCT,S,S_SV,"2021-01-21 12:30:02",455,429,26,0,174,148,26,0,600,426,169,2,3,1,36,4,30,58,7,0,4,0,5,1,17,5,1
26,MARAMUREŞ,"CĂMIN CULTURAL",317,FĂRCAŞA,108106,2,PART,PRCNCT,S,S_SV,"2021-01-21 12:30:02",884,843,41,0,218,177,41,0,998,780,214,2,2,1,44,10,35,54,41,0,0,0,3,0,24,2,0
26,MARAMUREŞ,"CĂMINUL CULTURAL",318,GÂRDANI,179855,1,PROV,PRCNCT,S,S_SV,"2021-01-21 12:30:02",1170,1129,41,0,411,370,41,0,1400,989,397,10,4,3,142,20,59,111,34,0,3,1,4,5,11,3,1
26,MARAMUREŞ,"CĂMINUL CULTURAL",319,GIULEŞTI,108151,1,PROV,PRCNCT,S,S_SV,"2021-01-21 12:30:02",1136,1039,82,15,466,369,82,15,1200,734,456,3,7,3,113,13,16,236,32,2,0,1,1,2,35,2,0
26,MARAMUREŞ,"ȘCOALA CU CLASELE I-VIII",320,GIULEŞTI,108151,1,PROV,PRCNCT,S,S_SV,"2021-01-21 12:30:02",1308,1206,74,28,637,535,74,28,1400,763,623,9,5,5,120,10,21,384,35,2,3,2,1,1,26,6,7
26,MARAMUREŞ,"ŞCOALA GENERALĂ",321,GIULEŞTI,108151,2,PART,PRCNCT,S,S_SV,"2021-01-21 12:30:02",453,394,46,13,233,175,45,13,600,367,225,1,7,2,72,2,13,104,16,0,0,1,0,2,12,0,1
26,MARAMUREŞ,"ȘCOALA GIMNAZIALĂ „GHEORGHE LUPAN”",322,GROŞI,106363,1,PROV,PRCNCT,S,S_SV,"2021-01-21 12:30:02",1246,1216,27,3,454,424,27,3,1400,946,448,5,1,2,69,19,25,211,70,3,1,3,5,6,30,3,1
26,MARAMUREŞ,"ȘCOALA GENERALĂ",323,GROŞI,106363,1,PROV,PRCNCT,S,S_SV,"2021-01-21 12:30:02",411,386,25,0,87,62,25,0,600,513,86,1,0,1,9,1,10,20,22,1,1,0,4,0,17,0,0
26,MARAMUREŞ,"ȘCOALA GENERALĂ",324,GROŞI,106363,2,PART,PRCNCT,S,S_SV,"2021-01-21 12:30:02",1001,984,17,0,300,283,17,0,1200,900,293,7,0,1,29,16,33,105,62,0,4,4,5,5,19,8,2
26,MARAMUREŞ,"GRĂDINIŢA CU PROGRAM NORMAL GROŞII ŢIBLEŞULUI",325,"GROŞII ŢIBLEŞULUI",179622,1,PROV,PRCNCT,S,S_SV,"2021-01-21 12:30:02",955,923,32,0,371,339,32,0,1200,829,363,5,3,3,82,2,29,181,21,3,1,3,9,5,21,3,0
26,MARAMUREŞ,"ŞCOALA CU CLASELE I-IV GREBLE",326,"GROŞII ŢIBLEŞULUI",179622,1,PROV,PRCNCT,S,S_SV,"2021-01-21 12:30:02",811,783,23,5,368,340,23,5,1000,632,357,7,4,5,68,7,18,223,13,1,0,2,3,1,15,1,0
26,MARAMUREŞ,"ȘCOALA GIMNAZIALĂ",327,IEUD,108204,1,PROV,PRCNCT,S,S_SV,"2021-01-21 12:30:02",1576,1550,18,8,358,332,18,8,1800,1442,346,5,7,2,137,5,23,91,17,3,0,0,2,3,59,3,1
26,MARAMUREŞ,"ȘCOALA GIMNAZIALĂ",328,IEUD,108204,1,PROV,PRCNCT,S,S_SV,"2021-01-21 12:30:02",1613,1596,13,4,394,377,13,4,1800,1406,379,9,6,1,149,4,35,116,19,4,0,1,1,2,37,7,3
26,MARAMUREŞ,"ȘCOALA PLOPȘOR",329,IEUD,108204,1,PROV,PRCNCT,S,S_SV,"2021-01-21 12:30:02",368,352,16,0,102,86,16,0,400,298,98,4,0,0,46,1,9,16,5,2,0,0,1,2,16,0,0
26,MARAMUREŞ,PRIMĂRIA,330,LĂPUŞ,108222,1,PROV,PRCNCT,S,S_SV,"2021-01-21 12:30:02",1462,1425,37,0,368,331,37,0,1600,1232,362,4,2,4,99,20,21,129,30,0,1,0,4,9,40,3,2
26,MARAMUREŞ,"GRĂDINIȚA CU PROGRAM NORMAL ,3 GRUPE",331,LĂPUŞ,108222,1,PROV,PRCNCT,S,S_SV,"2021-01-21 12:30:02",1529,1529,0,0,405,405,0,0,1800,1395,403,0,2,1,87,20,49,142,45,8,0,2,4,8,33,3,1
26,MARAMUREŞ,PRIMĂRIA,332,LEORDINA,108240,1,PROV,PRCNCT,S,S_SV,"2021-01-21 12:30:02",1471,1446,25,0,462,437,25,0,1600,1138,450,3,9,2,97,6,15,55,231,3,2,0,3,5,23,3,5
26,MARAMUREŞ,ŞCOALA,333,LEORDINA,108240,1,PROV,PRCNCT,S,S_SV,"2021-01-21 12:30:02",546,538,8,0,148,140,8,0,600,452,147,0,1,1,18,8,6,27,71,0,1,0,1,2,11,0,1
26,MARAMUREŞ,"ŞCOALA GENERALĂ",334,"MIREŞU MARE",108268,1,PROV,PRCNCT,S,S_SV,"2021-01-21 12:30:02",817,789,25,3,292,264,25,3,1000,708,287,1,4,0,36,20,27,155,17,0,2,0,13,0,17,0,0
26,MARAMUREŞ,"CENTRUL MULTIFUNCŢIONAL",335,"MIREŞU MARE",108268,1,PROV,PRCNCT,S,S_SV,"2021-01-21 12:30:02",540,516,24,0,180,156,24,0,600,420,180,0,0,1,31,9,19,67,25,0,2,0,1,0,24,1,0
26,MARAMUREŞ,"CENTRUL SOCIAL DE ASIGURARE A SERVICIILOR SOCIALE",336,"MIREŞU MARE",108268,1,PROV,PRCNCT,S,S_SV,"2021-01-21 12:30:02",427,401,26,0,141,115,26,0,599,458,137,3,1,1,64,2,10,39,10,1,0,1,2,1,6,0,0
26,MARAMUREŞ,"CĂMINUL CULTURAL",337,"MIREŞU MARE",108268,4,PART,PRCNCT,S,S_SV,"2021-01-21 12:30:02",1226,1147,78,1,398,319,78,1,1400,1002,391,4,3,2,60,7,83,174,17,0,6,1,9,4,24,4,0
26,MARAMUREŞ,"ŞCOALA CU CLASELE I-IV",338,"MIREŞU MARE",108268,1,PROV,PRCNCT,S,S_SV,"2021-01-21 12:30:02",508,475,33,0,187,154,33,0,600,413,184,2,1,1,30,6,39,84,7,0,0,0,5,1,9,2,0
26,MARAMUREŞ,"ŞCOALA CU CLASELE I-IV",339,"MIREŞU MARE",108268,1,PROV,PRCNCT,S,S_SV,"2021-01-21 12:30:02",558,520,38,0,184,146,38,0,600,416,177,5,2,2,33,6,36,62,8,4,4,0,2,4,14,1,1
26,MARAMUREŞ,PRIMĂRIA,340,MOISEI,108348,1,PROV,PRCNCT,S,S_SV,"2021-01-21 12:30:02",1731,1711,20,0,552,532,20,0,2000,1448,539,7,6,1,258,7,21,136,30,3,29,2,6,1,39,4,2
26,MARAMUREŞ,GRĂDINIȚA,341,MOISEI,108348,1,PROV,PRCNCT,S,S_SV,"2021-01-21 12:30:02",1070,1061,9,0,344,335,9,0,1200,856,337,4,3,1,127,14,7,91,24,3,10,0,21,4,34,0,1
26,MARAMUREŞ,"ȘCOALA NR. 3",342,MOISEI,108348,1,PROV,PRCNCT,S,S_SV,"2021-01-21 12:30:02",1650,1619,29,2,474,443,29,2,1800,1326,471,2,1,2,149,42,13,147,22,2,21,4,8,5,52,4,0
26,MARAMUREŞ,"GOSPODĂRIE INDIVIDUALĂ",343,MOISEI,108348,1,PROV,PRCNCT,S,S_SV,"2021-01-21 12:30:02",1230,1218,12,0,365,353,12,0,1400,1035,358,4,3,3,150,7,38,73,25,1,12,1,12,2,34,0,0
26,MARAMUREŞ,"ȘCOALA NR. 2",344,MOISEI,108348,1,PROV,PRCNCT,S,S_SV,"2021-01-21 12:30:02",2112,2091,21,0,559,538,21,0,2400,1841,544,7,8,2,209,12,38,124,82,1,12,2,6,8,45,2,1
26,MARAMUREŞ,PRIMĂRIA,345,"OARŢA DE JOS",108366,1,PROV,PRCNCT,S,S_SV,"2021-01-21 12:30:02",377,355,21,1,153,131,21,1,400,247,153,0,0,1,44,21,10,49,9,1,1,0,6,2,6,2,1
26,MARAMUREŞ,"ȘCOALA GENERALĂ",346,"OARŢA DE JOS",108366,1,PROV,PRCNCT,S,S_SV,"2021-01-21 12:30:02",603,569,33,1,214,180,33,1,800,586,213,1,0,4,29,5,53,81,18,0,2,1,8,1,11,0,0
26,MARAMUREŞ,"SCOALA CU CLASELE I-VIII",347,"OCNA ŞUGATAG",108400,1,PROV,PRCNCT,S,S_SV,"2021-01-21 12:30:02",871,854,17,0,194,177,17,0,1000,806,189,3,2,2,63,2,22,38,13,2,0,2,8,4,30,2,1
26,MARAMUREŞ,"SCOALA CU CLASELE I-IV",348,"OCNA ŞUGATAG",108400,1,PROV,PRCNCT,S,S_SV,"2021-01-21 12:30:02",275,258,14,3,103,86,14,3,200,97,100,2,1,3,15,7,5,36,4,12,0,0,7,0,11,0,0
26,MARAMUREŞ,"ŞCOALA GENERALĂ",349,"OCNA ŞUGATAG",108400,2,PART,PRCNCT,S,S_SV,"2021-01-21 12:30:02",1007,990,16,1,292,275,16,1,1000,708,289,2,1,2,108,11,61,45,15,7,0,1,10,1,27,0,1
26,MARAMUREŞ,"SALA DE FESTIVITĂȚI",350,"OCNA ŞUGATAG",108400,1,PROV,PRCNCT,S,S_SV,"2021-01-21 12:30:02",1411,1373,38,0,422,384,38,0,1600,1178,414,6,2,58,118,17,28,99,50,5,3,1,3,5,24,1,2
26,MARAMUREŞ,"CĂMINUL CULTURAL",351,ONCEŞTI,179864,1,PROV,PRCNCT,S,S_SV,"2021-01-21 12:30:02",1278,1256,22,0,400,378,22,0,1400,1000,387,10,3,4,181,21,18,94,33,5,3,1,2,0,19,3,3
26,MARAMUREŞ,"ŞCOALA GENERALĂ „MOCEARSCHI”",352,PETROVA,108455,1,PROV,PRCNCT,S,S_SV,"2021-01-21 12:30:02",1041,1023,18,0,280,262,18,0,1200,920,268,7,5,2,101,16,15,50,15,1,2,2,2,8,48,4,2
26,MARAMUREŞ,"ŞCOALA GENERALĂ „SUSANI”",353,PETROVA,108455,1,PROV,PRCNCT,S,S_SV,"2021-01-21 12:30:02",960,941,19,0,272,253,19,0,1000,728,259,5,8,2,84,27,28,72,10,0,0,1,1,1,26,6,1
26,MARAMUREŞ,"LICEUL TEHNOLOGIC POIENILE DE SUB MUNTE",354,"POIENILE DE SUB MUNTE",108473,1,PROV,PRCNCT,S,S_SV,"2021-01-21 12:30:02",1132,1126,6,0,406,400,6,0,1200,794,379,14,13,5,178,11,18,33,41,3,0,1,4,5,78,1,1
26,MARAMUREŞ,"LICEUL TEHNOLOGIC POIENILE DE SUB MUNTE",355,"POIENILE DE SUB MUNTE",108473,1,PROV,PRCNCT,S,S_SV,"2021-01-21 12:30:02",1128,1116,12,0,370,358,12,0,1200,830,348,18,4,4,139,9,13,39,38,0,0,1,4,2,98,0,1
26,MARAMUREŞ,"LICEUL TEHNOLOGIC POIENILE DE SUB MUNTE",356,"POIENILE DE SUB MUNTE",108473,1,PROV,PRCNCT,S,S_SV,"2021-01-21 12:30:02",1653,1648,5,0,579,574,5,0,1800,1221,524,35,20,3,249,7,17,44,28,0,3,2,2,8,151,6,4
26,MARAMUREŞ,"LICEUL TEHNOLOGIC POIENILE DE SUB MUNTE ȘCOALA NEJNEI CRAI",357,"POIENILE DE SUB MUNTE",108473,1,PROV,PRCNCT,S,S_SV,"2021-01-21 12:30:02",1413,1403,10,0,433,423,10,0,1400,967,408,14,11,2,190,10,31,33,33,0,3,0,2,3,97,3,1
26,MARAMUREŞ,"ȘCOALA GIMNAZIALĂ NR. 4 HORB POIENILE DE SUB MUNTE",358,"POIENILE DE SUB MUNTE",108473,1,PROV,PRCNCT,S,S_SV,"2021-01-21 12:30:02",1342,1334,8,0,456,448,8,0,1400,944,421,20,15,8,209,10,13,38,30,4,9,1,2,0,88,6,3
26,MARAMUREŞ,"ȘCOALA GIMNAZIALĂ NR. 4 STRUCTURA LUHEI POIENILE DE SUB MUNTE",359,"POIENILE DE SUB MUNTE",108473,1,PROV,PRCNCT,S,S_SV,"2021-01-21 12:30:02",904,891,13,0,345,332,13,0,1000,655,329,8,8,4,204,3,6,19,13,1,0,0,3,2,68,4,2
26,MARAMUREŞ,PRIMĂRIA,360,"POIENILE IZEI",179604,1,PROV,PRCNCT,S,S_SV,"2021-01-21 12:30:02",747,724,23,0,364,341,23,0,800,436,358,3,3,3,67,41,10,62,125,4,0,0,9,2,23,9,3
26,MARAMUREŞ,"ȘCOALA GIMNAZIALĂ",361,RECEA,106407,1,PROV,PRCNCT,S,S_SV,"2021-01-21 12:30:02",1263,1224,39,0,526,487,39,0,1400,874,513,7,6,36,126,17,24,148,59,2,1,1,2,4,91,2,0
26,MARAMUREŞ,"ȘCOALA GIMNAZIALĂ",362,RECEA,106407,1,PROV,PRCNCT,S,S_SV,"2021-01-21 12:30:02",1311,1287,24,0,475,451,24,0,1400,925,464,10,1,3,85,24,27,196,76,3,2,0,3,3,38,3,1
26,MARAMUREŞ,"ȘCOALA CU CLASELE I-IV",363,RECEA,106407,1,PROV,PRCNCT,S,S_SV,"2021-01-21 12:30:02",369,337,32,0,158,126,32,0,400,242,152,4,2,1,56,3,5,57,11,0,0,0,2,1,15,1,0
26,MARAMUREŞ,"ȘCOALA CU CLASELE I-IV",364,RECEA,106407,1,PROV,PRCNCT,S,S_SV,"2021-01-21 12:30:02",1073,1024,48,1,500,451,48,1,1200,700,492,3,5,8,155,25,42,129,74,5,4,2,4,3,35,4,2
26,MARAMUREŞ,"ȘCOALĂ GIMNAZIALĂ",365,RECEA,106407,1,PROV,PRCNCT,S,S_SV,"2021-01-21 12:30:02",1080,1046,34,0,348,314,34,0,1200,852,335,8,5,4,93,25,19,84,62,0,0,2,6,1,35,3,1
26,MARAMUREŞ,"CLĂDIREA ADMINISTRATIVĂ BISERICA ”DUMINICA MIRONOSIȚELOR”",366,RECEA,106407,1,PROV,PRCNCT,S,S_SV,"2021-01-21 12:30:02",608,578,30,0,257,227,30,0,600,343,245,10,2,1,50,9,26,74,57,2,0,0,5,2,17,2,0
26,MARAMUREŞ,"CĂMINUL CULTURAL",367,"REMETEA CHIOARULUI",108491,1,PROV,PRCNCT,S,S_SV,"2021-01-21 12:30:02",537,520,17,0,163,146,17,0,600,437,160,1,2,58,12,3,40,19,6,2,0,0,1,0,19,0,0
26,MARAMUREŞ,"CĂMINUL CULTURAL",368,"REMETEA CHIOARULUI",108491,1,PROV,PRCNCT,S,S_SV,"2021-01-21 12:30:02",377,353,24,0,127,103,24,0,400,273,127,0,0,1,21,6,70,11,13,0,0,0,1,0,3,1,0
26,MARAMUREŞ,"SCOALA PRIMARA",369,"REMETEA CHIOARULUI",108491,1,PROV,PRCNCT,S,S_SV,"2021-01-21 12:30:02",286,267,19,0,123,104,19,0,401,278,121,2,0,1,38,4,51,8,7,1,0,0,1,1,9,0,0
26,MARAMUREŞ,"SCOALA GIMNAZIALA",370,"REMETEA CHIOARULUI",108491,1,PROV,PRCNCT,S,S_SV,"2021-01-21 12:30:02",999,922,77,0,388,311,77,0,1000,612,374,4,10,3,69,6,210,40,13,1,1,0,3,2,24,1,1
26,MARAMUREŞ,"ȘCOALA CU CLASELE I-IV",371,"REMETEA CHIOARULUI",108491,1,PROV,PRCNCT,S,S_SV,"2021-01-21 12:30:02",238,212,26,0,86,60,26,0,398,312,83,3,0,1,12,7,41,4,9,0,0,0,1,0,8,0,0
26,MARAMUREŞ,"CĂMIN CULTURAL",372,REMEŢI,108552,1,PROV,PRCNCT,S,S_SV,"2021-01-21 12:30:02",339,319,20,0,80,60,20,0,400,320,77,0,3,11,13,5,1,14,18,0,0,0,7,1,7,0,0
26,MARAMUREŞ,"CANTON DE EXPLOATARE ABA SOMEŞ-TISA",373,REMEŢI,108552,1,PROV,PRCNCT,S,S_SV,"2021-01-21 12:30:02",165,147,18,0,40,22,18,0,200,160,38,1,1,4,7,1,1,14,5,0,0,0,2,0,2,2,0
26,MARAMUREŞ,"ŞCOALA CU CLASELE I-VIII",374,REMEŢI,108552,1,PROV,PRCNCT,S,S_SV,"2021-01-21 12:30:02",1357,1339,12,6,288,270,12,6,1400,1112,273,4,11,2,98,22,13,66,24,4,0,2,11,7,17,5,2
26,MARAMUREŞ,GRĂDINIŢA,375,REMEŢI,108552,1,PROV,PRCNCT,S,S_SV,"2021-01-21 12:30:02",806,797,9,0,199,190,9,0,800,601,193,1,5,2,65,32,8,38,18,1,1,0,8,2,15,2,1
26,MARAMUREŞ,"CĂMINUL CULTURAL",376,REPEDEA,108598,1,PROV,PRCNCT,S,S_SV,"2021-01-21 12:30:02",1754,1744,10,0,504,494,10,0,2000,1496,479,15,10,1,259,14,69,39,25,0,4,2,0,1,60,4,1
26,MARAMUREŞ,"ŞCOALA GENERALĂ CU CLASELE I-IV LUJANA",377,REPEDEA,108598,3,PART,PRCNCT,S,S_SV,"2021-01-21 12:30:02",743,727,16,0,237,221,16,0,800,563,227,3,7,3,108,7,16,21,13,0,2,0,0,3,50,2,2
26,MARAMUREŞ,"ŞCOALA GENERALĂ CU CLASEL I-IV LESPEDEA DE JOS",378,REPEDEA,108598,1,PROV,PRCNCT,S,S_SV,"2021-01-21 12:30:02",1209,1201,8,0,372,364,8,0,1400,1028,359,7,6,5,172,5,19,69,7,1,6,0,3,0,65,3,4
26,MARAMUREŞ,"ŞCOALA GIMNAZIALĂ „LAURENŢIU ULICI”",379,"RONA DE JOS",108614,1,PROV,PRCNCT,S,S_SV,"2021-01-21 12:30:02",1717,1697,20,0,448,428,20,0,1800,1352,440,6,2,4,185,8,20,114,27,9,2,2,21,2,37,5,4
26,MARAMUREŞ,"CĂMINUL CULTURAL",380,"RONA DE SUS",108632,1,PROV,PRCNCT,S,S_SV,"2021-01-21 12:30:02",1645,1625,10,10,400,380,10,10,1800,1400,381,7,12,6,65,21,8,48,200,2,0,4,8,4,10,1,4
26,MARAMUREŞ,"CĂMINUL CULTURAL",381,"RONA DE SUS",108632,1,PROV,PRCNCT,S,S_SV,"2021-01-21 12:30:02",1499,1489,9,1,365,355,9,1,1600,1235,350,6,9,4,50,6,9,40,198,1,1,2,6,1,21,2,9
26,MARAMUREŞ,"CLUBUL TINERETULUI",382,"RONA DE SUS",108632,1,PROV,PRCNCT,S,S_SV,"2021-01-21 12:30:02",642,598,22,22,217,173,22,22,800,583,207,4,6,27,26,5,2,30,88,1,0,2,4,1,13,5,3
26,MARAMUREŞ,PRIMĂRIA,383,ROZAVLEA,108669,1,PROV,PRCNCT,S,S_SV,"2021-01-21 12:30:02",1957,1915,19,23,668,626,19,23,1915,1247,667,1,0,0,86,34,18,499,21,1,0,0,7,0,0,1,0
26,MARAMUREŞ,"GRĂDINIȚA ȘESU MÂNĂSTIRII",384,ROZAVLEA,108669,1,PROV,PRCNCT,S,S_SV,"2021-01-21 12:30:02",796,766,17,13,234,204,17,13,800,566,232,0,2,0,28,24,5,135,15,0,0,0,0,1,22,2,0
26,MARAMUREŞ,"CLUBUL TINERETULUI",385,RUSCOVA,108696,1,PROV,PRCNCT,S,S_SV,"2021-01-21 12:30:02",1557,1542,15,0,329,314,15,0,1600,1271,310,11,8,4,51,7,12,174,9,0,10,1,1,3,34,3,1
26,MARAMUREŞ,"GRĂDINIŢA NR.1",386,RUSCOVA,108696,1,PROV,PRCNCT,S,S_SV,"2021-01-21 12:30:02",1696,1689,7,0,351,344,7,0,1800,1449,344,3,4,2,71,2,13,196,9,1,4,1,2,0,39,2,2
26,MARAMUREŞ,"ŞCOALA GENERALĂ NR.2",387,RUSCOVA,108696,1,PROV,PRCNCT,S,S_SV,"2021-01-21 12:30:02",1143,1125,18,0,251,233,18,0,1200,949,239,4,8,3,48,2,7,128,21,3,0,0,0,4,17,4,2
26,MARAMUREŞ,"CĂMINUL CULTURAL",388,SARASĂU,106620,1,PROV,PRCNCT,S,S_SV,"2021-01-21 12:30:02",1230,1214,16,0,280,264,16,0,1200,920,276,4,0,2,69,6,18,96,42,6,0,0,8,2,24,3,0
26,MARAMUREŞ,"CĂMINUL CULTURAL",389,SARASĂU,106620,1,PROV,PRCNCT,S,S_SV,"2021-01-21 12:30:02",1069,1061,8,0,291,283,8,0,1200,909,280,10,1,1,86,12,25,102,22,0,1,0,4,0,25,2,0
26,MARAMUREŞ,"CĂMINUL CULTURAL",390,SATULUNG,108712,1,PROV,PRCNCT,S,S_SV,"2021-01-21 12:30:02",1324,1270,45,9,413,359,45,9,1400,987,398,9,6,10,144,12,80,68,42,0,0,0,9,5,27,1,0
26,MARAMUREŞ,"CĂMINUL CULTURAL",391,SATULUNG,108712,1,PROV,PRCNCT,S,S_SV,"2021-01-21 12:30:02",180,127,46,7,139,86,46,7,200,61,138,0,1,1,109,4,6,10,4,0,0,2,0,1,1,0,0
26,MARAMUREŞ,"CĂMINUL CULTURAL",392,SATULUNG,108712,1,PROV,PRCNCT,S,S_SV,"2021-01-21 12:30:02",598,581,17,0,185,168,17,0,600,415,183,1,1,1,90,1,21,35,19,0,0,0,3,0,11,1,1
26,MARAMUREŞ,"CĂMINUL CULTURAL",393,SATULUNG,108712,1,PROV,PRCNCT,S,S_SV,"2021-01-21 12:30:02",678,664,14,0,145,131,14,0,800,655,142,1,2,2,66,10,6,22,17,1,0,1,1,0,13,2,1
26,MARAMUREŞ,"CĂMINUL CULTURAL",394,SATULUNG,108712,1,PROV,PRCNCT,S,S_SV,"2021-01-21 12:30:02",910,878,32,0,362,330,32,0,1000,638,332,20,10,6,236,3,24,34,6,0,0,0,2,2,16,2,1
26,MARAMUREŞ,"CĂMINUL CULTURAL",395,SATULUNG,108712,1,PROV,PRCNCT,S,S_SV,"2021-01-21 12:30:02",599,560,36,3,213,174,36,3,600,387,202,6,5,4,85,2,31,31,35,2,0,1,2,0,5,3,1
26,MARAMUREŞ,"CĂMINUL CULTURAL",396,SATULUNG,108712,1,PROV,PRCNCT,S,S_SV,"2021-01-21 12:30:02",638,619,13,6,169,150,13,6,800,631,165,1,3,2,61,2,5,47,27,1,1,1,1,1,12,3,1
26,MARAMUREŞ,"SALA DE SPORT",397,SĂCĂLĂŞENI,108794,2,PART,PRCNCT,S,S_SV,"2021-01-21 12:30:02",808,767,41,0,240,199,41,0,800,560,238,2,0,1,67,13,25,71,27,0,2,3,8,4,14,3,0
26,MARAMUREŞ,"CĂMINUL CULTURAL",398,SĂCĂLĂŞENI,108794,1,PROV,PRCNCT,S,S_SV,"2021-01-21 12:30:02",708,680,28,0,271,243,28,0,800,529,269,2,0,4,70,15,12,111,29,0,0,1,4,4,14,2,3
26,MARAMUREŞ,"CĂMINUL CULTURAL",399,SĂCĂLĂŞENI,108794,1,PROV,PRCNCT,S,S_SV,"2021-01-21 12:30:02",545,524,21,0,149,128,21,0,600,451,147,2,0,3,42,8,15,38,24,2,3,1,1,0,10,0,0
26,MARAMUREŞ,PRIMĂRIA,400,SĂCEL,108874,1,PROV,PRCNCT,S,S_SV,"2021-01-21 12:30:02",1453,1432,19,2,407,386,19,2,1600,1193,388,9,10,1,104,84,51,74,17,2,1,1,18,4,27,2,2
26,MARAMUREŞ,"ŞCOALA VALEA CARELOR",401,SĂCEL,108874,1,PROV,PRCNCT,S,S_SV,"2021-01-21 12:30:02",1330,1316,13,1,369,355,13,1,1400,1031,358,5,6,4,89,38,35,75,30,2,3,1,31,1,43,6,0
26,MARAMUREŞ,"CĂMINUL CULTURAL",402,SĂLSIG,108918,1,PROV,PRCNCT,S,S_SV,"2021-01-21 12:30:02",1338,1275,61,2,532,469,61,2,1400,868,524,4,4,8,78,5,272,79,43,1,1,2,4,2,24,3,2
26,MARAMUREŞ,"ȘCOALA GIMNAZIALĂ",403,SĂPÂNŢA,108945,1,PROV,PRCNCT,S,S_SV,"2021-01-21 12:30:02",1361,1352,9,0,402,393,9,0,1400,998,399,2,1,3,95,26,10,216,19,2,2,3,0,3,20,0,0
26,MARAMUREŞ,"ȘCOALA GIMNAZIALĂ",404,SĂPÂNŢA,108945,1,PROV,PRCNCT,S,S_SV,"2021-01-21 12:30:02",1290,1274,16,0,396,380,16,0,1400,1004,393,3,0,2,108,17,3,202,23,5,0,0,1,5,21,2,4
26,MARAMUREŞ,"ȘCOALA GENERALĂ",405,STRÂMTURA,109005,1,PROV,PRCNCT,S,S_SV,"2021-01-21 12:30:02",1686,1658,24,4,455,427,24,4,1800,1345,436,5,14,1,69,13,33,217,25,8,0,2,8,3,40,13,4
26,MARAMUREŞ,"ȘCOALA GENERALĂ",406,STRÂMTURA,109005,1,PROV,PRCNCT,S,S_SV,"2021-01-21 12:30:02",416,397,19,0,133,114,19,0,400,267,131,2,0,1,26,18,12,39,6,0,0,2,1,3,13,8,2
26,MARAMUREŞ,"ȘCOALA GENERALĂ",407,STRÂMTURA,109005,1,PROV,PRCNCT,S,S_SV,"2021-01-21 12:30:02",526,507,19,0,184,165,19,0,600,416,180,0,4,1,55,8,10,45,14,2,8,0,11,4,21,1,0
26,MARAMUREŞ,"ȘCOALA GENERALĂ",408,STRÂMTURA,109005,1,PROV,PRCNCT,S,S_SV,"2021-01-21 12:30:02",420,412,8,0,79,71,8,0,400,321,76,1,2,1,13,5,11,28,3,4,0,0,1,3,6,1,0
26,MARAMUREŞ,"DISPENSAR UMAN",409,"SUCIU DE SUS",109041,1,PROV,PRCNCT,S,S_SV,"2021-01-21 12:30:02",832,806,26,0,240,214,26,0,1000,760,234,1,5,1,120,7,9,57,13,0,1,0,3,4,15,3,1
26,MARAMUREŞ,PRIMĂRIA,410,"SUCIU DE SUS",109041,1,PROV,PRCNCT,S,S_SV,"2021-01-21 12:30:02",1374,1348,19,7,536,510,19,7,1400,864,518,9,9,2,306,5,16,115,18,4,1,2,5,12,24,5,3
26,MARAMUREŞ,"ŞCOALA GENERALĂ CANDELA",411,"SUCIU DE SUS",109041,1,PROV,PRCNCT,S,S_SV,"2021-01-21 12:30:02",756,730,26,0,245,219,26,0,800,555,236,6,3,5,144,5,6,44,10,2,0,1,3,6,8,2,0
26,MARAMUREŞ,"ŞCOALA PRIMARĂ",412,"SUCIU DE SUS",109041,1,PROV,PRCNCT,S,S_SV,"2021-01-21 12:30:02",280,269,11,0,134,123,11,0,400,266,134,0,0,1,93,3,1,20,7,1,0,0,2,1,4,1,0
26,MARAMUREŞ,"CĂMINUL CULTURAL",413,ŞIEU,179613,1,PROV,PRCNCT,S,S_SV,"2021-01-21 12:30:02",1211,1181,21,9,349,319,21,9,1200,851,346,2,1,0,158,16,12,61,31,0,0,0,7,8,48,5,0
26,MARAMUREŞ,"ȘCOALA DE LA PODUL RÂTULUI",414,ŞIEU,179613,2,PART,PRCNCT,S,S_SV,"2021-01-21 12:30:02",756,732,18,6,248,224,18,6,800,552,241,3,4,1,132,5,11,37,24,4,1,0,4,3,18,1,0
26,MARAMUREŞ,"CĂMINUL CULTURAL ȘIȘEȘTI",415,ŞIŞEŞTI,109096,1,PROV,PRCNCT,S,S_SV,"2021-01-21 12:30:02",1305,1286,19,0,418,399,19,0,1400,982,409,5,4,0,45,9,15,227,44,2,1,2,15,2,47,0,0
26,MARAMUREŞ,"ȘCOALA CU CLASELE I-IV",416,ŞIŞEŞTI,109096,1,PROV,PRCNCT,S,S_SV,"2021-01-21 12:30:02",206,189,17,0,76,59,17,0,220,144,75,0,1,0,13,5,4,33,10,0,0,0,1,0,7,1,1
26,MARAMUREŞ,"ŞCOALA CU CLASELE I-IV",417,ŞIŞEŞTI,109096,1,PROV,PRCNCT,S,S_SV,"2021-01-21 12:30:02",381,367,14,0,108,94,14,0,600,492,106,0,2,0,12,6,4,50,20,0,0,1,2,0,7,1,3
26,MARAMUREŞ,"ŞCOALA CU CLS I-IV",418,ŞIŞEŞTI,109096,1,PROV,PRCNCT,S,S_SV,"2021-01-21 12:30:02",438,430,8,0,106,98,8,0,600,494,104,0,2,0,18,7,5,31,12,4,0,0,5,0,20,0,2
26,MARAMUREŞ,"ŞCOALA GENERALĂ",419,ŞIŞEŞTI,109096,1,PROV,PRCNCT,S,S_SV,"2021-01-21 12:30:02",525,507,18,0,166,148,18,0,600,434,164,1,1,0,30,5,5,65,36,1,0,2,0,1,19,0,0
26,MARAMUREŞ,"ŞCOALA GENERALĂ",420,ŞIŞEŞTI,109096,1,PROV,PRCNCT,S,S_SV,"2021-01-21 12:30:02",547,524,23,0,180,157,23,0,600,420,177,2,1,0,28,9,10,73,22,2,5,0,2,1,23,1,1
26,MARAMUREŞ,"SCOALA GENERALĂ",421,ŞIŞEŞTI,109096,1,PROV,PRCNCT,S,S_SV,"2021-01-21 12:30:02",1211,1199,12,0,317,305,12,0,1200,883,308,4,5,1,50,13,56,81,66,0,1,0,2,4,31,2,1
26,MARAMUREŞ,"ȘCOALA GIMNAZIALĂ VADU IZEI",422,"VADU IZEI",106648,1,PROV,PRCNCT,S,S_SV,"2021-01-21 12:30:02",1070,1028,42,0,282,240,42,0,1200,918,279,3,0,2,155,4,19,68,15,1,0,0,1,4,8,1,1
26,MARAMUREŞ,"ȘCOALA GIMNAZIALĂ VADU IZEI",423,"VADU IZEI",106648,1,PROV,PRCNCT,S,S_SV,"2021-01-21 12:30:02",1021,1005,16,0,279,263,16,0,1200,921,274,4,1,3,181,4,6,41,11,1,0,0,1,6,13,5,2
26,MARAMUREŞ,"SALA DE FESTIVITĂȚI",424,"VADU IZEI",106648,1,PROV,PRCNCT,S,S_SV,"2021-01-21 12:30:02",413,395,18,0,138,120,18,0,400,262,136,1,1,1,89,1,9,21,10,0,0,1,0,1,2,1,0
26,MARAMUREŞ,"CĂMINUL CULTURAL",425,"VALEA CHIOARULUI",109354,1,PROV,PRCNCT,S,S_SV,"2021-01-21 12:30:02",270,233,37,0,126,89,37,0,400,274,126,0,0,1,46,2,3,33,29,1,0,1,2,0,8,0,0
26,MARAMUREŞ,"ȘCOALA GENERALĂ",426,"VALEA CHIOARULUI",109354,1,PROV,PRCNCT,S,S_SV,"2021-01-21 12:30:02",391,363,28,0,164,136,28,0,400,236,160,2,2,1,101,4,21,13,8,2,1,0,1,0,6,1,1
26,MARAMUREŞ,"ȘCOALA GENERALĂ",427,"VALEA CHIOARULUI",109354,1,PROV,PRCNCT,S,S_SV,"2021-01-21 12:30:02",319,285,34,0,114,80,34,0,397,283,113,1,0,1,42,6,6,20,26,1,0,0,1,4,4,1,1
26,MARAMUREŞ,"CĂMINUL CULTURAL",428,"VALEA CHIOARULUI",109354,1,PROV,PRCNCT,S,S_SV,"2021-01-21 12:30:02",246,210,31,5,127,91,31,5,405,278,123,2,2,0,29,2,43,13,5,0,0,0,5,4,21,1,0
26,MARAMUREŞ,"CĂMINUL CULTURAL",429,"VALEA CHIOARULUI",109354,3,PART,PRCNCT,S,S_SV,"2021-01-21 12:30:02",555,520,35,0,245,210,35,0,603,358,240,4,1,1,71,41,8,54,12,0,0,0,0,37,14,1,1
26,MARAMUREŞ,"CĂMINUL CULTURAL",430,"VALEA CHIOARULUI",109354,1,PROV,PRCNCT,S,S_SV,"2021-01-21 12:30:02",67,49,18,0,42,24,18,0,200,158,42,0,0,2,6,6,3,11,9,1,0,0,1,1,2,0,0
26,MARAMUREŞ,"CĂMINUL CULTURAL",431,"VIMA MICĂ",109425,1,PROV,PRCNCT,S,S_SV,"2021-01-21 12:30:02",304,290,13,1,93,79,13,1,400,307,90,0,3,1,51,3,2,14,7,0,0,0,4,0,8,0,0
26,MARAMUREŞ,"CĂMINUL CULTURAL",432,"VIMA MICĂ",109425,1,PROV,PRCNCT,S,S_SV,"2021-01-21 12:30:02",92,81,11,0,39,28,11,0,200,161,39,0,0,1,8,5,2,15,2,0,0,0,2,0,4,0,0
26,MARAMUREŞ,"CĂMINUL CULTURAL",433,"VIMA MICĂ",109425,1,PROV,PRCNCT,S,S_SV,"2021-01-21 12:30:02",200,188,12,0,57,45,12,0,200,143,57,0,0,2,21,12,2,9,4,1,0,0,2,0,4,0,0
26,MARAMUREŞ,"CĂMINUL CULTURAL",434,"VIMA MICĂ",109425,1,PROV,PRCNCT,S,S_SV,"2021-01-21 12:30:02",222,209,12,1,84,71,12,1,400,316,83,0,0,2,40,9,1,16,7,0,0,0,3,3,2,0,0
26,MARAMUREŞ,"CĂMINUL CULTURAL",435,"VIMA MICĂ",109425,1,PROV,PRCNCT,S,S_SV,"2021-01-21 12:30:02",340,328,12,0,77,65,12,0,400,323,75,0,2,2,25,8,8,14,6,0,0,0,3,3,6,0,0
26,MARAMUREŞ,"ȘCOALA PRIMARĂ",436,"VIMA MICĂ",109425,1,PROV,PRCNCT,S,S_SV,"2021-01-21 12:30:02",51,43,8,0,32,24,8,0,200,168,32,0,0,1,19,2,1,3,2,0,0,0,2,1,0,1,0
26,MARAMUREŞ,"CĂMINUL CULTURAL",437,"VIMA MICĂ",109425,1,PROV,PRCNCT,S,S_SV,"2021-01-21 12:30:02",50,38,12,0,33,21,12,0,200,167,33,0,0,1,12,3,1,12,1,1,0,0,1,0,0,0,1
26,MARAMUREŞ,PRIMĂRIE,438,"VIŞEU DE JOS",109504,1,PROV,PRCNCT,S,S_SV,"2021-01-21 12:30:02",1429,1402,12,15,359,332,12,15,1600,1241,356,3,0,0,85,33,11,152,49,5,2,1,0,2,12,3,1
26,MARAMUREŞ,"ȘCOALA GIMNAZIALĂ CU CLASELE I - VIII, VISEU DE JOS",439,"VIŞEU DE JOS",109504,1,PROV,PRCNCT,S,S_SV,"2021-01-21 12:30:02",1527,1497,13,17,403,373,13,17,1600,1197,391,6,6,1,120,20,17,132,59,1,5,2,2,7,16,4,5
26,MARAMUREŞ,"ȘCOALA GIMNAZIALĂ CU CLASELE I-VIII",440,"VIŞEU DE JOS",109504,1,PROV,PRCNCT,S,S_SV,"2021-01-21 12:30:02",1302,1282,7,13,262,242,7,13,1200,938,253,4,5,0,61,23,18,82,45,1,1,0,1,1,15,5,0
